u[V],p[bar],s[mm] 
0,0.003,0
0.01,0.003,0
0.02,0,-0.049
0.03,0,-0.049
0.04,0,0
0.05,0.003,-0.049
0.06,-0.003,-0.049
0.07,0,-0.049
0.08,0.003,-0.049
0.09,-0.003,-0.049
0.1,0,0
0.11,0.003,-0.049
0.12,0,-0.049
0.13,0,0
0.14,0.006,-0.049
0.15,0.003,-0.049
0.16,0.006,-0.049
0.17,0.027,-0.049
0.18,0.036,-0.049
0.19,0.036,-0.049
0.2,0.036,-0.049
0.21,0.039,-0.049
0.22,0.039,-0.049
0.23,0.045,-0.049
0.24,0.051,0
0.25,0.051,-0.049
0.26,0.057,-0.049
0.27,0.06,0
0.28,0.066,0
0.29,0.071,0
0.3,0.071,0
0.31,0.074,-0.049
0.32,0.086,0.049
0.33,0.092,0.049
0.34,0.089,0.049
0.35,0.095,0.049
0.36,0.095,0.049
0.37,0.107,0.098
0.38,0.11,0.049
0.39,0.107,0.098
0.4,0.119,0.098
0.41,0.122,0.098
0.42,0.122,0.098
0.43,0.131,0.146
0.44,0.134,0.146
0.45,0.137,0.146
0.46,0.143,0.146
0.47,0.145,0.195
0.48,0.151,0.146
0.49,0.151,0.244
0.5,0.157,0.244
0.51,0.16,0.244
0.52,0.166,0.244
0.53,0.169,0.244
0.54,0.175,0.293
0.55,0.175,0.293
0.56,0.19,0.342
0.57,0.187,0.342
0.58,0.193,0.342
0.59,0.193,0.342
0.6,0.196,0.293
0.61,0.199,0.391
0.62,0.211,0.391
0.63,0.211,0.391
0.64,0.217,0.391
0.65,0.22,0.439
0.66,0.217,0.488
0.67,0.225,0.391
0.68,0.231,0.488
0.69,0.237,0.439
0.7,0.237,0.488
0.71,0.24,0.537
0.72,0.243,0.439
0.73,0.252,0.537
0.74,0.255,0.537
0.75,0.267,0.537
0.76,0.264,0.586
0.77,0.267,0.586
0.78,0.276,0.635
0.79,0.276,0.635
0.8,0.276,0.635
0.81,0.282,0.635
0.82,0.291,0.684
0.83,0.291,0.684
0.84,0.297,0.732
0.85,0.297,0.684
0.86,0.302,0.732
0.87,0.305,0.732
0.88,0.308,0.781
0.89,0.311,0.732
0.9,0.32,0.781
0.91,0.323,0.781
0.92,0.326,0.781
0.93,0.329,0.83
0.94,0.35,0.879
0.95,0.353,0.928
0.96,0.353,0.879
0.97,0.35,0.928
0.98,0.353,0.928
0.99,0.365,0.977
1,0.365,0.928
1.01,0.365,0.977
1.02,0.373,1.025
1.03,0.373,0.977
1.04,0.376,0.977
1.05,0.382,1.025
1.06,0.385,1.025
1.07,0.391,1.025
1.08,0.388,1.074
1.09,0.397,1.074
1.1,0.403,1.123
1.11,0.406,1.123
1.12,0.409,1.123
1.13,0.418,1.172
1.14,0.415,1.123
1.15,0.427,1.172
1.16,0.427,1.221
1.17,0.436,1.221
1.18,0.436,1.27
1.19,0.439,1.27
1.2,0.445,1.27
1.21,0.45,1.318
1.22,0.453,1.318
1.23,0.456,1.318
1.24,0.453,1.318
1.25,0.465,1.367
1.26,0.465,1.367
1.27,0.468,1.367
1.28,0.48,1.416
1.29,0.477,1.416
1.3,0.483,1.465
1.31,0.486,1.465
1.32,0.495,1.514
1.33,0.495,1.514
1.34,0.498,1.514
1.35,0.499,1.563
1.36,0.499,1.563
1.37,0.513,1.563
1.38,0.522,1.611
1.39,0.522,1.611
1.4,0.531,1.66
1.41,0.54,1.66
1.42,0.535,1.66
1.43,0.548,1.709
1.44,0.553,1.709
1.45,0.562,1.758
1.46,0.571,1.758
1.47,0.571,1.807
1.48,0.58,1.855
1.49,0.584,1.855
1.5,0.598,1.904
1.51,0.598,1.855
1.52,0.607,1.855
1.53,0.611,1.904
1.54,0.616,1.904
1.55,0.625,1.953
1.56,0.629,1.953
1.57,0.638,2.002
1.58,0.647,2.002
1.59,0.652,1.953
1.6,0.656,2.051
1.61,0.656,2.051
1.62,0.665,2.1
1.63,0.674,2.1
1.64,0.674,2.1
1.65,0.697,2.197
1.66,0.697,2.197
1.67,0.697,2.246
1.68,0.715,2.197
1.69,0.71,2.246
1.7,0.719,2.246
1.71,0.724,2.295
1.72,0.728,2.246
1.73,0.728,2.295
1.74,0.742,2.344
1.75,0.746,2.393
1.76,0.755,2.393
1.77,0.76,2.393
1.78,0.768,2.441
1.79,0.768,2.393
1.8,0.786,2.49
1.81,0.786,2.49
1.82,0.795,2.539
1.83,0.795,2.539
1.84,0.809,2.588
1.85,0.809,2.588
1.86,0.813,2.637
1.87,0.822,2.686
1.88,0.827,2.686
1.89,0.836,2.637
1.9,0.845,2.686
1.91,0.849,2.734
1.92,0.849,2.734
1.93,0.858,2.734
1.94,0.854,2.832
1.95,0.872,2.832
1.96,0.872,2.832
1.97,0.885,2.881
1.98,0.89,2.881
1.99,0.903,2.93
2,0.903,2.93
2.01,0.917,2.93
2.02,0.926,3.027
2.03,0.917,3.027
2.04,0.93,3.076
2.05,0.935,3.076
2.06,0.944,3.076
2.07,0.944,3.076
2.08,0.953,3.125
2.09,0.957,3.174
2.1,0.966,3.174
2.11,0.962,3.174
2.12,0.984,3.223
2.13,0.984,3.271
2.14,0.984,3.271
2.15,0.997,3.32
2.16,1.002,3.32
2.17,1.015,3.369
2.18,1.015,3.369
2.19,1.033,3.467
2.2,1.033,3.467
2.21,1.033,3.467
2.22,1.042,3.467
2.23,1.051,3.516
2.24,1.056,3.564
2.25,1.056,3.613
2.26,1.069,3.564
2.27,1.078,3.662
2.28,1.074,3.662
2.29,1.096,3.711
2.3,1.096,3.662
2.31,1.092,3.76
2.32,1.105,3.711
2.33,1.101,3.76
2.34,1.119,3.76
2.35,1.119,3.809
2.36,1.128,3.857
2.37,1.132,3.857
2.38,1.141,3.906
2.39,1.137,3.906
2.4,1.159,3.955
2.41,1.159,4.004
2.42,1.155,4.053
2.43,1.177,4.102
2.44,1.182,4.053
2.45,1.173,4.102
2.46,1.204,4.15
2.47,1.2,4.199
2.48,1.204,4.199
2.49,1.208,4.199
2.5,1.208,4.248
2.51,1.231,4.248
2.52,1.226,4.346
2.53,1.231,4.297
2.54,1.244,4.346
2.55,1.244,4.395
2.56,1.262,4.395
2.57,1.262,4.492
2.58,1.262,4.492
2.59,1.267,4.443
2.6,1.271,4.541
2.61,1.289,4.59
2.62,1.294,4.639
2.63,1.289,4.59
2.64,1.307,4.639
2.65,1.303,4.736
2.66,1.312,4.736
2.67,1.321,4.785
2.68,1.33,4.736
2.69,1.33,4.785
2.7,1.343,4.834
2.71,1.348,4.883
2.72,1.348,4.883
2.73,1.357,4.932
2.74,1.357,4.932
2.75,1.37,4.98
2.76,1.375,4.98
2.77,1.379,5.078
2.78,1.379,5.078
2.79,1.388,5.127
2.8,1.397,5.078
2.81,1.402,5.127
2.82,1.406,5.176
2.83,1.424,5.273
2.84,1.42,5.225
2.85,1.428,5.273
2.86,1.433,5.371
2.87,1.446,5.42
2.88,1.451,5.42
2.89,1.455,5.42
2.9,1.451,5.42
2.91,1.478,5.518
2.92,1.473,5.518
2.93,1.478,5.566
2.94,1.491,5.615
2.95,1.491,5.615
2.96,1.491,5.664
2.97,1.509,5.664
2.98,1.5,5.713
2.99,1.523,5.762
3,1.518,5.762
3.01,1.532,5.811
3.02,1.536,5.811
3.03,1.554,5.859
3.04,1.559,5.908
3.05,1.559,6.006
3.06,1.554,6.006
3.07,1.568,6.006
3.08,1.572,6.055
3.09,1.586,6.104
3.1,1.586,6.152
3.11,1.59,6.201
3.12,1.595,6.201
3.13,1.604,6.201
3.14,1.608,6.25
3.15,1.613,6.299
3.16,1.617,6.299
3.17,1.631,6.348
3.18,1.631,6.396
3.19,1.635,6.396
3.2,1.644,6.445
3.21,1.653,6.494
3.22,1.653,6.494
3.23,1.671,6.543
3.24,1.666,6.592
3.25,1.68,6.689
3.26,1.684,6.689
3.27,1.689,6.738
3.28,1.693,6.787
3.29,1.702,6.836
3.3,1.702,6.787
3.31,1.716,6.836
3.32,1.72,6.885
3.33,1.72,6.885
3.34,1.738,6.982
3.35,1.743,7.031
3.36,1.738,7.031
3.37,1.747,7.08
3.38,1.756,7.08
3.39,1.765,7.178
3.4,1.765,7.178
3.41,1.779,7.227
3.42,1.774,7.227
3.43,1.788,7.324
3.44,1.788,7.324
3.45,1.801,7.373
3.46,1.801,7.422
3.47,1.819,7.471
3.48,1.815,7.568
3.49,1.819,7.52
3.5,1.837,7.568
3.51,1.833,7.617
3.52,1.846,7.666
3.53,1.842,7.666
3.54,1.864,7.764
3.55,1.864,7.813
3.56,1.868,7.813
3.57,1.873,7.861
3.58,1.877,7.91
3.59,1.886,7.959
3.6,1.891,7.959
3.61,1.904,8.057
3.62,1.904,8.057
3.63,1.913,8.105
3.64,1.913,8.154
3.65,1.931,8.203
3.66,1.931,8.203
3.67,1.936,8.301
3.68,1.949,8.35
3.69,1.949,8.398
3.7,1.945,8.398
3.71,1.972,8.447
3.72,1.967,8.545
3.73,1.967,8.496
3.74,1.99,8.643
3.75,1.99,8.643
3.76,1.99,8.691
3.77,1.999,8.691
3.78,1.999,8.74
3.79,2.012,8.74
3.8,2.017,8.838
3.81,2.021,8.838
3.82,2.035,8.936
3.83,2.035,8.936
3.84,2.039,8.984
3.85,2.044,9.082
3.86,2.066,9.18
3.87,2.066,9.229
3.88,2.066,9.18
3.89,2.071,9.229
3.9,2.075,9.277
3.91,2.084,9.277
3.92,2.097,9.375
3.93,2.093,9.424
3.94,2.097,9.424
3.95,2.111,9.473
3.96,2.115,9.521
3.97,2.12,9.521
3.98,2.12,9.619
3.99,2.142,9.717
4,2.142,9.766
4.01,2.138,9.766
4.02,2.156,9.814
4.03,2.16,9.863
4.04,2.16,9.912
4.05,2.165,9.912
4.06,2.183,10.01
4.07,2.178,10.059
4.08,2.196,10.059
4.09,2.192,10.156
4.1,2.21,10.205
4.11,2.205,10.303
4.12,2.214,10.254
4.13,2.223,10.352
4.14,2.219,10.352
4.15,2.232,10.498
4.16,2.237,10.449
4.17,2.25,10.596
4.18,2.25,10.596
4.19,2.259,10.645
4.2,2.259,10.693
4.21,2.268,10.742
4.22,2.273,10.84
4.23,2.286,10.84
4.24,2.286,10.84
4.25,2.282,10.889
4.26,2.304,11.035
4.27,2.308,11.084
4.28,2.313,11.035
4.29,2.313,11.133
4.3,2.326,11.182
4.31,2.326,11.23
4.32,2.344,11.328
4.33,2.344,11.377
4.34,2.349,11.377
4.35,2.349,11.426
4.36,2.362,11.475
4.37,2.367,11.523
4.38,2.362,11.572
4.39,2.376,11.67
4.4,2.38,11.67
4.41,2.398,11.768
4.42,2.389,11.816
4.43,2.398,11.865
4.44,2.412,11.914
4.45,2.412,11.914
4.46,2.412,12.012
4.47,2.425,12.061
4.48,2.43,12.109
4.49,2.443,12.207
4.5,2.448,12.256
4.51,2.452,12.305
4.52,2.452,12.305
4.53,2.475,12.402
4.54,2.479,12.451
4.55,2.479,12.451
4.56,2.493,12.598
4.57,2.493,12.646
4.58,2.493,12.646
4.59,2.502,12.695
4.6,2.506,12.695
4.61,2.519,12.842
4.62,2.524,12.891
4.63,2.519,12.939
4.64,2.537,13.037
4.65,2.537,13.037
4.66,2.542,13.086
4.67,2.555,13.135
4.68,2.555,13.184
4.69,2.569,13.33
4.7,2.573,13.33
4.71,2.578,13.379
4.72,2.578,13.428
4.73,2.596,13.477
4.74,2.596,13.574
4.75,2.6,13.574
4.76,2.609,13.672
4.77,2.609,13.721
4.78,2.632,13.77
4.79,2.632,13.818
4.8,2.632,13.818
4.81,2.636,13.916
4.82,2.636,13.916
4.83,2.654,14.063
4.84,2.659,14.111
4.85,2.663,14.16
4.86,2.668,14.16
4.87,2.672,14.258
4.88,2.672,14.258
4.89,2.677,14.355
4.9,2.708,14.502
4.91,2.704,14.551
4.92,2.708,14.6
4.93,2.713,14.648
4.94,2.713,14.648
4.95,2.726,14.795
4.96,2.726,14.795
4.97,2.735,14.844
4.98,2.735,14.893
4.99,2.744,14.941
5,2.744,14.99
5.01,2.757,15.088
5.02,2.762,15.186
5.03,2.771,15.186
5.04,2.766,15.283
5.05,2.789,15.332
5.06,2.789,15.381
5.07,2.802,15.479
5.08,2.798,15.43
5.09,2.811,15.576
5.1,2.811,15.625
5.11,2.825,15.674
5.12,2.825,15.723
5.13,2.834,15.82
5.14,2.834,15.869
5.15,2.852,15.967
5.16,2.847,15.967
5.17,2.865,16.064
5.18,2.861,16.113
5.19,2.879,16.211
5.2,2.883,16.26
5.21,2.879,16.309
5.22,2.888,16.406
5.23,2.892,16.406
5.24,2.91,16.504
5.25,2.906,16.553
5.26,2.91,16.553
5.27,2.915,16.65
5.28,2.915,16.699
5.29,2.942,16.797
5.3,2.942,16.895
5.31,2.942,16.846
5.32,2.951,16.943
5.33,2.955,17.041
5.34,2.964,17.09
5.35,2.964,17.139
5.36,2.982,17.236
5.37,2.982,17.334
5.38,2.991,17.383
5.39,2.995,17.432
5.4,3.004,17.48
5.41,3.004,17.578
5.42,3.013,17.627
5.43,3.018,17.627
5.44,3.022,17.676
5.45,3.027,17.773
5.46,3.031,17.871
5.47,3.04,17.871
5.48,3.058,17.969
5.49,3.049,18.066
5.5,3.054,18.066
5.51,3.063,18.066
5.52,3.067,18.164
5.53,3.09,18.311
5.54,3.094,18.359
5.55,3.094,18.457
5.56,3.094,18.457
5.57,3.103,18.506
5.58,3.121,18.604
5.59,3.117,18.652
5.6,3.126,18.75
5.61,3.13,18.75
5.62,3.13,18.799
5.63,3.139,18.896
5.64,3.148,18.896
5.65,3.157,19.141
5.66,3.162,19.141
5.67,3.166,19.141
5.68,3.179,19.238
5.69,3.175,19.287
5.7,3.179,19.336
5.71,3.193,19.385
5.72,3.193,19.434
5.73,3.206,19.531
5.74,3.211,19.58
5.75,3.22,19.678
5.76,3.224,19.727
5.77,3.229,19.824
5.78,3.224,19.775
5.79,3.242,19.873
5.8,3.247,19.971
5.81,3.26,20.02
5.82,3.26,20.068
5.83,3.26,20.166
5.84,3.26,20.215
5.85,3.283,20.361
5.86,3.283,20.41
5.87,3.283,20.41
5.88,3.292,20.459
5.89,3.296,20.557
5.9,3.314,20.654
5.91,3.31,20.703
5.92,3.314,20.752
5.93,3.319,20.752
5.94,3.337,20.898
5.95,3.337,20.947
5.96,3.35,20.996
5.97,3.346,21.045
5.98,3.355,21.143
5.99,3.359,21.191
6,3.373,21.24
6.01,3.368,21.338
6.02,3.382,21.387
6.03,3.377,21.436
6.04,3.395,21.533
6.05,3.399,21.582
6.06,3.408,21.631
6.07,3.408,21.631
6.08,3.413,21.729
6.09,3.413,21.777
6.1,3.431,21.875
6.11,3.431,21.924
6.12,3.453,22.021
6.13,3.453,22.119
6.14,3.449,22.168
6.15,3.458,22.168
6.16,3.462,22.217
6.17,3.467,22.314
6.18,3.476,22.412
6.19,3.485,22.461
6.2,3.489,22.51
6.21,3.498,22.607
6.22,3.498,22.607
6.23,3.503,22.705
6.24,3.512,22.754
6.25,3.516,22.754
6.26,3.525,22.852
6.27,3.539,22.949
6.28,3.539,22.949
6.29,3.548,23.047
6.3,3.548,23.145
6.31,3.566,23.242
6.32,3.561,23.242
6.33,3.57,23.291
6.34,3.57,23.34
6.35,3.575,23.438
6.36,3.602,23.535
6.37,3.602,23.633
6.38,3.602,23.633
6.39,3.615,23.682
6.4,3.615,23.779
6.41,3.624,23.828
6.42,3.628,23.877
6.43,3.642,23.926
6.44,3.633,24.023
6.45,3.651,24.072
6.46,3.655,24.17
6.47,3.66,24.17
6.48,3.669,24.268
6.49,3.669,24.268
6.5,3.678,24.463
6.51,3.687,24.463
6.52,3.687,24.463
6.53,3.691,24.512
6.54,3.696,24.561
6.55,3.709,24.658
6.56,3.705,24.658
6.57,3.732,24.805
6.58,3.727,24.854
6.59,3.732,24.902
6.6,3.741,24.951
6.61,3.741,24.951
6.62,3.754,25.146
6.63,3.759,25.146
6.64,3.759,25.195
6.65,3.772,25.244
6.66,3.777,25.293
6.67,3.781,25.342
6.68,3.786,25.439
6.69,3.795,25.439
6.7,3.799,25.586
6.71,3.808,25.635
6.72,3.808,25.684
6.73,3.817,25.732
6.74,3.822,25.781
6.75,3.826,25.781
6.76,3.83,25.928
6.77,3.839,25.928
6.78,3.848,26.025
6.79,3.848,26.025
6.8,3.866,26.074
6.81,3.862,26.172
6.82,3.875,26.221
6.83,3.875,26.318
6.84,3.889,26.318
6.85,3.884,26.416
6.86,3.898,26.465
6.87,3.898,26.514
6.88,3.911,26.563
6.89,3.907,26.66
6.9,3.92,26.709
6.91,3.925,26.709
6.92,3.943,26.855
6.93,3.943,26.904
6.94,3.943,26.904
6.95,3.952,27.002
6.96,3.952,27.002
6.97,3.97,27.1
6.98,3.97,27.148
6.99,3.983,27.246
7,3.988,27.295
7.01,3.988,27.295
7.02,4.001,27.393
7.03,3.997,27.441
7.04,4.01,27.539
7.05,4.01,27.588
7.06,4.019,27.588
7.07,4.024,27.637
7.08,4.028,27.686
7.09,4.033,27.783
7.1,4.042,27.783
7.11,4.05,27.881
7.12,4.05,27.881
7.13,4.064,27.979
7.14,4.064,27.979
7.15,4.073,28.027
7.16,4.073,28.125
7.17,4.086,28.174
7.18,4.091,28.174
7.19,4.109,28.32
7.2,4.109,28.369
7.21,4.109,28.418
7.22,4.113,28.467
7.23,4.122,28.516
7.24,4.131,28.564
7.25,4.131,28.613
7.26,4.14,28.711
7.27,4.145,28.711
7.28,4.154,28.809
7.29,4.158,28.809
7.3,4.167,28.906
7.31,4.172,28.906
7.32,4.185,29.053
7.33,4.181,29.102
7.34,4.19,29.102
7.35,4.199,29.199
7.36,4.199,29.15
7.37,4.217,29.297
7.38,4.217,29.297
7.39,4.23,29.346
7.4,4.23,29.443
7.41,4.239,29.492
7.42,4.239,29.492
7.43,4.248,29.59
7.44,4.248,29.59
7.45,4.266,29.639
7.46,4.262,29.736
7.47,4.279,29.785
7.48,4.275,29.834
7.49,4.284,29.883
7.5,4.284,29.932
7.51,4.293,29.932
7.52,4.293,29.98
7.53,4.315,30.078
7.54,4.311,30.127
7.55,4.315,30.176
7.56,4.32,30.176
7.57,4.324,30.225
7.58,4.333,30.273
7.59,4.333,30.322
7.6,4.351,30.371
7.61,4.351,30.42
7.62,4.369,30.518
7.63,4.369,30.518
7.64,4.383,30.664
7.65,4.383,30.615
7.66,4.392,30.713
7.67,4.396,30.762
7.68,4.41,30.762
7.69,4.41,30.811
7.7,4.414,30.859
7.71,4.414,30.908
7.72,4.423,30.957
7.73,4.432,31.006
7.74,4.446,31.055
7.75,4.446,31.152
7.76,4.446,31.152
7.77,4.455,31.152
7.78,4.464,31.201
7.79,4.464,31.25
7.8,4.486,31.396
7.81,4.482,31.396
7.82,4.486,31.445
7.83,4.495,31.445
7.84,4.499,31.494
7.85,4.504,31.543
7.86,4.508,31.592
7.87,4.513,31.641
7.88,4.522,31.641
7.89,4.526,31.738
7.9,4.526,31.787
7.91,4.54,31.787
7.92,4.549,31.885
7.93,4.544,31.934
7.94,4.562,31.934
7.95,4.567,31.982
7.96,4.567,32.08
7.97,4.576,32.08
7.98,4.585,32.129
7.99,4.594,32.129
8,4.589,32.178
8.01,4.603,32.275
8.02,4.603,32.275
8.03,4.616,32.373
8.04,4.612,32.373
8.05,4.625,32.52
8.06,4.63,32.52
8.07,4.639,32.568
8.08,4.643,32.617
8.09,4.661,32.617
8.1,4.657,32.666
8.11,4.67,32.715
8.12,4.666,32.764
8.13,4.675,32.861
8.14,4.675,32.861
8.15,4.684,32.861
8.16,4.693,32.91
8.17,4.697,33.008
8.18,4.706,33.008
8.19,4.71,33.057
8.2,4.71,33.105
8.21,4.719,33.154
8.22,4.728,33.154
8.23,4.737,33.301
8.24,4.751,33.301
8.25,4.76,33.35
8.26,4.755,33.398
8.27,4.76,33.398
8.28,4.769,33.447
8.29,4.778,33.496
8.3,4.782,33.496
8.31,4.787,33.545
8.32,4.791,33.594
8.33,4.8,33.643
8.34,4.8,33.691
8.35,4.805,33.74
8.36,4.818,33.789
8.37,4.818,33.838
8.38,4.827,33.838
8.39,4.832,33.887
8.4,4.836,33.936
8.41,4.841,33.936
8.42,4.859,34.033
8.43,4.859,34.033
8.44,4.868,34.082
8.45,4.868,34.131
8.46,4.877,34.18
8.47,4.886,34.229
8.48,4.886,34.277
8.49,4.899,34.326
8.5,4.899,34.326
8.51,4.904,34.375
8.52,4.908,34.424
8.53,4.922,34.473
8.54,4.926,34.521
8.55,4.926,34.521
8.56,4.939,34.619
8.57,4.939,34.619
8.58,4.948,34.619
8.59,4.953,34.668
8.6,4.957,34.766
8.61,4.962,34.766
8.62,4.966,34.814
8.63,4.98,34.863
8.64,4.98,34.912
8.65,4.989,34.961
8.66,4.993,35.01
8.67,4.998,35.059
8.68,5.011,35.107
8.69,5.02,35.107
8.7,5.025,35.156
8.71,5.029,35.205
8.72,5.038,35.205
8.73,5.038,35.205
8.74,5.047,35.303
8.75,5.052,35.254
8.76,5.056,35.352
8.77,5.065,35.4
8.78,5.061,35.449
8.79,5.079,35.449
8.8,5.083,35.449
8.81,5.083,35.547
8.82,5.097,35.596
8.83,5.092,35.596
8.84,5.106,35.645
8.85,5.115,35.693
8.86,5.119,35.693
8.87,5.124,35.742
8.88,5.128,35.791
8.89,5.133,35.84
8.9,5.146,35.84
8.91,5.142,35.889
8.92,5.155,35.938
8.93,5.155,35.986
8.94,5.164,35.986
8.95,5.168,35.986
8.96,5.177,36.035
8.97,5.173,36.084
8.98,5.186,36.133
8.99,5.191,36.133
9,5.2,36.182
9.01,5.204,36.23
9.02,5.218,36.279
9.03,5.218,36.279
9.04,5.222,36.377
9.05,5.231,36.377
9.06,5.227,36.377
9.07,5.24,36.475
9.08,5.245,36.426
9.09,5.249,36.523
9.1,5.254,36.572
9.11,5.267,36.572
9.12,5.267,36.572
9.13,5.272,36.621
9.14,5.281,36.67
9.15,5.285,36.719
9.16,5.29,36.719
9.17,5.299,36.719
9.18,5.303,36.768
9.19,5.299,36.816
9.2,5.299,36.816
9.21,5.299,36.768
9.22,5.303,36.816
9.23,5.303,36.816
9.24,5.299,36.816
9.25,5.303,36.865
9.26,5.299,36.816
9.27,5.299,36.914
9.28,5.299,36.865
9.29,5.294,36.816
9.3,5.294,36.865
9.31,5.294,36.914
9.32,5.299,36.865
9.33,5.294,36.914
9.34,5.29,36.914
9.35,5.294,36.914
9.36,5.299,36.914
9.37,5.299,36.914
9.38,5.299,36.914
9.39,5.294,36.914
9.4,5.294,36.963
9.41,5.294,36.914
9.42,5.294,36.914
9.43,5.29,36.914
9.44,5.294,36.963
9.45,5.299,36.963
9.46,5.294,36.963
9.47,5.294,36.963
9.48,5.29,36.963
9.49,5.299,37.012
9.5,5.29,36.963
9.51,5.29,37.012
9.52,5.294,36.963
9.53,5.29,37.012
9.54,5.29,37.012
9.55,5.294,37.012
9.56,5.29,37.012
9.57,5.29,37.012
9.58,5.29,37.012
9.59,5.294,37.012
9.6,5.29,37.061
9.61,5.29,37.012
9.62,5.29,37.061
9.63,5.29,37.012
9.64,5.29,37.061
9.65,5.29,37.061
9.66,5.294,37.061
9.67,5.294,37.109
9.68,5.285,37.061
9.69,5.294,37.061
9.7,5.285,37.061
9.71,5.294,37.061
9.72,5.29,37.109
9.73,5.29,37.109
9.74,5.29,37.061
9.75,5.29,37.061
9.76,5.29,37.061
9.77,5.294,37.061
9.78,5.285,37.061
9.79,5.285,37.109
9.8,5.285,37.109
9.81,5.29,37.061
9.82,5.29,37.109
9.83,5.285,37.061
9.84,5.29,37.158
9.85,5.29,37.061
9.86,5.285,37.158
9.87,5.281,37.109
9.88,5.29,37.109
9.89,5.29,37.109
9.9,5.285,37.109
9.91,5.285,37.109
9.92,5.285,37.109
9.93,5.285,37.109
9.94,5.285,37.158
9.95,5.285,37.109
9.96,5.285,37.109
9.97,5.29,37.109
9.98,5.29,37.158
9.99,5.29,37.158
10,5.281,37.158
10.01,5.281,37.158
10,5.285,37.109
9.99,5.276,37.109
9.98,5.281,37.207
9.97,5.285,37.158
9.96,5.281,37.158
9.95,5.285,37.158
9.94,5.285,37.158
9.93,5.281,37.158
9.92,5.276,37.109
9.91,5.281,37.158
9.9,5.281,37.158
9.89,5.281,37.158
9.88,5.281,37.207
9.87,5.285,37.158
9.86,5.281,37.207
9.85,5.281,37.158
9.84,5.281,37.158
9.83,5.276,37.158
9.82,5.276,37.158
9.81,5.281,37.207
9.8,5.276,37.158
9.79,5.285,37.158
9.78,5.276,37.158
9.77,5.272,37.207
9.76,5.276,37.207
9.75,5.276,37.158
9.74,5.272,37.207
9.73,5.276,37.158
9.72,5.276,37.158
9.71,5.276,37.207
9.7,5.276,37.207
9.69,5.276,37.207
9.68,5.272,37.256
9.67,5.276,37.207
9.66,5.276,37.256
9.65,5.272,37.256
9.64,5.272,37.207
9.63,5.267,37.207
9.62,5.272,37.207
9.61,5.276,37.207
9.6,5.267,37.256
9.59,5.272,37.207
9.58,5.272,37.207
9.57,5.272,37.256
9.56,5.272,37.256
9.55,5.272,37.256
9.54,5.272,37.256
9.53,5.276,37.256
9.52,5.272,37.256
9.51,5.272,37.256
9.5,5.272,37.207
9.49,5.267,37.256
9.48,5.272,37.256
9.47,5.272,37.256
9.46,5.276,37.256
9.45,5.267,37.207
9.44,5.267,37.256
9.43,5.272,37.207
9.42,5.272,37.256
9.41,5.272,37.256
9.4,5.267,37.305
9.39,5.267,37.207
9.38,5.267,37.256
9.37,5.267,37.256
9.36,5.267,37.256
9.35,5.263,37.256
9.34,5.267,37.256
9.33,5.267,37.207
9.32,5.267,37.305
9.31,5.267,37.256
9.3,5.267,37.256
9.29,5.267,37.305
9.28,5.267,37.256
9.27,5.267,37.256
9.26,5.267,37.305
9.25,5.267,37.256
9.24,5.272,37.256
9.23,5.267,37.256
9.22,5.267,37.256
9.21,5.263,37.305
9.2,5.263,37.305
9.19,5.263,37.305
9.18,5.263,37.305
9.17,5.263,37.305
9.16,5.258,37.305
9.15,5.263,37.256
9.14,5.263,37.305
9.13,5.263,37.305
9.12,5.263,37.305
9.11,5.263,37.305
9.1,5.263,37.305
9.09,5.263,37.354
9.08,5.263,37.305
9.07,5.258,37.305
9.06,5.258,37.305
9.05,5.263,37.305
9.04,5.263,37.354
9.03,5.258,37.305
9.02,5.258,37.305
9.01,5.263,37.305
9,5.263,37.305
8.99,5.254,37.305
8.98,5.254,37.305
8.97,5.236,37.305
8.96,5.24,37.305
8.95,5.231,37.354
8.94,5.231,37.305
8.93,5.213,37.305
8.92,5.213,37.305
8.91,5.2,37.305
8.9,5.2,37.354
8.89,5.191,37.305
8.88,5.191,37.305
8.87,5.182,37.305
8.86,5.182,37.305
8.85,5.168,37.305
8.84,5.164,37.305
8.83,5.155,37.305
8.82,5.155,37.256
8.81,5.146,37.256
8.8,5.146,37.256
8.79,5.124,37.207
8.78,5.128,37.207
8.77,5.119,37.158
8.76,5.119,37.207
8.75,5.101,37.158
8.74,5.101,37.109
8.73,5.092,37.109
8.72,5.097,37.061
8.71,5.083,37.061
8.7,5.088,37.012
8.69,5.074,37.012
8.68,5.07,37.012
8.67,5.061,36.963
8.66,5.061,36.963
8.65,5.052,36.963
8.64,5.038,36.914
8.63,5.034,36.914
8.62,5.029,36.914
8.61,5.025,36.865
8.6,5.011,36.816
8.59,5.011,36.816
8.58,5.002,36.768
8.57,4.998,36.816
8.56,4.98,36.768
8.55,4.984,36.768
8.54,4.975,36.719
8.53,4.971,36.67
8.52,4.966,36.621
8.51,4.962,36.621
8.5,4.957,36.621
8.49,4.953,36.621
8.48,4.939,36.523
8.47,4.935,36.523
8.46,4.926,36.572
8.45,4.93,36.475
8.44,4.917,36.523
8.43,4.908,36.426
8.42,4.899,36.426
8.41,4.895,36.426
8.4,4.89,36.377
8.39,4.89,36.426
8.38,4.877,36.377
8.37,4.877,36.328
8.36,4.863,36.279
8.35,4.868,36.279
8.34,4.859,36.279
8.33,4.859,36.23
8.32,4.845,36.182
8.31,4.845,36.182
8.3,4.832,36.182
8.29,4.832,36.084
8.28,4.818,36.084
8.27,4.818,35.986
8.26,4.805,36.035
8.25,4.805,36.035
8.24,4.796,35.986
8.23,4.791,35.938
8.22,4.778,35.889
8.21,4.773,35.938
8.2,4.764,35.889
8.19,4.769,35.889
8.18,4.76,35.791
8.17,4.751,35.791
8.16,4.746,35.791
8.15,4.742,35.791
8.14,4.733,35.742
8.13,4.733,35.742
8.12,4.719,35.645
8.11,4.719,35.645
8.1,4.706,35.596
8.09,4.706,35.596
8.08,4.702,35.547
8.07,4.702,35.498
8.06,4.679,35.498
8.05,4.679,35.498
8.04,4.67,35.449
8.03,4.661,35.449
8.02,4.652,35.4
8.01,4.652,35.352
8,4.643,35.303
7.99,4.643,35.352
7.98,4.63,35.254
7.97,4.634,35.205
7.96,4.621,35.205
7.95,4.616,35.205
7.94,4.607,35.156
7.93,4.607,35.156
7.92,4.598,35.107
7.91,4.594,35.107
7.9,4.589,35.059
7.89,4.58,35.059
7.88,4.571,35.01
7.87,4.576,35.01
7.86,4.562,34.912
7.85,4.562,34.912
7.84,4.553,34.863
7.83,4.553,34.863
7.82,4.535,34.814
7.81,4.535,34.766
7.8,4.522,34.766
7.79,4.517,34.766
7.78,4.504,34.619
7.77,4.508,34.717
7.76,4.499,34.57
7.75,4.499,34.619
7.74,4.486,34.57
7.73,4.482,34.521
7.72,4.473,34.521
7.71,4.468,34.473
7.7,4.464,34.424
7.69,4.459,34.424
7.68,4.455,34.375
7.67,4.45,34.375
7.66,4.441,34.326
7.65,4.428,34.277
7.64,4.432,34.277
7.63,4.419,34.229
7.62,4.419,34.18
7.61,4.41,34.18
7.6,4.401,34.131
7.59,4.396,34.131
7.58,4.392,34.033
7.57,4.383,34.033
7.56,4.374,34.033
7.55,4.369,33.984
7.54,4.36,33.936
7.53,4.36,33.936
7.52,4.342,33.887
7.51,4.347,33.838
7.5,4.338,33.838
7.49,4.338,33.789
7.48,4.329,33.74
7.47,4.32,33.74
7.46,4.315,33.691
7.45,4.311,33.643
7.44,4.306,33.643
7.43,4.302,33.594
7.42,4.288,33.545
7.41,4.288,33.496
7.4,4.279,33.447
7.39,4.275,33.447
7.38,4.27,33.398
7.37,4.257,33.398
7.36,4.253,33.301
7.35,4.244,33.301
7.34,4.244,33.252
7.33,4.235,33.203
7.32,4.23,33.203
7.31,4.221,33.154
7.3,4.217,33.105
7.29,4.208,33.105
7.28,4.208,33.057
7.27,4.194,32.959
7.26,4.194,32.959
7.25,4.185,32.959
7.24,4.185,32.861
7.23,4.176,32.813
7.22,4.167,32.861
7.21,4.163,32.764
7.2,4.158,32.764
7.19,4.145,32.715
7.18,4.145,32.715
7.17,4.14,32.666
7.16,4.136,32.617
7.15,4.127,32.568
7.14,4.127,32.568
7.13,4.113,32.52
7.12,4.113,32.52
7.11,4.1,32.422
7.1,4.104,32.422
7.09,4.091,32.373
7.08,4.082,32.324
7.07,4.073,32.275
7.06,4.073,32.275
7.05,4.064,32.227
7.04,4.064,32.178
7.03,4.055,32.08
7.02,4.05,32.129
7.01,4.042,32.031
7,4.037,32.031
6.99,4.024,31.934
6.98,4.024,31.885
6.97,4.01,31.885
6.96,4.01,31.836
6.95,4.001,31.836
6.94,4.001,31.787
6.93,3.983,31.689
6.92,3.983,31.689
6.91,3.974,31.592
6.9,3.974,31.592
6.89,3.956,31.592
6.88,3.956,31.543
6.87,3.952,31.445
6.86,3.947,31.396
6.85,3.938,31.396
6.84,3.943,31.348
6.83,3.929,31.299
6.82,3.925,31.25
6.81,3.916,31.299
6.8,3.916,31.201
6.79,3.907,31.152
6.78,3.898,31.104
6.77,3.893,31.104
6.76,3.893,31.055
6.75,3.88,31.006
6.74,3.875,30.957
6.73,3.866,30.908
6.72,3.866,30.908
6.71,3.853,30.811
6.7,3.848,30.762
6.69,3.844,30.713
6.68,3.844,30.713
6.67,3.83,30.664
6.66,3.83,30.664
6.65,3.817,30.615
6.64,3.817,30.518
6.63,3.808,30.518
6.62,3.804,30.469
6.61,3.79,30.42
6.6,3.795,30.371
6.59,3.786,30.322
6.58,3.777,30.273
6.57,3.772,30.273
6.56,3.759,30.176
6.55,3.754,30.127
6.54,3.75,30.078
6.53,3.745,30.078
6.52,3.732,30.029
6.51,3.732,29.98
6.5,3.727,29.932
6.49,3.718,29.883
6.48,3.709,29.834
6.47,3.714,29.785
6.46,3.7,29.736
6.45,3.7,29.736
6.44,3.691,29.639
6.43,3.682,29.639
6.42,3.673,29.59
6.41,3.678,29.541
6.4,3.664,29.492
6.39,3.669,29.492
6.38,3.655,29.395
6.37,3.651,29.346
6.36,3.642,29.346
6.35,3.633,29.297
6.34,3.628,29.199
6.33,3.619,29.15
6.32,3.619,29.15
6.31,3.611,29.053
6.3,3.602,29.004
6.29,3.593,28.955
6.28,3.588,28.906
6.27,3.584,28.857
6.26,3.584,28.809
6.25,3.57,28.809
6.24,3.57,28.76
6.23,3.561,28.711
6.22,3.561,28.662
6.21,3.548,28.613
6.2,3.548,28.613
6.19,3.539,28.516
6.18,3.534,28.467
6.17,3.53,28.467
6.16,3.525,28.369
6.15,3.512,28.32
6.14,3.503,28.271
6.13,3.498,28.174
6.12,3.489,28.125
6.11,3.494,28.076
6.1,3.48,28.076
6.09,3.48,27.979
6.08,3.471,27.979
6.07,3.467,27.881
6.06,3.453,27.832
6.05,3.453,27.783
6.04,3.444,27.686
6.03,3.444,27.734
6.02,3.431,27.637
6.01,3.431,27.637
6,3.413,27.588
5.99,3.417,27.49
5.98,3.408,27.441
5.97,3.408,27.393
5.96,3.391,27.344
5.95,3.391,27.295
5.94,3.373,27.197
5.93,3.368,27.1
5.92,3.364,27.1
5.91,3.359,27.002
5.9,3.359,27.051
5.89,3.346,26.953
5.88,3.35,26.953
5.87,3.337,26.855
5.86,3.332,26.807
5.85,3.328,26.758
5.84,3.319,26.66
5.83,3.319,26.66
5.82,3.31,26.611
5.81,3.301,26.514
5.8,3.292,26.514
5.79,3.296,26.465
5.78,3.283,26.416
5.77,3.283,26.367
5.76,3.274,26.318
5.75,3.269,26.221
5.74,3.256,26.221
5.73,3.256,26.123
5.72,3.247,26.025
5.71,3.242,26.025
5.7,3.238,25.928
5.69,3.233,25.879
5.68,3.22,25.83
5.67,3.215,25.732
5.66,3.211,25.732
5.65,3.211,25.684
5.64,3.193,25.586
5.63,3.193,25.537
5.62,3.184,25.488
5.61,3.179,25.488
5.6,3.171,25.391
5.59,3.171,25.391
5.58,3.166,25.342
5.57,3.162,25.244
5.56,3.148,25.195
5.55,3.148,25.098
5.54,3.139,25.098
5.53,3.126,25
5.52,3.126,24.951
5.51,3.121,24.902
5.5,3.117,24.854
5.49,3.108,24.805
5.48,3.094,24.756
5.47,3.09,24.658
5.46,3.081,24.658
5.45,3.085,24.609
5.44,3.072,24.561
5.43,3.067,24.463
5.42,3.063,24.365
5.41,3.058,24.365
5.4,3.049,24.268
5.39,3.045,24.219
5.38,3.036,24.121
5.37,3.031,24.072
5.36,3.027,24.072
5.35,3.018,23.926
5.34,3.004,23.877
5.33,3.009,23.828
5.32,3,23.828
5.31,2.982,23.682
5.3,2.986,23.682
5.29,2.977,23.633
5.28,2.973,23.535
5.27,2.964,23.486
5.26,2.964,23.486
5.25,2.959,23.34
5.24,2.959,23.34
5.23,2.946,23.242
5.22,2.937,23.193
5.21,2.937,23.145
5.2,2.928,23.096
5.19,2.919,22.998
5.18,2.919,22.949
5.17,2.901,22.852
5.16,2.897,22.803
5.15,2.897,22.803
5.14,2.888,22.705
5.13,2.883,22.607
5.12,2.874,22.559
5.11,2.87,22.461
5.1,2.861,22.461
5.09,2.856,22.412
5.08,2.852,22.314
5.07,2.847,22.266
5.06,2.838,22.217
5.05,2.838,22.217
5.04,2.825,22.07
5.03,2.825,22.021
5.02,2.811,21.973
5.01,2.807,21.924
5,2.807,21.875
4.99,2.802,21.826
4.98,2.789,21.729
4.97,2.789,21.68
4.96,2.775,21.582
4.95,2.775,21.533
4.94,2.771,21.484
4.93,2.757,21.436
4.92,2.753,21.387
4.91,2.744,21.289
4.9,2.744,21.24
4.89,2.731,21.24
4.88,2.726,21.143
4.87,2.717,21.045
4.86,2.717,20.996
4.85,2.713,20.947
4.84,2.699,20.898
4.83,2.695,20.801
4.82,2.69,20.752
4.81,2.681,20.654
4.8,2.686,20.605
4.79,2.677,20.605
4.78,2.672,20.508
4.77,2.659,20.459
4.76,2.65,20.361
4.75,2.65,20.313
4.74,2.645,20.166
4.73,2.641,20.166
4.72,2.632,20.117
4.71,2.627,20.068
4.7,2.618,19.922
4.69,2.614,19.873
4.68,2.609,19.824
4.67,2.6,19.775
4.66,2.591,19.678
4.65,2.587,19.629
4.64,2.587,19.58
4.63,2.578,19.531
4.62,2.578,19.531
4.61,2.564,19.434
4.6,2.555,19.238
4.59,2.551,19.238
4.58,2.546,19.189
4.57,2.542,19.092
4.56,2.528,19.092
4.55,2.528,19.043
4.54,2.519,18.896
4.53,2.515,18.848
4.52,2.506,18.799
4.51,2.506,18.75
4.5,2.502,18.701
4.49,2.497,18.604
4.48,2.488,18.506
4.47,2.479,18.506
4.46,2.475,18.457
4.45,2.475,18.311
4.44,2.457,18.262
4.43,2.452,18.164
4.42,2.448,18.164
4.41,2.443,18.115
4.4,2.43,18.018
4.39,2.425,17.969
4.38,2.416,17.871
4.37,2.416,17.822
4.36,2.407,17.773
4.35,2.403,17.725
4.34,2.403,17.627
4.33,2.389,17.578
4.32,2.385,17.578
4.31,2.385,17.432
4.3,2.371,17.383
4.29,2.362,17.334
4.28,2.362,17.285
4.27,2.353,17.188
4.26,2.353,17.139
4.25,2.349,17.09
4.24,2.335,16.992
4.23,2.331,16.943
4.22,2.322,16.895
4.21,2.317,16.846
4.2,2.317,16.699
4.19,2.304,16.65
4.18,2.299,16.602
4.17,2.291,16.553
4.16,2.291,16.504
4.15,2.282,16.455
4.14,2.277,16.357
4.13,2.273,16.26
4.12,2.264,16.211
4.11,2.264,16.162
4.1,2.255,16.113
4.09,2.25,16.064
4.08,2.241,15.967
4.07,2.232,15.869
4.06,2.228,15.869
4.05,2.223,15.723
4.04,2.219,15.723
4.03,2.205,15.625
4.02,2.201,15.625
4.01,2.196,15.527
4,2.196,15.43
3.99,2.187,15.43
3.98,2.178,15.283
3.97,2.169,15.234
3.96,2.169,15.186
3.95,2.165,15.137
3.94,2.156,14.99
3.93,2.142,14.99
3.92,2.142,14.941
3.91,2.133,14.893
3.9,2.133,14.746
3.89,2.124,14.746
3.88,2.12,14.648
3.87,2.111,14.6
3.86,2.106,14.502
3.85,2.102,14.502
3.84,2.093,14.404
3.83,2.084,14.355
3.82,2.084,14.258
3.81,2.075,14.16
3.8,2.071,14.111
3.79,2.062,14.063
3.78,2.048,13.965
3.77,2.053,13.965
3.76,2.044,13.867
3.75,2.035,13.818
3.74,2.039,13.77
3.73,2.021,13.623
3.72,2.012,13.623
3.71,2.012,13.574
3.7,2.008,13.525
3.69,2.003,13.477
3.68,1.999,13.379
3.67,1.99,13.33
3.66,1.985,13.33
3.65,1.981,13.232
3.64,1.963,13.086
3.63,1.963,12.988
3.62,1.958,12.988
3.61,1.954,12.939
3.6,1.945,12.891
3.59,1.936,12.793
3.58,1.936,12.842
3.57,1.927,12.646
3.56,1.922,12.646
3.55,1.918,12.646
3.54,1.909,12.549
3.53,1.904,12.451
3.52,1.9,12.451
3.51,1.895,12.354
3.5,1.886,12.305
3.49,1.886,12.256
3.48,1.873,12.256
3.47,1.868,12.109
3.46,1.864,12.109
3.45,1.851,12.012
3.44,1.846,12.012
3.43,1.846,11.865
3.42,1.842,11.865
3.41,1.824,11.816
3.4,1.824,11.719
3.39,1.815,11.719
3.38,1.81,11.67
3.37,1.806,11.572
3.36,1.797,11.523
3.35,1.788,11.475
3.34,1.788,11.426
3.33,1.774,11.377
3.32,1.77,11.279
3.31,1.77,11.279
3.3,1.756,11.23
3.29,1.761,11.133
3.28,1.747,11.084
3.27,1.738,11.035
3.26,1.738,11.035
3.25,1.729,10.889
3.24,1.725,10.889
3.23,1.716,10.791
3.22,1.716,10.791
3.21,1.702,10.742
3.2,1.702,10.742
3.19,1.693,10.693
3.18,1.689,10.596
3.17,1.684,10.498
3.16,1.68,10.498
3.15,1.666,10.4
3.14,1.666,10.352
3.13,1.657,10.303
3.12,1.653,10.254
3.11,1.644,10.205
3.1,1.64,10.205
3.09,1.635,10.156
3.08,1.626,10.107
3.07,1.622,10.01
3.06,1.617,10.01
3.05,1.608,9.912
3.04,1.604,9.912
3.03,1.599,9.814
3.02,1.586,9.766
3.01,1.586,9.717
3,1.577,9.668
2.99,1.572,9.57
2.98,1.568,9.521
2.97,1.559,9.473
2.96,1.559,9.521
2.95,1.545,9.424
2.94,1.545,9.375
2.93,1.532,9.326
2.92,1.532,9.326
2.91,1.527,9.229
2.9,1.514,9.18
2.89,1.505,9.131
2.88,1.505,9.082
2.87,1.5,9.033
2.86,1.487,9.033
2.85,1.482,8.936
2.84,1.482,8.887
2.83,1.473,8.838
2.82,1.469,8.789
2.81,1.46,8.74
2.8,1.455,8.691
2.79,1.451,8.643
2.78,1.442,8.643
2.77,1.442,8.545
2.76,1.428,8.545
2.75,1.424,8.447
2.74,1.415,8.447
2.73,1.415,8.398
2.72,1.406,8.35
2.71,1.402,8.301
2.7,1.388,8.252
2.69,1.388,8.203
2.68,1.388,8.154
2.67,1.379,8.154
2.66,1.37,8.057
2.65,1.37,8.057
2.64,1.357,8.008
2.63,1.352,7.959
2.62,1.343,7.91
2.61,1.343,7.861
2.6,1.334,7.813
2.59,1.33,7.764
2.58,1.321,7.666
2.57,1.312,7.666
2.56,1.303,7.617
2.55,1.303,7.617
2.54,1.298,7.52
2.53,1.289,7.52
2.52,1.285,7.52
2.51,1.28,7.373
2.5,1.271,7.373
2.49,1.262,7.324
2.48,1.262,7.324
2.47,1.253,7.227
2.46,1.249,7.275
2.45,1.244,7.178
2.44,1.24,7.178
2.43,1.231,7.08
2.42,1.226,7.08
2.41,1.222,6.982
2.4,1.208,6.982
2.39,1.2,6.885
2.38,1.186,6.885
2.37,1.186,6.836
2.36,1.182,6.787
2.35,1.177,6.738
2.34,1.173,6.689
2.33,1.159,6.641
2.32,1.159,6.592
2.31,1.155,6.592
2.3,1.15,6.494
2.29,1.141,6.494
2.28,1.132,6.494
2.27,1.132,6.494
2.26,1.123,6.445
2.25,1.123,6.396
2.24,1.114,6.348
2.23,1.101,6.299
2.22,1.096,6.25
2.21,1.096,6.201
2.2,1.083,6.201
2.19,1.087,6.152
2.18,1.074,6.104
2.17,1.065,6.104
2.16,1.06,6.055
2.15,1.051,6.006
2.14,1.051,5.957
2.13,1.042,5.957
2.12,1.033,5.859
2.11,1.029,5.859
2.1,1.024,5.811
2.09,1.02,5.811
2.08,1.015,5.713
2.07,1.006,5.664
2.06,1.002,5.664
2.05,0.997,5.664
2.04,0.988,5.615
2.03,0.984,5.518
2.02,0.975,5.518
2.01,0.971,5.518
2,0.966,5.469
1.99,0.962,5.42
1.98,0.953,5.42
1.97,0.948,5.371
1.96,0.939,5.322
1.95,0.935,5.273
1.94,0.926,5.273
1.93,0.926,5.176
1.92,0.912,5.176
1.91,0.903,5.127
1.9,0.903,5.127
1.89,0.894,5.078
1.88,0.89,5.029
1.87,0.885,5.029
1.86,0.881,4.98
1.85,0.867,4.932
1.84,0.867,4.883
1.83,0.854,4.883
1.82,0.849,4.834
1.81,0.849,4.834
1.8,0.84,4.785
1.79,0.836,4.736
1.78,0.827,4.688
1.77,0.818,4.688
1.76,0.813,4.639
1.75,0.804,4.541
1.74,0.8,4.541
1.73,0.791,4.541
1.72,0.791,4.541
1.71,0.782,4.492
1.7,0.782,4.443
1.69,0.773,4.443
1.68,0.764,4.395
1.67,0.76,4.346
1.66,0.755,4.346
1.65,0.746,4.297
1.64,0.742,4.297
1.63,0.742,4.248
1.62,0.728,4.199
1.61,0.728,4.199
1.6,0.71,4.15
1.59,0.71,4.15
1.58,0.706,4.102
1.57,0.697,4.053
1.56,0.692,4.004
1.55,0.688,3.955
1.54,0.683,3.906
1.53,0.674,3.955
1.52,0.661,3.857
1.51,0.661,3.857
1.5,0.652,3.857
1.49,0.652,3.809
1.48,0.643,3.76
1.47,0.643,3.76
1.46,0.629,3.711
1.45,0.62,3.662
1.44,0.616,3.711
1.43,0.616,3.613
1.42,0.602,3.564
1.41,0.598,3.564
1.4,0.589,3.564
1.39,0.589,3.516
1.38,0.58,3.516
1.37,0.575,3.467
1.36,0.571,3.467
1.35,0.557,3.369
1.34,0.553,3.32
1.33,0.548,3.32
1.32,0.544,3.271
1.31,0.535,3.271
1.3,0.531,3.223
1.29,0.522,3.174
1.28,0.517,3.174
1.27,0.508,3.174
1.26,0.499,3.125
1.25,0.499,3.076
1.24,0.495,3.076
1.23,0.498,3.076
1.22,0.489,3.027
1.21,0.489,2.979
1.2,0.483,2.979
1.19,0.48,2.93
1.18,0.477,2.881
1.17,0.474,2.881
1.16,0.468,2.832
1.15,0.465,2.881
1.14,0.462,2.783
1.13,0.453,2.783
1.12,0.45,2.783
1.11,0.448,2.734
1.1,0.442,2.734
1.09,0.442,2.734
1.08,0.436,2.686
1.07,0.433,2.686
1.06,0.427,2.637
1.05,0.424,2.637
1.04,0.415,2.539
1.03,0.418,2.539
1.02,0.412,2.49
1.01,0.412,2.49
1,0.406,2.49
0.99,0.4,2.441
0.98,0.4,2.393
0.97,0.391,2.393
0.96,0.385,2.344
0.95,0.382,2.344
0.94,0.379,2.344
0.93,0.373,2.295
0.92,0.368,2.246
0.91,0.362,2.246
0.9,0.362,2.246
0.89,0.359,2.197
0.88,0.356,2.148
0.87,0.353,2.148
0.86,0.347,2.1
0.85,0.344,2.1
0.84,0.338,2.1
0.83,0.329,2.002
0.82,0.326,2.051
0.81,0.32,1.953
0.8,0.317,1.953
0.79,0.317,1.953
0.78,0.311,1.953
0.77,0.311,1.855
0.76,0.302,1.855
0.75,0.299,1.855
0.74,0.297,1.855
0.73,0.294,1.807
0.72,0.282,1.807
0.71,0.285,1.709
0.7,0.276,1.709
0.69,0.276,1.709
0.68,0.276,1.709
0.67,0.27,1.66
0.66,0.264,1.611
0.65,0.258,1.611
0.64,0.258,1.563
0.63,0.252,1.563
0.62,0.246,1.514
0.61,0.24,1.514
0.6,0.237,1.514
0.59,0.24,1.416
0.58,0.237,1.465
0.57,0.231,1.416
0.56,0.225,1.465
0.55,0.22,1.367
0.54,0.217,1.367
0.53,0.214,1.318
0.52,0.211,1.318
0.51,0.208,1.318
0.5,0.205,1.27
0.49,0.199,1.27
0.48,0.193,1.221
0.47,0.19,1.172
0.46,0.187,1.172
0.45,0.178,1.172
0.44,0.178,1.123
0.43,0.175,1.074
0.42,0.169,1.123
0.41,0.169,1.074
0.4,0.169,1.074
0.39,0.163,1.025
0.38,0.16,1.025
0.37,0.16,1.074
0.36,0.151,1.025
0.35,0.143,0.977
0.34,0.137,0.928
0.33,0.14,0.928
0.32,0.131,0.928
0.31,0.119,0.879
0.3,0.119,0.879
0.29,0.116,0.781
0.28,0.113,0.732
0.27,0.107,0.781
0.26,0.104,0.781
0.25,0.098,0.781
0.24,0.098,0.732
0.23,0.095,0.732
0.22,0.092,0.732
0.21,0.089,0.684
0.2,0.083,0.635
0.19,0.08,0.635
0.18,0.074,0.586
0.17,0.069,0.635
0.16,0.063,0.586
0.15,0.063,0.537
0.14,0.06,0.537
0.13,0.057,0.537
0.12,0.054,0.488
0.11,0.045,0.488
0.1,0.006,0.342
0.09,0.003,0.342
0.08,0.003,0.293
0.07,0,0.342
0.06,0.003,0.293
0.05,0,0.293
0.04,0.003,0.244
0.03,0.003,0.293
0.02,0.003,0.293
0.01,0.003,0.244
0,-0.003,0.244
0,0.003,-0.049
0.01,0.003,-0.049
0.02,0.003,-0.049
0.03,0.003,0
0.04,0.003,-0.049
0.05,0,-0.049
0.06,0.003,0
0.07,0.003,0
0.08,0,0
0.09,0.003,0
0.1,0,-0.049
0.11,0.003,0
0.12,0.003,-0.049
0.13,0,0
0.14,0.003,0
0.15,0.018,-0.049
0.16,0.027,-0.049
0.17,0.027,-0.049
0.18,0.03,0
0.19,0.039,0
0.2,0.042,-0.049
0.21,0.042,0
0.22,0.051,-0.049
0.23,0.051,0.049
0.24,0.057,-0.049
0.25,0.06,0
0.26,0.063,0
0.27,0.069,0
0.28,0.071,0
0.29,0.077,0
0.3,0.077,0.049
0.31,0.086,0.049
0.32,0.089,0
0.33,0.092,0.049
0.34,0.098,0.049
0.35,0.101,0.049
0.36,0.107,0.049
0.37,0.107,0.098
0.38,0.119,0.049
0.39,0.122,0.146
0.4,0.122,0.098
0.41,0.128,0.098
0.42,0.131,0.098
0.43,0.14,0.146
0.44,0.14,0.146
0.45,0.145,0.146
0.46,0.145,0.195
0.47,0.151,0.146
0.48,0.151,0.146
0.49,0.16,0.146
0.5,0.166,0.195
0.51,0.169,0.244
0.52,0.169,0.244
0.53,0.178,0.244
0.54,0.181,0.244
0.55,0.184,0.244
0.56,0.196,0.244
0.57,0.196,0.293
0.58,0.196,0.293
0.59,0.202,0.342
0.6,0.205,0.293
0.61,0.211,0.342
0.62,0.211,0.342
0.63,0.217,0.342
0.64,0.22,0.342
0.65,0.228,0.391
0.66,0.231,0.342
0.67,0.237,0.391
0.68,0.231,0.342
0.69,0.24,0.391
0.7,0.246,0.439
0.71,0.249,0.439
0.72,0.252,0.439
0.73,0.261,0.488
0.74,0.261,0.488
0.75,0.267,0.537
0.76,0.27,0.488
0.77,0.273,0.537
0.78,0.279,0.488
0.79,0.282,0.537
0.8,0.282,0.537
0.81,0.291,0.586
0.82,0.294,0.586
0.83,0.297,0.586
0.84,0.299,0.635
0.85,0.305,0.635
0.86,0.305,0.586
0.87,0.311,0.635
0.88,0.314,0.684
0.89,0.32,0.732
0.9,0.323,0.732
0.91,0.329,0.732
0.92,0.332,0.684
0.93,0.338,0.732
0.94,0.344,0.781
0.95,0.347,0.732
0.96,0.353,0.732
0.97,0.359,0.83
0.98,0.356,0.781
0.99,0.362,0.781
1,0.365,0.83
1.01,0.371,0.83
1.02,0.373,0.83
1.03,0.382,0.879
1.04,0.379,0.879
1.05,0.388,0.879
1.06,0.394,0.879
1.07,0.391,0.928
1.08,0.403,0.928
1.09,0.403,0.928
1.1,0.406,0.977
1.11,0.412,0.977
1.12,0.415,1.025
1.13,0.421,0.977
1.14,0.424,1.025
1.15,0.433,1.025
1.16,0.433,0.977
1.17,0.442,1.074
1.18,0.439,1.074
1.19,0.445,1.123
1.2,0.45,1.172
1.21,0.453,1.123
1.22,0.456,1.172
1.23,0.465,1.172
1.24,0.465,1.172
1.25,0.468,1.221
1.26,0.477,1.221
1.27,0.477,1.221
1.28,0.48,1.221
1.29,0.48,1.27
1.3,0.492,1.318
1.31,0.492,1.318
1.32,0.492,1.27
1.33,0.499,1.318
1.34,0.499,1.318
1.35,0.508,1.367
1.36,0.535,1.465
1.37,0.535,1.465
1.38,0.531,1.465
1.39,0.535,1.416
1.4,0.544,1.465
1.41,0.544,1.465
1.42,0.557,1.563
1.43,0.548,1.514
1.44,0.571,1.514
1.45,0.575,1.563
1.46,0.584,1.563
1.47,0.584,1.611
1.48,0.593,1.611
1.49,0.593,1.611
1.5,0.607,1.66
1.51,0.602,1.66
1.52,0.616,1.66
1.53,0.62,1.66
1.54,0.634,1.709
1.55,0.638,1.709
1.56,0.638,1.758
1.57,0.652,1.807
1.58,0.652,1.807
1.59,0.661,1.807
1.6,0.665,1.807
1.61,0.665,1.807
1.62,0.679,1.855
1.63,0.674,1.855
1.64,0.692,1.855
1.65,0.692,1.904
1.66,0.706,1.953
1.67,0.701,1.904
1.68,0.724,1.953
1.69,0.719,2.002
1.7,0.724,2.002
1.71,0.737,2.051
1.72,0.737,2.051
1.73,0.746,2.051
1.74,0.751,2.1
1.75,0.76,2.1
1.76,0.76,2.1
1.77,0.777,2.148
1.78,0.777,2.148
1.79,0.786,2.148
1.8,0.786,2.197
1.81,0.795,2.197
1.82,0.795,2.246
1.83,0.813,2.246
1.84,0.809,2.295
1.85,0.822,2.295
1.86,0.827,2.295
1.87,0.831,2.344
1.88,0.836,2.344
1.89,0.849,2.344
1.9,0.849,2.393
1.91,0.849,2.393
1.92,0.858,2.393
1.93,0.876,2.49
1.94,0.876,2.49
1.95,0.881,2.49
1.96,0.89,2.539
1.97,0.89,2.539
1.98,0.908,2.588
1.99,0.908,2.588
2,0.908,2.637
2.01,0.921,2.637
2.02,0.93,2.686
2.03,0.93,2.686
2.04,0.944,2.734
2.05,0.944,2.686
2.06,0.944,2.734
2.07,0.962,2.734
2.08,0.957,2.783
2.09,0.971,2.832
2.1,0.971,2.832
2.11,0.98,2.832
2.12,0.984,2.832
2.13,0.993,2.93
2.14,0.997,2.881
2.15,1.006,2.93
2.16,1.006,2.93
2.17,1.015,2.93
2.18,1.02,3.027
2.19,1.029,3.076
2.2,1.029,3.027
2.21,1.047,3.076
2.22,1.047,3.125
2.23,1.056,3.125
2.24,1.056,3.174
2.25,1.065,3.174
2.26,1.074,3.223
2.27,1.078,3.174
2.28,1.083,3.271
2.29,1.087,3.271
2.3,1.096,3.271
2.31,1.096,3.32
2.32,1.114,3.32
2.33,1.114,3.369
2.34,1.123,3.418
2.35,1.119,3.369
2.36,1.137,3.467
2.37,1.141,3.467
2.38,1.146,3.516
2.39,1.155,3.516
2.4,1.173,3.564
2.41,1.168,3.564
2.42,1.168,3.613
2.43,1.177,3.662
2.44,1.182,3.662
2.45,1.2,3.662
2.46,1.204,3.711
2.47,1.208,3.76
2.48,1.213,3.809
2.49,1.217,3.76
2.5,1.226,3.809
2.51,1.226,3.809
2.52,1.235,3.857
2.53,1.244,3.906
2.54,1.244,3.857
2.55,1.258,3.906
2.56,1.258,3.955
2.57,1.271,3.955
2.58,1.267,4.004
2.59,1.28,4.053
2.6,1.285,4.053
2.61,1.289,4.102
2.62,1.294,4.102
2.63,1.312,4.15
2.64,1.303,4.15
2.65,1.312,4.199
2.66,1.316,4.199
2.67,1.33,4.248
2.68,1.33,4.297
2.69,1.339,4.297
2.7,1.343,4.297
2.71,1.352,4.346
2.72,1.366,4.395
2.73,1.361,4.395
2.74,1.379,4.492
2.75,1.379,4.443
2.76,1.375,4.492
2.77,1.393,4.541
2.78,1.388,4.541
2.79,1.406,4.59
2.8,1.411,4.59
2.81,1.411,4.688
2.82,1.424,4.688
2.83,1.42,4.688
2.84,1.437,4.785
2.85,1.437,4.785
2.86,1.451,4.785
2.87,1.451,4.834
2.88,1.455,4.883
2.89,1.455,4.883
2.9,1.473,4.932
2.91,1.473,4.98
2.92,1.473,4.98
2.93,1.496,5.029
2.94,1.491,5.029
2.95,1.5,5.078
2.96,1.5,5.127
2.97,1.518,5.176
2.98,1.514,5.225
2.99,1.518,5.225
3,1.518,5.176
3.01,1.541,5.225
3.02,1.536,5.273
3.03,1.559,5.322
3.04,1.554,5.371
3.05,1.554,5.371
3.06,1.568,5.42
3.07,1.572,5.469
3.08,1.586,5.469
3.09,1.586,5.518
3.1,1.595,5.518
3.11,1.595,5.566
3.12,1.604,5.664
3.13,1.604,5.615
3.14,1.622,5.664
3.15,1.622,5.664
3.16,1.631,5.762
3.17,1.631,5.762
3.18,1.644,5.811
3.19,1.644,5.859
3.2,1.657,5.859
3.21,1.662,5.859
3.22,1.666,5.957
3.23,1.671,5.957
3.24,1.68,6.006
3.25,1.689,6.055
3.26,1.698,6.104
3.27,1.698,6.055
3.28,1.711,6.152
3.29,1.707,6.152
3.3,1.711,6.152
3.31,1.72,6.201
3.32,1.729,6.25
3.33,1.729,6.299
3.34,1.743,6.348
3.35,1.743,6.348
3.36,1.752,6.396
3.37,1.756,6.445
3.38,1.761,6.445
3.39,1.765,6.494
3.4,1.774,6.543
3.41,1.779,6.592
3.42,1.779,6.592
3.43,1.797,6.641
3.44,1.797,6.641
3.45,1.801,6.787
3.46,1.815,6.738
3.47,1.824,6.787
3.48,1.828,6.836
3.49,1.824,6.885
3.5,1.846,6.885
3.51,1.842,6.934
3.52,1.851,6.982
3.53,1.855,7.031
3.54,1.855,7.031
3.55,1.868,7.031
3.56,1.873,7.129
3.57,1.891,7.178
3.58,1.891,7.178
3.59,1.886,7.178
3.6,1.895,7.275
3.61,1.9,7.324
3.62,1.913,7.373
3.63,1.918,7.373
3.64,1.927,7.373
3.65,1.936,7.422
3.66,1.936,7.471
3.67,1.949,7.568
3.68,1.945,7.568
3.69,1.958,7.617
3.7,1.958,7.666
3.71,1.967,7.666
3.72,1.976,7.715
3.73,1.99,7.813
3.74,1.99,7.813
3.75,1.985,7.861
3.76,2.003,7.91
3.77,2.008,7.959
3.78,2.008,7.959
3.79,2.017,8.008
3.8,2.017,8.057
3.81,2.035,8.105
3.82,2.035,8.057
3.83,2.039,8.154
3.84,2.039,8.154
3.85,2.057,8.203
3.86,2.062,8.301
3.87,2.062,8.301
3.88,2.075,8.398
3.89,2.075,8.447
3.9,2.084,8.447
3.91,2.084,8.496
3.92,2.097,8.545
3.93,2.093,8.594
3.94,2.106,8.545
3.95,2.102,8.643
3.96,2.124,8.691
3.97,2.124,8.789
3.98,2.133,8.838
3.99,2.138,8.838
4,2.147,8.887
4.01,2.147,8.936
4.02,2.165,8.984
4.03,2.165,8.984
4.04,2.174,9.033
4.05,2.169,9.082
4.06,2.183,9.18
4.07,2.196,9.18
4.08,2.196,9.229
4.09,2.21,9.277
4.1,2.21,9.326
4.11,2.219,9.375
4.12,2.223,9.375
4.13,2.228,9.375
4.14,2.223,9.473
4.15,2.241,9.473
4.16,2.241,9.57
4.17,2.259,9.619
4.18,2.259,9.717
4.19,2.264,9.717
4.2,2.273,9.814
4.21,2.273,9.814
4.22,2.282,9.912
4.23,2.282,9.863
4.24,2.291,9.961
4.25,2.304,9.961
4.26,2.295,10.059
4.27,2.308,10.107
4.28,2.322,10.156
4.29,2.326,10.156
4.3,2.34,10.254
4.31,2.34,10.303
4.32,2.344,10.352
4.33,2.353,10.4
4.34,2.353,10.4
4.35,2.362,10.498
4.36,2.362,10.449
4.37,2.371,10.498
4.38,2.376,10.547
4.39,2.389,10.645
4.4,2.389,10.693
4.41,2.398,10.742
4.42,2.398,10.742
4.43,2.407,10.84
4.44,2.412,10.889
4.45,2.421,10.938
4.46,2.43,10.986
4.47,2.43,10.986
4.48,2.452,11.133
4.49,2.457,11.182
4.5,2.457,11.182
4.51,2.461,11.23
4.52,2.461,11.328
4.53,2.475,11.377
4.54,2.479,11.377
4.55,2.488,11.426
4.56,2.488,11.475
4.57,2.502,11.475
4.58,2.497,11.572
4.59,2.511,11.67
4.6,2.511,11.719
4.61,2.519,11.719
4.62,2.524,11.816
4.63,2.524,11.816
4.64,2.546,11.865
4.65,2.542,11.963
4.66,2.551,11.963
4.67,2.555,12.012
4.68,2.564,12.109
4.69,2.569,12.207
4.7,2.578,12.207
4.71,2.582,12.305
4.72,2.591,12.354
4.73,2.596,12.402
4.74,2.596,12.402
4.75,2.605,12.549
4.76,2.618,12.549
4.77,2.614,12.598
4.78,2.623,12.598
4.79,2.632,12.695
4.8,2.632,12.695
4.81,2.645,12.793
4.82,2.65,12.891
4.83,2.659,12.939
4.84,2.654,12.939
4.85,2.668,13.037
4.86,2.668,13.086
4.87,2.681,13.184
4.88,2.677,13.184
4.89,2.69,13.232
4.9,2.699,13.379
4.91,2.699,13.428
4.92,2.713,13.477
4.93,2.713,13.477
4.94,2.722,13.525
4.95,2.726,13.574
4.96,2.735,13.672
4.97,2.735,13.721
4.98,2.739,13.77
4.99,2.744,13.818
5,2.757,13.867
5.01,2.757,13.916
5.02,2.775,14.063
5.03,2.771,14.111
5.04,2.771,14.111
5.05,2.798,14.209
5.06,2.798,14.307
5.07,2.793,14.258
5.08,2.811,14.355
5.09,2.811,14.404
5.1,2.816,14.453
5.11,2.838,14.551
5.12,2.834,14.648
5.13,2.838,14.648
5.14,2.838,14.746
5.15,2.852,14.746
5.16,2.852,14.795
5.17,2.87,14.893
5.18,2.865,14.941
5.19,2.874,14.99
5.2,2.879,15.039
5.21,2.883,15.137
5.22,2.888,15.186
5.23,2.897,15.234
5.24,2.897,15.283
5.25,2.915,15.381
5.26,2.915,15.43
5.27,2.924,15.479
5.28,2.924,15.527
5.29,2.928,15.576
5.3,2.942,15.625
5.31,2.942,15.674
5.32,2.955,15.771
5.33,2.955,15.82
5.34,2.968,15.967
5.35,2.973,15.918
5.36,2.982,16.064
5.37,2.982,16.113
5.38,2.986,16.162
5.39,2.995,16.211
5.4,2.995,16.26
5.41,3.009,16.357
5.42,3.009,16.357
5.43,3.031,16.455
5.44,3.027,16.504
5.45,3.027,16.602
5.46,3.04,16.65
5.47,3.04,16.699
5.48,3.049,16.699
5.49,3.049,16.846
5.5,3.058,16.846
5.51,3.063,16.943
5.52,3.072,17.041
5.53,3.076,17.09
5.54,3.09,17.139
5.55,3.09,17.236
5.56,3.099,17.285
5.57,3.108,17.334
5.58,3.112,17.383
5.59,3.117,17.48
5.6,3.126,17.48
5.61,3.126,17.578
5.62,3.139,17.627
5.63,3.148,17.676
5.64,3.153,17.773
5.65,3.157,17.773
5.66,3.166,17.92
5.67,3.171,17.969
5.68,3.175,17.969
5.69,3.184,18.066
5.7,3.184,18.115
5.71,3.197,18.213
5.72,3.197,18.262
5.73,3.206,18.311
5.74,3.211,18.359
5.75,3.215,18.359
5.76,3.229,18.457
5.77,3.229,18.555
5.78,3.242,18.604
5.79,3.242,18.701
5.8,3.251,18.75
5.81,3.251,18.799
5.82,3.265,18.896
5.83,3.265,18.945
5.84,3.283,18.994
5.85,3.283,19.092
5.86,3.287,19.189
5.87,3.283,19.189
5.88,3.305,19.287
5.89,3.301,19.336
5.9,3.314,19.434
5.91,3.31,19.434
5.92,3.323,19.482
5.93,3.323,19.58
5.94,3.341,19.727
5.95,3.346,19.775
5.96,3.355,19.824
5.97,3.35,19.873
5.98,3.364,19.922
5.99,3.368,19.971
6,3.373,20.02
6.01,3.373,20.117
6.02,3.395,20.264
6.03,3.391,20.264
6.04,3.399,20.313
6.05,3.404,20.41
6.06,3.404,20.459
6.07,3.417,20.508
6.08,3.417,20.605
6.09,3.435,20.703
6.1,3.435,20.703
6.11,3.444,20.752
6.12,3.444,20.801
6.13,3.449,20.898
6.14,3.458,20.947
6.15,3.476,21.045
6.16,3.476,21.094
6.17,3.476,21.143
6.18,3.494,21.24
6.19,3.494,21.338
6.2,3.498,21.338
6.21,3.503,21.436
6.22,3.507,21.484
6.23,3.516,21.582
6.24,3.521,21.68
6.25,3.521,21.68
6.26,3.534,21.777
6.27,3.534,21.826
6.28,3.543,21.875
6.29,3.557,21.973
6.3,3.557,22.021
6.31,3.561,22.07
6.32,3.566,22.119
6.33,3.57,22.168
6.34,3.579,22.217
6.35,3.584,22.314
6.36,3.602,22.363
6.37,3.602,22.461
6.38,3.602,22.461
6.39,3.611,22.559
6.4,3.624,22.656
6.41,3.624,22.656
6.42,3.628,22.754
6.43,3.637,22.803
6.44,3.646,22.9
6.45,3.642,22.852
6.46,3.66,22.998
6.47,3.66,23.047
6.48,3.66,23.145
6.49,3.669,23.242
6.5,3.687,23.291
6.51,3.687,23.34
6.52,3.687,23.389
6.53,3.696,23.389
6.54,3.709,23.486
6.55,3.709,23.584
6.56,3.709,23.633
6.57,3.727,23.73
6.58,3.732,23.779
6.59,3.741,23.828
6.6,3.741,23.877
6.61,3.75,23.926
6.62,3.75,24.023
6.63,3.759,24.023
6.64,3.772,24.17
6.65,3.768,24.219
6.66,3.777,24.268
6.67,3.786,24.316
6.68,3.786,24.365
6.69,3.804,24.463
6.7,3.804,24.512
6.71,3.804,24.561
6.72,3.817,24.609
6.73,3.813,24.658
6.74,3.835,24.805
6.75,3.83,24.805
6.76,3.835,24.902
6.77,3.844,24.951
6.78,3.848,25
6.79,3.857,25.049
6.8,3.853,25.146
6.81,3.871,25.195
6.82,3.875,25.244
6.83,3.884,25.342
6.84,3.893,25.391
6.85,3.893,25.439
6.86,3.898,25.439
6.87,3.902,25.586
6.88,3.916,25.635
6.89,3.916,25.635
6.9,3.925,25.732
6.91,3.925,25.781
6.92,3.934,25.879
6.93,3.938,25.928
6.94,3.943,25.977
6.95,3.947,26.025
6.96,3.956,26.074
6.97,3.961,26.123
6.98,3.979,26.172
6.99,3.979,26.27
7,3.983,26.27
7.01,3.992,26.367
7.02,3.992,26.416
7.03,4.006,26.514
7.04,4.01,26.563
7.05,4.015,26.611
7.06,4.024,26.709
7.07,4.028,26.758
7.08,4.037,26.855
7.09,4.037,26.855
7.1,4.042,26.904
7.11,4.046,27.002
7.12,4.059,27.051
7.13,4.068,27.051
7.14,4.073,27.1
7.15,4.077,27.197
7.16,4.086,27.295
7.17,4.086,27.344
7.18,4.1,27.393
7.19,4.109,27.49
7.2,4.113,27.539
7.21,4.118,27.588
7.22,4.118,27.637
7.23,4.127,27.686
7.24,4.136,27.734
7.25,4.14,27.783
7.26,4.14,27.832
7.27,4.149,27.93
7.28,4.158,27.979
7.29,4.167,27.979
7.3,4.176,28.027
7.31,4.172,28.076
7.32,4.19,28.174
7.33,4.19,28.223
7.34,4.199,28.223
7.35,4.199,28.271
7.36,4.203,28.32
7.37,4.212,28.418
7.38,4.212,28.516
7.39,4.23,28.564
7.4,4.226,28.613
7.41,4.239,28.613
7.42,4.235,28.662
7.43,4.248,28.711
7.44,4.248,28.809
7.45,4.266,28.857
7.46,4.266,28.955
7.47,4.275,28.955
7.48,4.284,29.004
7.49,4.284,29.102
7.5,4.293,29.102
7.51,4.288,29.199
7.52,4.311,29.297
7.53,4.311,29.346
7.54,4.311,29.346
7.55,4.324,29.395
7.56,4.32,29.443
7.57,4.329,29.541
7.58,4.338,29.541
7.59,4.347,29.59
7.6,4.347,29.639
7.61,4.36,29.736
7.62,4.365,29.785
7.63,4.374,29.834
7.64,4.378,29.883
7.65,4.387,29.932
7.66,4.387,29.98
7.67,4.392,30.029
7.68,4.405,30.078
7.69,4.41,30.127
7.7,4.419,30.176
7.71,4.419,30.225
7.72,4.428,30.225
7.73,4.428,30.322
7.74,4.437,30.371
7.75,4.446,30.42
7.76,4.45,30.469
7.77,4.459,30.518
7.78,4.464,30.615
7.79,4.473,30.664
7.8,4.473,30.664
7.81,4.477,30.762
7.82,4.49,30.762
7.83,4.49,30.811
7.84,4.504,30.908
7.85,4.499,30.859
7.86,4.513,30.957
7.87,4.517,31.006
7.88,4.526,31.104
7.89,4.526,31.104
7.9,4.535,31.152
7.91,4.544,31.201
7.92,4.549,31.201
7.93,4.558,31.25
7.94,4.558,31.348
7.95,4.571,31.396
7.96,4.567,31.396
7.97,4.58,31.445
7.98,4.576,31.543
7.99,4.589,31.592
8,4.594,31.641
8.01,4.603,31.641
8.02,4.603,31.689
8.03,4.612,31.738
8.04,4.616,31.836
8.05,4.621,31.836
8.06,4.63,31.934
8.07,4.634,31.982
8.08,4.643,32.031
8.09,4.643,32.08
8.1,4.661,32.129
8.11,4.657,32.129
8.12,4.666,32.178
8.13,4.67,32.227
8.14,4.679,32.275
8.15,4.684,32.275
8.16,4.688,32.324
8.17,4.697,32.422
8.18,4.706,32.422
8.19,4.706,32.471
8.2,4.71,32.52
8.21,4.719,32.568
8.22,4.724,32.617
8.23,4.742,32.715
8.24,4.742,32.715
8.25,4.746,32.764
8.26,4.751,32.813
8.27,4.751,32.813
8.28,4.764,32.861
8.29,4.764,32.959
8.3,4.769,32.959
8.31,4.778,33.008
8.32,4.782,33.057
8.33,4.782,33.057
8.34,4.782,33.057
8.35,4.782,33.105
8.36,4.778,33.057
8.37,4.787,33.105
8.38,4.782,33.105
8.39,4.782,33.105
8.4,4.778,33.154
8.41,4.782,33.154
8.42,4.782,33.154
8.43,4.782,33.154
8.44,4.778,33.154
8.45,4.778,33.154
8.46,4.778,33.203
8.47,4.778,33.203
8.48,4.778,33.252
8.49,4.778,33.252
8.5,4.778,33.252
8.51,4.778,33.301
8.52,4.778,33.252
8.53,4.778,33.252
8.54,4.778,33.252
8.55,4.778,33.301
8.56,4.778,33.301
8.57,4.778,33.301
8.58,4.773,33.301
8.59,4.778,33.35
8.6,4.773,33.301
8.61,4.782,33.35
8.62,4.778,33.301
8.63,4.778,33.35
8.64,4.773,33.35
8.65,4.778,33.35
8.66,4.782,33.35
8.67,4.782,33.398
8.68,4.778,33.35
8.69,4.778,33.35
8.7,4.769,33.398
8.71,4.773,33.398
8.72,4.769,33.398
8.73,4.773,33.398
8.74,4.773,33.398
8.75,4.773,33.398
8.76,4.769,33.398
8.77,4.773,33.447
8.78,4.773,33.447
8.79,4.773,33.398
8.8,4.773,33.398
8.81,4.769,33.398
8.82,4.769,33.447
8.83,4.773,33.398
8.84,4.769,33.496
8.85,4.773,33.496
8.86,4.764,33.447
8.87,4.769,33.447
8.88,4.764,33.496
8.89,4.764,33.496
8.9,4.769,33.496
8.91,4.764,33.496
8.92,4.769,33.496
8.93,4.769,33.496
8.94,4.773,33.496
8.95,4.764,33.496
8.96,4.769,33.447
8.97,4.773,33.496
8.98,4.769,33.545
8.99,4.764,33.545
9,4.773,33.496
9.01,4.773,33.545
9.02,4.769,33.545
9.03,4.769,33.545
9.04,4.764,33.545
9.05,4.764,33.545
9.06,4.769,33.545
9.07,4.769,33.545
9.08,4.764,33.545
9.09,4.764,33.545
9.1,4.769,33.545
9.11,4.769,33.594
9.12,4.769,33.545
9.13,4.764,33.594
9.14,4.769,33.594
9.15,4.764,33.594
9.16,4.769,33.545
9.17,4.76,33.594
9.18,4.76,33.594
9.19,4.769,33.594
9.2,4.764,33.594
9.21,4.769,33.594
9.22,4.769,33.643
9.23,4.769,33.594
9.24,4.769,33.643
9.25,4.769,33.594
9.26,4.769,33.594
9.27,4.764,33.594
9.28,4.76,33.643
9.29,4.76,33.643
9.3,4.764,33.594
9.31,4.764,33.594
9.32,4.764,33.643
9.33,4.764,33.643
9.34,4.764,33.691
9.35,4.764,33.594
9.36,4.764,33.643
9.37,4.76,33.691
9.38,4.764,33.691
9.39,4.76,33.691
9.4,4.76,33.643
9.41,4.764,33.691
9.42,4.76,33.643
9.43,4.764,33.643
9.44,4.764,33.643
9.45,4.76,33.691
9.46,4.76,33.691
9.47,4.764,33.691
9.48,4.76,33.691
9.49,4.76,33.691
9.5,4.76,33.643
9.51,4.76,33.691
9.52,4.76,33.691
9.53,4.76,33.691
9.54,4.755,33.691
9.55,4.755,33.691
9.56,4.755,33.691
9.57,4.755,33.691
9.58,4.755,33.691
9.59,4.76,33.74
9.6,4.755,33.643
9.61,4.755,33.74
9.62,4.76,33.74
9.63,4.76,33.74
9.64,4.76,33.691
9.65,4.755,33.74
9.66,4.755,33.691
9.67,4.76,33.691
9.68,4.76,33.74
9.69,4.755,33.74
9.7,4.76,33.74
9.71,4.755,33.74
9.72,4.751,33.74
9.73,4.755,33.74
9.74,4.751,33.74
9.75,4.746,33.74
9.76,4.751,33.74
9.77,4.755,33.74
9.78,4.751,33.74
9.79,4.751,33.789
9.8,4.751,33.74
9.81,4.751,33.74
9.82,4.751,33.74
9.83,4.755,33.789
9.84,4.755,33.74
9.85,4.751,33.789
9.86,4.751,33.74
9.87,4.751,33.789
9.88,4.751,33.789
9.89,4.751,33.74
9.9,4.751,33.789
9.91,4.755,33.789
9.92,4.746,33.789
9.93,4.746,33.789
9.94,4.755,33.789
9.95,4.751,33.789
9.96,4.746,33.789
9.97,4.746,33.74
9.98,4.746,33.789
9.99,4.746,33.838
10,4.746,33.789
10.01,4.751,33.838
10,4.746,33.838
9.99,4.746,33.789
9.98,4.746,33.789
9.97,4.746,33.789
9.96,4.751,33.838
9.95,4.751,33.789
9.94,4.751,33.789
9.93,4.746,33.838
9.92,4.746,33.789
9.91,4.746,33.789
9.9,4.751,33.789
9.89,4.746,33.789
9.88,4.746,33.789
9.87,4.751,33.789
9.86,4.746,33.838
9.85,4.746,33.838
9.84,4.746,33.789
9.83,4.746,33.789
9.82,4.742,33.838
9.81,4.742,33.789
9.8,4.742,33.838
9.79,4.742,33.789
9.78,4.742,33.838
9.77,4.742,33.887
9.76,4.742,33.838
9.75,4.746,33.789
9.74,4.742,33.789
9.73,4.746,33.887
9.72,4.742,33.887
9.71,4.737,33.838
9.7,4.742,33.838
9.69,4.737,33.838
9.68,4.742,33.838
9.67,4.742,33.838
9.66,4.737,33.887
9.65,4.746,33.838
9.64,4.742,33.789
9.63,4.742,33.887
9.62,4.742,33.838
9.61,4.742,33.838
9.6,4.742,33.887
9.59,4.737,33.838
9.58,4.737,33.887
9.57,4.733,33.838
9.56,4.742,33.838
9.55,4.737,33.887
9.54,4.737,33.838
9.53,4.737,33.887
9.52,4.737,33.838
9.51,4.737,33.887
9.5,4.737,33.887
9.49,4.737,33.887
9.48,4.737,33.838
9.47,4.733,33.887
9.46,4.737,33.838
9.45,4.737,33.887
9.44,4.733,33.887
9.43,4.737,33.838
9.42,4.737,33.838
9.41,4.737,33.887
9.4,4.737,33.887
9.39,4.737,33.936
9.38,4.728,33.887
9.37,4.737,33.887
9.36,4.737,33.887
9.35,4.733,33.887
9.34,4.733,33.887
9.33,4.733,33.887
9.32,4.733,33.887
9.31,4.733,33.936
9.3,4.728,33.887
9.29,4.733,33.936
9.28,4.733,33.887
9.27,4.733,33.887
9.26,4.733,33.936
9.25,4.728,33.887
9.24,4.733,33.887
9.23,4.737,33.936
9.22,4.733,33.887
9.21,4.733,33.887
9.2,4.728,33.887
9.19,4.733,33.936
9.18,4.728,33.887
9.17,4.728,33.887
9.16,4.733,33.936
9.15,4.728,33.936
9.14,4.728,33.936
9.13,4.724,33.887
9.12,4.728,33.936
9.11,4.728,33.936
9.1,4.724,33.936
9.09,4.724,33.936
9.08,4.728,33.936
9.07,4.728,33.936
9.06,4.728,33.936
9.05,4.728,33.936
9.04,4.728,33.936
9.03,4.724,33.887
9.02,4.724,33.887
9.01,4.724,33.936
9,4.724,33.936
8.99,4.728,33.984
8.98,4.724,33.936
8.97,4.728,33.887
8.96,4.724,33.984
8.95,4.724,33.936
8.94,4.728,33.936
8.93,4.728,33.936
8.92,4.728,33.984
8.91,4.719,33.936
8.9,4.724,33.936
8.89,4.724,33.936
8.88,4.719,33.936
8.87,4.719,33.984
8.86,4.724,33.936
8.85,4.724,33.936
8.84,4.719,33.936
8.83,4.724,33.936
8.82,4.724,33.984
8.81,4.728,33.936
8.8,4.724,33.984
8.79,4.719,33.984
8.78,4.724,33.936
8.77,4.724,33.984
8.76,4.719,33.936
8.75,4.724,33.984
8.74,4.724,33.936
8.73,4.719,33.936
8.72,4.715,33.984
8.71,4.719,33.936
8.7,4.715,33.936
8.69,4.715,33.936
8.68,4.724,33.984
8.67,4.715,33.984
8.66,4.715,33.936
8.65,4.719,33.936
8.64,4.719,33.936
8.63,4.715,33.984
8.62,4.719,33.936
8.61,4.715,33.984
8.6,4.715,33.936
8.59,4.715,33.936
8.58,4.715,33.984
8.57,4.719,33.984
8.56,4.715,33.984
8.55,4.719,33.984
8.54,4.715,33.984
8.53,4.715,33.984
8.52,4.71,33.936
8.51,4.71,33.936
8.5,4.71,33.984
8.49,4.71,33.984
8.48,4.71,33.984
8.47,4.71,33.984
8.46,4.71,33.984
8.45,4.715,33.984
8.44,4.71,33.984
8.43,4.71,33.984
8.42,4.715,33.984
8.41,4.715,33.984
8.4,4.71,33.984
8.39,4.71,33.984
8.38,4.715,33.984
8.37,4.71,33.984
8.36,4.71,33.984
8.35,4.71,33.984
8.34,4.715,33.984
8.33,4.71,33.984
8.32,4.71,33.984
8.31,4.71,34.033
8.3,4.715,34.033
8.29,4.706,33.984
8.28,4.706,33.984
8.27,4.71,33.984
8.26,4.71,33.984
8.25,4.71,33.984
8.24,4.71,33.984
8.23,4.71,34.033
8.22,4.702,33.984
8.21,4.71,33.984
8.2,4.706,33.984
8.19,4.706,33.984
8.18,4.706,33.984
8.17,4.71,34.033
8.16,4.706,34.033
8.15,4.71,33.984
8.14,4.706,33.936
8.13,4.706,34.033
8.12,4.706,33.984
8.11,4.706,34.033
8.1,4.71,33.984
8.09,4.71,34.033
8.08,4.697,34.033
8.07,4.697,33.984
8.06,4.688,33.984
8.05,4.684,34.033
8.04,4.679,33.984
8.03,4.675,33.984
8.02,4.657,33.984
8.01,4.661,34.033
8,4.652,33.984
7.99,4.643,33.984
7.98,4.639,33.984
7.97,4.639,34.033
7.96,4.625,33.984
7.95,4.625,33.984
7.94,4.607,33.984
7.93,4.607,33.936
7.92,4.603,33.887
7.91,4.598,33.887
7.9,4.594,33.887
7.89,4.585,33.838
7.88,4.58,33.838
7.87,4.571,33.838
7.86,4.567,33.789
7.85,4.562,33.789
7.84,4.558,33.74
7.83,4.549,33.74
7.82,4.544,33.691
7.81,4.531,33.691
7.8,4.535,33.643
7.79,4.522,33.594
7.78,4.517,33.545
7.77,4.513,33.545
7.76,4.508,33.496
7.75,4.499,33.496
7.74,4.499,33.545
7.73,4.486,33.447
7.72,4.486,33.447
7.71,4.473,33.447
7.7,4.473,33.398
7.69,4.464,33.398
7.68,4.455,33.35
7.67,4.446,33.301
7.66,4.45,33.301
7.65,4.437,33.301
7.64,4.441,33.252
7.63,4.423,33.203
7.62,4.419,33.203
7.61,4.414,33.154
7.6,4.41,33.105
7.59,4.401,33.057
7.58,4.392,33.057
7.57,4.387,33.057
7.56,4.383,33.008
7.55,4.378,32.959
7.54,4.374,32.959
7.53,4.365,32.91
7.52,4.351,32.861
7.51,4.351,32.861
7.5,4.347,32.861
7.49,4.338,32.764
7.48,4.338,32.764
7.47,4.329,32.764
7.46,4.324,32.715
7.45,4.315,32.666
7.44,4.315,32.666
7.43,4.302,32.666
7.42,4.302,32.568
7.41,4.288,32.568
7.4,4.288,32.52
7.39,4.279,32.52
7.38,4.275,32.471
7.37,4.262,32.422
7.36,4.262,32.422
7.35,4.253,32.373
7.34,4.248,32.324
7.33,4.239,32.324
7.32,4.239,32.275
7.31,4.226,32.275
7.3,4.23,32.227
7.29,4.217,32.178
7.28,4.217,32.178
7.27,4.203,32.08
7.26,4.203,32.031
7.25,4.199,32.031
7.24,4.185,32.031
7.23,4.176,31.982
7.22,4.181,31.934
7.21,4.172,31.836
7.2,4.167,31.885
7.19,4.158,31.836
7.18,4.149,31.787
7.17,4.145,31.738
7.16,4.131,31.787
7.15,4.136,31.689
7.14,4.122,31.689
7.13,4.122,31.641
7.12,4.109,31.543
7.11,4.109,31.592
7.1,4.1,31.543
7.09,4.1,31.494
7.08,4.091,31.445
7.07,4.086,31.445
7.06,4.073,31.348
7.05,4.073,31.348
7.04,4.064,31.25
7.03,4.059,31.299
7.02,4.046,31.25
7.01,4.046,31.25
7,4.042,31.201
6.99,4.033,31.152
6.98,4.024,31.104
6.97,4.024,31.055
6.96,4.01,31.006
6.95,4.001,30.957
6.94,3.997,30.908
6.93,3.992,30.908
6.92,3.992,30.859
6.91,3.988,30.811
6.9,3.979,30.811
6.89,3.965,30.811
6.88,3.965,30.762
6.87,3.952,30.664
6.86,3.952,30.664
6.85,3.943,30.566
6.84,3.943,30.615
6.83,3.934,30.518
6.82,3.929,30.518
6.81,3.92,30.469
6.8,3.916,30.469
6.79,3.907,30.42
6.78,3.916,30.371
6.77,3.893,30.322
6.76,3.889,30.322
6.75,3.88,30.225
6.74,3.875,30.176
6.73,3.866,30.176
6.72,3.866,30.127
6.71,3.857,30.078
6.7,3.853,30.029
6.69,3.844,29.98
6.68,3.835,29.932
6.67,3.835,29.883
6.66,3.826,29.834
6.65,3.826,29.834
6.64,3.813,29.785
6.63,3.808,29.736
6.62,3.804,29.736
6.61,3.804,29.639
6.6,3.795,29.639
6.59,3.79,29.59
6.58,3.777,29.541
6.57,3.777,29.492
6.56,3.768,29.443
6.55,3.759,29.443
6.54,3.754,29.346
6.53,3.754,29.346
6.52,3.741,29.297
6.51,3.741,29.297
6.5,3.723,29.199
6.49,3.723,29.199
6.48,3.709,29.102
6.47,3.714,29.102
6.46,3.705,29.053
6.45,3.709,29.053
6.44,3.691,28.955
6.43,3.687,28.906
6.42,3.678,28.857
6.41,3.673,28.857
6.4,3.664,28.76
6.39,3.669,28.711
6.38,3.655,28.662
6.37,3.66,28.662
6.36,3.646,28.564
6.35,3.633,28.516
6.34,3.633,28.516
6.33,3.619,28.418
6.32,3.619,28.418
6.31,3.615,28.32
6.3,3.606,28.271
6.29,3.597,28.223
6.28,3.602,28.223
6.27,3.593,28.174
6.26,3.584,28.125
6.25,3.575,28.076
6.24,3.566,28.027
6.23,3.566,28.027
6.22,3.557,27.93
6.21,3.552,27.881
6.2,3.543,27.832
6.19,3.539,27.832
6.18,3.53,27.734
6.17,3.525,27.686
6.16,3.525,27.637
6.15,3.521,27.588
6.14,3.507,27.588
6.13,3.507,27.49
6.12,3.498,27.49
6.11,3.494,27.393
6.1,3.485,27.344
6.09,3.48,27.344
6.08,3.476,27.246
6.07,3.471,27.197
6.06,3.462,27.197
6.05,3.453,27.148
6.04,3.444,27.1
6.03,3.444,27.002
6.02,3.44,26.953
6.01,3.431,26.953
6,3.431,26.904
5.99,3.413,26.855
5.98,3.408,26.807
5.97,3.408,26.758
5.96,3.404,26.709
5.95,3.399,26.66
5.94,3.386,26.611
5.93,3.377,26.514
5.92,3.368,26.465
5.91,3.373,26.416
5.9,3.364,26.367
5.89,3.359,26.367
5.88,3.346,26.27
5.87,3.341,26.221
5.86,3.337,26.123
5.85,3.328,26.123
5.84,3.328,26.025
5.83,3.319,26.025
5.82,3.319,25.928
5.81,3.31,25.879
5.8,3.305,25.879
5.79,3.296,25.83
5.78,3.287,25.83
5.77,3.283,25.732
5.76,3.278,25.684
5.75,3.274,25.635
5.74,3.265,25.586
5.73,3.26,25.537
5.72,3.247,25.439
5.71,3.247,25.391
5.7,3.238,25.293
5.69,3.233,25.244
5.68,3.229,25.195
5.67,3.22,25.146
5.66,3.215,25.146
5.65,3.211,25.098
5.64,3.206,25.049
5.63,3.197,25
5.62,3.188,24.951
5.61,3.184,24.902
5.6,3.175,24.805
5.59,3.171,24.756
5.58,3.166,24.756
5.57,3.166,24.658
5.56,3.153,24.609
5.55,3.148,24.561
5.54,3.144,24.512
5.53,3.139,24.463
5.52,3.13,24.414
5.51,3.121,24.316
5.5,3.117,24.316
5.49,3.112,24.268
5.48,3.108,24.219
5.47,3.09,24.121
5.46,3.09,24.023
5.45,3.081,24.023
5.44,3.076,23.926
5.43,3.076,23.926
5.42,3.058,23.877
5.41,3.063,23.779
5.4,3.054,23.682
5.39,3.049,23.633
5.38,3.04,23.584
5.37,3.027,23.535
5.36,3.031,23.486
5.35,3.022,23.389
5.34,3.013,23.34
5.33,3.009,23.291
5.32,3.004,23.242
5.31,2.995,23.145
5.3,2.991,23.145
5.29,2.986,23.096
5.28,2.982,23.047
5.27,2.973,22.949
5.26,2.968,22.9
5.25,2.955,22.852
5.24,2.951,22.754
5.23,2.946,22.705
5.22,2.942,22.705
5.21,2.933,22.607
5.2,2.928,22.559
5.19,2.924,22.51
5.18,2.919,22.461
5.17,2.919,22.363
5.16,2.901,22.314
5.15,2.901,22.266
5.14,2.897,22.168
5.13,2.888,22.168
5.12,2.888,22.07
5.11,2.883,22.021
5.1,2.865,21.973
5.09,2.861,21.875
5.08,2.861,21.826
5.07,2.847,21.777
5.06,2.843,21.777
5.05,2.843,21.68
5.04,2.829,21.631
5.03,2.82,21.582
5.02,2.82,21.533
5.01,2.816,21.387
5,2.811,21.387
4.99,2.802,21.289
4.98,2.798,21.24
4.97,2.789,21.24
4.96,2.789,21.094
4.95,2.78,21.045
4.94,2.766,20.996
4.93,2.762,20.947
4.92,2.757,20.898
4.91,2.748,20.801
4.9,2.739,20.752
4.89,2.735,20.703
4.88,2.735,20.654
4.87,2.726,20.605
4.86,2.722,20.459
4.85,2.713,20.41
4.84,2.708,20.41
4.83,2.699,20.313
4.82,2.695,20.215
4.81,2.69,20.166
4.8,2.681,20.166
4.79,2.681,20.068
4.78,2.672,20.02
4.77,2.663,19.922
4.76,2.659,19.873
4.75,2.65,19.824
4.74,2.65,19.727
4.73,2.641,19.678
4.72,2.636,19.629
4.71,2.632,19.58
4.7,2.632,19.482
4.69,2.618,19.434
4.68,2.609,19.385
4.67,2.605,19.287
4.66,2.6,19.238
4.65,2.591,19.141
4.64,2.582,19.092
4.63,2.582,19.043
4.62,2.578,18.994
4.61,2.573,18.945
4.6,2.564,18.896
4.59,2.551,18.75
4.58,2.546,18.75
4.57,2.546,18.652
4.56,2.542,18.604
4.55,2.533,18.506
4.54,2.528,18.457
4.53,2.524,18.457
4.52,2.515,18.359
4.51,2.511,18.311
4.5,2.502,18.262
4.49,2.502,18.213
4.48,2.493,18.164
4.47,2.488,18.115
4.46,2.479,18.018
4.45,2.47,17.969
4.44,2.461,17.871
4.43,2.457,17.822
4.42,2.448,17.773
4.41,2.443,17.725
4.4,2.439,17.627
4.39,2.43,17.578
4.38,2.43,17.578
4.37,2.425,17.48
4.36,2.412,17.432
4.35,2.412,17.334
4.34,2.403,17.285
4.33,2.398,17.236
4.32,2.389,17.139
4.31,2.394,17.09
4.3,2.38,17.041
4.29,2.376,16.992
4.28,2.367,16.895
4.27,2.358,16.797
4.26,2.353,16.748
4.25,2.349,16.699
4.24,2.344,16.65
4.23,2.34,16.602
4.22,2.331,16.504
4.21,2.317,16.455
4.2,2.317,16.357
4.19,2.317,16.309
4.18,2.308,16.309
4.17,2.295,16.211
4.16,2.291,16.113
4.15,2.286,16.113
4.14,2.282,16.016
4.13,2.277,15.967
4.12,2.268,15.918
4.11,2.264,15.82
4.1,2.259,15.771
4.09,2.25,15.674
4.08,2.246,15.674
4.07,2.241,15.625
4.06,2.228,15.479
4.05,2.228,15.43
4.04,2.214,15.43
4.03,2.21,15.283
4.02,2.205,15.283
4.01,2.205,15.186
4,2.196,15.186
3.99,2.192,15.088
3.98,2.187,15.039
3.97,2.178,14.99
3.96,2.178,14.941
3.95,2.169,14.893
3.94,2.156,14.795
3.93,2.156,14.697
3.92,2.138,14.697
3.91,2.133,14.648
3.9,2.133,14.6
3.89,2.124,14.502
3.88,2.12,14.453
3.87,2.115,14.404
3.86,2.111,14.355
3.85,2.102,14.16
3.84,2.088,14.16
3.83,2.084,14.16
3.82,2.079,14.063
3.81,2.075,13.965
3.8,2.075,13.965
3.79,2.066,13.916
3.78,2.057,13.818
3.77,2.053,13.77
3.76,2.048,13.672
3.75,2.039,13.672
3.74,2.035,13.574
3.73,2.035,13.623
3.72,2.021,13.477
3.71,2.017,13.428
3.7,2.012,13.379
3.69,2.008,13.33
3.68,2.003,13.281
3.67,1.994,13.184
3.66,1.985,13.086
3.65,1.985,13.086
3.64,1.972,13.037
3.63,1.967,12.988
3.62,1.963,12.891
3.61,1.954,12.793
3.6,1.94,12.744
3.59,1.945,12.695
3.58,1.936,12.646
3.57,1.931,12.646
3.56,1.927,12.549
3.55,1.918,12.549
3.54,1.913,12.451
3.53,1.904,12.354
3.52,1.9,12.354
3.51,1.895,12.305
3.5,1.891,12.256
3.49,1.882,12.207
3.48,1.877,12.158
3.47,1.877,12.109
3.46,1.873,12.061
3.45,1.859,12.012
3.44,1.851,11.963
3.43,1.842,11.963
3.42,1.842,11.816
3.41,1.833,11.768
3.4,1.824,11.768
3.39,1.815,11.719
3.38,1.815,11.621
3.37,1.806,11.572
3.36,1.801,11.523
3.35,1.792,11.475
3.34,1.788,11.426
3.33,1.779,11.426
3.32,1.779,11.328
3.31,1.77,11.23
3.3,1.761,11.23
3.29,1.756,11.182
3.28,1.752,11.084
3.27,1.743,11.035
3.26,1.738,10.986
3.25,1.734,10.986
3.24,1.729,10.889
3.23,1.72,10.84
3.22,1.716,10.791
3.21,1.711,10.742
3.2,1.707,10.693
3.19,1.698,10.645
3.18,1.689,10.547
3.17,1.684,10.547
3.16,1.68,10.498
3.15,1.68,10.449
3.14,1.662,10.4
3.13,1.662,10.352
3.12,1.657,10.303
3.11,1.648,10.254
3.1,1.644,10.156
3.09,1.64,10.156
3.08,1.631,10.107
3.07,1.631,10.107
3.06,1.617,10.01
3.05,1.613,9.961
3.04,1.608,9.912
3.03,1.608,9.863
3.02,1.599,9.814
3.01,1.586,9.717
3,1.581,9.717
2.99,1.577,9.668
2.98,1.572,9.619
2.97,1.568,9.57
2.96,1.559,9.57
2.95,1.55,9.473
2.94,1.545,9.424
2.93,1.536,9.375
2.92,1.541,9.326
2.91,1.532,9.326
2.9,1.523,9.277
2.89,1.523,9.229
2.88,1.509,9.229
2.87,1.5,9.131
2.86,1.496,9.082
2.85,1.487,9.082
2.84,1.482,8.936
2.83,1.478,8.936
2.82,1.478,8.936
2.81,1.464,8.838
2.8,1.455,8.838
2.79,1.451,8.74
2.78,1.451,8.74
2.77,1.442,8.691
2.76,1.433,8.594
2.75,1.428,8.594
2.74,1.424,8.594
2.73,1.42,8.496
2.72,1.411,8.447
2.71,1.406,8.496
2.7,1.402,8.398
2.69,1.397,8.35
2.68,1.388,8.35
2.67,1.384,8.252
2.66,1.375,8.252
2.65,1.366,8.154
2.64,1.366,8.154
2.63,1.361,8.057
2.62,1.343,8.008
2.61,1.339,7.959
2.6,1.334,7.959
2.59,1.334,7.91
2.58,1.33,7.861
2.57,1.321,7.813
2.56,1.316,7.813
2.55,1.307,7.764
2.54,1.298,7.715
2.53,1.298,7.715
2.52,1.28,7.617
2.51,1.285,7.617
2.5,1.28,7.568
2.49,1.276,7.52
2.48,1.267,7.52
2.47,1.262,7.471
2.46,1.258,7.422
2.45,1.244,7.373
2.44,1.244,7.324
2.43,1.231,7.324
2.42,1.226,7.275
2.41,1.222,7.227
2.4,1.217,7.227
2.39,1.208,7.129
2.38,1.208,7.129
2.37,1.2,7.08
2.36,1.191,6.982
2.35,1.182,6.934
2.34,1.177,6.934
2.33,1.173,6.934
2.32,1.168,6.885
2.31,1.155,6.836
2.3,1.15,6.787
2.29,1.15,6.787
2.28,1.137,6.738
2.27,1.132,6.689
2.26,1.128,6.689
2.25,1.119,6.592
2.24,1.119,6.543
2.23,1.114,6.543
2.22,1.105,6.543
2.21,1.096,6.445
2.2,1.092,6.396
2.19,1.087,6.348
2.18,1.078,6.348
2.17,1.074,6.348
2.16,1.069,6.299
2.15,1.06,6.201
2.14,1.056,6.201
2.13,1.056,6.201
2.12,1.042,6.152
2.11,1.038,6.104
2.1,1.029,6.104
2.09,1.02,6.055
2.08,1.015,6.006
2.07,1.015,6.006
2.06,1.006,5.957
2.05,1.002,5.908
2.04,0.997,5.859
2.03,0.993,5.811
2.02,0.984,5.811
2.01,0.975,5.811
2,0.971,5.762
1.99,0.966,5.713
1.98,0.957,5.713
1.97,0.948,5.664
1.96,0.944,5.566
1.95,0.935,5.615
1.94,0.93,5.518
1.93,0.926,5.469
1.92,0.926,5.469
1.91,0.908,5.469
1.9,0.903,5.42
1.89,0.903,5.371
1.88,0.899,5.322
1.87,0.89,5.322
1.86,0.881,5.225
1.85,0.872,5.273
1.84,0.867,5.176
1.83,0.863,5.225
1.82,0.858,5.176
1.81,0.854,5.176
1.8,0.845,5.127
1.79,0.84,5.078
1.78,0.836,5.029
1.77,0.822,5.029
1.76,0.818,4.932
1.75,0.813,4.98
1.74,0.809,4.883
1.73,0.804,4.883
1.72,0.795,4.834
1.71,0.791,4.834
1.7,0.777,4.834
1.69,0.773,4.785
1.68,0.768,4.736
1.67,0.764,4.688
1.66,0.76,4.688
1.65,0.76,4.639
1.64,0.746,4.639
1.63,0.737,4.59
1.62,0.733,4.541
1.61,0.728,4.541
1.6,0.724,4.492
1.59,0.715,4.492
1.58,0.706,4.395
1.57,0.706,4.443
1.56,0.697,4.395
1.55,0.692,4.346
1.54,0.679,4.297
1.53,0.679,4.248
1.52,0.674,4.248
1.51,0.665,4.248
1.5,0.661,4.248
1.49,0.656,4.15
1.48,0.647,4.199
1.47,0.638,4.15
1.46,0.634,4.102
1.45,0.634,4.053
1.44,0.62,4.004
1.43,0.616,4.004
1.42,0.611,4.004
1.41,0.598,3.955
1.4,0.598,3.906
1.39,0.593,3.906
1.38,0.584,3.857
1.37,0.584,3.809
1.36,0.571,3.809
1.35,0.571,3.809
1.34,0.557,3.76
1.33,0.553,3.711
1.32,0.548,3.711
1.31,0.54,3.613
1.3,0.531,3.613
1.29,0.531,3.613
1.28,0.517,3.613
1.27,0.513,3.516
1.26,0.513,3.516
1.25,0.504,3.516
1.24,0.495,3.516
1.23,0.495,3.467
1.22,0.498,3.418
1.21,0.489,3.369
1.2,0.486,3.369
1.19,0.483,3.32
1.18,0.483,3.369
1.17,0.48,3.32
1.16,0.471,3.271
1.15,0.468,3.223
1.14,0.459,3.271
1.13,0.456,3.223
1.12,0.453,3.125
1.11,0.453,3.174
1.1,0.45,3.125
1.09,0.445,3.125
1.08,0.439,3.076
1.07,0.439,3.076
1.06,0.427,3.027
1.05,0.427,2.979
1.04,0.424,2.979
1.03,0.418,2.979
1.02,0.418,2.93
1.01,0.412,2.93
1,0.409,2.881
0.99,0.403,2.881
0.98,0.4,2.832
0.97,0.397,2.832
0.96,0.388,2.783
0.95,0.385,2.783
0.94,0.385,2.734
0.93,0.376,2.734
0.92,0.373,2.734
0.91,0.371,2.637
0.9,0.365,2.637
0.89,0.362,2.637
0.88,0.356,2.588
0.87,0.356,2.588
0.86,0.353,2.539
0.85,0.347,2.539
0.84,0.344,2.539
0.83,0.338,2.49
0.82,0.335,2.49
0.81,0.326,2.441
0.8,0.326,2.393
0.79,0.323,2.441
0.78,0.317,2.441
0.77,0.314,2.344
0.76,0.305,2.344
0.75,0.302,2.295
0.74,0.299,2.295
0.73,0.297,2.246
0.72,0.294,2.246
0.71,0.288,2.246
0.7,0.285,2.197
0.69,0.282,2.1
0.68,0.276,2.1
0.67,0.273,2.148
0.66,0.264,2.051
0.65,0.261,2.051
0.64,0.258,2.051
0.63,0.255,2.051
0.62,0.252,2.002
0.61,0.249,2.002
0.6,0.246,2.002
0.59,0.24,1.953
0.58,0.234,1.953
0.57,0.231,1.904
0.56,0.225,1.855
0.55,0.222,1.855
0.54,0.22,1.807
0.53,0.217,1.807
0.52,0.217,1.807
0.51,0.208,1.758
0.5,0.205,1.758
0.49,0.199,1.709
0.48,0.199,1.709
0.47,0.193,1.709
0.46,0.19,1.709
0.45,0.19,1.66
0.44,0.184,1.66
0.43,0.181,1.66
0.42,0.178,1.611
0.41,0.172,1.563
0.4,0.169,1.563
0.39,0.163,1.563
0.38,0.163,1.514
0.37,0.157,1.514
0.36,0.154,1.465
0.35,0.151,1.465
0.34,0.148,1.465
0.33,0.143,1.416
0.32,0.137,1.416
0.31,0.134,1.416
0.3,0.128,1.367
0.29,0.122,1.318
0.28,0.116,1.318
0.27,0.116,1.318
0.26,0.11,1.318
0.25,0.104,1.27
0.24,0.104,1.27
0.23,0.098,1.221
0.22,0.092,1.221
0.21,0.089,1.221
0.2,0.089,1.172
0.19,0.08,1.172
0.18,0.077,1.172
0.17,0.074,1.123
0.16,0.074,1.074
0.15,0.066,1.074
0.14,0.06,1.074
0.13,0.06,1.074
0.12,0.057,1.025
0.11,0.048,0.977
0.1,0,0.83
0.09,0,0.781
0.08,-0.003,0.83
0.07,0,0.781
0.06,0,0.781
0.05,-0.003,0.781
0.04,0,0.781
0.03,0,0.781
0.02,0,0.732
0.01,0,0.781
0,0,0.732
0.000,0.000,0.000
0.010,-0.003,0.000
0.020,-0.003,0.000
0.030,-0.003,0.000
0.040,0.000,0.049
0.050,0.000,0.000
0.060,0.000,0.000
0.070,-0.003,0.049
0.080,-0.003,0.049
0.090,0.000,0.000
0.100,-0.003,0.000
0.110,0.000,0.000
0.120,0.000,0.000
0.130,0.000,0.049
0.140,0.003,0.000
0.150,0.006,0.000
0.160,0.018,0.049
0.170,0.024,0.000
0.180,0.024,0.049
0.190,0.033,0.000
0.200,0.036,0.000
0.210,0.045,0.000
0.220,0.045,0.049
0.230,0.051,0.000
0.240,0.057,-0.049
0.250,0.060,0.000
0.260,0.060,0.049
0.270,0.066,0.049
0.280,0.074,0.098
0.290,0.074,0.049
0.300,0.074,0.049
0.310,0.083,0.098
0.320,0.086,0.098
0.330,0.095,0.098
0.340,0.095,0.098
0.350,0.101,0.098
0.360,0.104,0.098
0.370,0.110,0.146
0.380,0.110,0.146
0.390,0.116,0.146
0.400,0.116,0.195
0.410,0.125,0.195
0.420,0.128,0.146
0.430,0.137,0.195
0.440,0.140,0.244
0.450,0.140,0.244
0.460,0.145,0.293
0.470,0.148,0.195
0.480,0.151,0.244
0.490,0.157,0.293
0.500,0.160,0.244
0.510,0.166,0.293
0.520,0.169,0.293
0.530,0.178,0.293
0.540,0.181,0.293
0.550,0.181,0.342
0.560,0.190,0.293
0.570,0.190,0.342
0.580,0.199,0.391
0.590,0.196,0.391
0.600,0.202,0.439
0.610,0.205,0.391
0.620,0.208,0.391
0.630,0.211,0.439
0.640,0.222,0.439
0.650,0.222,0.439
0.660,0.228,0.439
0.670,0.231,0.488
0.680,0.237,0.488
0.690,0.237,0.488
0.700,0.243,0.537
0.710,0.243,0.586
0.720,0.246,0.537
0.730,0.258,0.586
0.740,0.258,0.586
0.750,0.264,0.586
0.760,0.267,0.586
0.770,0.273,0.635
0.780,0.279,0.684
0.790,0.279,0.684
0.800,0.285,0.684
0.810,0.288,0.684
0.820,0.291,0.684
0.830,0.294,0.732
0.840,0.302,0.732
0.850,0.305,0.732
0.860,0.308,0.732
0.870,0.305,0.732
0.880,0.314,0.781
0.890,0.317,0.781
0.900,0.320,0.830
0.910,0.326,0.781
0.920,0.329,0.830
0.930,0.341,0.879
0.940,0.341,0.879
0.950,0.347,0.928
0.960,0.353,0.879
0.970,0.359,0.928
0.980,0.359,0.928
0.990,0.362,0.977
1.000,0.368,0.977
1.010,0.371,1.025
1.020,0.373,0.977
1.030,0.376,1.025
1.040,0.382,1.025
1.050,0.385,1.074
1.060,0.388,1.074
1.070,0.394,1.074
1.080,0.394,1.074
1.090,0.400,1.074
1.100,0.403,1.123
1.110,0.412,1.123
1.120,0.415,1.172
1.130,0.418,1.172
1.140,0.418,1.221
1.150,0.436,1.270
1.160,0.442,1.270
1.170,0.439,1.221
1.180,0.439,1.270
1.190,0.450,1.270
1.200,0.450,1.270
1.210,0.450,1.318
1.220,0.456,1.318
1.230,0.462,1.367
1.240,0.465,1.318
1.250,0.468,1.367
1.260,0.471,1.416
1.270,0.474,1.465
1.280,0.480,1.416
1.290,0.480,1.416
1.300,0.489,1.465
1.310,0.489,1.465
1.320,0.498,1.514
1.330,0.495,1.514
1.340,0.504,1.563
1.350,0.504,1.514
1.360,0.517,1.563
1.370,0.513,1.611
1.380,0.535,1.611
1.390,0.531,1.660
1.400,0.535,1.660
1.410,0.548,1.660
1.420,0.544,1.709
1.430,0.562,1.709
1.440,0.562,1.758
1.450,0.575,1.758
1.460,0.575,1.758
1.470,0.580,1.855
1.480,0.584,1.807
1.490,0.593,1.807
1.500,0.598,1.855
1.510,0.607,1.807
1.520,0.611,1.904
1.530,0.616,1.904
1.540,0.620,1.904
1.550,0.629,2.002
1.560,0.634,2.002
1.570,0.652,1.953
1.580,0.656,2.002
1.590,0.656,2.051
1.600,0.670,2.100
1.610,0.670,2.100
1.620,0.674,2.100
1.630,0.692,2.100
1.640,0.692,2.100
1.650,0.692,2.148
1.660,0.701,2.148
1.670,0.706,2.148
1.680,0.715,2.197
1.690,0.719,2.246
1.700,0.724,2.197
1.710,0.728,2.197
1.720,0.742,2.295
1.730,0.742,2.295
1.740,0.751,2.344
1.750,0.751,2.344
1.760,0.760,2.344
1.770,0.760,2.344
1.780,0.782,2.441
1.790,0.782,2.441
1.800,0.786,2.490
1.810,0.791,2.441
1.820,0.800,2.539
1.830,0.809,2.539
1.840,0.809,2.539
1.850,0.818,2.588
1.860,0.818,2.588
1.870,0.827,2.588
1.880,0.831,2.637
1.890,0.840,2.637
1.900,0.840,2.686
1.910,0.854,2.686
1.920,0.854,2.686
1.930,0.867,2.783
1.940,0.867,2.783
1.950,0.885,2.832
1.960,0.881,2.832
1.970,0.894,2.832
1.980,0.899,2.881
1.990,0.899,2.881
2.000,0.912,2.930
2.010,0.917,2.881
2.020,0.926,2.979
2.030,0.930,2.979
2.040,0.935,3.027
2.050,0.939,2.979
2.060,0.953,3.076
2.070,0.957,3.076
2.080,0.953,3.125
2.090,0.971,3.125
2.100,0.971,3.125
2.110,0.980,3.125
2.120,0.980,3.174
2.130,0.993,3.223
2.140,0.993,3.271
2.150,1.002,3.271
2.160,1.006,3.320
2.170,1.020,3.271
2.180,1.020,3.369
2.190,1.029,3.369
2.200,1.033,3.369
2.210,1.042,3.418
2.220,1.047,3.467
2.230,1.051,3.467
2.240,1.056,3.467
2.250,1.065,3.467
2.260,1.069,3.516
2.270,1.078,3.564
2.280,1.083,3.564
2.290,1.087,3.613
2.300,1.092,3.662
2.310,1.101,3.711
2.320,1.105,3.711
2.330,1.119,3.711
2.340,1.114,3.760
2.350,1.128,3.760
2.360,1.132,3.760
2.370,1.132,3.809
2.380,1.141,3.857
2.390,1.137,3.857
2.400,1.155,3.906
2.410,1.159,3.955
2.420,1.173,3.955
2.430,1.173,3.955
2.440,1.186,4.053
2.450,1.186,4.053
2.460,1.200,4.102
2.470,1.191,4.150
2.480,1.208,4.150
2.490,1.213,4.199
2.500,1.222,4.150
2.510,1.217,4.199
2.520,1.235,4.248
2.530,1.235,4.248
2.540,1.240,4.248
2.550,1.244,4.248
2.560,1.262,4.346
2.570,1.267,4.346
2.580,1.262,4.346
2.590,1.280,4.443
2.600,1.276,4.492
2.610,1.303,4.541
2.620,1.298,4.492
2.630,1.298,4.590
2.640,1.307,4.541
2.650,1.307,4.590
2.660,1.321,4.639
2.670,1.321,4.688
2.680,1.334,4.736
2.690,1.334,4.688
2.700,1.343,4.736
2.710,1.348,4.736
2.720,1.357,4.834
2.730,1.357,4.834
2.740,1.375,4.834
2.750,1.370,4.883
2.760,1.370,4.932
2.770,1.384,4.932
2.780,1.384,4.980
2.790,1.397,4.980
2.800,1.402,5.078
2.810,1.411,5.078
2.820,1.420,5.127
2.830,1.424,5.127
2.840,1.428,5.127
2.850,1.428,5.225
2.860,1.442,5.273
2.870,1.437,5.225
2.880,1.464,5.273
2.890,1.460,5.322
2.900,1.464,5.371
2.910,1.469,5.420
2.920,1.482,5.420
2.930,1.478,5.469
2.940,1.491,5.469
2.950,1.487,5.469
2.960,1.500,5.518
2.970,1.500,5.518
2.980,1.509,5.615
2.990,1.518,5.615
3.000,1.523,5.664
3.010,1.527,5.713
3.020,1.541,5.762
3.030,1.541,5.762
3.040,1.559,5.859
3.050,1.559,5.859
3.060,1.559,5.859
3.070,1.577,5.908
3.080,1.572,6.006
3.090,1.586,5.957
3.100,1.590,6.006
3.110,1.604,6.006
3.120,1.595,6.055
3.130,1.613,6.152
3.140,1.617,6.152
3.150,1.617,6.152
3.160,1.631,6.201
3.170,1.631,6.250
3.180,1.635,6.201
3.190,1.640,6.299
3.200,1.648,6.299
3.210,1.657,6.396
3.220,1.653,6.396
3.230,1.684,6.494
3.240,1.684,6.543
3.250,1.675,6.543
3.260,1.693,6.592
3.270,1.698,6.592
3.280,1.698,6.641
3.290,1.698,6.641
3.300,1.711,6.641
3.310,1.711,6.689
3.320,1.725,6.738
3.330,1.725,6.836
3.340,1.734,6.836
3.350,1.734,6.836
3.360,1.752,6.934
3.370,1.752,6.934
3.380,1.756,6.934
3.390,1.761,6.982
3.400,1.779,7.080
3.410,1.774,7.080
3.420,1.788,7.129
3.430,1.788,7.129
3.440,1.801,7.227
3.450,1.801,7.227
3.460,1.810,7.275
3.470,1.810,7.324
3.480,1.824,7.373
3.490,1.828,7.373
3.500,1.833,7.471
3.510,1.837,7.422
3.520,1.842,7.520
3.530,1.855,7.568
3.540,1.859,7.568
3.550,1.868,7.666
3.560,1.873,7.617
3.570,1.882,7.715
3.580,1.877,7.715
3.590,1.895,7.764
3.600,1.891,7.764
3.610,1.909,7.861
3.620,1.909,7.910
3.630,1.918,7.910
3.640,1.918,7.959
3.650,1.936,8.057
3.660,1.940,8.105
3.670,1.940,8.105
3.680,1.949,8.154
3.690,1.949,8.154
3.700,1.958,8.203
3.710,1.972,8.252
3.720,1.967,8.252
3.730,1.976,8.350
3.740,1.976,8.398
3.750,1.994,8.398
3.760,1.994,8.447
3.770,2.008,8.496
3.780,2.008,8.594
3.790,2.017,8.643
3.800,2.012,8.594
3.810,2.021,8.691
3.820,2.026,8.740
3.830,2.039,8.740
3.840,2.039,8.789
3.850,2.057,8.887
3.860,2.057,8.936
3.870,2.066,8.936
3.880,2.071,8.984
3.890,2.079,9.033
3.900,2.079,9.033
3.910,2.084,9.131
3.920,2.097,9.180
3.930,2.093,9.180
3.940,2.102,9.229
3.950,2.106,9.277
3.960,2.115,9.326
3.970,2.124,9.375
3.980,2.133,9.375
3.990,2.129,9.473
4.000,2.147,9.570
4.010,2.147,9.570
4.020,2.160,9.570
4.030,2.160,9.619
4.040,2.169,9.668
4.050,2.174,9.766
4.060,2.183,9.814
4.070,2.187,9.863
4.080,2.192,9.912
4.090,2.201,9.961
4.100,2.201,10.010
4.110,2.214,10.059
4.120,2.214,10.107
4.130,2.228,10.156
4.140,2.228,10.156
4.150,2.237,10.205
4.160,2.241,10.254
4.170,2.255,10.303
4.180,2.255,10.352
4.190,2.259,10.352
4.200,2.259,10.449
4.210,2.277,10.449
4.220,2.273,10.547
4.230,2.291,10.596
4.240,2.291,10.645
4.250,2.295,10.693
4.260,2.299,10.742
4.270,2.304,10.742
4.280,2.317,10.889
4.290,2.322,10.889
4.300,2.331,10.938
4.310,2.331,10.986
4.320,2.340,10.986
4.330,2.344,11.084
4.340,2.353,11.133
4.350,2.353,11.133
4.360,2.371,11.279
4.370,2.371,11.230
4.380,2.380,11.377
4.390,2.376,11.377
4.400,2.385,11.426
4.410,2.394,11.475
4.420,2.389,11.475
4.430,2.403,11.572
4.440,2.412,11.621
4.450,2.421,11.670
4.460,2.421,11.768
4.470,2.425,11.768
4.480,2.439,11.816
4.490,2.439,11.914
4.500,2.448,11.963
4.510,2.452,11.963
4.520,2.461,12.061
4.530,2.457,12.061
4.540,2.475,12.109
4.550,2.479,12.158
4.560,2.488,12.256
4.570,2.484,12.305
4.580,2.506,12.354
4.590,2.502,12.402
4.600,2.515,12.500
4.610,2.519,12.549
4.620,2.519,12.598
4.630,2.528,12.598
4.640,2.533,12.646
4.650,2.537,12.695
4.660,2.546,12.744
4.670,2.555,12.842
4.680,2.555,12.842
4.690,2.578,12.939
4.700,2.564,13.037
4.710,2.573,13.086
4.720,2.587,13.086
4.730,2.587,13.184
4.740,2.587,13.232
4.750,2.600,13.281
4.760,2.600,13.330
4.770,2.618,13.379
4.780,2.618,13.428
4.790,2.632,13.623
4.800,2.632,13.623
4.810,2.636,13.623
4.820,2.641,13.672
4.830,2.650,13.721
4.840,2.663,13.818
4.850,2.659,13.818
4.860,2.672,13.867
4.870,2.668,13.965
4.880,2.681,14.014
4.890,2.681,14.014
4.900,2.704,14.160
4.910,2.704,14.258
4.920,2.708,14.258
4.930,2.708,14.307
4.940,2.713,14.307
4.950,2.722,14.404
4.960,2.722,14.453
4.970,2.735,14.502
4.980,2.735,14.502
4.990,2.753,14.648
5.000,2.753,14.697
5.010,2.757,14.746
5.020,2.762,14.795
5.030,2.766,14.844
5.040,2.780,14.893
5.050,2.784,15.039
5.060,2.793,15.039
5.070,2.798,15.088
5.080,2.798,15.186
5.090,2.807,15.234
5.100,2.811,15.283
5.110,2.838,15.430
5.120,2.834,15.479
5.130,2.834,15.479
5.140,2.847,15.479
5.150,2.847,15.625
5.160,2.852,15.625
5.170,2.856,15.723
5.180,2.865,15.723
5.190,2.879,15.869
5.200,2.879,15.869
5.210,2.879,16.016
5.220,2.888,16.064
5.230,2.892,16.064
5.240,2.901,16.162
5.250,2.906,16.211
5.260,2.924,16.309
5.270,2.924,16.357
5.280,2.933,16.406
5.290,2.928,16.455
5.300,2.937,16.455
5.310,2.942,16.553
5.320,2.951,16.602
5.330,2.951,16.650
5.340,2.964,16.748
5.350,2.964,16.846
5.360,2.973,16.895
5.370,2.982,16.895
5.380,2.982,17.041
5.390,3.000,17.041
5.400,3.000,17.090
5.410,3.004,17.139
5.420,3.009,17.236
5.430,3.018,17.236
5.440,3.022,17.334
5.450,3.027,17.432
5.460,3.031,17.480
5.470,3.045,17.529
5.480,3.045,17.627
5.490,3.054,17.676
5.500,3.063,17.725
5.510,3.067,17.773
5.520,3.067,17.822
5.530,3.085,17.920
5.540,3.090,18.115
5.550,3.094,18.066
5.560,3.108,18.164
5.570,3.108,18.213
5.580,3.117,18.262
5.590,3.126,18.311
5.600,3.121,18.408
5.610,3.135,18.457
5.620,3.139,18.506
5.630,3.144,18.604
5.640,3.153,18.652
5.650,3.153,18.701
5.660,3.162,18.750
5.670,3.166,18.799
5.680,3.184,18.896
5.690,3.184,18.994
5.700,3.188,19.043
5.710,3.188,19.092
5.720,3.197,19.141
5.730,3.206,19.189
5.740,3.206,19.287
5.750,3.224,19.336
5.760,3.229,19.434
5.770,3.229,19.434
5.780,3.238,19.531
5.790,3.242,19.580
5.800,3.251,19.678
5.810,3.251,19.775
5.820,3.256,19.775
5.830,3.269,19.873
5.840,3.274,19.922
5.850,3.274,19.971
5.860,3.283,20.068
5.870,3.287,20.117
5.880,3.292,20.166
5.890,3.301,20.215
5.900,3.305,20.313
5.910,3.310,20.313
5.920,3.328,20.410
5.930,3.328,20.508
5.940,3.337,20.508
5.950,3.337,20.605
5.960,3.346,20.654
5.970,3.350,20.703
5.980,3.359,20.752
5.990,3.359,20.850
6.000,3.377,20.947
6.010,3.373,21.045
6.020,3.386,21.045
6.030,3.382,21.094
6.040,3.395,21.191
6.050,3.399,21.240
6.060,3.408,21.338
6.070,3.417,21.436
6.080,3.417,21.436
6.090,3.431,21.533
6.100,3.435,21.582
6.110,3.431,21.680
6.120,3.444,21.729
6.130,3.449,21.777
6.140,3.458,21.777
6.150,3.467,21.924
6.160,3.471,21.973
6.170,3.476,22.070
6.180,3.476,22.119
6.190,3.485,22.168
6.200,3.489,22.266
6.210,3.503,22.363
6.220,3.516,22.363
6.230,3.507,22.412
6.240,3.521,22.461
6.250,3.521,22.559
6.260,3.530,22.607
6.270,3.534,22.656
6.280,3.543,22.705
6.290,3.548,22.754
6.300,3.548,22.803
6.310,3.552,22.852
6.320,3.570,22.949
6.330,3.566,22.998
6.340,3.575,23.047
6.350,3.579,23.096
6.360,3.593,23.242
6.370,3.597,23.291
6.380,3.606,23.340
6.390,3.606,23.438
6.400,3.619,23.438
6.410,3.624,23.486
6.420,3.633,23.584
6.430,3.628,23.682
6.440,3.646,23.730
6.450,3.642,23.730
6.460,3.651,23.828
6.470,3.655,23.877
6.480,3.664,23.877
6.490,3.669,24.023
6.500,3.673,24.072
6.510,3.678,24.121
6.520,3.682,24.219
6.530,3.691,24.268
6.540,3.691,24.268
6.550,3.705,24.365
6.560,3.705,24.414
6.570,3.718,24.463
6.580,3.723,24.609
6.590,3.732,24.609
6.600,3.736,24.658
6.610,3.750,24.756
6.620,3.745,24.756
6.630,3.754,24.854
6.640,3.759,24.902
6.650,3.768,24.951
6.660,3.777,25.049
6.670,3.772,25.049
6.680,3.786,25.195
6.690,3.790,25.244
6.700,3.799,25.244
6.710,3.808,25.342
6.720,3.804,25.391
6.730,3.817,25.439
6.740,3.822,25.537
6.750,3.830,25.537
6.760,3.830,25.586
6.770,3.844,25.635
6.780,3.839,25.732
6.790,3.848,25.830
6.800,3.857,25.928
6.810,3.866,25.928
6.820,3.871,25.977
6.830,3.880,26.074
6.840,3.884,26.074
6.850,3.893,26.221
6.860,3.889,26.221
6.870,3.902,26.270
6.880,3.907,26.318
6.890,3.907,26.318
6.900,3.925,26.416
6.910,3.920,26.514
6.920,3.929,26.563
6.930,3.934,26.563
6.940,3.943,26.709
6.950,3.943,26.709
6.960,3.956,26.758
6.970,3.961,26.855
6.980,3.970,26.904
6.990,3.970,26.904
7.000,3.979,27.002
7.010,3.988,27.100
7.020,3.988,27.148
7.030,4.001,27.197
7.040,4.001,27.246
7.050,4.010,27.295
7.060,4.010,27.393
7.070,4.024,27.441
7.080,4.028,27.490
7.090,4.037,27.490
7.100,4.037,27.539
7.110,4.042,27.637
7.120,4.050,27.734
7.130,4.055,27.734
7.140,4.068,27.783
7.150,4.068,27.832
7.160,4.077,27.930
7.170,4.077,27.930
7.180,4.091,27.979
7.190,4.100,28.076
7.200,4.109,28.174
7.210,4.109,28.174
7.220,4.118,28.271
7.230,4.122,28.320
7.240,4.131,28.320
7.250,4.136,28.320
7.260,4.145,28.467
7.270,4.140,28.516
7.280,4.154,28.564
7.290,4.158,28.662
7.300,4.163,28.711
7.310,4.167,28.711
7.320,4.176,28.760
7.330,4.185,28.809
7.340,4.194,28.906
7.350,4.199,28.906
7.360,4.203,28.955
7.370,4.199,29.004
7.380,4.208,29.053
7.390,4.221,29.150
7.400,4.230,29.199
7.410,4.235,29.248
7.420,4.235,29.248
7.430,4.244,29.346
7.440,4.253,29.346
7.450,4.257,29.395
7.460,4.266,29.541
7.470,4.266,29.492
7.480,4.270,29.590
7.490,4.275,29.590
7.500,4.284,29.639
7.510,4.284,29.688
7.520,4.297,29.785
7.530,4.297,29.785
7.540,4.306,29.834
7.550,4.320,29.980
7.560,4.320,29.980
7.570,4.329,30.029
7.580,4.333,30.078
7.590,4.338,30.127
7.600,4.342,30.176
7.610,4.351,30.225
7.620,4.356,30.273
7.630,4.365,30.322
7.640,4.365,30.420
7.650,4.369,30.469
7.660,4.383,30.469
7.670,4.387,30.566
7.680,4.396,30.615
7.690,4.396,30.615
7.700,4.401,30.664
7.710,4.410,30.713
7.720,4.419,30.713
7.730,4.419,30.762
7.740,4.428,30.811
7.750,4.432,30.859
7.760,4.437,30.957
7.770,4.441,30.957
7.780,4.450,31.055
7.790,4.459,31.104
7.800,4.464,31.104
7.810,4.468,31.152
7.820,4.473,31.250
7.830,4.482,31.250
7.840,4.477,31.299
7.850,4.477,31.250
7.860,4.477,31.299
7.870,4.477,31.299
7.880,4.477,31.250
7.890,4.482,31.299
7.900,4.477,31.348
7.910,4.477,31.348
7.920,4.477,31.348
7.930,4.477,31.348
7.940,4.482,31.396
7.950,4.477,31.396
7.960,4.477,31.445
7.970,4.482,31.396
7.980,4.482,31.445
7.990,4.477,31.396
8.000,4.477,31.445
8.010,4.477,31.445
8.020,4.477,31.445
8.030,4.477,31.494
8.040,4.477,31.445
8.050,4.477,31.445
8.060,4.477,31.445
8.070,4.477,31.445
8.080,4.477,31.494
8.090,4.473,31.543
8.100,4.473,31.494
8.110,4.473,31.494
8.120,4.473,31.494
8.130,4.468,31.494
8.140,4.477,31.494
8.150,4.473,31.543
8.160,4.473,31.543
8.170,4.473,31.543
8.180,4.473,31.543
8.190,4.473,31.543
8.200,4.468,31.543
8.210,4.473,31.543
8.220,4.473,31.592
8.230,4.477,31.592
8.240,4.473,31.592
8.250,4.477,31.543
8.260,4.473,31.641
8.270,4.473,31.592
8.280,4.473,31.641
8.290,4.477,31.592
8.300,4.473,31.641
8.310,4.473,31.641
8.320,4.473,31.592
8.330,4.468,31.592
8.340,4.468,31.641
8.350,4.464,31.641
8.360,4.473,31.641
8.370,4.464,31.641
8.380,4.468,31.689
8.390,4.468,31.641
8.400,4.468,31.641
8.410,4.468,31.689
8.420,4.464,31.689
8.430,4.468,31.689
8.440,4.468,31.689
8.450,4.468,31.641
8.460,4.468,31.641
8.470,4.468,31.641
8.480,4.468,31.689
8.490,4.468,31.689
8.500,4.464,31.738
8.510,4.464,31.689
8.520,4.468,31.689
8.530,4.473,31.689
8.540,4.468,31.689
8.550,4.473,31.641
8.560,4.468,31.738
8.570,4.468,31.738
8.580,4.468,31.689
8.590,4.468,31.689
8.600,4.464,31.738
8.610,4.468,31.738
8.620,4.468,31.738
8.630,4.468,31.738
8.640,4.468,31.738
8.650,4.468,31.738
8.660,4.468,31.689
8.670,4.464,31.689
8.680,4.464,31.738
8.690,4.468,31.738
8.700,4.468,31.738
8.710,4.468,31.738
8.720,4.464,31.738
8.730,4.468,31.787
8.740,4.464,31.738
8.750,4.464,31.787
8.760,4.468,31.787
8.770,4.464,31.787
8.780,4.468,31.787
8.790,4.468,31.787
8.800,4.464,31.836
8.810,4.464,31.787
8.820,4.459,31.787
8.830,4.464,31.787
8.840,4.468,31.787
8.850,4.464,31.787
8.860,4.464,31.787
8.870,4.464,31.787
8.880,4.464,31.787
8.890,4.464,31.787
8.900,4.464,31.787
8.910,4.464,31.836
8.920,4.464,31.836
8.930,4.455,31.836
8.940,4.464,31.836
8.950,4.464,31.836
8.960,4.455,31.836
8.970,4.464,31.836
8.980,4.464,31.787
8.990,4.459,31.836
9.000,4.464,31.787
9.010,4.455,31.836
9.020,4.464,31.836
9.030,4.459,31.787
9.040,4.459,31.836
9.050,4.455,31.836
9.060,4.459,31.787
9.070,4.464,31.885
9.080,4.459,31.787
9.090,4.459,31.836
9.100,4.455,31.836
9.110,4.459,31.836
9.120,4.459,31.885
9.130,4.464,31.836
9.140,4.459,31.836
9.150,4.459,31.836
9.160,4.459,31.885
9.170,4.459,31.836
9.180,4.455,31.885
9.190,4.459,31.885
9.200,4.459,31.885
9.210,4.459,31.885
9.220,4.459,31.885
9.230,4.455,31.885
9.240,4.455,31.885
9.250,4.459,31.934
9.260,4.450,31.885
9.270,4.459,31.885
9.280,4.459,31.885
9.290,4.455,31.934
9.300,4.455,31.885
9.310,4.455,31.836
9.320,4.455,31.885
9.330,4.455,31.885
9.340,4.450,31.885
9.350,4.455,31.885
9.360,4.455,31.934
9.370,4.455,31.885
9.380,4.455,31.885
9.390,4.455,31.934
9.400,4.450,31.885
9.410,4.450,31.885
9.420,4.459,31.885
9.430,4.459,31.934
9.440,4.455,31.934
9.450,4.455,31.885
9.460,4.455,31.934
9.470,4.450,31.934
9.480,4.446,31.934
9.490,4.446,31.934
9.500,4.450,31.982
9.510,4.455,31.934
9.520,4.455,31.885
9.530,4.446,31.934
9.540,4.450,31.934
9.550,4.450,31.934
9.560,4.446,31.934
9.570,4.455,31.934
9.580,4.450,31.934
9.590,4.450,31.934
9.600,4.450,31.934
9.610,4.446,31.885
9.620,4.446,31.934
9.630,4.450,31.934
9.640,4.455,31.934
9.650,4.446,31.934
9.660,4.450,31.885
9.670,4.450,31.982
9.680,4.446,31.934
9.690,4.446,31.934
9.700,4.450,31.934
9.710,4.446,31.934
9.720,4.446,31.934
9.730,4.446,31.934
9.740,4.441,31.934
9.750,4.446,31.982
9.760,4.441,31.982
9.770,4.446,31.934
9.780,4.441,31.934
9.790,4.446,31.982
9.800,4.441,31.982
9.810,4.441,31.934
9.820,4.441,31.982
9.830,4.446,31.982
9.840,4.441,31.982
9.850,4.437,31.934
9.860,4.437,31.982
9.870,4.437,31.934
9.880,4.441,31.982
9.890,4.441,31.982
9.900,4.437,31.934
9.910,4.441,31.982
9.920,4.437,31.934
9.930,4.441,31.982
9.940,4.441,31.982
9.950,4.441,31.982
9.960,4.437,31.982
9.970,4.441,31.982
9.980,4.437,31.982
9.990,4.437,31.982
10.000,4.441,31.982
9.990,4.437,31.982
9.980,4.437,31.934
9.970,4.441,32.031
9.960,4.441,31.982
9.950,4.441,32.031
9.940,4.437,32.031
9.930,4.441,31.982
9.920,4.437,32.031
9.910,4.437,31.982
9.900,4.432,31.982
9.890,4.432,32.031
9.880,4.432,31.982
9.870,4.437,31.982
9.860,4.437,31.982
9.850,4.437,31.934
9.840,4.441,31.982
9.830,4.437,31.982
9.820,4.437,31.982
9.810,4.432,31.982
9.800,4.432,31.982
9.790,4.437,31.982
9.780,4.432,32.031
9.770,4.441,32.031
9.760,4.450,32.080
9.750,4.464,32.080
9.740,4.464,32.129
9.730,4.473,32.129
9.720,4.486,32.227
9.710,4.490,32.227
9.700,4.499,32.275
9.690,4.508,32.324
9.680,4.513,32.324
9.670,4.526,32.373
9.660,4.531,32.471
9.650,4.544,32.471
9.640,4.549,32.568
9.630,4.562,32.568
9.620,4.562,32.666
9.610,4.594,32.764
9.600,4.603,32.813
9.590,4.607,32.861
9.580,4.616,32.910
9.570,4.625,32.910
9.560,4.639,33.008
9.550,4.643,33.057
9.540,4.652,33.105
9.530,4.661,33.154
9.520,4.666,33.203
9.510,4.684,33.252
9.500,4.719,33.447
9.490,4.724,33.496
9.480,4.733,33.545
9.470,4.742,33.545
9.460,4.746,33.594
9.450,4.760,33.691
9.440,4.769,33.740
9.430,4.782,33.789
9.420,4.782,33.789
9.410,4.791,33.838
9.400,4.796,33.936
9.390,4.809,33.984
9.380,4.823,33.984
9.370,4.832,34.131
9.360,4.841,34.180
9.350,4.841,34.229
9.340,4.854,34.229
9.330,4.868,34.326
9.320,4.881,34.375
9.310,4.890,34.473
9.300,4.904,34.521
9.290,4.908,34.570
9.280,4.913,34.619
9.270,4.930,34.717
9.260,4.944,34.766
9.250,4.953,34.814
9.240,4.962,34.863
9.230,4.962,34.912
9.220,4.975,34.961
9.210,4.980,35.010
9.200,4.993,35.059
9.190,5.002,35.156
9.180,5.016,35.156
9.170,5.038,35.303
9.160,5.052,35.352
9.150,5.061,35.449
9.140,5.061,35.449
9.130,5.070,35.498
9.120,5.079,35.547
9.110,5.092,35.596
9.100,5.097,35.596
9.090,5.097,35.693
9.080,5.110,35.693
9.070,5.133,35.840
9.060,5.142,35.840
9.050,5.150,35.938
9.040,5.155,35.938
9.030,5.159,36.035
9.020,5.168,36.084
9.010,5.177,36.084
9.000,5.182,36.084
8.990,5.177,36.133
8.980,5.177,36.133
8.970,5.177,36.182
8.960,5.177,36.182
8.950,5.177,36.230
8.940,5.177,36.230
8.930,5.186,36.182
8.920,5.177,36.230
8.910,5.177,36.230
8.900,5.186,36.230
8.890,5.177,36.279
8.880,5.177,36.230
8.870,5.173,36.279
8.860,5.182,36.279
8.850,5.173,36.279
8.840,5.168,36.279
8.830,5.159,36.328
8.820,5.155,36.328
8.810,5.150,36.328
8.800,5.146,36.328
8.790,5.133,36.279
8.780,5.133,36.328
8.770,5.124,36.328
8.760,5.119,36.328
8.750,5.115,36.328
8.740,5.115,36.279
8.730,5.101,36.328
8.720,5.101,36.328
8.710,5.088,36.328
8.700,5.083,36.328
8.690,5.074,36.279
8.680,5.074,36.279
8.670,5.065,36.328
8.660,5.061,36.328
8.650,5.052,36.328
8.640,5.047,36.230
8.630,5.038,36.230
8.620,5.038,36.230
8.610,5.025,36.230
8.600,5.025,36.182
8.590,5.007,36.182
8.580,5.007,36.133
8.570,4.993,36.084
8.560,4.993,36.133
8.550,4.989,36.133
8.540,4.984,36.084
8.530,4.975,36.084
8.520,4.975,36.035
8.510,4.957,35.986
8.500,4.957,36.035
8.490,4.953,35.986
8.480,4.948,35.986
8.470,4.939,35.938
8.460,4.939,35.938
8.450,4.930,35.938
8.440,4.930,35.889
8.430,4.917,35.840
8.420,4.913,35.840
8.410,4.904,35.791
8.400,4.899,35.791
8.390,4.886,35.742
8.380,4.886,35.742
8.370,4.872,35.742
8.360,4.877,35.693
8.350,4.863,35.693
8.340,4.859,35.645
8.330,4.854,35.645
8.320,4.850,35.596
8.310,4.841,35.596
8.300,4.836,35.547
8.290,4.841,35.498
8.280,4.827,35.547
8.270,4.823,35.498
8.260,4.814,35.449
8.250,4.814,35.400
8.240,4.796,35.449
8.230,4.791,35.400
8.220,4.778,35.400
8.210,4.782,35.303
8.200,4.773,35.303
8.190,4.764,35.254
8.180,4.764,35.254
8.170,4.760,35.254
8.160,4.751,35.205
8.150,4.746,35.205
8.140,4.737,35.156
8.130,4.737,35.156
8.120,4.724,35.107
8.110,4.724,35.059
8.100,4.710,35.059
8.090,4.715,35.059
8.080,4.702,35.059
8.070,4.697,35.010
8.060,4.684,34.961
8.050,4.684,34.912
8.040,4.675,34.912
8.030,4.679,34.912
8.020,4.661,34.814
8.010,4.657,34.863
8.000,4.652,34.766
7.990,4.652,34.766
7.980,4.630,34.766
7.970,4.639,34.766
7.960,4.621,34.717
7.950,4.621,34.668
7.940,4.612,34.668
7.930,4.607,34.619
7.920,4.594,34.619
7.910,4.598,34.570
7.900,4.589,34.521
7.890,4.589,34.473
7.880,4.576,34.473
7.870,4.576,34.424
7.860,4.567,34.424
7.850,4.562,34.424
7.840,4.553,34.375
7.830,4.549,34.326
7.820,4.540,34.326
7.810,4.535,34.277
7.800,4.522,34.229
7.790,4.522,34.229
7.780,4.513,34.229
7.770,4.508,34.180
7.760,4.495,34.082
7.750,4.504,34.131
7.740,4.486,34.082
7.730,4.490,34.033
7.720,4.473,34.033
7.710,4.477,33.984
7.700,4.464,33.936
7.690,4.464,33.936
7.680,4.455,33.887
7.670,4.455,33.887
7.660,4.441,33.838
7.650,4.441,33.789
7.640,4.432,33.740
7.630,4.428,33.740
7.620,4.419,33.691
7.610,4.419,33.691
7.600,4.405,33.643
7.590,4.405,33.594
7.580,4.392,33.545
7.570,4.387,33.545
7.560,4.378,33.496
7.550,4.369,33.447
7.540,4.369,33.447
7.530,4.365,33.398
7.520,4.360,33.398
7.510,4.351,33.398
7.500,4.338,33.350
7.490,4.342,33.301
7.480,4.329,33.252
7.470,4.333,33.301
7.460,4.320,33.154
7.450,4.315,33.203
7.440,4.306,33.154
7.430,4.302,33.105
7.420,4.297,33.057
7.410,4.284,33.008
7.400,4.288,33.008
7.390,4.275,32.910
7.380,4.266,32.910
7.370,4.266,32.861
7.360,4.262,32.861
7.350,4.248,32.813
7.340,4.248,32.813
7.330,4.239,32.715
7.320,4.230,32.764
7.310,4.221,32.666
7.300,4.230,32.666
7.290,4.217,32.617
7.280,4.217,32.617
7.270,4.203,32.568
7.260,4.199,32.568
7.250,4.190,32.520
7.240,4.190,32.471
7.230,4.176,32.422
7.220,4.181,32.373
7.210,4.163,32.373
7.200,4.167,32.324
7.190,4.154,32.275
7.180,4.154,32.227
7.170,4.145,32.178
7.160,4.136,32.178
7.150,4.122,32.129
7.140,4.127,32.080
7.130,4.118,32.080
7.120,4.113,32.031
7.110,4.100,31.982
7.100,4.100,31.934
7.090,4.091,31.885
7.080,4.091,31.836
7.070,4.077,31.836
7.060,4.077,31.836
7.050,4.064,31.738
7.040,4.068,31.787
7.030,4.050,31.738
7.020,4.055,31.689
7.010,4.042,31.641
7.000,4.037,31.592
6.990,4.024,31.592
6.980,4.028,31.543
6.970,4.019,31.494
6.960,4.015,31.494
6.950,4.001,31.445
6.940,4.006,31.348
6.930,3.988,31.348
6.920,3.988,31.250
6.910,3.979,31.250
6.900,3.979,31.201
6.890,3.965,31.104
6.880,3.961,31.104
6.870,3.952,31.104
6.860,3.952,31.104
6.850,3.947,31.006
6.840,3.943,30.957
6.830,3.934,30.957
6.820,3.929,30.908
6.810,3.920,30.859
6.800,3.920,30.811
6.790,3.911,30.811
6.780,3.907,30.762
6.770,3.893,30.664
6.760,3.893,30.615
6.750,3.880,30.615
6.740,3.880,30.615
6.730,3.862,30.469
6.720,3.866,30.469
6.710,3.857,30.420
6.700,3.857,30.420
6.690,3.844,30.322
6.680,3.844,30.371
6.670,3.830,30.273
6.660,3.830,30.273
6.650,3.826,30.176
6.640,3.817,30.176
6.630,3.804,30.127
6.620,3.808,30.127
6.610,3.795,30.029
6.600,3.799,30.029
6.590,3.786,29.980
6.580,3.786,29.932
6.570,3.772,29.883
6.560,3.763,29.785
6.550,3.754,29.736
6.540,3.750,29.736
6.530,3.745,29.688
6.520,3.741,29.639
6.510,3.732,29.590
6.500,3.723,29.541
6.490,3.723,29.492
6.480,3.718,29.492
6.470,3.705,29.492
6.460,3.700,29.346
6.450,3.696,29.346
6.440,3.687,29.346
6.430,3.687,29.297
6.420,3.678,29.248
6.410,3.669,29.150
6.400,3.664,29.150
6.390,3.655,29.102
6.380,3.660,29.053
6.370,3.646,29.053
6.360,3.646,29.004
6.350,3.633,28.955
6.340,3.628,28.906
6.330,3.624,28.857
6.320,3.619,28.809
6.310,3.611,28.711
6.300,3.611,28.760
6.290,3.606,28.662
6.280,3.597,28.564
6.270,3.588,28.564
6.260,3.588,28.467
6.250,3.570,28.467
6.240,3.561,28.418
6.230,3.561,28.369
6.220,3.561,28.320
6.210,3.552,28.223
6.200,3.543,28.223
6.190,3.543,28.223
6.180,3.530,28.125
6.170,3.534,28.125
6.160,3.525,28.076
6.150,3.521,27.979
6.140,3.512,27.930
6.130,3.503,27.930
6.120,3.494,27.832
6.110,3.498,27.832
6.100,3.485,27.734
6.090,3.485,27.734
6.080,3.467,27.686
6.070,3.467,27.637
6.060,3.462,27.539
6.050,3.462,27.490
6.040,3.449,27.441
6.030,3.444,27.441
6.020,3.435,27.344
6.010,3.431,27.344
6.000,3.417,27.246
5.990,3.417,27.197
5.980,3.413,27.148
5.970,3.408,27.100
5.960,3.395,27.100
5.950,3.395,27.051
5.940,3.391,27.002
5.930,3.377,26.904
5.920,3.368,26.855
5.910,3.359,26.807
5.900,3.364,26.807
5.890,3.355,26.709
5.880,3.355,26.660
5.870,3.341,26.611
5.860,3.346,26.611
5.850,3.323,26.514
5.840,3.328,26.416
5.830,3.319,26.367
5.820,3.319,26.318
5.810,3.305,26.318
5.800,3.301,26.221
5.790,3.292,26.172
5.780,3.292,26.172
5.770,3.278,26.123
5.760,3.283,26.025
5.750,3.269,25.977
5.740,3.265,25.928
5.730,3.260,25.879
5.720,3.247,25.830
5.710,3.251,25.781
5.700,3.233,25.684
5.690,3.233,25.684
5.680,3.224,25.635
5.670,3.224,25.586
5.660,3.215,25.488
5.650,3.206,25.488
5.640,3.202,25.439
5.630,3.193,25.342
5.620,3.184,25.244
5.610,3.175,25.195
5.600,3.175,25.146
5.590,3.166,25.098
5.580,3.166,25.049
5.570,3.162,25.049
5.560,3.157,24.951
5.550,3.148,24.902
5.540,3.139,24.854
5.530,3.135,24.805
5.520,3.121,24.707
5.510,3.126,24.658
5.500,3.117,24.561
5.490,3.112,24.561
5.480,3.094,24.512
5.470,3.094,24.414
5.460,3.085,24.365
5.450,3.085,24.365
5.440,3.076,24.268
5.430,3.076,24.170
5.420,3.067,24.121
5.410,3.058,24.170
5.400,3.049,24.023
5.390,3.049,23.975
5.380,3.040,23.926
5.370,3.031,23.877
5.360,3.022,23.828
5.350,3.018,23.779
5.340,3.018,23.730
5.330,3.013,23.682
5.320,3.004,23.633
5.310,2.995,23.584
5.300,2.995,23.486
5.290,2.986,23.438
5.280,2.977,23.389
5.270,2.968,23.291
5.260,2.968,23.193
5.250,2.964,23.193
5.240,2.955,23.145
5.230,2.951,23.047
5.220,2.942,23.047
5.210,2.933,22.949
5.200,2.928,22.900
5.190,2.919,22.852
5.180,2.919,22.803
5.170,2.906,22.754
5.160,2.901,22.656
5.150,2.897,22.607
5.140,2.897,22.559
5.130,2.892,22.510
5.120,2.879,22.461
5.110,2.879,22.412
5.100,2.865,22.314
5.090,2.861,22.217
5.080,2.852,22.168
5.070,2.852,22.168
5.060,2.847,22.070
5.050,2.843,22.021
5.040,2.829,21.973
5.030,2.825,21.875
5.020,2.816,21.826
5.010,2.807,21.777
5.000,2.802,21.680
4.990,2.798,21.631
4.980,2.798,21.582
4.970,2.789,21.484
4.960,2.784,21.436
4.950,2.775,21.387
4.940,2.771,21.289
4.930,2.757,21.240
4.920,2.757,21.240
4.910,2.753,21.143
4.900,2.744,21.094
4.890,2.739,21.045
4.880,2.731,20.996
4.870,2.722,20.850
4.860,2.717,20.801
4.850,2.717,20.801
4.840,2.708,20.752
4.830,2.704,20.654
4.820,2.695,20.605
4.810,2.686,20.508
4.800,2.681,20.459
4.790,2.681,20.410
4.780,2.672,20.313
4.770,2.668,20.361
4.760,2.663,20.264
4.750,2.659,20.166
4.740,2.645,20.068
4.730,2.645,20.020
4.720,2.636,19.971
4.710,2.632,19.922
4.700,2.623,19.824
4.690,2.618,19.775
4.680,2.605,19.727
4.670,2.605,19.629
4.660,2.600,19.580
4.650,2.591,19.482
4.640,2.587,19.434
4.630,2.582,19.385
4.620,2.573,19.336
4.610,2.564,19.238
4.600,2.564,19.189
4.590,2.560,19.141
4.580,2.551,19.092
4.570,2.542,18.994
4.560,2.537,18.945
4.550,2.537,18.848
4.540,2.519,18.848
4.530,2.524,18.750
4.520,2.515,18.604
4.510,2.511,18.555
4.500,2.506,18.555
4.490,2.497,18.506
4.480,2.488,18.408
4.470,2.479,18.359
4.460,2.475,18.262
4.450,2.470,18.262
4.440,2.466,18.164
4.430,2.457,18.115
4.420,2.443,18.066
4.410,2.443,17.969
4.400,2.439,17.920
4.390,2.430,17.871
4.380,2.430,17.822
4.370,2.421,17.676
4.360,2.412,17.578
4.350,2.407,17.578
4.340,2.398,17.529
4.330,2.398,17.480
4.320,2.389,17.383
4.310,2.385,17.383
4.300,2.376,17.285
4.290,2.371,17.236
4.280,2.371,17.090
4.270,2.358,17.090
4.260,2.358,16.992
4.250,2.349,16.992
4.240,2.340,16.895
4.230,2.340,16.846
4.220,2.331,16.797
4.210,2.317,16.699
4.200,2.313,16.650
4.190,2.313,16.602
4.180,2.304,16.553
4.170,2.299,16.455
4.160,2.291,16.455
4.150,2.286,16.406
4.140,2.277,16.309
4.130,2.277,16.309
4.120,2.273,16.162
4.110,2.264,16.162
4.100,2.255,16.064
4.090,2.255,16.016
4.080,2.250,15.918
4.070,2.237,15.869
4.060,2.223,15.771
4.050,2.223,15.723
4.040,2.214,15.723
4.030,2.214,15.625
4.020,2.205,15.527
4.010,2.196,15.430
4.000,2.192,15.381
3.990,2.183,15.332
3.980,2.183,15.283
3.970,2.178,15.234
3.960,2.169,15.137
3.950,2.169,15.088
3.940,2.156,15.039
3.930,2.156,14.990
3.920,2.142,14.893
3.910,2.138,14.844
3.900,2.129,14.795
3.890,2.120,14.746
3.880,2.124,14.697
3.870,2.115,14.600
3.860,2.111,14.600
3.850,2.102,14.404
3.840,2.088,14.453
3.830,2.084,14.307
3.820,2.084,14.307
3.810,2.084,14.258
3.800,2.071,14.160
3.790,2.066,14.111
3.780,2.062,14.111
3.770,2.053,13.965
3.760,2.044,13.965
3.750,2.044,13.867
3.740,2.030,13.818
3.730,2.026,13.770
3.720,2.021,13.770
3.710,2.017,13.672
3.700,2.012,13.574
3.690,2.003,13.574
3.680,1.999,13.477
3.670,1.990,13.428
3.660,1.981,13.379
3.650,1.981,13.232
3.640,1.972,13.232
3.630,1.967,13.184
3.620,1.958,13.135
3.610,1.949,13.037
3.600,1.945,12.988
3.590,1.936,12.891
3.580,1.931,12.891
3.570,1.922,12.793
3.560,1.922,12.695
3.550,1.918,12.695
3.540,1.913,12.695
3.530,1.900,12.598
3.520,1.900,12.549
3.510,1.895,12.451
3.500,1.886,12.402
3.490,1.882,12.402
3.480,1.873,12.305
3.470,1.868,12.256
3.460,1.864,12.256
3.450,1.859,12.158
3.440,1.855,12.109
3.430,1.837,12.012
3.420,1.837,11.963
3.410,1.833,11.963
3.400,1.819,11.816
3.390,1.815,11.816
3.380,1.815,11.768
3.370,1.810,11.670
3.360,1.801,11.670
3.350,1.797,11.572
3.340,1.779,11.572
3.330,1.783,11.523
3.320,1.774,11.426
3.310,1.770,11.377
3.300,1.761,11.377
3.290,1.756,11.279
3.280,1.756,11.279
3.270,1.743,11.182
3.260,1.734,11.133
3.250,1.734,11.084
3.240,1.729,11.035
3.230,1.720,10.986
3.220,1.716,10.938
3.210,1.702,10.889
3.200,1.707,10.840
3.190,1.693,10.840
3.180,1.689,10.693
3.170,1.680,10.645
3.160,1.680,10.596
3.150,1.680,10.596
3.140,1.662,10.498
3.130,1.653,10.498
3.120,1.653,10.400
3.110,1.653,10.352
3.100,1.640,10.303
3.090,1.640,10.254
3.080,1.631,10.254
3.070,1.622,10.205
3.060,1.622,10.156
3.050,1.608,10.107
3.040,1.608,10.059
3.030,1.599,9.961
3.020,1.595,9.912
3.010,1.586,9.863
3.000,1.577,9.814
2.990,1.568,9.766
2.980,1.568,9.717
2.970,1.559,9.668
2.960,1.554,9.668
2.950,1.554,9.570
2.940,1.545,9.521
2.930,1.536,9.473
2.920,1.536,9.424
2.910,1.527,9.424
2.900,1.523,9.375
2.890,1.514,9.277
2.880,1.500,9.277
2.870,1.496,9.229
2.860,1.491,9.180
2.850,1.487,9.131
2.840,1.482,9.082
2.830,1.478,9.033
2.820,1.469,8.984
2.810,1.460,8.887
2.800,1.464,8.887
2.790,1.455,8.838
2.780,1.446,8.789
2.770,1.437,8.740
2.760,1.437,8.691
2.750,1.424,8.691
2.740,1.424,8.594
2.730,1.415,8.594
2.720,1.411,8.545
2.710,1.402,8.447
2.700,1.397,8.398
2.690,1.384,8.398
2.680,1.388,8.398
2.670,1.379,8.301
2.660,1.370,8.301
2.650,1.370,8.203
2.640,1.361,8.203
2.630,1.357,8.154
2.620,1.352,8.105
2.610,1.348,8.105
2.600,1.330,7.959
2.590,1.334,7.959
2.580,1.321,7.910
2.570,1.316,7.861
2.560,1.312,7.813
2.550,1.303,7.813
2.540,1.303,7.715
2.530,1.294,7.715
2.520,1.280,7.666
2.510,1.280,7.666
2.500,1.280,7.617
2.490,1.271,7.568
2.480,1.262,7.471
2.470,1.258,7.471
2.460,1.253,7.422
2.450,1.244,7.422
2.440,1.244,7.373
2.430,1.235,7.373
2.420,1.226,7.227
2.410,1.217,7.227
2.400,1.222,7.227
2.390,1.208,7.178
2.380,1.200,7.129
2.370,1.191,7.080
2.360,1.182,7.031
2.350,1.182,6.982
2.340,1.177,6.982
2.330,1.168,6.934
2.320,1.159,6.885
2.310,1.155,6.836
2.300,1.150,6.836
2.290,1.141,6.787
2.280,1.137,6.738
2.270,1.132,6.689
2.260,1.128,6.689
2.250,1.123,6.641
2.240,1.123,6.641
2.230,1.110,6.543
2.220,1.101,6.543
2.210,1.101,6.494
2.200,1.087,6.445
2.190,1.083,6.348
2.180,1.078,6.348
2.170,1.065,6.299
2.160,1.065,6.299
2.150,1.056,6.299
2.140,1.047,6.152
2.130,1.051,6.152
2.120,1.047,6.152
2.110,1.033,6.055
2.100,1.033,6.055
2.090,1.029,6.006
2.080,1.020,5.957
2.070,1.006,5.957
2.060,1.006,5.908
2.050,1.002,5.859
2.040,0.993,5.859
2.030,0.984,5.859
2.020,0.984,5.762
2.010,0.971,5.713
2.000,0.971,5.713
1.990,0.966,5.664
1.980,0.962,5.615
1.970,0.948,5.615
1.960,0.944,5.566
1.950,0.935,5.518
1.940,0.935,5.469
1.930,0.921,5.469
1.920,0.917,5.420
1.910,0.917,5.371
1.900,0.903,5.371
1.890,0.899,5.322
1.880,0.899,5.322
1.870,0.890,5.273
1.860,0.885,5.273
1.850,0.881,5.225
1.840,0.872,5.176
1.830,0.863,5.176
1.820,0.858,5.176
1.810,0.849,5.078
1.800,0.845,5.029
1.790,0.840,4.980
1.780,0.836,4.980
1.770,0.827,4.932
1.760,0.818,4.932
1.750,0.809,4.932
1.740,0.804,4.883
1.730,0.800,4.785
1.720,0.791,4.736
1.710,0.782,4.736
1.700,0.782,4.688
1.690,0.773,4.688
1.680,0.768,4.639
1.670,0.764,4.590
1.660,0.760,4.590
1.650,0.751,4.590
1.640,0.742,4.541
1.630,0.746,4.541
1.620,0.737,4.492
1.610,0.728,4.443
1.600,0.719,4.443
1.590,0.715,4.443
1.580,0.706,4.346
1.570,0.706,4.297
1.560,0.697,4.248
1.550,0.692,4.248
1.540,0.679,4.248
1.530,0.683,4.199
1.520,0.670,4.199
1.510,0.665,4.150
1.500,0.661,4.102
1.490,0.652,4.053
1.480,0.647,4.004
1.470,0.638,4.004
1.460,0.634,4.053
1.450,0.629,3.955
1.440,0.620,4.004
1.430,0.616,3.906
1.420,0.611,3.906
1.410,0.607,3.906
1.400,0.602,3.857
1.390,0.593,3.809
1.380,0.584,3.809
1.370,0.584,3.760
1.360,0.580,3.760
1.350,0.566,3.711
1.340,0.553,3.662
1.330,0.548,3.662
1.320,0.544,3.613
1.310,0.540,3.613
1.300,0.531,3.564
1.290,0.526,3.516
1.280,0.517,3.516
1.270,0.517,3.467
1.260,0.508,3.467
1.250,0.508,3.418
1.240,0.495,3.418
1.230,0.498,3.369
1.220,0.492,3.369
1.210,0.492,3.320
1.200,0.489,3.271
1.190,0.486,3.320
1.180,0.477,3.223
1.170,0.474,3.271
1.160,0.471,3.223
1.150,0.468,3.174
1.140,0.462,3.125
1.130,0.459,3.076
1.120,0.450,3.125
1.110,0.448,3.027
1.100,0.445,3.027
1.090,0.442,3.027
1.080,0.442,2.979
1.070,0.436,2.979
1.060,0.430,2.930
1.050,0.424,2.930
1.040,0.421,2.881
1.030,0.421,2.881
1.020,0.415,2.832
1.010,0.409,2.832
1.000,0.406,2.832
0.990,0.403,2.783
0.980,0.403,2.734
0.970,0.394,2.734
0.960,0.388,2.734
0.950,0.388,2.686
0.940,0.382,2.637
0.930,0.376,2.637
0.920,0.376,2.637
0.910,0.368,2.588
0.900,0.365,2.539
0.890,0.365,2.539
0.880,0.356,2.490
0.870,0.353,2.441
0.860,0.350,2.441
0.850,0.344,2.441
0.840,0.344,2.441
0.830,0.338,2.344
0.820,0.335,2.344
0.810,0.329,2.344
0.800,0.323,2.344
0.790,0.320,2.295
0.780,0.317,2.246
0.770,0.308,2.246
0.760,0.305,2.197
0.750,0.299,2.197
0.740,0.302,2.148
0.730,0.299,2.148
0.720,0.291,2.148
0.710,0.291,2.100
0.700,0.288,2.100
0.690,0.276,2.051
0.680,0.276,2.051
0.670,0.267,2.002
0.660,0.264,1.953
0.650,0.261,1.953
0.640,0.258,1.953
0.630,0.255,1.904
0.620,0.252,1.904
0.610,0.249,1.855
0.600,0.246,1.855
0.590,0.243,1.807
0.580,0.237,1.758
0.570,0.231,1.758
0.560,0.231,1.758
0.550,0.225,1.758
0.540,0.222,1.709
0.530,0.217,1.709
0.520,0.214,1.709
0.510,0.211,1.611
0.500,0.205,1.660
0.490,0.196,1.611
0.480,0.193,1.563
0.470,0.190,1.514
0.460,0.184,1.563
0.450,0.184,1.514
0.440,0.181,1.514
0.430,0.172,1.465
0.420,0.169,1.465
0.410,0.166,1.465
0.400,0.166,1.416
0.390,0.166,1.416
0.380,0.160,1.416
0.370,0.154,1.367
0.360,0.151,1.318
0.350,0.148,1.367
0.340,0.148,1.367
0.330,0.145,1.318
0.320,0.140,1.318
0.310,0.134,1.221
0.300,0.131,1.221
0.290,0.122,1.221
0.280,0.116,1.221
0.270,0.116,1.172
0.260,0.113,1.123
0.250,0.101,1.123
0.240,0.098,1.123
0.230,0.098,1.074
0.220,0.089,1.123
0.210,0.086,1.025
0.200,0.080,1.025
0.190,0.080,0.977
0.180,0.077,0.977
0.170,0.071,0.928
0.160,0.069,0.977
0.150,0.066,0.928
0.140,0.063,0.928
0.130,0.060,0.879
0.120,0.051,0.879
0.110,0.048,0.830
0.100,0.000,0.732
0.090,0.000,0.635
0.080,0.003,0.635
0.070,0.000,0.684
0.060,0.000,0.635
0.050,0.000,0.586
0.040,0.000,0.586
0.030,0.000,0.635
0.020,0.003,0.635
0.010,0.000,0.586
0.000,-0.003,0.586
0.000,0.000,-0.098
0.010,0.000,-0.244
0.020,0.000,-0.244
0.000,0.000,-0.049
0.010,-0.003,0.000
0.020,0.000,0.000
0.030,0.000,-0.049
0.040,0.000,0.000
0.050,0.000,-0.049
0.060,-0.003,0.000
0.070,0.000,0.000
0.080,-0.003,0.000
0.090,-0.003,-0.049
0.100,0.000,-0.049
0.110,-0.003,-0.049
0.120,0.003,-0.049
0.130,0.003,-0.049
0.140,0.003,-0.049
0.150,0.012,0.000
0.160,0.015,-0.049
0.170,0.021,-0.049
0.180,0.024,-0.049
0.190,0.033,-0.049
0.200,0.036,-0.049
0.210,0.036,-0.049
0.220,0.051,-0.049
0.230,0.051,0.000
0.240,0.051,0.000
0.250,0.063,-0.049
0.260,0.063,0.000
0.270,0.066,0.049
0.280,0.071,0.049
0.290,0.071,0.049
0.300,0.077,0.000
0.310,0.086,0.000
0.320,0.089,0.049
0.330,0.092,0.049
0.340,0.095,0.098
0.350,0.101,0.049
0.360,0.104,0.098
0.370,0.104,0.098
0.380,0.113,0.146
0.390,0.113,0.098
0.400,0.125,0.146
0.410,0.125,0.146
0.420,0.131,0.146
0.430,0.134,0.195
0.440,0.140,0.195
0.450,0.143,0.195
0.460,0.148,0.244
0.470,0.148,0.195
0.480,0.157,0.244
0.490,0.160,0.244
0.500,0.160,0.244
0.510,0.166,0.244
0.520,0.166,0.293
0.530,0.178,0.293
0.540,0.181,0.293
0.550,0.184,0.342
0.560,0.184,0.342
0.570,0.190,0.342
0.580,0.193,0.391
0.590,0.202,0.391
0.600,0.202,0.391
0.610,0.208,0.439
0.620,0.211,0.391
0.630,0.214,0.439
0.640,0.220,0.439
0.650,0.222,0.488
0.660,0.231,0.488
0.670,0.231,0.488
0.680,0.231,0.488
0.690,0.243,0.488
0.700,0.246,0.537
0.710,0.246,0.488
0.720,0.252,0.537
0.730,0.258,0.586
0.740,0.261,0.635
0.750,0.261,0.586
0.760,0.273,0.586
0.770,0.273,0.635
0.780,0.276,0.635
0.790,0.282,0.635
0.800,0.285,0.684
0.810,0.291,0.684
0.820,0.294,0.732
0.830,0.299,0.732
0.840,0.297,0.732
0.850,0.305,0.781
0.860,0.308,0.732
0.870,0.308,0.830
0.880,0.320,0.830
0.890,0.326,0.830
0.900,0.320,0.781
0.910,0.329,0.879
0.920,0.329,0.879
0.930,0.341,0.879
0.940,0.347,0.879
0.950,0.347,0.928
0.960,0.353,0.928
0.970,0.350,0.928
0.980,0.365,0.977
0.990,0.368,0.977
1.000,0.362,1.025
1.010,0.373,0.977
1.020,0.373,1.025
1.030,0.379,1.025
1.040,0.379,1.025
1.050,0.388,1.123
1.060,0.388,1.123
1.070,0.394,1.074
1.080,0.403,1.123
1.090,0.403,1.172
1.100,0.406,1.074
1.110,0.412,1.123
1.120,0.412,1.172
1.130,0.421,1.221
1.140,0.421,1.221
1.150,0.436,1.270
1.160,0.439,1.270
1.170,0.439,1.318
1.180,0.442,1.318
1.190,0.445,1.318
1.200,0.450,1.318
1.210,0.453,1.367
1.220,0.453,1.367
1.230,0.468,1.416
1.240,0.468,1.367
1.250,0.468,1.416
1.260,0.474,1.465
1.270,0.477,1.416
1.280,0.483,1.465
1.290,0.480,1.514
1.300,0.492,1.514
1.310,0.489,1.514
1.320,0.495,1.563
1.330,0.495,1.514
1.340,0.499,1.611
1.350,0.513,1.611
1.360,0.508,1.660
1.370,0.522,1.660
1.380,0.522,1.709
1.390,0.531,1.660
1.400,0.548,1.758
1.410,0.553,1.709
1.420,0.548,1.709
1.430,0.548,1.758
1.440,0.566,1.807
1.450,0.571,1.807
1.460,0.575,1.807
1.470,0.580,1.807
1.480,0.589,1.855
1.490,0.598,1.904
1.500,0.598,1.855
1.510,0.607,1.904
1.520,0.616,2.002
1.530,0.625,1.953
1.540,0.625,2.002
1.550,0.634,2.002
1.560,0.634,2.002
1.570,0.656,2.002
1.580,0.656,2.051
1.590,0.656,2.051
1.600,0.665,2.100
1.610,0.670,2.148
1.620,0.674,2.100
1.630,0.679,2.197
1.640,0.683,2.197
1.650,0.697,2.197
1.660,0.697,2.246
1.670,0.706,2.295
1.680,0.710,2.295
1.690,0.724,2.295
1.700,0.724,2.344
1.710,0.728,2.344
1.720,0.742,2.344
1.730,0.746,2.393
1.740,0.751,2.393
1.750,0.751,2.441
1.760,0.764,2.441
1.770,0.768,2.490
1.780,0.777,2.490
1.790,0.782,2.539
1.800,0.795,2.588
1.810,0.795,2.588
1.820,0.791,2.588
1.830,0.809,2.588
1.840,0.813,2.686
1.850,0.813,2.686
1.860,0.827,2.686
1.870,0.827,2.686
1.880,0.836,2.734
1.890,0.840,2.783
1.900,0.845,2.783
1.910,0.858,2.783
1.920,0.858,2.832
1.930,0.867,2.783
1.940,0.872,2.881
1.950,0.881,2.881
1.960,0.890,2.930
1.970,0.890,2.930
1.980,0.917,2.979
1.990,0.917,3.027
2.000,0.912,3.027
2.010,0.912,3.027
2.020,0.930,3.076
2.030,0.930,3.125
2.040,0.944,3.076
2.050,0.944,3.125
2.060,0.953,3.174
2.070,0.953,3.174
2.080,0.966,3.223
2.090,0.966,3.271
2.100,0.966,3.271
2.110,0.984,3.271
2.120,0.984,3.271
2.130,1.002,3.369
2.140,1.002,3.369
2.150,1.006,3.369
2.160,1.006,3.369
2.170,1.015,3.467
2.180,1.020,3.467
2.190,1.033,3.516
2.200,1.038,3.516
2.210,1.038,3.564
2.220,1.056,3.564
2.230,1.056,3.613
2.240,1.060,3.662
2.250,1.065,3.662
2.260,1.069,3.662
2.270,1.074,3.711
2.280,1.087,3.760
2.290,1.092,3.760
2.300,1.092,3.809
2.310,1.105,3.857
2.320,1.105,3.857
2.330,1.119,3.857
2.340,1.119,3.906
2.350,1.128,3.906
2.360,1.128,3.906
2.370,1.141,4.004
2.380,1.146,4.004
2.390,1.146,4.004
2.400,1.164,4.053
2.410,1.168,4.102
2.420,1.168,4.102
2.430,1.182,4.199
2.440,1.182,4.150
2.450,1.186,4.199
2.460,1.195,4.199
2.470,1.204,4.248
2.480,1.213,4.297
2.490,1.213,4.297
2.500,1.226,4.346
2.510,1.231,4.395
2.520,1.235,4.395
2.530,1.231,4.395
2.540,1.253,4.492
2.550,1.253,4.492
2.560,1.258,4.492
2.570,1.262,4.541
2.580,1.267,4.590
2.590,1.280,4.639
2.600,1.280,4.590
2.610,1.294,4.688
2.620,1.294,4.688
2.630,1.312,4.736
2.640,1.307,4.785
2.650,1.316,4.785
2.660,1.330,4.834
2.670,1.325,4.834
2.680,1.330,4.883
2.690,1.343,4.932
2.700,1.348,4.932
2.710,1.348,4.932
2.720,1.366,4.980
2.730,1.366,5.029
2.740,1.366,5.029
2.750,1.379,5.078
2.760,1.379,5.127
2.770,1.388,5.078
2.780,1.388,5.127
2.790,1.406,5.225
2.800,1.406,5.225
2.810,1.406,5.225
2.820,1.424,5.273
2.830,1.424,5.371
2.840,1.424,5.371
2.850,1.451,5.420
2.860,1.451,5.469
2.870,1.446,5.469
2.880,1.455,5.469
2.890,1.460,5.566
2.900,1.464,5.518
2.910,1.482,5.615
2.920,1.482,5.615
2.930,1.482,5.664
2.940,1.491,5.713
2.950,1.491,5.762
2.960,1.505,5.762
2.970,1.509,5.811
2.980,1.523,5.859
2.990,1.523,5.859
3.000,1.532,5.908
3.010,1.532,5.908
3.020,1.545,6.006
3.030,1.550,5.957
3.040,1.559,6.055
3.050,1.563,6.055
3.060,1.563,6.104
3.070,1.572,6.055
3.080,1.581,6.152
3.090,1.590,6.250
3.100,1.590,6.299
3.110,1.595,6.299
3.120,1.608,6.348
3.130,1.608,6.348
3.140,1.622,6.396
3.150,1.622,6.396
3.160,1.635,6.494
3.170,1.635,6.543
3.180,1.640,6.543
3.190,1.648,6.592
3.200,1.648,6.641
3.210,1.657,6.592
3.220,1.657,6.689
3.230,1.689,6.787
3.240,1.689,6.836
3.250,1.684,6.787
3.260,1.689,6.836
3.270,1.698,6.885
3.280,1.702,6.885
3.290,1.707,6.934
3.300,1.707,6.982
3.310,1.725,7.031
3.320,1.729,7.031
3.330,1.725,7.080
3.340,1.738,7.080
3.350,1.738,7.129
3.360,1.756,7.178
3.370,1.756,7.275
3.380,1.756,7.275
3.390,1.774,7.275
3.400,1.774,7.324
3.410,1.783,7.422
3.420,1.783,7.373
3.430,1.792,7.471
3.440,1.801,7.520
3.450,1.801,7.568
3.460,1.810,7.617
3.470,1.815,7.666
3.480,1.824,7.666
3.490,1.828,7.715
3.500,1.842,7.764
3.510,1.842,7.813
3.520,1.842,7.813
3.530,1.864,7.910
3.540,1.864,7.959
3.550,1.859,7.959
3.560,1.882,8.008
3.570,1.877,8.057
3.580,1.886,8.057
3.590,1.886,8.105
3.600,1.904,8.154
3.610,1.900,8.203
3.620,1.913,8.252
3.630,1.918,8.252
3.640,1.931,8.350
3.650,1.936,8.398
3.660,1.936,8.447
3.670,1.949,8.496
3.680,1.949,8.496
3.690,1.963,8.545
3.700,1.972,8.643
3.710,1.958,8.594
3.720,1.976,8.643
3.730,1.985,8.691
3.740,1.981,8.740
3.750,1.994,8.838
3.760,1.994,8.838
3.770,2.008,8.887
3.780,2.012,8.936
3.790,2.012,8.984
3.800,2.021,8.984
3.810,2.026,9.033
3.820,2.039,9.082
3.830,2.035,9.131
3.840,2.053,9.180
3.850,2.053,9.229
3.860,2.062,9.326
3.870,2.066,9.326
3.880,2.079,9.424
3.890,2.079,9.424
3.900,2.093,9.521
3.910,2.093,9.570
3.920,2.093,9.570
3.930,2.106,9.619
3.940,2.111,9.619
3.950,2.115,9.717
3.960,2.120,9.766
3.970,2.129,9.766
3.980,2.129,9.863
3.990,2.133,9.863
4.000,2.156,9.912
4.010,2.151,9.961
4.020,2.156,9.961
4.030,2.165,10.059
4.040,2.169,10.059
4.050,2.169,10.107
4.060,2.183,10.156
4.070,2.187,10.254
4.080,2.196,10.303
4.090,2.196,10.352
4.100,2.214,10.449
4.110,2.223,10.498
4.120,2.223,10.547
4.130,2.232,10.547
4.140,2.232,10.645
4.150,2.241,10.645
4.160,2.246,10.693
4.170,2.250,10.742
4.180,2.264,10.840
4.190,2.264,10.791
4.200,2.277,10.889
4.210,2.277,10.986
4.220,2.277,10.986
4.230,2.282,10.986
4.240,2.295,11.084
4.250,2.295,11.133
4.260,2.308,11.182
4.270,2.308,11.182
4.280,2.326,11.279
4.290,2.322,11.328
4.300,2.326,11.328
4.310,2.335,11.426
4.320,2.344,11.475
4.330,2.353,11.572
4.340,2.353,11.572
4.350,2.367,11.621
4.360,2.371,11.719
4.370,2.376,11.719
4.380,2.380,11.768
4.390,2.385,11.865
4.400,2.389,11.914
4.410,2.398,11.963
4.420,2.398,12.012
4.430,2.412,12.061
4.440,2.412,12.109
4.450,2.421,12.158
4.460,2.421,12.207
4.470,2.439,12.305
4.480,2.443,12.402
4.490,2.443,12.402
4.500,2.452,12.451
4.510,2.466,12.549
4.520,2.470,12.598
4.530,2.470,12.598
4.540,2.479,12.695
4.550,2.488,12.744
4.560,2.497,12.793
4.570,2.493,12.842
4.580,2.511,12.939
4.590,2.511,12.988
4.600,2.515,12.988
4.610,2.528,13.086
4.620,2.524,13.184
4.630,2.528,13.135
4.640,2.546,13.281
4.650,2.546,13.330
4.660,2.546,13.330
4.670,2.555,13.379
4.680,2.555,13.428
4.690,2.582,13.525
4.700,2.582,13.623
4.710,2.582,13.672
4.720,2.591,13.672
4.730,2.596,13.721
4.740,2.596,13.867
4.750,2.600,13.867
4.760,2.614,13.965
4.770,2.618,14.014
4.780,2.632,14.063
4.790,2.632,14.160
4.800,2.636,14.160
4.810,2.645,14.209
4.820,2.650,14.258
4.830,2.663,14.355
4.840,2.663,14.404
4.850,2.663,14.404
4.860,2.677,14.551
4.870,2.681,14.600
4.880,2.681,14.600
4.890,2.695,14.697
4.900,2.699,14.746
4.910,2.704,14.844
4.920,2.704,14.893
4.930,2.717,14.941
4.940,2.717,14.990
4.950,2.731,15.039
4.960,2.735,15.088
4.970,2.753,15.186
4.980,2.748,15.283
4.990,2.753,15.283
5.000,2.762,15.381
5.010,2.762,15.381
5.020,2.775,15.527
5.030,2.775,15.576
5.040,2.784,15.625
5.050,2.784,15.674
5.060,2.793,15.674
5.070,2.793,15.771
5.080,2.807,15.820
5.090,2.811,15.869
5.100,2.820,15.918
5.110,2.825,16.016
5.120,2.843,16.064
5.130,2.838,16.162
5.140,2.847,16.211
5.150,2.856,16.309
5.160,2.861,16.357
5.170,2.865,16.455
5.180,2.870,16.504
5.190,2.879,16.602
5.200,2.888,16.553
5.210,2.883,16.650
5.220,2.892,16.650
5.230,2.901,16.748
5.240,2.906,16.797
5.250,2.919,16.895
5.260,2.919,16.943
5.270,2.924,17.041
5.280,2.933,17.041
5.290,2.933,17.090
5.300,2.951,17.188
5.310,2.946,17.236
5.320,2.968,17.432
5.330,2.968,17.432
5.340,2.968,17.480
5.350,2.977,17.480
5.360,2.991,17.627
5.370,2.991,17.627
5.380,2.991,17.725
5.390,2.995,17.725
5.400,3.000,17.822
5.410,3.013,17.871
5.420,3.009,17.969
5.430,3.027,18.066
5.440,3.031,18.115
5.450,3.031,18.066
5.460,3.040,18.213
5.470,3.040,18.262
5.480,3.058,18.311
5.490,3.058,18.359
5.500,3.072,18.457
5.510,3.067,18.506
5.520,3.076,18.604
5.530,3.094,18.652
5.540,3.090,18.750
5.550,3.112,18.848
5.560,3.112,18.848
5.570,3.112,18.896
5.580,3.112,18.945
5.590,3.135,19.043
5.600,3.130,19.092
5.610,3.135,19.189
5.620,3.148,19.238
5.630,3.153,19.287
5.640,3.157,19.385
5.650,3.157,19.434
5.660,3.175,19.482
5.670,3.175,19.580
5.680,3.179,19.580
5.690,3.184,19.580
5.700,3.197,19.678
5.710,3.197,19.775
5.720,3.202,19.824
5.730,3.211,19.922
5.740,3.215,19.971
5.750,3.229,20.068
5.760,3.229,20.117
5.770,3.238,20.166
5.780,3.233,20.215
5.790,3.256,20.313
5.800,3.260,20.361
5.810,3.260,20.410
5.820,3.269,20.508
5.830,3.265,20.557
5.840,3.278,20.605
5.850,3.278,20.605
5.860,3.287,20.703
5.870,3.296,20.752
5.880,3.301,20.898
5.890,3.305,20.898
5.900,3.319,20.996
5.910,3.319,21.045
5.920,3.328,21.143
5.930,3.323,21.191
5.940,3.350,21.289
5.950,3.350,21.338
5.960,3.350,21.387
5.970,3.359,21.484
5.980,3.359,21.484
5.990,3.373,21.582
6.000,3.373,21.631
6.010,3.386,21.680
6.020,3.386,21.729
6.030,3.399,21.875
6.040,3.404,21.924
6.050,3.404,21.973
6.060,3.413,22.021
6.070,3.417,22.070
6.080,3.426,22.119
6.090,3.431,22.217
6.100,3.444,22.217
6.110,3.440,22.314
6.120,3.462,22.412
6.130,3.458,22.559
6.140,3.458,22.510
6.150,3.480,22.656
6.160,3.485,22.803
6.170,3.480,22.852
6.180,3.489,22.852
6.190,3.498,22.852
6.200,3.498,22.949
6.210,3.512,22.998
6.220,3.512,23.096
6.230,3.525,23.145
6.240,3.521,23.145
6.250,3.534,23.193
6.260,3.539,23.291
6.270,3.548,23.340
6.280,3.548,23.438
6.290,3.566,23.535
6.300,3.566,23.584
6.310,3.561,23.584
6.320,3.570,23.633
6.330,3.584,23.682
6.340,3.584,23.779
6.350,3.588,23.779
6.360,3.611,23.975
6.370,3.611,24.023
6.380,3.606,24.023
6.390,3.615,24.072
6.400,3.619,24.121
6.410,3.628,24.219
6.420,3.637,24.268
6.430,3.642,24.316
6.440,3.642,24.365
6.450,3.651,24.463
6.460,3.651,24.463
6.470,3.660,24.512
6.480,3.664,24.561
6.490,3.673,24.609
6.500,3.673,24.707
6.510,3.696,24.805
6.520,3.700,24.854
6.530,3.696,24.854
6.540,3.714,24.951
6.550,3.709,25.049
6.560,3.718,25.146
6.570,3.718,25.146
6.580,3.732,25.244
6.590,3.736,25.342
6.600,3.745,25.391
6.610,3.745,25.488
6.620,3.763,25.488
6.630,3.763,25.586
6.640,3.772,25.586
6.650,3.768,25.635
6.660,3.790,25.732
6.670,3.786,25.781
6.680,3.799,25.830
6.690,3.795,25.879
6.700,3.813,25.977
6.710,3.813,26.025
6.720,3.817,26.074
6.730,3.817,26.123
6.740,3.835,26.172
6.750,3.839,26.270
6.760,3.839,26.318
6.770,3.844,26.367
6.780,3.862,26.465
6.790,3.866,26.514
6.800,3.862,26.563
6.810,3.871,26.611
6.820,3.889,26.660
6.830,3.889,26.709
6.840,3.889,26.758
6.850,3.898,26.807
6.860,3.898,26.855
6.870,3.902,26.904
6.880,3.907,26.953
6.890,3.925,27.051
6.900,3.925,27.051
6.910,3.934,27.148
6.920,3.938,27.148
6.930,3.943,27.197
6.940,3.943,27.246
6.950,3.956,27.344
6.960,3.961,27.393
6.970,3.965,27.441
6.980,3.974,27.490
6.990,3.983,27.588
7.000,3.988,27.588
7.010,3.992,27.686
7.020,3.992,27.734
7.030,4.010,27.832
7.040,4.019,27.881
7.050,4.015,27.930
7.060,4.028,27.979
7.070,4.028,28.027
7.080,4.033,28.125
7.090,4.037,28.125
7.100,4.050,28.174
7.110,4.046,28.223
7.120,4.064,28.320
7.130,4.064,28.369
7.140,4.082,28.467
7.150,4.086,28.467
7.160,4.086,28.564
7.170,4.091,28.564
7.180,4.095,28.613
7.190,4.118,28.760
7.200,4.122,28.857
7.210,4.118,28.857
7.220,4.127,28.857
7.230,4.131,28.906
7.240,4.131,28.955
7.250,4.149,29.053
7.260,4.145,29.102
7.270,4.154,29.150
7.280,4.158,29.150
7.290,4.163,29.248
7.300,4.176,29.297
7.310,4.172,29.346
7.320,4.190,29.395
7.330,4.190,29.492
7.340,4.194,29.492
7.350,4.208,29.541
7.360,4.203,29.590
7.370,4.221,29.688
7.380,4.221,29.736
7.390,4.221,29.785
7.400,4.239,29.834
7.410,4.239,29.932
7.420,4.248,29.980
7.430,4.248,29.980
7.440,4.266,30.078
7.450,4.262,30.078
7.460,4.275,30.127
7.470,4.275,30.176
7.480,4.288,30.225
7.490,4.293,30.322
7.500,4.293,30.371
7.510,4.302,30.420
7.520,4.302,30.420
7.530,4.320,30.518
7.540,4.320,30.566
7.550,4.329,30.615
7.560,4.329,30.615
7.570,4.347,30.664
7.580,4.338,30.713
7.590,4.351,30.762
7.600,4.351,30.762
7.610,4.369,30.908
7.620,4.369,30.957
7.630,4.369,30.957
7.640,4.392,31.006
7.650,4.392,31.104
7.660,4.401,31.104
7.670,4.396,31.152
7.680,4.410,31.201
7.690,4.405,31.250
7.700,4.419,31.348
7.710,4.428,31.348
7.720,4.432,31.396
7.730,4.432,31.445
7.740,4.450,31.494
7.750,4.450,31.494
7.760,4.455,31.543
7.770,4.468,31.592
7.780,4.459,31.689
7.790,4.477,31.787
7.800,4.486,31.836
7.810,4.486,31.836
7.820,4.495,31.885
7.830,4.499,31.885
7.840,4.508,31.982
7.850,4.508,31.982
7.860,4.522,32.031
7.870,4.522,32.129
7.880,4.531,32.178
7.890,4.531,32.178
7.900,4.549,32.275
7.910,4.549,32.275
7.920,4.553,32.275
7.930,4.558,32.373
7.940,4.562,32.422
7.950,4.576,32.520
7.960,4.580,32.520
7.970,4.585,32.568
7.980,4.585,32.617
7.990,4.594,32.666
8.000,4.598,32.715
8.010,4.603,32.715
8.020,4.612,32.764
8.030,4.616,32.813
8.040,4.634,32.910
8.050,4.630,32.910
8.060,4.643,33.008
8.070,4.643,33.057
8.080,4.657,33.105
8.090,4.657,33.105
8.100,4.670,33.154
8.110,4.666,33.252
8.120,4.675,33.252
8.130,4.684,33.301
8.140,4.684,33.350
8.150,4.688,33.350
8.160,4.702,33.447
8.170,4.710,33.447
8.180,4.710,33.545
8.190,4.715,33.545
8.200,4.724,33.594
8.210,4.728,33.594
8.220,4.742,33.594
8.230,4.746,33.740
8.240,4.751,33.740
8.250,4.751,33.789
8.260,4.769,33.838
8.270,4.769,33.936
8.280,4.773,33.936
8.290,4.778,33.984
8.300,4.791,34.033
8.310,4.791,34.033
8.320,4.800,34.082
8.330,4.800,34.180
8.340,4.809,34.131
8.350,4.818,34.229
8.360,4.818,34.229
8.370,4.832,34.326
8.380,4.832,34.326
8.390,4.836,34.375
8.400,4.845,34.424
8.410,4.854,34.424
8.420,4.859,34.473
8.430,4.854,34.473
8.440,4.868,34.570
8.450,4.872,34.619
8.460,4.890,34.668
8.470,4.890,34.717
8.480,4.895,34.668
8.490,4.899,34.717
8.500,4.904,34.814
8.510,4.913,34.766
8.520,4.922,34.863
8.530,4.922,34.863
8.540,4.935,34.863
8.550,4.935,34.961
8.560,4.948,35.010
8.570,4.953,35.059
8.580,4.962,35.107
8.590,4.966,35.156
8.600,4.962,35.156
8.610,4.975,35.254
8.620,4.971,35.254
8.630,4.989,35.303
8.640,4.989,35.352
8.650,5.007,35.400
8.660,5.002,35.449
8.670,5.011,35.498
8.680,5.025,35.498
8.690,5.029,35.547
8.700,5.029,35.547
8.710,5.047,35.645
8.720,5.047,35.645
8.730,5.047,35.693
8.740,5.056,35.742
8.750,5.061,35.742
8.760,5.065,35.791
8.770,5.070,35.840
8.780,5.074,35.840
8.790,5.088,35.938
8.800,5.088,35.986
8.810,5.097,35.986
8.820,5.097,35.986
8.830,5.110,36.035
8.840,5.124,36.084
8.850,5.124,36.133
8.860,5.128,36.182
8.870,5.137,36.182
8.880,5.137,36.230
8.890,5.150,36.279
8.900,5.155,36.279
8.910,5.164,36.328
8.920,5.164,36.328
8.930,5.177,36.377
8.940,5.173,36.426
8.950,5.186,36.475
8.960,5.182,36.523
8.970,5.195,36.572
8.980,5.195,36.621
8.990,5.209,36.621
9.000,5.213,36.621
9.010,5.227,36.719
9.020,5.227,36.719
9.030,5.231,36.719
9.040,5.236,36.816
9.050,5.240,36.816
9.060,5.245,36.865
9.070,5.258,36.865
9.080,5.258,36.865
9.090,5.263,36.963
9.100,5.267,36.963
9.110,5.281,36.963
9.120,5.281,37.061
9.130,5.290,37.061
9.140,5.299,37.061
9.150,5.299,37.109
9.160,5.308,37.158
9.170,5.308,37.207
9.180,5.321,37.207
9.190,5.326,37.256
9.200,5.330,37.305
9.210,5.344,37.305
9.220,5.344,37.354
9.230,5.353,37.402
9.240,5.357,37.402
9.250,5.362,37.451
9.260,5.370,37.500
9.270,5.379,37.500
9.280,5.388,37.598
9.290,5.393,37.646
9.300,5.397,37.598
9.310,5.402,37.646
9.320,5.406,37.695
9.330,5.415,37.744
9.340,5.415,37.744
9.350,5.429,37.842
9.360,5.429,37.842
9.370,5.433,37.842
9.380,5.438,37.891
9.390,5.451,37.939
9.400,5.460,37.988
9.410,5.465,38.037
9.420,5.465,38.037
9.430,5.469,38.037
9.440,5.474,38.037
9.450,5.483,38.135
9.460,5.483,38.086
9.470,5.496,38.184
9.480,5.505,38.281
9.490,5.510,38.281
9.500,5.514,38.330
9.510,5.519,38.330
9.520,5.528,38.281
9.530,5.532,38.379
9.540,5.537,38.379
9.550,5.546,38.428
9.560,5.541,38.477
9.570,5.555,38.525
9.580,5.559,38.525
9.590,5.564,38.574
9.600,5.568,38.574
9.610,5.577,38.574
9.620,5.577,38.623
9.630,5.581,38.623
9.640,5.595,38.672
9.650,5.599,38.721
9.660,5.599,38.721
9.670,5.608,38.770
9.680,5.608,38.818
9.690,5.617,38.818
9.700,5.626,38.818
9.710,5.617,38.867
9.720,5.617,38.867
9.730,5.617,38.867
9.740,5.613,38.867
9.750,5.617,38.916
9.760,5.613,38.916
9.770,5.617,38.916
9.780,5.617,38.867
9.790,5.617,38.916
9.800,5.622,38.916
9.810,5.617,38.916
9.820,5.617,38.965
9.830,5.617,38.965
9.840,5.617,38.916
9.850,5.617,38.916
9.860,5.617,38.916
9.870,5.617,38.916
9.880,5.617,38.965
9.890,5.617,38.916
9.900,5.613,38.965
9.910,5.613,38.965
9.920,5.608,38.965
9.930,5.613,39.014
9.940,5.617,39.014
9.950,5.613,39.014
9.960,5.613,39.014
9.970,5.617,39.014
9.980,5.613,39.014
9.990,5.613,38.965
10.000,5.613,39.063
9.990,5.617,39.063
9.980,5.613,39.014
9.970,5.613,39.014
9.960,5.613,39.014
9.950,5.613,39.063
9.940,5.613,39.063
9.930,5.608,39.063
9.920,5.608,39.063
9.910,5.608,39.063
9.900,5.608,39.063
9.890,5.608,39.111
9.880,5.613,39.063
9.870,5.608,39.111
9.860,5.604,39.111
9.850,5.608,39.111
9.840,5.608,39.063
9.830,5.608,39.063
9.820,5.608,39.063
9.810,5.608,39.063
9.800,5.608,39.063
9.790,5.608,39.111
9.780,5.608,39.111
9.770,5.604,39.063
9.760,5.604,39.111
9.750,5.608,39.111
9.740,5.604,39.111
9.730,5.599,39.111
9.720,5.599,39.111
9.710,5.604,39.111
9.700,5.604,39.111
9.690,5.604,39.160
9.680,5.604,39.111
9.670,5.599,39.111
9.660,5.608,39.111
9.650,5.595,39.111
9.640,5.604,39.160
9.630,5.604,39.160
9.620,5.604,39.160
9.610,5.604,39.160
9.600,5.604,39.111
9.590,5.604,39.111
9.580,5.608,39.160
9.570,5.599,39.160
9.560,5.604,39.111
9.550,5.599,39.209
9.540,5.590,39.160
9.530,5.586,39.160
9.520,5.577,39.160
9.510,5.577,39.160
9.500,5.568,39.111
9.490,5.564,39.160
9.480,5.559,39.111
9.470,5.546,39.209
9.460,5.541,39.209
9.450,5.537,39.160
9.440,5.532,39.160
9.430,5.528,39.160
9.420,5.519,39.160
9.410,5.523,39.209
9.400,5.501,39.160
9.390,5.505,39.160
9.380,5.496,39.209
9.370,5.496,39.160
9.360,5.478,39.160
9.350,5.478,39.160
9.340,5.474,39.160
9.330,5.469,39.160
9.320,5.460,39.160
9.310,5.456,39.063
9.300,5.447,39.063
9.290,5.451,39.063
9.280,5.433,39.014
9.270,5.433,39.014
9.260,5.420,39.014
9.250,5.424,39.014
9.240,5.406,38.965
9.230,5.406,38.916
9.220,5.393,38.965
9.210,5.397,38.916
9.200,5.384,38.916
9.190,5.384,38.867
9.180,5.370,38.916
9.170,5.366,38.867
9.160,5.362,38.818
9.150,5.357,38.818
9.140,5.348,38.770
9.130,5.348,38.818
9.120,5.335,38.721
9.110,5.335,38.721
9.100,5.321,38.721
9.090,5.321,38.672
9.080,5.303,38.672
9.070,5.308,38.672
9.060,5.294,38.623
9.050,5.290,38.623
9.040,5.281,38.623
9.030,5.281,38.623
9.020,5.272,38.574
9.010,5.272,38.574
9.000,5.258,38.525
8.990,5.263,38.477
8.980,5.245,38.525
8.970,5.240,38.477
8.960,5.236,38.477
8.950,5.231,38.477
8.940,5.222,38.428
8.930,5.218,38.428
8.920,5.213,38.379
8.910,5.204,38.379
8.900,5.200,38.379
8.890,5.200,38.330
8.880,5.186,38.281
8.870,5.186,38.281
8.860,5.177,38.232
8.850,5.168,38.232
8.840,5.168,38.232
8.830,5.150,38.184
8.820,5.155,38.232
8.810,5.137,38.184
8.800,5.137,38.135
8.790,5.133,38.086
8.780,5.128,38.037
8.770,5.128,38.086
8.760,5.115,38.037
8.750,5.106,37.988
8.740,5.101,38.037
8.730,5.097,37.988
8.720,5.101,37.988
8.710,5.088,37.939
8.700,5.079,37.939
8.690,5.074,37.891
8.680,5.061,37.891
8.670,5.065,37.842
8.660,5.052,37.842
8.650,5.052,37.842
8.640,5.038,37.793
8.630,5.043,37.744
8.620,5.034,37.695
8.610,5.025,37.695
8.600,5.011,37.695
8.590,5.016,37.646
8.580,4.998,37.598
8.570,4.998,37.598
8.560,4.989,37.598
8.550,4.989,37.598
8.540,4.980,37.598
8.530,4.980,37.500
8.520,4.962,37.500
8.510,4.962,37.500
8.500,4.957,37.402
8.490,4.953,37.402
8.480,4.939,37.402
8.470,4.944,37.354
8.460,4.930,37.305
8.450,4.926,37.354
8.440,4.922,37.256
8.430,4.917,37.305
8.420,4.899,37.207
8.410,4.899,37.207
8.400,4.895,37.158
8.390,4.886,37.207
8.380,4.881,37.109
8.370,4.886,37.109
8.360,4.868,37.109
8.350,4.863,37.061
8.340,4.859,37.012
8.330,4.859,37.061
8.320,4.845,36.963
8.310,4.845,36.963
8.300,4.832,36.963
8.290,4.836,36.963
8.280,4.818,36.865
8.270,4.818,36.865
8.260,4.809,36.816
8.250,4.809,36.816
8.240,4.796,36.768
8.230,4.791,36.768
8.220,4.782,36.719
8.210,4.782,36.719
8.200,4.764,36.670
8.190,4.764,36.670
8.180,4.764,36.621
8.170,4.755,36.621
8.160,4.751,36.572
8.150,4.742,36.572
8.140,4.737,36.523
8.130,4.733,36.475
8.120,4.719,36.475
8.110,4.715,36.426
8.100,4.710,36.377
8.090,4.706,36.377
8.080,4.702,36.328
8.070,4.697,36.328
8.060,4.684,36.279
8.050,4.684,36.279
8.040,4.675,36.230
8.030,4.670,36.230
8.020,4.657,36.182
8.010,4.657,36.133
8.000,4.643,36.084
7.990,4.643,36.084
7.980,4.630,36.035
7.970,4.630,36.035
7.960,4.625,35.986
7.950,4.621,35.986
7.940,4.612,35.938
7.930,4.607,35.889
7.920,4.594,35.889
7.910,4.594,35.840
7.900,4.589,35.791
7.890,4.585,35.742
7.880,4.571,35.693
7.870,4.571,35.693
7.860,4.562,35.693
7.850,4.562,35.693
7.840,4.553,35.596
7.830,4.549,35.547
7.820,4.535,35.596
7.810,4.531,35.547
7.800,4.522,35.449
7.790,4.526,35.498
7.780,4.508,35.400
7.770,4.513,35.400
7.760,4.495,35.352
7.750,4.499,35.352
7.740,4.486,35.303
7.730,4.486,35.303
7.720,4.473,35.254
7.710,4.473,35.205
7.700,4.464,35.205
7.690,4.464,35.156
7.680,4.455,35.156
7.670,4.455,35.107
7.660,4.437,35.059
7.650,4.437,35.010
7.640,4.428,35.010
7.630,4.428,35.010
7.620,4.419,34.912
7.610,4.414,34.912
7.600,4.401,34.863
7.590,4.401,34.814
7.580,4.387,34.814
7.570,4.392,34.766
7.560,4.369,34.717
7.550,4.383,34.668
7.540,4.360,34.619
7.530,4.356,34.619
7.520,4.351,34.570
7.510,4.347,34.570
7.500,4.338,34.521
7.490,4.333,34.473
7.480,4.324,34.473
7.470,4.329,34.424
7.460,4.315,34.375
7.450,4.315,34.326
7.440,4.302,34.277
7.430,4.302,34.326
7.420,4.293,34.277
7.410,4.297,34.229
7.400,4.284,34.180
7.390,4.275,34.180
7.380,4.270,34.131
7.370,4.262,34.033
7.360,4.257,34.033
7.350,4.248,34.033
7.340,4.244,33.984
7.330,4.235,33.887
7.320,4.230,33.887
7.310,4.226,33.838
7.300,4.221,33.838
7.290,4.212,33.838
7.280,4.208,33.740
7.270,4.199,33.691
7.260,4.194,33.691
7.250,4.190,33.643
7.240,4.185,33.643
7.230,4.176,33.545
7.220,4.176,33.545
7.210,4.163,33.447
7.200,4.163,33.447
7.190,4.149,33.398
7.180,4.145,33.398
7.170,4.140,33.350
7.160,4.127,33.301
7.150,4.131,33.301
7.140,4.122,33.252
7.130,4.113,33.252
7.120,4.109,33.203
7.110,4.104,33.105
7.100,4.100,33.105
7.090,4.095,33.105
7.080,4.077,33.008
7.070,4.082,32.959
7.060,4.068,32.959
7.050,4.064,32.910
7.040,4.055,32.813
7.030,4.050,32.813
7.020,4.042,32.764
7.010,4.042,32.715
7.000,4.033,32.666
6.990,4.033,32.666
6.980,4.019,32.617
6.970,4.015,32.568
6.960,4.010,32.520
6.950,4.006,32.520
6.940,3.992,32.422
6.930,3.992,32.422
6.920,3.983,32.373
6.910,3.983,32.373
6.900,3.970,32.275
6.890,3.965,32.227
6.880,3.961,32.227
6.870,3.947,32.178
6.860,3.947,32.080
6.850,3.947,32.031
6.840,3.938,32.031
6.830,3.934,31.982
6.820,3.925,31.934
6.810,3.925,31.885
6.800,3.911,31.934
6.790,3.911,31.836
6.780,3.902,31.787
6.770,3.898,31.689
6.760,3.889,31.689
6.750,3.884,31.689
6.740,3.875,31.592
6.730,3.871,31.641
6.720,3.862,31.543
6.710,3.862,31.494
6.700,3.844,31.445
6.690,3.844,31.396
6.680,3.839,31.396
6.670,3.835,31.299
6.660,3.826,31.299
6.650,3.826,31.201
6.640,3.808,31.201
6.630,3.808,31.152
6.620,3.799,31.104
6.610,3.804,31.104
6.600,3.790,31.055
6.590,3.786,31.006
6.580,3.781,30.957
6.570,3.772,30.908
6.560,3.759,30.908
6.550,3.759,30.811
6.540,3.750,30.762
6.530,3.745,30.713
6.520,3.741,30.664
6.510,3.732,30.615
6.500,3.727,30.566
6.490,3.723,30.518
6.480,3.709,30.518
6.470,3.709,30.518
6.460,3.700,30.371
6.450,3.691,30.371
6.440,3.687,30.322
6.430,3.687,30.273
6.420,3.678,30.225
6.410,3.673,30.225
6.400,3.669,30.176
6.390,3.660,30.127
6.380,3.646,30.127
6.370,3.646,30.029
6.360,3.642,29.980
6.350,3.633,29.932
6.340,3.624,29.883
6.330,3.624,29.785
6.320,3.615,29.736
6.310,3.615,29.736
6.300,3.606,29.688
6.290,3.597,29.590
6.280,3.593,29.541
6.270,3.588,29.541
6.260,3.584,29.492
6.250,3.575,29.443
6.240,3.575,29.395
6.230,3.557,29.395
6.220,3.557,29.346
6.210,3.552,29.297
6.200,3.543,29.248
6.190,3.534,29.150
6.180,3.534,29.102
6.170,3.530,29.004
6.160,3.525,28.955
6.150,3.516,28.955
6.140,3.498,28.906
6.130,3.503,28.857
6.120,3.498,28.760
6.110,3.489,28.711
6.100,3.485,28.711
6.090,3.476,28.613
6.080,3.467,28.613
6.070,3.462,28.564
6.060,3.458,28.516
6.050,3.453,28.467
6.040,3.444,28.418
6.030,3.440,28.369
6.020,3.431,28.271
6.010,3.435,28.271
6.000,3.417,28.223
5.990,3.413,28.174
5.980,3.408,28.076
5.970,3.408,28.076
5.960,3.395,27.979
5.950,3.395,27.979
5.940,3.386,27.881
5.930,3.373,27.881
5.920,3.373,27.783
5.910,3.359,27.734
5.900,3.364,27.686
5.890,3.355,27.588
5.880,3.346,27.588
5.870,3.341,27.490
5.860,3.337,27.490
5.850,3.328,27.441
5.840,3.319,27.393
5.830,3.310,27.295
5.820,3.310,27.295
5.810,3.301,27.197
5.800,3.301,27.148
5.790,3.287,27.100
5.780,3.283,27.051
5.770,3.278,27.002
5.760,3.278,26.953
5.750,3.269,26.904
5.740,3.269,26.904
5.730,3.256,26.807
5.720,3.247,26.709
5.710,3.247,26.709
5.700,3.238,26.611
5.690,3.229,26.563
5.680,3.224,26.563
5.670,3.220,26.514
5.660,3.215,26.367
5.650,3.206,26.318
5.640,3.197,26.270
5.630,3.193,26.221
5.620,3.184,26.221
5.610,3.179,26.123
5.600,3.171,26.123
5.590,3.171,25.977
5.580,3.166,25.977
5.570,3.157,25.879
5.560,3.153,25.879
5.550,3.144,25.732
5.540,3.139,25.732
5.530,3.135,25.635
5.520,3.126,25.586
5.510,3.121,25.586
5.500,3.117,25.488
5.490,3.103,25.439
5.480,3.094,25.342
5.470,3.090,25.293
5.460,3.081,25.244
5.450,3.076,25.146
5.440,3.081,25.146
5.430,3.063,25.098
5.420,3.063,25.000
5.410,3.054,24.951
5.400,3.054,24.951
5.390,3.045,24.854
5.380,3.036,24.805
5.370,3.036,24.707
5.360,3.022,24.707
5.350,3.022,24.658
5.340,3.013,24.609
5.330,3.009,24.512
5.320,3.000,24.463
5.310,2.991,24.414
5.300,2.986,24.365
5.290,2.982,24.268
5.280,2.977,24.219
5.270,2.973,24.170
5.260,2.959,24.023
5.250,2.955,23.975
5.240,2.955,24.023
5.230,2.946,23.877
5.220,2.937,23.877
5.210,2.933,23.779
5.200,2.928,23.730
5.190,2.919,23.682
5.180,2.915,23.584
5.170,2.906,23.535
5.160,2.906,23.535
5.150,2.897,23.389
5.140,2.892,23.340
5.130,2.888,23.340
5.120,2.879,23.291
5.110,2.870,23.193
5.100,2.870,23.047
5.090,2.852,22.998
5.080,2.852,22.949
5.070,2.843,22.900
5.060,2.838,22.852
5.050,2.834,22.754
5.040,2.829,22.705
5.030,2.820,22.607
5.020,2.811,22.559
5.010,2.807,22.607
5.000,2.807,22.412
4.990,2.793,22.412
4.980,2.793,22.363
4.970,2.789,22.314
4.960,2.780,22.217
4.950,2.771,22.217
4.940,2.771,22.119
4.930,2.757,22.021
4.920,2.753,22.021
4.910,2.748,21.924
4.900,2.744,21.875
4.890,2.735,21.777
4.880,2.731,21.729
4.870,2.726,21.680
4.860,2.717,21.631
4.850,2.708,21.533
4.840,2.704,21.484
4.830,2.695,21.387
4.820,2.690,21.289
4.810,2.686,21.289
4.800,2.681,21.191
4.790,2.677,21.191
4.780,2.668,21.143
4.770,2.668,21.045
4.760,2.654,20.947
4.750,2.654,20.898
4.740,2.645,20.850
4.730,2.636,20.801
4.720,2.636,20.752
4.710,2.627,20.703
4.700,2.618,20.557
4.690,2.614,20.508
4.680,2.609,20.459
4.670,2.600,20.410
4.660,2.596,20.264
4.650,2.591,20.264
4.640,2.582,20.166
4.630,2.578,20.117
4.620,2.569,20.068
4.610,2.569,19.971
4.600,2.560,19.873
4.590,2.551,19.873
4.580,2.546,19.775
4.570,2.542,19.727
4.560,2.528,19.629
4.550,2.528,19.580
4.540,2.524,19.531
4.530,2.515,19.434
4.520,2.515,19.434
4.510,2.506,19.287
4.500,2.497,19.238
4.490,2.493,19.189
4.480,2.488,19.092
4.470,2.475,19.043
4.460,2.470,18.945
4.450,2.475,18.896
4.440,2.461,18.896
4.430,2.457,18.701
4.420,2.448,18.701
4.410,2.443,18.604
4.400,2.434,18.604
4.390,2.425,18.457
4.380,2.421,18.457
4.370,2.421,18.408
4.360,2.416,18.311
4.350,2.403,18.262
4.340,2.403,18.213
4.330,2.398,18.164
4.320,2.389,18.066
4.310,2.380,18.018
4.300,2.371,17.969
4.290,2.367,17.871
4.280,2.367,17.871
4.270,2.362,17.773
4.260,2.349,17.676
4.250,2.349,17.627
4.240,2.340,17.529
4.230,2.326,17.480
4.220,2.326,17.432
4.210,2.322,17.334
4.200,2.313,17.285
4.190,2.308,17.188
4.180,2.304,17.188
4.170,2.299,17.041
4.160,2.291,17.041
4.150,2.286,16.943
4.140,2.282,16.895
4.130,2.277,16.846
4.120,2.268,16.797
4.110,2.259,16.748
4.100,2.255,16.699
4.090,2.255,16.553
4.080,2.250,16.553
4.070,2.237,16.455
4.060,2.232,16.357
4.050,2.223,16.309
4.040,2.214,16.260
4.030,2.214,16.211
4.020,2.205,16.113
4.010,2.201,16.064
4.000,2.196,15.967
3.990,2.187,15.918
3.980,2.183,15.869
3.970,2.178,15.820
3.960,2.169,15.723
3.950,2.165,15.625
3.940,2.160,15.625
3.930,2.156,15.527
3.920,2.142,15.527
3.910,2.133,15.430
3.900,2.133,15.381
3.890,2.124,15.283
3.880,2.120,15.186
3.870,2.115,15.137
3.860,2.111,15.137
3.850,2.102,15.039
3.840,2.093,14.990
3.830,2.088,14.893
3.820,2.079,14.844
3.810,2.075,14.795
3.800,2.066,14.746
3.790,2.062,14.697
3.780,2.057,14.551
3.770,2.053,14.502
3.760,2.044,14.453
3.750,2.035,14.404
3.740,2.030,14.307
3.730,2.026,14.258
3.720,2.026,14.209
3.710,2.017,14.111
3.700,2.017,14.063
3.690,2.008,14.014
3.680,1.994,13.916
3.670,1.994,13.916
3.660,1.985,13.818
3.650,1.981,13.770
3.640,1.972,13.672
3.630,1.967,13.525
3.620,1.958,13.477
3.610,1.954,13.477
3.600,1.949,13.428
3.590,1.936,13.330
3.580,1.931,13.232
3.570,1.927,13.232
3.560,1.927,13.184
3.550,1.922,13.135
3.540,1.909,13.037
3.530,1.904,12.988
3.520,1.895,12.939
3.510,1.895,12.891
3.500,1.886,12.842
3.490,1.886,12.744
3.480,1.882,12.744
3.470,1.873,12.646
3.460,1.864,12.646
3.450,1.855,12.500
3.440,1.846,12.451
3.430,1.842,12.402
3.420,1.837,12.354
3.410,1.833,12.256
3.400,1.819,12.256
3.390,1.815,12.158
3.380,1.810,12.109
3.370,1.806,12.109
3.360,1.792,12.061
3.350,1.792,11.914
3.340,1.779,11.914
3.330,1.779,11.865
3.320,1.779,11.768
3.310,1.774,11.768
3.300,1.761,11.670
3.290,1.756,11.621
3.280,1.752,11.572
3.270,1.747,11.523
3.260,1.738,11.475
3.250,1.738,11.475
3.240,1.725,11.426
3.230,1.720,11.279
3.220,1.716,11.279
3.210,1.707,11.182
3.200,1.702,11.182
3.190,1.693,11.084
3.180,1.684,11.084
3.170,1.689,11.035
3.160,1.675,10.938
3.150,1.671,10.840
3.140,1.662,10.840
3.130,1.653,10.742
3.120,1.653,10.742
3.110,1.648,10.645
3.100,1.640,10.596
3.090,1.635,10.547
3.080,1.631,10.498
3.070,1.626,10.449
3.060,1.613,10.400
3.050,1.613,10.352
3.040,1.599,10.303
3.030,1.599,10.254
3.020,1.586,10.156
3.010,1.581,10.107
3.000,1.577,10.059
2.990,1.572,10.010
2.980,1.568,9.961
2.970,1.563,9.912
2.960,1.559,9.912
2.950,1.550,9.814
2.940,1.545,9.717
2.930,1.536,9.717
2.920,1.527,9.668
2.910,1.523,9.619
2.900,1.523,9.619
2.890,1.514,9.570
2.880,1.505,9.473
2.870,1.500,9.424
2.860,1.496,9.424
2.850,1.482,9.375
2.840,1.478,9.277
2.830,1.478,9.277
2.820,1.464,9.229
2.810,1.460,9.131
2.800,1.460,9.082
2.790,1.451,9.033
2.780,1.446,8.984
2.770,1.428,8.936
2.760,1.433,8.887
2.750,1.420,8.887
2.740,1.411,8.838
2.730,1.411,8.789
2.720,1.406,8.740
2.710,1.402,8.740
2.700,1.393,8.643
2.690,1.393,8.643
2.680,1.384,8.594
2.670,1.379,8.496
2.660,1.370,8.496
2.650,1.366,8.398
2.640,1.366,8.398
2.630,1.352,8.350
2.620,1.348,8.350
2.610,1.343,8.252
2.600,1.334,8.203
2.590,1.330,8.154
2.580,1.325,8.105
2.570,1.312,8.057
2.560,1.312,8.008
2.550,1.303,7.959
2.540,1.303,7.959
2.530,1.294,7.910
2.520,1.285,7.861
2.510,1.276,7.861
2.500,1.271,7.764
2.490,1.267,7.715
2.480,1.258,7.715
2.470,1.253,7.617
2.460,1.249,7.617
2.450,1.244,7.568
2.440,1.231,7.520
2.430,1.231,7.471
2.420,1.222,7.422
2.410,1.222,7.422
2.400,1.213,7.324
2.390,1.204,7.275
2.380,1.200,7.227
2.370,1.186,7.227
2.360,1.182,7.178
2.350,1.177,7.129
2.340,1.168,7.080
2.330,1.168,7.080
2.320,1.159,6.982
2.310,1.159,6.982
2.300,1.146,6.982
2.290,1.132,6.836
2.280,1.141,6.836
2.270,1.132,6.787
2.260,1.123,6.787
2.250,1.114,6.689
2.240,1.114,6.641
2.230,1.110,6.641
2.220,1.096,6.592
2.210,1.096,6.543
2.200,1.087,6.543
2.190,1.083,6.494
2.180,1.069,6.494
2.170,1.069,6.396
2.160,1.065,6.396
2.150,1.060,6.348
2.140,1.051,6.348
2.130,1.042,6.299
2.120,1.042,6.250
2.110,1.033,6.201
2.100,1.029,6.152
2.090,1.020,6.104
2.080,1.015,6.104
2.070,1.011,6.055
2.060,1.002,6.006
2.050,0.993,5.957
2.040,0.988,5.957
2.030,0.984,5.908
2.020,0.980,5.811
2.010,0.975,5.859
2.000,0.966,5.762
1.990,0.966,5.762
1.980,0.957,5.713
1.970,0.948,5.713
1.960,0.939,5.664
1.950,0.939,5.615
1.940,0.930,5.615
1.930,0.921,5.518
1.920,0.921,5.518
1.910,0.912,5.469
1.900,0.903,5.420
1.890,0.894,5.420
1.880,0.890,5.371
1.870,0.885,5.322
1.860,0.885,5.322
1.850,0.872,5.273
1.840,0.867,5.225
1.830,0.858,5.225
1.820,0.858,5.127
1.810,0.849,5.127
1.800,0.836,5.078
1.790,0.831,5.078
1.780,0.827,4.980
1.770,0.818,4.980
1.760,0.813,4.980
1.750,0.809,4.932
1.740,0.800,4.883
1.730,0.795,4.883
1.720,0.786,4.834
1.710,0.782,4.785
1.700,0.777,4.785
1.690,0.773,4.785
1.680,0.764,4.736
1.670,0.760,4.639
1.660,0.755,4.639
1.650,0.746,4.590
1.640,0.742,4.590
1.630,0.742,4.541
1.620,0.733,4.541
1.610,0.724,4.492
1.600,0.719,4.443
1.590,0.710,4.395
1.580,0.706,4.395
1.570,0.697,4.346
1.560,0.692,4.346
1.550,0.683,4.297
1.540,0.683,4.297
1.530,0.674,4.248
1.520,0.661,4.199
1.510,0.661,4.150
1.500,0.656,4.150
1.490,0.652,4.102
1.480,0.643,4.102
1.470,0.629,4.053
1.460,0.638,4.004
1.450,0.625,4.004
1.440,0.620,3.955
1.430,0.611,3.906
1.420,0.607,3.955
1.410,0.602,3.906
1.400,0.589,3.857
1.390,0.589,3.857
1.380,0.589,3.760
1.370,0.575,3.760
1.360,0.566,3.760
1.350,0.562,3.711
1.340,0.566,3.662
1.330,0.548,3.662
1.320,0.535,3.564
1.310,0.540,3.564
1.300,0.531,3.564
1.290,0.526,3.564
1.280,0.517,3.516
1.270,0.513,3.516
1.260,0.504,3.467
1.250,0.499,3.467
1.240,0.495,3.369
1.230,0.498,3.369
1.220,0.495,3.320
1.210,0.489,3.320
1.200,0.483,3.271
1.190,0.480,3.223
1.180,0.480,3.223
1.170,0.474,3.174
1.160,0.471,3.125
1.150,0.468,3.125
1.140,0.462,3.125
1.130,0.453,3.076
1.120,0.450,3.076
1.110,0.450,3.076
1.100,0.442,3.027
1.090,0.439,2.979
1.080,0.439,2.979
1.070,0.433,2.930
1.060,0.430,2.930
1.050,0.424,2.930
1.040,0.418,2.881
1.030,0.415,2.832
1.020,0.415,2.832
1.010,0.409,2.783
1.000,0.406,2.734
0.990,0.400,2.734
0.980,0.400,2.734
0.970,0.394,2.686
0.960,0.388,2.637
0.950,0.382,2.637
0.940,0.379,2.588
0.930,0.376,2.588
0.920,0.373,2.588
0.910,0.368,2.490
0.900,0.365,2.490
0.890,0.362,2.490
0.880,0.359,2.441
0.870,0.350,2.393
0.860,0.347,2.393
0.850,0.344,2.393
0.840,0.341,2.393
0.830,0.335,2.344
0.820,0.335,2.295
0.810,0.329,2.246
0.800,0.323,2.295
0.790,0.317,2.197
0.780,0.314,2.246
0.770,0.311,2.197
0.760,0.305,2.148
0.750,0.305,2.148
0.740,0.299,2.100
0.730,0.297,2.051
0.720,0.294,2.100
0.710,0.288,2.051
0.700,0.282,2.051
0.690,0.276,2.002
0.680,0.273,1.953
0.670,0.267,1.953
0.660,0.258,1.904
0.650,0.258,1.904
0.640,0.258,1.904
0.630,0.255,1.855
0.620,0.252,1.855
0.610,0.249,1.855
0.600,0.246,1.758
0.590,0.243,1.758
0.580,0.237,1.758
0.570,0.231,1.709
0.560,0.228,1.660
0.550,0.222,1.709
0.540,0.220,1.611
0.530,0.214,1.660
0.520,0.205,1.563
0.510,0.205,1.563
0.500,0.202,1.514
0.490,0.199,1.514
0.480,0.193,1.465
0.470,0.187,1.465
0.460,0.187,1.465
0.450,0.184,1.465
0.440,0.181,1.465
0.430,0.181,1.416
0.420,0.169,1.367
0.410,0.172,1.416
0.400,0.166,1.367
0.390,0.166,1.318
0.380,0.163,1.270
0.370,0.157,1.318
0.360,0.157,1.270
0.350,0.148,1.270
0.340,0.143,1.221
0.330,0.137,1.172
0.320,0.131,1.172
0.310,0.131,1.172
0.300,0.119,1.123
0.290,0.119,1.123
0.280,0.113,1.074
0.270,0.110,1.025
0.260,0.107,1.074
0.250,0.104,1.025
0.240,0.101,1.025
0.230,0.095,0.977
0.220,0.092,0.928
0.210,0.086,0.928
0.200,0.083,0.928
0.190,0.077,0.928
0.180,0.074,0.879
0.170,0.071,0.879
0.160,0.069,0.879
0.150,0.066,0.830
0.140,0.060,0.830
0.130,0.057,0.781
0.120,0.048,0.781
0.110,0.048,0.781
0.100,-0.003,0.635
0.090,-0.003,0.537
0.080,0.000,0.537
0.070,-0.003,0.537
0.060,0.000,0.537
0.050,0.000,0.488
0.040,-0.003,0.537
0.030,0.000,0.488
0.020,0.000,0.537
0.010,-0.003,0.488
0.000,-0.003,0.537
