u[V],p[V],s[mm],p[bar]
0,-0.015,0,0
0.01,-0.015,0.049,0
0.02,-0.01,0,0
0.03,-0.015,0.049,0
0.04,-0.015,0,0
0.05,-0.01,0,0
0.06,-0.015,0.049,0
0.07,-0.015,0,0
0.08,-0.02,0.049,0
0.09,-0.015,0,0
0.1,-0.015,0,0
0.11,-0.015,0.049,0
0.12,-0.01,0,0
0.13,-0.015,0,0
0.14,-0.01,0,0
0.15,-0.01,0,0
0.16,-0.015,0,0
0.17,-0.015,0,0
0.18,-0.015,0.049,0
0.19,-0.015,0,0
0.2,-0.015,0.049,0
0.21,-0.015,0.049,0
0.22,-0.01,0,0
0.23,-0.01,0,0
0.24,-0.01,0.049,0
0.25,-0.015,0.049,0
0.26,-0.015,0,0
0.27,-0.015,0.049,0
0.28,-0.02,0,0
0.29,-0.015,0.049,0
0.3,-0.015,0,0
0.31,-0.015,0,0
0.32,-0.015,0,0
0.33,-0.015,0,0
0.34,-0.015,0.049,0
0.35,-0.01,0.049,0
0.36,-0.01,0,0
0.37,-0.015,0,0
0.38,-0.01,0.049,0
0.39,-0.015,0.049,0
0,0.82,-0.098,0
0.01,0.786,-0.146,0
0.02,0.796,-0.098,0
0.03,0.791,-0.146,0
0.04,0.796,-0.146,0
0.05,0.796,-0.146,0
0.06,0.791,-0.146,0
0.07,0.791,-0.146,0
0.08,0.796,-0.146,0
0.09,0.796,-0.098,0
0.1,0.796,-0.146,0
0.11,0.801,-0.098,0
0.12,0.796,-0.146,0
0.13,0.796,-0.146,0
0.14,0.796,-0.098,0
0.15,0.791,-0.146,0
0.16,0.791,-0.098,0
0.17,0.796,-0.195,0
0.18,0.801,-0.146,0
0.19,0.845,-0.098,0
0.2,0.854,-0.098,0
0.21,0.854,-0.098,0
0.22,0.854,-0.098,0
0.23,0.85,-0.146,0
0.24,0.859,-0.098,0
0.25,0.864,-0.146,0
0.26,0.869,-0.098,0
0.27,0.874,-0.146,0
0.28,0.884,-0.098,0
0.29,0.889,-0.098,0
0.3,0.898,-0.098,0
0.31,0.908,-0.098,0
0.32,0.918,-0.098,0
0.33,0.928,-0.049,0
0.34,0.928,-0.098,0
0.35,0.928,-0.049,0
0.36,0.947,-0.049,0
0.37,0.947,-0.049,0
0.38,0.947,-0.049,0
0.39,0.962,-0.049,0
0.4,0.967,0,0
0.41,0.972,-0.049,0
0.42,0.981,0,0
0.43,0.986,0,0
0.44,0.991,0,0
0.45,1.001,0.049,0
0.46,1.011,0,0
0.47,1.016,0.049,0
0.48,1.021,0,0
0.49,1.025,0.049,0
0.5,1.03,0,0
0.51,1.045,0.049,0
0.52,1.045,0.049,0
0.53,1.06,0.049,0
0.54,1.06,0.098,0
0.55,1.069,0.098,0
0.56,1.079,0.098,0
0.57,1.084,0.098,0
0.58,1.084,0.098,0
0.59,1.104,0.098,0
0,0.869,-0.098,0
0.01,0.786,-0.244,0
0,0.796,0.049,0
0.01,0.791,0.049,0
0.02,0.796,0.049,0
0.03,0.796,0.049,0
0.04,0.791,0,0
0.05,0.791,0,0
0.06,0.791,0.049,0
0.07,0.796,0,0
0.08,0.791,0,0
0.09,0.791,0.049,0
0.1,0.796,0,0
0.11,0.791,0,0
0.12,0.796,0,0
0.13,0.796,0,0
0.14,0.791,0,0
0.15,0.796,0,0
0.16,0.791,0,0
0.17,0.796,0.049,0
0.18,0.806,0,0
0.19,0.815,0,0
0.2,0.825,0,0
0.21,0.835,0.049,0
0.22,0.845,0,0
0.23,0.845,0,0
0.24,0.854,0.049,0
0.25,0.864,0.049,0
0.26,0.879,0.049,0
0.27,0.879,0.049,0
0.28,0.879,0.049,0
0.29,0.889,0,0
0.3,0.903,0.049,0
0.31,0.908,0.049,0
0.32,0.913,0.049,0
0.33,0.923,0.098,0
0.34,0.928,0.049,0
0.35,0.938,0.049,0
0.36,0.938,0.098,0
0.37,0.947,0.098,0
0.38,0.957,0.146,0
0.39,0.957,0.098,0
0.4,0.967,0.098,0
0.41,0.977,0.098,0
0.42,0.981,0.098,0
0.43,0.991,0.146,0
0.44,0.991,0.146,0
0.45,0.996,0.146,0
0.46,1.006,0.146,0
0.47,1.011,0.146,0
0.48,1.016,0.146,0
0.49,1.035,0.146,0
0.5,1.04,0.195,0
0.51,1.04,0.195,0
0.52,1.055,0.244,0
0.53,1.06,0.244,0
0.54,1.06,0.244,0
0.55,1.074,0.244,0
0.56,1.074,0.244,0
0.57,1.084,0.195,0
0.58,1.089,0.244,0
0.59,1.099,0.244,0
0.6,1.104,0.244,0
0.61,1.108,0.293,0
0.62,1.118,0.244,0.006200000000000205
0.63,1.133,0.293,0.01970000000000005
0.64,1.133,0.342,0.01970000000000005
0.65,1.138,0.293,0.0242
0.66,1.147,0.342,0.032299999999999995
0.67,1.152,0.342,0.036799999999999944
0.68,1.157,0.342,0.041300000000000114
0.69,1.162,0.342,0.04580000000000006
0.7,1.172,0.342,0.05479999999999996
0.71,1.182,0.342,0.06380000000000008
0.72,1.182,0.342,0.06380000000000008
0.73,1.191,0.391,0.07190000000000007
0.74,1.201,0.391,0.0809000000000002
0.75,1.206,0.391,0.08539999999999992
0.76,1.206,0.391,0.08539999999999992
0.77,1.216,0.342,0.09440000000000004
0.78,1.216,0.391,0.09440000000000004
0.79,1.235,0.391,0.11150000000000015
0.8,1.24,0.439,0.1160000000000001
0.81,1.245,0.488,0.12050000000000005
0.82,1.255,0.488,0.12949999999999995
0.83,1.26,0.439,0.13400000000000012
0.84,1.26,0.488,0.13400000000000012
0.85,1.274,0.488,0.14660000000000006
0.86,1.279,0.488,0.1511
0.87,1.284,0.488,0.15559999999999996
0.88,1.294,0.537,0.16460000000000008
0.89,1.294,0.537,0.16460000000000008
0.9,1.309,0.488,0.17809999999999993
0.91,1.313,0.586,0.18169999999999997
0.92,1.309,0.537,0.17809999999999993
0.93,1.328,0.586,0.19520000000000004
0.94,1.338,0.586,0.20420000000000016
0.95,1.333,0.635,0.1997
0.96,1.353,0.635,0.2177
0.97,1.353,0.635,0.2177
0.98,1.357,0.684,0.22130000000000005
0.99,1.367,0.684,0.23029999999999995
1,1.372,0.635,0.23480000000000012
1.01,1.382,0.684,0.24380000000000002
1.02,1.382,0.684,0.24380000000000002
1.03,1.392,0.684,0.2527999999999999
1.04,1.396,0.684,0.25639999999999996
1.05,1.416,0.732,0.2744
1.06,1.416,0.732,0.2744
1.07,1.416,0.684,0.2744
1.08,1.421,0.781,0.27890000000000015
1.09,1.445,0.781,0.3005
1.1,1.44,0.781,0.29600000000000004
1.11,1.445,0.732,0.3005
1.12,1.455,0.83,0.3095000000000001
1.13,1.46,0.83,0.31400000000000006
1.14,1.465,0.83,0.3185
1.15,1.484,0.83,0.3356000000000001
1.16,1.494,0.879,0.3446
1.17,1.494,0.879,0.3446
1.18,1.494,0.879,0.3446
1.19,1.509,0.928,0.35809999999999986
1.2,1.514,0.928,0.36260000000000003
1.21,1.514,0.879,0.36260000000000003
1.22,1.533,0.928,0.3796999999999999
1.23,1.528,0.928,0.3752
1.24,1.528,0.928,0.3752
1.25,1.548,0.977,0.3932
1.26,1.558,0.977,0.4022000000000001
1.27,1.558,0.977,0.4022000000000001
1.28,1.563,0.977,0.40670000000000006
1.29,1.567,1.025,0.4102999999999999
1.3,1.572,1.025,0.41480000000000006
1.31,1.582,1.025,0.4238000000000002
1.32,1.582,1.025,0.4238000000000002
1.33,1.592,1.074,0.4328000000000001
1.34,1.597,1.074,0.4373
1.35,1.611,1.074,0.44989999999999997
1.36,1.611,1.123,0.44989999999999997
1.37,1.626,1.074,0.46340000000000003
1.38,1.621,1.123,0.4589000000000001
1.39,1.626,1.123,0.46340000000000003
1.4,1.66,1.123,0.494
1.41,1.665,1.172,0.49850000000000017
1.42,1.665,1.221,0.49850000000000017
1.43,1.665,1.221,0.49850000000000017
1.44,1.665,1.221,0.49850000000000017
1.45,1.665,1.221,0.49850000000000017
1.46,1.689,1.27,0.5201
1.47,1.689,1.27,0.5201
1.48,1.699,1.27,0.5291000000000001
1.49,1.709,1.221,0.5381
1.5,1.709,1.27,0.5381
1.51,1.719,1.318,0.5471000000000001
1.52,1.719,1.318,0.5471000000000001
1.53,1.724,1.318,0.5516000000000001
1.54,1.758,1.367,0.5822
1.55,1.758,1.367,0.5822
1.56,1.758,1.416,0.5822
1.57,1.758,1.416,0.5822
1.58,1.777,1.465,0.5992999999999999
1.59,1.772,1.465,0.5948
1.6,1.777,1.465,0.5992999999999999
1.61,1.782,1.416,0.6038000000000001
1.62,1.792,1.514,0.6128
1.63,1.797,1.514,0.6173
1.64,1.812,1.563,0.6308
1.65,1.812,1.514,0.6308
1.66,1.812,1.563,0.6308
1.67,1.836,1.563,0.6524000000000001
1.68,1.836,1.563,0.6524000000000001
1.69,1.831,1.611,0.6478999999999999
1.7,1.846,1.611,0.6614000000000002
1.71,1.851,1.563,0.6658999999999999
1.72,1.855,1.66,0.6695
1.73,1.87,1.611,0.683
1.74,1.875,1.66,0.6875
1.75,1.875,1.709,0.6875
1.76,1.895,1.709,0.7055
1.77,1.89,1.758,0.7009999999999998
1.78,1.904,1.709,0.7136
1.79,1.909,1.758,0.7181
1.8,1.919,1.807,0.7271000000000001
1.81,1.919,1.758,0.7271000000000001
1.82,1.924,1.807,0.7316
1.83,1.934,1.855,0.7405999999999999
1.84,1.943,1.855,0.7487000000000001
1.85,1.938,1.855,0.7442
1.86,1.963,1.855,0.7667000000000002
1.87,1.958,1.953,0.7622
1.88,1.968,1.953,0.7712000000000001
1.89,1.968,1.953,0.7712000000000001
1.9,1.978,1.953,0.7802
1.91,1.978,1.953,0.7802
1.92,2.007,2.002,0.8063000000000002
1.93,2.017,2.051,0.8152999999999999
1.94,2.012,2.002,0.8108
1.95,2.007,2.002,0.8063000000000002
1.96,2.026,2.002,0.8233999999999999
1.97,2.021,2.1,0.8189
1.98,2.051,2.1,0.8459000000000001
1.99,2.061,2.197,0.8549
2,2.061,2.148,0.8549
2.01,2.056,2.148,0.8504
2.02,2.065,2.197,0.8585
2.03,2.065,2.197,0.8585
2.04,2.08,2.197,0.8720000000000001
2.05,2.09,2.197,0.881
2.06,2.08,2.197,0.8720000000000001
2.07,2.1,2.246,0.8900000000000001
2.08,2.104,2.295,0.8936000000000002
2.09,2.114,2.295,0.9025999999999998
2.1,2.119,2.344,0.9071000000000002
2.11,2.129,2.295,0.9161000000000001
2.12,2.129,2.344,0.9161000000000001
2.13,2.139,2.344,0.9250999999999998
2.14,2.139,2.344,0.9250999999999998
2.15,2.153,2.393,0.9377
2.16,2.153,2.393,0.9377
2.17,2.168,2.441,0.9512000000000003
2.18,2.168,2.441,0.9512000000000003
2.19,2.183,2.49,0.9646999999999999
2.2,2.188,2.49,0.9692000000000003
2.21,2.197,2.49,0.9773000000000001
2.22,2.197,2.539,0.9773000000000001
2.23,2.202,2.539,0.9818
2.24,2.222,2.539,0.9998
2.25,2.217,2.588,0.9953000000000001
2.26,2.217,2.588,0.9953000000000001
2.27,2.236,2.588,1.0124000000000004
2.28,2.231,2.637,1.0078999999999998
2.29,2.246,2.637,1.0213999999999999
2.3,2.241,2.686,1.0169000000000001
2.31,2.261,2.734,1.0349000000000004
2.32,2.256,2.734,1.0303999999999998
2.33,2.261,2.734,1.0349000000000004
2.34,2.29,2.832,1.061
2.35,2.29,2.783,1.061
2.36,2.295,2.783,1.0655000000000001
2.37,2.295,2.783,1.0655000000000001
2.38,2.31,2.832,1.0790000000000002
2.39,2.31,2.832,1.0790000000000002
2.4,2.31,2.881,1.0790000000000002
2.41,2.319,2.881,1.0871
2.42,2.334,2.881,1.1006
2.43,2.334,2.93,1.1006
2.44,2.344,2.979,1.1096
2.45,2.349,2.979,1.1141
2.46,2.358,3.027,1.1222000000000003
2.47,2.368,3.027,1.1311999999999998
2.48,2.373,3.027,1.1357000000000004
2.49,2.388,3.076,1.1492
2.5,2.383,3.125,1.1447000000000003
2.51,2.393,3.076,1.1536999999999997
2.52,2.412,3.174,1.1707999999999998
2.53,2.407,3.174,1.1663000000000001
2.54,2.407,3.125,1.1663000000000001
2.55,2.422,3.223,1.1798000000000002
2.56,2.422,3.271,1.1798000000000002
2.57,2.441,3.271,1.1968999999999999
2.58,2.437,3.271,1.1932999999999998
2.59,2.446,3.32,1.2014
2.6,2.451,3.32,1.2059000000000002
2.61,2.466,3.32,1.2194000000000003
2.62,2.471,3.369,1.2239
2.63,2.476,3.369,1.2284000000000002
2.64,2.476,3.418,1.2284000000000002
2.65,2.485,3.418,1.2365
2.66,2.485,3.467,1.2365
2.67,2.505,3.467,1.2545000000000002
2.68,2.505,3.516,1.2545000000000002
2.69,2.52,3.564,1.2680000000000002
2.7,2.52,3.564,1.2680000000000002
2.71,2.529,3.613,1.2761
2.72,2.534,3.564,1.2805999999999997
2.73,2.539,3.613,1.2851000000000004
2.74,2.549,3.662,1.2940999999999998
2.75,2.549,3.613,1.2940999999999998
2.76,2.559,3.711,1.3031000000000001
2.77,2.563,3.711,1.3067000000000002
2.78,2.573,3.711,1.3157
2.79,2.573,3.76,1.3157
2.8,2.593,3.809,1.3336999999999999
2.81,2.593,3.809,1.3336999999999999
2.82,2.598,3.809,1.3382
2.83,2.598,3.809,1.3382
2.84,2.617,3.906,1.3553000000000002
2.85,2.622,3.955,1.3598
2.86,2.622,3.906,1.3598
2.87,2.637,3.955,1.3733
2.88,2.642,3.955,1.3778000000000001
2.89,2.646,4.004,1.3814000000000002
2.9,2.651,4.004,1.3859
2.91,2.651,4.004,1.3859
2.92,2.661,4.102,1.3949000000000003
2.93,2.666,4.102,1.3994
2.94,2.676,4.102,1.4084000000000003
2.95,2.676,4.15,1.4084000000000003
2.96,2.7,4.199,1.4300000000000002
2.97,2.705,4.248,1.4345000000000003
2.98,2.7,4.199,1.4300000000000002
2.99,2.71,4.248,1.439
3,2.715,4.297,1.4434999999999998
3.01,2.729,4.297,1.4561000000000002
3.02,2.734,4.346,1.4606
3.03,2.759,4.395,1.4830999999999999
3.04,2.759,4.443,1.4830999999999999
3.05,2.759,4.443,1.4830999999999999
3.06,2.759,4.492,1.4830999999999999
3.07,2.773,4.492,1.4957000000000003
3.08,2.769,4.443,1.4921000000000002
3.09,2.783,4.541,1.5047000000000001
3.1,2.788,4.541,1.5091999999999999
3.11,2.798,4.59,1.5182000000000002
3.12,2.798,4.59,1.5182000000000002
3.13,2.817,4.688,1.5353000000000003
3.14,2.817,4.688,1.5353000000000003
3.15,2.817,4.688,1.5353000000000003
3.16,2.827,4.736,1.5443000000000002
3.17,2.827,4.736,1.5443000000000002
3.18,2.837,4.736,1.5533000000000001
3.19,2.842,4.785,1.5578000000000003
3.2,2.861,4.834,1.5749000000000004
3.21,2.856,4.834,1.5703999999999998
3.22,2.871,4.834,1.5838999999999999
3.23,2.871,4.932,1.5838999999999999
3.24,2.881,4.98,1.5928999999999998
3.25,2.886,4.932,1.5974000000000004
3.26,2.9,4.98,1.6099999999999999
3.27,2.896,5.029,1.6063999999999998
3.28,2.9,5.029,1.6099999999999999
3.29,2.91,5.078,1.6190000000000002
3.3,2.935,5.127,1.6415000000000002
3.31,2.93,5.176,1.637
3.32,2.93,5.127,1.637
3.33,2.939,5.225,1.6451000000000002
3.34,2.939,5.176,1.6451000000000002
3.35,2.949,5.273,1.6541000000000001
3.36,2.964,5.273,1.6676000000000002
3.37,2.964,5.322,1.6676000000000002
3.38,2.979,5.273,1.6811000000000003
3.39,2.979,5.371,1.6811000000000003
3.4,2.979,5.42,1.6811000000000003
3.41,2.988,5.371,1.6892
3.42,3.003,5.42,1.7027
3.43,3.003,5.469,1.7027
3.44,3.018,5.518,1.7161999999999997
3.45,3.018,5.518,1.7161999999999997
3.46,3.042,5.566,1.7378
3.47,3.037,5.615,1.7332999999999998
3.48,3.042,5.615,1.7378
3.49,3.047,5.664,1.7423000000000002
3.5,3.047,5.713,1.7423000000000002
3.51,3.066,5.713,1.7593999999999999
3.52,3.066,5.762,1.7593999999999999
3.53,3.076,5.811,1.7684000000000002
3.54,3.076,5.762,1.7684000000000002
3.55,3.096,5.859,1.7864
3.56,3.096,5.859,1.7864
3.57,3.101,5.908,1.7909000000000002
3.58,3.11,5.908,1.799
3.59,3.125,6.006,1.8125
3.6,3.12,6.006,1.8080000000000003
3.61,3.145,6.055,1.8305000000000002
3.62,3.14,6.104,1.826
3.63,3.14,6.104,1.826
3.64,3.149,6.104,1.8341000000000003
3.65,3.154,6.201,1.8386
3.66,3.164,6.201,1.8476000000000004
3.67,3.169,6.201,1.8521
3.68,3.184,6.299,1.8656000000000001
3.69,3.184,6.299,1.8656000000000001
3.7,3.184,6.299,1.8656000000000001
3.71,3.198,6.348,1.8782
3.72,3.198,6.396,1.8782
3.73,3.218,6.445,1.8961999999999999
3.74,3.218,6.494,1.8961999999999999
3.75,3.218,6.445,1.8961999999999999
3.76,3.228,6.543,1.9052000000000002
3.77,3.228,6.543,1.9052000000000002
3.78,3.252,6.592,1.9268
3.79,3.247,6.689,1.9223
3.8,3.252,6.641,1.9268
3.81,3.262,6.689,1.9358
3.82,3.262,6.738,1.9358
3.83,3.271,6.689,1.9439000000000002
3.84,3.276,6.738,1.9484
3.85,3.306,6.885,1.9754
3.86,3.306,6.885,1.9754
3.87,3.311,6.885,1.9799000000000002
3.88,3.315,6.934,1.9834999999999998
3.89,3.315,6.934,1.9834999999999998
3.9,3.325,7.031,1.9925000000000002
3.91,3.325,7.08,1.9925000000000002
3.92,3.34,7.08,2.006
3.93,3.34,7.129,2.006
3.94,3.35,7.178,2.015
3.95,3.35,7.178,2.015
3.96,3.354,7.227,2.0186
3.97,3.374,7.275,2.0366
3.98,3.369,7.324,2.0321000000000002
3.99,3.379,7.324,2.0411
4,3.389,7.373,2.0501
4.01,3.403,7.422,2.0627
4.02,3.403,7.471,2.0627
4.03,3.418,7.52,2.0762
4.04,3.418,7.52,2.0762
4.05,3.423,7.52,2.0807
4.06,3.423,7.568,2.0807
4.07,3.447,7.617,2.1023
4.08,3.447,7.715,2.1023
4.09,3.447,7.666,2.1023
4.1,3.472,7.764,2.1248
4.11,3.472,7.861,2.1248
4.12,3.472,7.861,2.1248
4.13,3.477,7.861,2.1292999999999997
4.14,3.491,7.959,2.1419
4.15,3.491,7.91,2.1419
4.16,3.491,8.008,2.1419
4.17,3.501,7.959,2.1509
4.18,3.516,8.057,2.1644
4.19,3.516,8.105,2.1644
4.2,3.521,8.105,2.1689
4.21,3.54,8.203,2.186
4.22,3.54,8.252,2.186
4.23,3.545,8.252,2.1905
4.24,3.55,8.301,2.195
4.25,3.564,8.35,2.2076000000000002
4.26,3.56,8.35,2.204
4.27,3.579,8.447,2.2211000000000003
4.28,3.574,8.496,2.2166
4.29,3.599,8.545,2.2391
4.3,3.594,8.594,2.2346
4.31,3.594,8.643,2.2346
4.32,3.608,8.594,2.2472000000000003
4.33,3.608,8.643,2.2472000000000003
4.34,3.618,8.691,2.2561999999999998
4.35,3.623,8.789,2.2607000000000004
4.36,3.643,8.789,2.2786999999999997
4.37,3.633,8.838,2.2697000000000003
4.38,3.643,8.838,2.2786999999999997
4.39,3.647,8.936,2.2822999999999998
4.4,3.667,8.984,2.3003
4.41,3.667,9.033,2.3003
4.42,3.672,8.984,2.3048
4.43,3.672,9.082,2.3048
4.44,3.682,9.131,2.3138
4.45,3.706,9.229,2.3354
4.46,3.701,9.229,2.3309
4.47,3.711,9.277,2.3399
4.48,3.711,9.277,2.3399
4.49,3.711,9.326,2.3399
4.5,3.73,9.375,2.357
4.51,3.73,9.375,2.357
4.52,3.74,9.424,2.366
4.53,3.74,9.473,2.366
4.54,3.755,9.521,2.3795
4.55,3.76,9.619,2.384
4.56,3.77,9.619,2.3930000000000002
4.57,3.77,9.668,2.3930000000000002
4.58,3.784,9.717,2.4055999999999997
4.59,3.784,9.766,2.4055999999999997
4.6,3.779,9.766,2.4011
4.61,3.799,9.863,2.4191
4.62,3.799,9.863,2.4191
4.63,3.813,9.912,2.4317
4.64,3.809,9.961,2.4281
4.65,3.818,10.01,2.4362
4.66,3.828,10.01,2.4452
4.67,3.838,10.107,2.4542
4.68,3.838,10.107,2.4542
4.69,3.867,10.254,2.4803
4.7,3.862,10.254,2.4758
4.71,3.867,10.352,2.4803
4.72,3.877,10.352,2.4893
4.73,3.877,10.4,2.4893
4.74,3.892,10.449,2.5028
4.75,3.892,10.498,2.5028
4.76,3.901,10.547,2.5109
4.77,3.892,10.596,2.5028
4.78,3.916,10.596,2.5244
4.79,3.916,10.645,2.5244
4.8,3.921,10.693,2.5288999999999997
4.81,3.931,10.791,2.5379
4.82,3.936,10.742,2.5424
4.83,3.945,10.84,2.5505
4.84,3.945,10.84,2.5505
4.85,3.97,10.986,2.5730000000000004
4.86,3.97,11.035,2.5730000000000004
4.87,3.97,11.035,2.5730000000000004
4.88,3.97,11.035,2.5730000000000004
4.89,3.989,11.133,2.5901
4.9,3.984,11.182,2.5856
4.91,4.009,11.279,2.6081000000000003
4.92,4.019,11.328,2.6171
4.93,4.014,11.328,2.6126000000000005
4.94,4.014,11.377,2.6126000000000005
4.95,4.028,11.426,2.6251999999999995
4.96,4.019,11.426,2.6171
4.97,4.043,11.475,2.6387
4.98,4.043,11.572,2.6387
4.99,4.048,11.572,2.6432
5,4.058,11.67,2.6522
5.01,4.063,11.67,2.6567
5.02,4.067,11.719,2.6603000000000003
5.03,4.067,11.816,2.6603000000000003
5.04,4.082,11.816,2.6738
5.05,4.082,11.865,2.6738
5.06,4.106,11.963,2.6954
5.07,4.106,12.012,2.6954
5.08,4.106,12.061,2.6954
5.09,4.111,12.061,2.6999
5.1,4.126,12.158,2.7134000000000005
5.11,4.141,12.256,2.7269
5.12,4.141,12.256,2.7269
5.13,4.15,12.305,2.7350000000000003
5.14,4.15,12.354,2.7350000000000003
5.15,4.16,12.402,2.744
5.16,4.17,12.451,2.753
5.17,4.18,12.5,2.762
5.18,4.18,12.549,2.762
5.19,4.185,12.598,2.7664999999999997
5.2,4.185,12.646,2.7664999999999997
5.21,4.204,12.695,2.7836
5.22,4.194,12.695,2.7746
5.23,4.233,12.891,2.8097
5.24,4.229,12.891,2.8061000000000003
5.25,4.229,12.939,2.8061000000000003
5.26,4.229,12.988,2.8061000000000003
5.27,4.253,13.086,2.8277
5.28,4.253,13.086,2.8277
5.29,4.253,13.135,2.8277
5.3,4.263,13.184,2.8367
5.31,4.263,13.232,2.8367
5.32,4.297,13.379,2.8672999999999997
5.33,4.287,13.428,2.8583
5.34,4.292,13.428,2.8628
5.35,4.292,13.428,2.8628
5.36,4.302,13.525,2.8718
5.37,4.307,13.623,2.8763000000000005
5.38,4.321,13.623,2.8889
5.39,4.321,13.721,2.8889
5.4,4.326,13.77,2.8933999999999997
5.41,4.341,13.818,2.9069000000000003
5.42,4.341,13.77,2.9069000000000003
5.43,4.37,13.916,2.9330000000000003
5.44,4.36,14.014,2.9240000000000004
5.45,4.36,14.014,2.9240000000000004
5.46,4.365,14.063,2.9285
5.47,4.38,14.111,2.942
5.48,4.38,14.111,2.942
5.49,4.385,14.209,2.9465
5.5,4.395,14.258,2.9555
5.51,4.39,14.258,2.9509999999999996
5.52,4.414,14.355,2.9726
5.53,4.419,14.453,2.9770999999999996
5.54,4.424,14.453,2.9816000000000003
5.55,4.424,14.502,2.9816000000000003
5.56,4.443,14.6,2.9987
5.57,4.438,14.697,2.9941999999999998
5.58,4.448,14.746,3.0032000000000005
5.59,4.458,14.795,3.0122
5.6,4.473,14.795,3.0256999999999996
5.61,4.463,14.844,3.0167
5.62,4.478,14.99,3.0302
5.63,4.487,14.99,3.0383000000000004
5.64,4.492,15.039,3.0427999999999997
5.65,4.497,15.088,3.0473
5.66,4.507,15.137,3.0563000000000002
5.67,4.512,15.186,3.0607999999999995
5.68,4.526,15.283,3.0734000000000004
5.69,4.526,15.332,3.0734000000000004
5.7,4.531,15.381,3.0778999999999996
5.71,4.541,15.479,3.086900000000001
5.72,4.541,15.527,3.086900000000001
5.73,4.561,15.527,3.1048999999999998
5.74,4.556,15.625,3.1004000000000005
5.75,4.57,15.674,3.1130000000000004
5.76,4.575,15.723,3.1175000000000006
5.77,4.58,15.771,3.122
5.78,4.58,15.82,3.122
5.79,4.604,15.967,3.1436
5.8,4.609,16.016,3.1481000000000003
5.81,4.604,16.016,3.1436
5.82,4.619,16.064,3.1571
5.83,4.619,16.113,3.1571
5.84,4.634,16.211,3.1706000000000003
5.85,4.629,16.26,3.1661
5.86,4.639,16.309,3.1751000000000005
5.87,4.668,16.455,3.2012
5.88,4.663,16.504,3.1967000000000008
5.89,4.668,16.504,3.2012
5.9,4.663,16.553,3.1967000000000008
5.91,4.678,16.65,3.2102000000000004
5.92,4.683,16.699,3.2146999999999997
5.93,4.683,16.748,3.2146999999999997
5.94,4.702,16.797,3.2318
5.95,4.702,16.895,3.2318
5.96,4.702,16.846,3.2318
5.97,4.727,16.992,3.2543000000000006
5.98,4.731,17.09,3.2579000000000002
5.99,4.731,17.09,3.2579000000000002
6,4.722,17.09,3.2498000000000005
6.01,4.741,17.236,3.2668999999999997
6.02,4.746,17.285,3.2714000000000008
6.03,4.761,17.334,3.2849000000000004
6.04,4.761,17.383,3.2849000000000004
6.05,4.766,17.48,3.2894000000000005
6.06,4.771,17.432,3.2939
6.07,4.79,17.578,3.311
6.08,4.79,17.627,3.311
6.09,4.785,17.676,3.3065000000000007
6.1,4.8,17.725,3.3200000000000003
6.11,4.8,17.773,3.3200000000000003
6.12,4.81,17.822,3.3289999999999997
6.13,4.814,17.822,3.3326000000000002
6.14,4.854,18.066,3.3686
6.15,4.849,18.115,3.3641000000000005
6.16,4.849,18.115,3.3641000000000005
6.17,4.854,18.164,3.3686
6.18,4.854,18.213,3.3686
6.19,4.878,18.311,3.3902
6.2,4.878,18.311,3.3902
6.21,4.878,18.408,3.3902
6.22,4.888,18.457,3.3992000000000004
6.23,4.888,18.506,3.3992000000000004
6.24,4.902,18.506,3.4118000000000004
6.25,4.897,18.604,3.4073
6.26,4.907,18.652,3.4163000000000006
6.27,4.917,18.75,3.4253
6.28,4.941,18.848,3.4469000000000003
6.29,4.937,18.896,3.4433000000000007
6.3,4.932,18.896,3.4388000000000005
6.31,4.941,18.945,3.4469000000000003
6.32,4.941,19.043,3.4469000000000003
6.33,4.976,19.189,3.4783999999999997
6.34,4.976,19.287,3.4783999999999997
6.35,4.98,19.287,3.482
6.36,4.976,19.336,3.4783999999999997
6.37,4.99,19.434,3.4910000000000005
6.38,4.985,19.434,3.4865000000000004
6.39,5.005,19.531,3.5045
6.4,5.01,19.58,3.5090000000000003
6.41,5.02,19.678,3.518
6.42,5.02,19.678,3.518
6.43,5.034,19.824,3.5305999999999997
6.44,5.029,19.873,3.5261000000000005
6.45,5.034,19.873,3.5305999999999997
6.46,5.039,19.971,3.5351
6.47,5.054,20.02,3.5486000000000004
6.48,5.054,20.068,3.5486000000000004
6.49,5.063,20.166,3.5567
6.5,5.063,20.166,3.5567
6.51,5.083,20.313,3.5747
6.52,5.078,20.313,3.5702000000000007
6.53,5.098,20.459,3.5881999999999996
6.54,5.098,20.508,3.5881999999999996
6.55,5.103,20.508,3.5927
6.56,5.107,20.605,3.5963000000000003
6.57,5.127,20.654,3.6143
6.58,5.122,20.752,3.6098
6.59,5.137,20.85,3.6232999999999995
6.6,5.142,20.898,3.6278000000000006
6.61,5.146,20.898,3.6314
6.62,5.151,20.996,3.6359000000000004
6.63,5.161,21.045,3.6449
6.64,5.161,21.045,3.6449
6.65,5.186,21.24,3.6673999999999998
6.66,5.19,21.289,3.6710000000000003
6.67,5.186,21.24,3.6673999999999998
6.68,5.2,21.338,3.6800000000000006
6.69,5.2,21.387,3.6800000000000006
6.7,5.215,21.484,3.6935000000000002
6.71,5.22,21.533,3.6979999999999995
6.72,5.215,21.533,3.6935000000000002
6.73,5.225,21.631,3.7024999999999997
6.74,5.234,21.68,3.7106000000000003
6.75,5.229,21.729,3.7061
6.76,5.249,21.777,3.7241
6.77,5.249,21.875,3.7241
6.78,5.259,21.875,3.7331000000000003
6.79,5.273,21.973,3.7457000000000003
6.8,5.269,22.021,3.7421000000000006
6.81,5.293,22.119,3.7637
6.82,5.293,22.168,3.7637
6.83,5.293,22.217,3.7637
6.84,5.308,22.363,3.7771999999999997
6.85,5.303,22.363,3.7727000000000004
6.86,5.317,22.461,3.7853000000000003
6.87,5.308,22.461,3.7771999999999997
6.88,5.332,22.559,3.7988
6.89,5.327,22.607,3.7943
6.9,5.342,22.656,3.8077999999999994
6.91,5.337,22.705,3.8033
6.92,5.356,22.803,3.8204000000000002
6.93,5.356,22.9,3.8204000000000002
6.94,5.361,22.9,3.8248999999999995
6.95,5.376,23.047,3.8384
6.96,5.381,23.047,3.8429
6.97,5.381,23.096,3.8429
6.98,5.4,23.193,3.8600000000000003
6.99,5.396,23.242,3.8564
7,5.41,23.291,3.8690000000000007
7.01,5.41,23.291,3.8690000000000007
7.02,5.435,23.438,3.8914999999999997
7.03,5.43,23.535,3.8869999999999996
7.04,5.435,23.535,3.8914999999999997
7.05,5.439,23.584,3.8951000000000002
7.06,5.449,23.633,3.9040999999999997
7.07,5.449,23.682,3.9040999999999997
7.08,5.469,23.73,3.9221000000000004
7.09,5.469,23.779,3.9221000000000004
7.1,5.479,23.877,3.9311
7.11,5.474,23.975,3.9266000000000005
7.12,5.498,24.072,3.9482
7.13,5.493,24.072,3.9437000000000006
7.14,5.503,24.121,3.9527
7.15,5.508,24.219,3.9572000000000003
7.16,5.518,24.268,3.9661999999999997
7.17,5.513,24.316,3.9617000000000004
7.18,5.547,24.463,3.9923
7.19,5.552,24.512,3.9967999999999995
7.2,5.547,24.561,3.9923
7.21,5.562,24.658,4.005800000000001
7.22,5.557,24.658,4.0013000000000005
7.23,5.557,24.658,4.0013000000000005
7.24,5.581,24.756,4.022900000000001
7.25,5.576,24.854,4.0184
7.26,5.591,24.902,4.0319
7.27,5.596,24.951,4.0364
7.28,5.591,25,4.0319
7.29,5.61,25.098,4.049
7.3,5.615,25.146,4.0535000000000005
7.31,5.62,25.195,4.058
7.32,5.63,25.244,4.067
7.33,5.625,25.293,4.0625
7.34,5.635,25.342,4.0715
7.35,5.649,25.391,4.0841
7.36,5.645,25.439,4.0805
7.37,5.654,25.488,4.0886000000000005
7.38,5.659,25.586,4.0931
7.39,5.674,25.684,4.1066
7.4,5.679,25.684,4.1111
7.41,5.693,25.83,4.1236999999999995
7.42,5.693,25.879,4.1236999999999995
7.43,5.693,25.879,4.1236999999999995
7.44,5.718,26.025,4.1462
7.45,5.718,26.025,4.1462
7.46,5.718,26.074,4.1462
7.47,5.742,26.172,4.1678
7.48,5.742,26.221,4.1678
7.49,5.742,26.27,4.1678
7.5,5.742,26.318,4.1678
7.51,5.752,26.367,4.1768
7.52,5.752,26.416,4.1768
7.53,5.762,26.465,4.1857999999999995
7.54,5.767,26.514,4.190300000000001
7.55,5.786,26.611,4.2074
7.56,5.781,26.709,4.2029
7.57,5.786,26.709,4.2074
7.58,5.786,26.709,4.2074
7.59,5.806,26.855,4.2254000000000005
7.6,5.806,26.855,4.2254000000000005
7.61,5.835,27.002,4.2515
7.62,5.84,27.002,4.256
7.63,5.835,27.051,4.2515
7.64,5.845,27.1,4.2604999999999995
7.65,5.845,27.148,4.2604999999999995
7.66,5.859,27.197,4.2731
7.67,5.859,27.246,4.2731
7.68,5.859,27.295,4.2731
7.69,5.879,27.344,4.2911
7.7,5.879,27.441,4.2911
7.71,5.889,27.49,4.3001000000000005
7.72,5.908,27.539,4.317200000000001
7.73,5.908,27.637,4.317200000000001
7.74,5.903,27.637,4.3126999999999995
7.75,5.913,27.637,4.321700000000001
7.76,5.918,27.734,4.3262
7.77,5.928,27.783,4.3352
7.78,5.923,27.881,4.3307
7.79,5.947,27.93,4.3523000000000005
7.8,5.942,27.979,4.3478
7.81,5.947,28.027,4.3523000000000005
7.82,5.981,28.174,4.3829
7.83,5.981,28.223,4.3829
7.84,5.977,28.223,4.379300000000001
7.85,5.981,28.271,4.3829
7.86,5.986,28.32,4.3873999999999995
7.87,5.991,28.369,4.3919
7.88,6.011,28.418,4.4099
7.89,6.006,28.516,4.4054
7.9,6.016,28.516,4.4144000000000005
7.91,6.016,28.564,4.4144000000000005
7.92,6.04,28.662,4.436
7.93,6.035,28.711,4.431500000000001
7.94,6.035,28.76,4.431500000000001
7.95,6.06,28.809,4.454
7.96,6.055,28.906,4.4495
7.97,6.06,28.857,4.454
7.98,6.084,29.004,4.4756
7.99,6.079,29.053,4.4711
8,6.074,29.102,4.4666
8.01,6.079,29.102,4.4711
8.02,6.089,29.102,4.4801
8.03,6.104,29.199,4.4936
8.04,6.104,29.297,4.4936
8.05,6.118,29.297,4.506200000000001
8.06,6.118,29.395,4.506200000000001
8.07,6.123,29.443,4.5107
8.08,6.123,29.443,4.5107
8.09,6.147,29.541,4.5323
8.1,6.147,29.59,4.5323
8.11,6.147,29.59,4.5323
8.12,6.167,29.688,4.5503
8.13,6.167,29.736,4.5503
8.14,6.167,29.785,4.5503
8.15,6.172,29.834,4.5548
8.16,6.167,29.834,4.5503
8.17,6.206,29.932,4.585400000000001
8.18,6.201,30.029,4.5809
8.19,6.201,29.98,4.5809
8.2,6.201,29.98,4.5809
8.21,6.23,30.127,4.607
8.22,6.23,30.176,4.607
8.23,6.23,30.225,4.607
8.24,6.25,30.273,4.625
8.25,6.25,30.273,4.625
8.26,6.27,30.371,4.643
8.27,6.265,30.42,4.6385
8.28,6.265,30.469,4.6385
8.29,6.27,30.518,4.643
8.3,6.279,30.518,4.6511000000000005
8.31,6.279,30.566,4.6511000000000005
8.32,6.309,30.664,4.678100000000001
8.33,6.304,30.762,4.6736
8.34,6.304,30.762,4.6736
8.35,6.323,30.811,4.6907000000000005
8.36,6.318,30.811,4.6861999999999995
8.37,6.338,30.908,4.7042
8.38,6.338,31.006,4.7042
8.39,6.338,31.006,4.7042
8.4,6.343,31.006,4.7087
8.41,6.362,31.055,4.7258000000000004
8.42,6.362,31.152,4.7258000000000004
8.43,6.357,31.152,4.7213
8.44,6.387,31.201,4.7482999999999995
8.45,6.387,31.348,4.7482999999999995
8.46,6.387,31.348,4.7482999999999995
8.47,6.392,31.348,4.752800000000001
8.48,6.392,31.396,4.752800000000001
8.49,6.396,31.445,4.7564
8.5,6.401,31.494,4.7609
8.51,6.416,31.494,4.774400000000001
8.52,6.411,31.543,4.7699
8.53,6.45,31.738,4.805000000000001
8.54,6.45,31.689,4.805000000000001
8.55,6.45,31.787,4.805000000000001
8.56,6.455,31.738,4.8095
8.57,6.465,31.836,4.8185
8.58,6.465,31.885,4.8185
8.59,6.465,31.934,4.8185
8.6,6.479,31.982,4.8311
8.61,6.479,32.031,4.8311
8.62,6.494,32.08,4.8446
8.63,6.494,32.129,4.8446
8.64,6.494,32.129,4.8446
8.65,6.528,32.178,4.8751999999999995
8.66,6.533,32.324,4.879700000000001
8.67,6.519,32.324,4.867100000000001
8.68,6.538,32.373,4.884200000000001
8.69,6.548,32.422,4.8932
8.7,6.543,32.471,4.8887
8.71,6.558,32.52,4.9022
8.72,6.558,32.52,4.9022
8.73,6.572,32.617,4.9148000000000005
8.74,6.567,32.617,4.9103
8.75,6.587,32.715,4.9283
8.76,6.587,32.764,4.9283
8.77,6.592,32.764,4.932799999999999
8.78,6.597,32.861,4.9373000000000005
8.79,6.597,32.861,4.9373000000000005
8.8,6.621,32.91,4.958900000000001
8.81,6.616,32.959,4.9544
8.82,6.621,32.959,4.958900000000001
8.83,6.626,33.008,4.9634
8.84,6.631,33.057,4.9679
8.85,6.655,33.154,4.9895000000000005
8.86,6.66,33.203,4.994000000000001
8.87,6.655,33.203,4.9895000000000005
8.88,6.67,33.301,5.003
8.89,6.675,33.35,5.0075
8.9,6.689,33.35,5.0201
8.91,6.685,33.398,5.0165
8.92,6.704,33.496,5.0336
8.93,6.704,33.545,5.0336
8.94,6.699,33.545,5.0291
8.95,6.714,33.594,5.0426
8.96,6.719,33.643,5.0471
8.97,6.719,33.643,5.0471
8.98,6.733,33.691,5.059699999999999
8.99,6.733,33.74,5.059699999999999
9,6.758,33.838,5.0822
9.01,6.748,33.887,5.0732
9.02,6.748,33.887,5.0732
9.03,6.768,33.984,5.0912
9.04,6.768,34.033,5.0912
9.05,6.772,34.033,5.0948
9.06,6.792,34.082,5.1128
9.07,6.792,34.131,5.1128
9.08,6.797,34.18,5.1173
9.09,6.802,34.18,5.1217999999999995
9.1,6.816,34.18,5.1344
9.11,6.812,34.277,5.130800000000001
9.12,6.826,34.326,5.1434
9.13,6.821,34.326,5.1389
9.14,6.836,34.375,5.1524
9.15,6.836,34.424,5.1524
9.16,6.851,34.473,5.1659
9.17,6.846,34.521,5.1614
9.18,6.86,34.619,5.174
9.19,6.875,34.619,5.1875
9.2,6.87,34.668,5.183
9.21,6.895,34.766,5.2055
9.22,6.899,34.766,5.2091
9.23,6.895,34.814,5.2055
9.24,6.899,34.814,5.2091
9.25,6.919,34.961,5.2271
9.26,6.914,34.961,5.2226
9.27,6.919,34.961,5.2271
9.28,6.948,35.059,5.2532000000000005
9.29,6.948,35.107,5.2532000000000005
9.3,6.953,35.059,5.257700000000001
9.31,6.958,35.156,5.2622
9.32,6.958,35.156,5.2622
9.33,6.968,35.205,5.2712
9.34,6.968,35.205,5.2712
9.35,6.978,35.303,5.2802
9.36,6.982,35.303,5.2838
9.37,6.997,35.303,5.2973
9.38,7.002,35.352,5.3018
9.39,7.007,35.4,5.3063
9.4,7.012,35.498,5.3107999999999995
9.41,7.026,35.547,5.3234
9.42,7.026,35.645,5.3234
9.43,7.036,35.645,5.3324
9.44,7.036,35.645,5.3324
9.45,7.051,35.742,5.3459
9.46,7.051,35.693,5.3459
9.47,7.051,35.742,5.3459
9.48,7.07,35.84,5.363
9.49,7.065,35.84,5.3585
9.5,7.07,35.84,5.363
9.51,7.095,35.938,5.3854999999999995
9.52,7.095,36.035,5.3854999999999995
9.53,7.09,35.986,5.381
9.54,7.104,36.035,5.3936
9.55,7.1,36.035,5.39
9.56,7.124,36.133,5.4116
9.57,7.124,36.133,5.4116
9.58,7.124,36.182,5.4116
9.59,7.139,36.23,5.4251000000000005
9.6,7.144,36.279,5.429600000000001
9.61,7.148,36.279,5.4332
9.62,7.163,36.328,5.446700000000001
9.63,7.163,36.377,5.446700000000001
9.64,7.173,36.426,5.4557
9.65,7.178,36.426,5.4602
9.66,7.192,36.572,5.4728
9.67,7.178,36.523,5.4602
9.68,7.183,36.572,5.4647
9.69,7.222,36.621,5.4998000000000005
9.7,7.217,36.719,5.495299999999999
9.71,7.217,36.719,5.495299999999999
9.72,7.217,36.719,5.495299999999999
9.73,7.231,36.768,5.5079
9.74,7.236,36.768,5.5123999999999995
9.75,7.236,36.816,5.5123999999999995
9.76,7.246,36.914,5.521400000000001
9.77,7.256,36.865,5.5304
9.78,7.256,36.914,5.5304
9.79,7.266,36.963,5.5394000000000005
9.8,7.271,36.963,5.5439
9.81,7.3,37.109,5.57
9.82,7.29,37.109,5.561
9.83,7.295,37.158,5.5655
9.84,7.31,37.207,5.579
9.85,7.31,37.207,5.579
9.86,7.314,37.256,5.5826
9.87,7.319,37.256,5.5871
9.88,7.324,37.305,5.5916
9.89,7.334,37.354,5.6006
9.9,7.349,37.402,5.6141000000000005
9.91,7.344,37.451,5.6096
9.92,7.368,37.451,5.631200000000001
9.93,7.368,37.5,5.631200000000001
9.94,7.373,37.549,5.6357
9.95,7.378,37.598,5.6402
9.96,7.378,37.598,5.6402
9.97,7.383,37.646,5.6447
9.98,7.393,37.646,5.6537
9.99,7.393,37.646,5.6537
10,7.388,37.695,5.6492000000000004
10.01,7.393,37.695,5.6537
10,7.393,37.695,5.6537
9.99,7.393,37.695,5.6537
9.98,7.393,37.744,5.6537
9.97,7.393,37.744,5.6537
9.96,7.397,37.744,5.6573
9.95,7.393,37.744,5.6537
9.94,7.393,37.793,5.6537
9.93,7.393,37.793,5.6537
9.92,7.388,37.793,5.6492000000000004
9.91,7.393,37.842,5.6537
9.9,7.393,37.793,5.6537
9.89,7.393,37.842,5.6537
9.88,7.388,37.842,5.6492000000000004
9.87,7.373,37.891,5.6357
9.86,7.378,37.793,5.6402
9.85,7.354,37.842,5.6186
9.84,7.349,37.842,5.6141000000000005
9.83,7.344,37.842,5.6096
9.82,7.344,37.842,5.6096
9.81,7.329,37.842,5.5961
9.8,7.324,37.891,5.5916
9.79,7.324,37.842,5.5916
9.78,7.319,37.842,5.5871
9.77,7.314,37.842,5.5826
9.76,7.3,37.842,5.57
9.75,7.295,37.842,5.5655
9.74,7.295,37.842,5.5655
9.73,7.285,37.842,5.556500000000001
9.72,7.285,37.891,5.556500000000001
9.71,7.266,37.793,5.5394000000000005
9.7,7.271,37.842,5.5439
9.69,7.251,37.842,5.5259
9.68,7.251,37.793,5.5259
9.67,7.236,37.842,5.5123999999999995
9.66,7.236,37.842,5.5123999999999995
9.65,7.227,37.842,5.504300000000001
9.64,7.231,37.842,5.5079
9.63,7.207,37.842,5.4863
9.62,7.197,37.842,5.4773000000000005
9.61,7.202,37.842,5.4818
9.6,7.188,37.842,5.4692
9.59,7.192,37.842,5.4728
9.58,7.178,37.793,5.4602
9.57,7.183,37.842,5.4647
9.56,7.168,37.793,5.4512
9.55,7.168,37.744,5.4512
9.54,7.158,37.793,5.442200000000001
9.53,7.158,37.793,5.442200000000001
9.52,7.134,37.793,5.4206
9.51,7.134,37.793,5.4206
9.5,7.124,37.744,5.4116
9.49,7.129,37.744,5.4161
9.48,7.114,37.695,5.4026
9.47,7.114,37.744,5.4026
9.46,7.1,37.695,5.39
9.45,7.104,37.695,5.3936
9.44,7.09,37.695,5.381
9.43,7.085,37.646,5.3765
9.42,7.07,37.646,5.363
9.41,7.07,37.598,5.363
9.4,7.061,37.598,5.3549
9.39,7.061,37.598,5.3549
9.38,7.041,37.549,5.336900000000001
9.37,7.041,37.549,5.336900000000001
9.36,7.036,37.549,5.3324
9.35,7.021,37.549,5.3189
9.34,7.021,37.5,5.3189
9.33,7.012,37.451,5.3107999999999995
9.32,7.007,37.5,5.3063
9.31,7.007,37.451,5.3063
9.3,7.002,37.402,5.3018
9.29,6.987,37.402,5.2883000000000004
9.28,6.987,37.402,5.2883000000000004
9.27,6.973,37.402,5.2757
9.26,6.978,37.354,5.2802
9.25,6.968,37.354,5.2712
9.24,6.968,37.354,5.2712
9.23,6.948,37.354,5.2532000000000005
9.22,6.948,37.256,5.2532000000000005
9.21,6.938,37.256,5.2442
9.2,6.938,37.256,5.2442
9.19,6.919,37.256,5.2271
9.18,6.924,37.256,5.2316
9.17,6.914,37.256,5.2226
9.16,6.909,37.207,5.2181
9.15,6.89,37.207,5.201
9.14,6.895,37.109,5.2055
9.13,6.875,37.109,5.1875
9.12,6.88,37.158,5.192
9.11,6.865,37.109,5.1785000000000005
9.1,6.865,37.109,5.1785000000000005
9.09,6.851,37.061,5.1659
9.08,6.851,37.061,5.1659
9.07,6.836,37.061,5.1524
9.06,6.841,37.061,5.1569
9.05,6.826,37.012,5.1434
9.04,6.826,37.012,5.1434
9.03,6.812,36.963,5.130800000000001
9.02,6.812,36.963,5.130800000000001
9.01,6.802,36.914,5.1217999999999995
9,6.802,36.914,5.1217999999999995
8.99,6.787,36.865,5.1083
8.98,6.782,36.914,5.103800000000001
8.97,6.772,36.865,5.0948
8.96,6.763,36.816,5.0867000000000004
8.95,6.758,36.816,5.0822
8.94,6.758,36.865,5.0822
8.93,6.748,36.768,5.0732
8.92,6.738,36.768,5.0642000000000005
8.91,6.733,36.768,5.059699999999999
8.9,6.733,36.768,5.059699999999999
8.89,6.714,36.67,5.0426
8.88,6.714,36.67,5.0426
8.87,6.704,36.621,5.0336
8.86,6.709,36.67,5.0381
8.85,6.694,36.621,5.0246
8.84,6.689,36.621,5.0201
8.83,6.67,36.572,5.003
8.82,6.68,36.523,5.012
8.81,6.665,36.523,4.9985
8.8,6.665,36.475,4.9985
8.79,6.65,36.475,4.985
8.78,6.655,36.475,4.9895000000000005
8.77,6.636,36.426,4.9724
8.76,6.631,36.426,4.9679
8.75,6.626,36.377,4.9634
8.74,6.621,36.377,4.958900000000001
8.73,6.611,36.377,4.9498999999999995
8.72,6.611,36.328,4.9498999999999995
8.71,6.606,36.328,4.9454
8.7,6.597,36.279,4.9373000000000005
8.69,6.597,36.279,4.9373000000000005
8.68,6.582,36.279,4.9238
8.67,6.587,36.279,4.9283
8.66,6.563,36.23,4.9067
8.65,6.572,36.182,4.9148000000000005
8.64,6.558,36.133,4.9022
8.63,6.553,36.133,4.8977
8.62,6.548,36.133,4.8932
8.61,6.548,36.035,4.8932
8.6,6.528,36.035,4.8751999999999995
8.59,6.528,36.035,4.8751999999999995
8.58,6.509,35.986,4.8581
8.57,6.514,35.986,4.8626000000000005
8.56,6.499,35.938,4.8491
8.55,6.499,35.938,4.8491
8.54,6.489,35.938,4.8401
8.53,6.479,35.938,4.8311
8.52,6.475,35.889,4.8275
8.51,6.47,35.84,4.8229999999999995
8.5,6.47,35.889,4.8229999999999995
8.49,6.46,35.791,4.814
8.48,6.455,35.791,4.8095
8.47,6.436,35.742,4.7924
8.46,6.44,35.742,4.796
8.45,6.426,35.693,4.7834
8.44,6.426,35.693,4.7834
8.43,6.411,35.645,4.7699
8.42,6.416,35.693,4.774400000000001
8.41,6.406,35.596,4.7654
8.4,6.401,35.596,4.7609
8.39,6.387,35.547,4.7482999999999995
8.38,6.392,35.547,4.752800000000001
8.37,6.377,35.498,4.7393
8.36,6.377,35.547,4.7393
8.35,6.362,35.449,4.7258000000000004
8.34,6.357,35.4,4.7213
8.33,6.348,35.4,4.7132
8.32,6.343,35.4,4.7087
8.31,6.333,35.352,4.6997
8.3,6.333,35.303,4.6997
8.29,6.318,35.303,4.6861999999999995
8.28,6.323,35.303,4.6907000000000005
8.27,6.304,35.254,4.6736
8.26,6.304,35.254,4.6736
8.25,6.299,35.205,4.6691
8.24,6.294,35.156,4.6646
8.23,6.279,35.156,4.6511000000000005
8.22,6.279,35.156,4.6511000000000005
8.21,6.265,35.059,4.6385
8.2,6.265,35.107,4.6385
8.19,6.25,35.059,4.625
8.18,6.25,35.01,4.625
8.17,6.23,34.961,4.607
8.16,6.24,34.961,4.6160000000000005
8.15,6.226,34.961,4.6034
8.14,6.23,34.912,4.607
8.13,6.216,34.863,4.5944
8.12,6.216,34.814,4.5944
8.11,6.201,34.814,4.5809
8.1,6.201,34.766,4.5809
8.09,6.196,34.814,4.5764
8.08,6.191,34.717,4.5719
8.07,6.177,34.766,4.5592999999999995
8.06,6.177,34.717,4.5592999999999995
8.05,6.157,34.619,4.541300000000001
8.04,6.157,34.619,4.541300000000001
8.03,6.143,34.57,4.5287
8.02,6.143,34.57,4.5287
8.01,6.138,34.521,4.5242000000000004
8,6.123,34.521,4.5107
7.99,6.123,34.521,4.5107
7.98,6.108,34.424,4.497199999999999
7.97,6.113,34.424,4.5017000000000005
7.96,6.104,34.375,4.4936
7.95,6.099,34.375,4.4891000000000005
7.94,6.084,34.326,4.4756
7.93,6.089,34.326,4.4801
7.92,6.074,34.229,4.4666
7.91,6.074,34.229,4.4666
7.9,6.064,34.229,4.4576
7.89,6.06,34.18,4.454
7.88,6.045,34.18,4.4405
7.87,6.045,34.082,4.4405
7.86,6.035,34.082,4.431500000000001
7.85,6.035,34.082,4.431500000000001
7.84,6.025,34.033,4.4225
7.83,6.021,33.984,4.4189
7.82,6.006,33.936,4.4054
7.81,6.006,33.936,4.4054
7.8,5.996,33.887,4.396400000000001
7.79,5.991,33.936,4.3919
7.78,5.977,33.838,4.379300000000001
7.77,5.977,33.789,4.379300000000001
7.76,5.962,33.789,4.3658
7.75,5.962,33.74,4.3658
7.74,5.957,33.74,4.3613
7.73,5.957,33.74,4.3613
7.72,5.942,33.691,4.3478
7.71,5.938,33.643,4.3442
7.7,5.928,33.594,4.3352
7.69,5.928,33.594,4.3352
7.68,5.913,33.545,4.321700000000001
7.67,5.908,33.545,4.317200000000001
7.66,5.898,33.447,4.3082
7.65,5.898,33.447,4.3082
7.64,5.889,33.447,4.3001000000000005
7.63,5.889,33.398,4.3001000000000005
7.62,5.874,33.35,4.2866
7.61,5.874,33.301,4.2866
7.6,5.859,33.252,4.2731
7.59,5.854,33.252,4.2686
7.58,5.845,33.203,4.2604999999999995
7.57,5.85,33.154,4.265
7.56,5.83,33.057,4.247
7.55,5.83,33.105,4.247
7.54,5.82,33.057,4.238
7.53,5.811,33.008,4.2299
7.52,5.801,32.959,4.2209
7.51,5.801,32.959,4.2209
7.5,5.791,32.91,4.211900000000001
7.49,5.786,32.861,4.2074
7.48,5.781,32.91,4.2029
7.47,5.771,32.813,4.1939
7.46,5.767,32.813,4.190300000000001
7.45,5.767,32.813,4.190300000000001
7.44,5.752,32.715,4.1768
7.43,5.752,32.715,4.1768
7.42,5.742,32.666,4.1678
7.41,5.737,32.617,4.1633000000000004
7.4,5.732,32.617,4.1588
7.39,5.713,32.568,4.1417
7.38,5.708,32.52,4.1372
7.37,5.708,32.422,4.1372
7.36,5.703,32.422,4.132700000000001
7.35,5.688,32.422,4.1192
7.34,5.688,32.422,4.1192
7.33,5.674,32.324,4.1066
7.32,5.674,32.324,4.1066
7.31,5.669,32.275,4.1021
7.3,5.664,32.275,4.0976
7.29,5.649,32.178,4.0841
7.28,5.649,32.178,4.0841
7.27,5.635,32.129,4.0715
7.26,5.64,32.08,4.076
7.25,5.625,32.031,4.0625
7.24,5.63,31.982,4.067
7.23,5.615,31.982,4.0535000000000005
7.22,5.61,31.934,4.049
7.21,5.596,31.885,4.0364
7.2,5.596,31.885,4.0364
7.19,5.586,31.836,4.0274
7.18,5.576,31.787,4.0184
7.17,5.566,31.738,4.0094
7.16,5.566,31.738,4.0094
7.15,5.562,31.689,4.005800000000001
7.14,5.562,31.641,4.005800000000001
7.13,5.542,31.592,3.9878
7.12,5.542,31.592,3.9878
7.11,5.532,31.543,3.9788000000000006
7.1,5.532,31.543,3.9788000000000006
7.09,5.513,31.445,3.9617000000000004
7.08,5.518,31.445,3.9661999999999997
7.07,5.503,31.348,3.9527
7.06,5.503,31.299,3.9527
7.05,5.493,31.25,3.9437000000000006
7.04,5.493,31.299,3.9437000000000006
7.03,5.474,31.201,3.9266000000000005
7.02,5.474,31.152,3.9266000000000005
7.01,5.464,31.152,3.9176
7,5.464,31.104,3.9176
6.99,5.454,31.055,3.9086
6.98,5.449,31.055,3.9040999999999997
6.97,5.43,30.957,3.8869999999999996
6.96,5.435,30.957,3.8914999999999997
6.95,5.43,30.908,3.8869999999999996
6.94,5.415,30.859,3.8735
6.93,5.415,30.811,3.8735
6.92,5.405,30.762,3.8645000000000005
6.91,5.4,30.762,3.8600000000000003
6.9,5.396,30.713,3.8564
6.89,5.396,30.664,3.8564
6.88,5.381,30.615,3.8429
6.87,5.376,30.615,3.8384
6.86,5.366,30.518,3.8293999999999997
6.85,5.361,30.469,3.8248999999999995
6.84,5.356,30.469,3.8204000000000002
6.83,5.356,30.469,3.8204000000000002
6.82,5.342,30.322,3.8077999999999994
6.81,5.342,30.371,3.8077999999999994
6.8,5.327,30.273,3.7943
6.79,5.322,30.225,3.7898000000000005
6.78,5.313,30.225,3.7817
6.77,5.317,30.127,3.7853000000000003
6.76,5.298,30.078,3.7682
6.75,5.298,30.029,3.7682
6.74,5.288,30.029,3.7592000000000008
6.73,5.288,29.98,3.7592000000000008
6.72,5.273,29.932,3.7457000000000003
6.71,5.273,29.834,3.7457000000000003
6.7,5.259,29.785,3.7331000000000003
6.69,5.254,29.834,3.7286
6.68,5.244,29.736,3.7196
6.67,5.244,29.688,3.7196
6.66,5.239,29.688,3.7150999999999996
6.65,5.234,29.59,3.7106000000000003
6.64,5.22,29.59,3.6979999999999995
6.63,5.22,29.541,3.6979999999999995
6.62,5.205,29.492,3.6845
6.61,5.205,29.443,3.6845
6.6,5.19,29.395,3.6710000000000003
6.59,5.19,29.395,3.6710000000000003
6.58,5.181,29.297,3.6629000000000005
6.57,5.176,29.297,3.6584000000000003
6.56,5.161,29.199,3.6449
6.55,5.161,29.199,3.6449
6.54,5.151,29.15,3.6359000000000004
6.53,5.151,29.102,3.6359000000000004
6.52,5.137,29.004,3.6232999999999995
6.51,5.132,29.004,3.6188000000000002
6.5,5.122,28.955,3.6098
6.49,5.122,28.906,3.6098
6.48,5.112,28.906,3.6008000000000004
6.47,5.112,28.857,3.6008000000000004
6.46,5.098,28.76,3.5881999999999996
6.45,5.093,28.76,3.5837000000000003
6.44,5.088,28.711,3.5792
6.43,5.078,28.711,3.5702000000000007
6.42,5.073,28.613,3.5657000000000005
6.41,5.068,28.564,3.5611999999999995
6.4,5.059,28.516,3.5531000000000006
6.39,5.054,28.516,3.5486000000000004
6.38,5.049,28.467,3.5441000000000003
6.37,5.044,28.418,3.5396
6.36,5.034,28.32,3.5305999999999997
6.35,5.029,28.223,3.5261000000000005
6.34,5.024,28.223,3.5216000000000003
6.33,5.015,28.174,3.5134999999999996
6.32,5.005,28.125,3.5045
6.31,5,28.076,3.5
6.3,5,28.076,3.5
6.29,4.99,27.93,3.4910000000000005
6.28,4.98,27.93,3.482
6.27,4.971,27.881,3.4739000000000004
6.26,4.966,27.881,3.4694000000000003
6.25,4.961,27.832,3.4649
6.24,4.951,27.734,3.4558999999999997
6.23,4.946,27.686,3.4513999999999996
6.22,4.946,27.637,3.4513999999999996
6.21,4.941,27.637,3.4469000000000003
6.2,4.932,27.539,3.4388000000000005
6.19,4.927,27.49,3.4342999999999995
6.18,4.917,27.393,3.4253
6.17,4.917,27.441,3.4253
6.16,4.897,27.344,3.4073
6.15,4.897,27.295,3.4073
6.14,4.878,27.246,3.3902
6.13,4.883,27.148,3.3947000000000003
6.12,4.873,27.148,3.3857
6.11,4.873,27.051,3.3857
6.1,4.854,27.051,3.3686
6.09,4.854,27.002,3.3686
6.08,4.849,26.904,3.3641000000000005
6.07,4.844,26.904,3.3596000000000004
6.06,4.834,26.807,3.3506
6.05,4.834,26.758,3.3506
6.04,4.819,26.758,3.3371000000000004
6.03,4.819,26.66,3.3371000000000004
6.02,4.81,26.611,3.3289999999999997
6.01,4.8,26.563,3.3200000000000003
6,4.795,26.514,3.3155
5.99,4.785,26.465,3.3065000000000007
5.98,4.78,26.416,3.3020000000000005
5.97,4.771,26.318,3.2939
5.96,4.766,26.318,3.2894000000000005
5.95,4.761,26.318,3.2849000000000004
5.94,4.756,26.221,3.2804
5.93,4.746,26.123,3.2714000000000008
5.92,4.731,26.123,3.2579000000000002
5.91,4.731,26.025,3.2579000000000002
5.9,4.722,26.025,3.2498000000000005
5.89,4.717,25.977,3.2452999999999994
5.88,4.712,25.928,3.2408
5.87,4.702,25.781,3.2318
5.86,4.697,25.781,3.2273000000000005
5.85,4.692,25.732,3.2228000000000003
5.84,4.688,25.732,3.2192
5.83,4.678,25.635,3.2102000000000004
5.82,4.668,25.586,3.2012
5.81,4.663,25.488,3.1967000000000008
5.8,4.658,25.439,3.1922000000000006
5.79,4.653,25.439,3.1876999999999995
5.78,4.648,25.391,3.1832000000000003
5.77,4.639,25.293,3.1751000000000005
5.76,4.644,25.293,3.1796000000000006
5.75,4.624,25.146,3.1616
5.74,4.619,25.146,3.1571
5.73,4.609,25.098,3.1481000000000003
5.72,4.609,25.049,3.1481000000000003
5.71,4.595,24.951,3.1354999999999995
5.7,4.6,24.951,3.1399999999999997
5.69,4.575,24.854,3.1175000000000006
5.68,4.58,24.854,3.122
5.67,4.57,24.756,3.1130000000000004
5.66,4.57,24.658,3.1130000000000004
5.65,4.556,24.609,3.1004000000000005
5.64,4.556,24.561,3.1004000000000005
5.63,4.546,24.561,3.0914
5.62,4.541,24.414,3.086900000000001
5.61,4.526,24.414,3.0734000000000004
5.6,4.521,24.316,3.0689
5.59,4.517,24.316,3.0653000000000006
5.58,4.512,24.219,3.0607999999999995
5.57,4.507,24.17,3.0563000000000002
5.56,4.507,24.072,3.0563000000000002
5.55,4.482,24.023,3.0338000000000003
5.54,4.487,23.975,3.0383000000000004
5.53,4.478,23.926,3.0302
5.52,4.468,23.926,3.0212000000000003
5.51,4.458,23.828,3.0122
5.5,4.463,23.828,3.0167
5.49,4.448,23.73,3.0032000000000005
5.48,4.448,23.682,3.0032000000000005
5.47,4.429,23.633,2.9861000000000004
5.46,4.429,23.584,2.9861000000000004
5.45,4.419,23.486,2.9770999999999996
5.44,4.419,23.438,2.9770999999999996
5.43,4.409,23.389,2.9680999999999997
5.42,4.404,23.34,2.9636
5.41,4.395,23.242,2.9555
5.4,4.395,23.193,2.9555
5.39,4.385,23.145,2.9465
5.38,4.375,23.047,2.9375
5.37,4.365,22.998,2.9285
5.36,4.365,22.949,2.9285
5.35,4.355,22.9,2.9195000000000007
5.34,4.355,22.852,2.9195000000000007
5.33,4.341,22.803,2.9069000000000003
5.32,4.336,22.705,2.9024000000000005
5.31,4.321,22.656,2.8889
5.3,4.326,22.559,2.8933999999999997
5.29,4.316,22.51,2.8844
5.28,4.307,22.461,2.8763000000000005
5.27,4.302,22.363,2.8718
5.26,4.292,22.363,2.8628
5.25,4.287,22.266,2.8583
5.24,4.282,22.217,2.8538
5.23,4.272,22.168,2.8448
5.22,4.272,22.168,2.8448
5.21,4.258,22.021,2.8322000000000003
5.2,4.263,22.021,2.8367
5.19,4.253,21.924,2.8277
5.18,4.243,21.875,2.8187
5.17,4.233,21.826,2.8097
5.16,4.224,21.729,2.8016
5.15,4.224,21.729,2.8016
5.14,4.219,21.582,2.7971000000000004
5.13,4.214,21.582,2.7926000000000006
5.12,4.204,21.484,2.7836
5.11,4.199,21.436,2.7791
5.1,4.189,21.338,2.7701000000000002
5.09,4.185,21.24,2.7664999999999997
5.08,4.175,21.24,2.7575
5.07,4.165,21.143,2.7485
5.06,4.165,21.094,2.7485
5.05,4.155,20.996,2.7395000000000005
5.04,4.15,20.996,2.7350000000000003
5.03,4.141,20.947,2.7269
5.02,4.131,20.85,2.7179
5.01,4.126,20.801,2.7134000000000005
5,4.131,20.752,2.7179
4.99,4.111,20.703,2.6999
4.98,4.111,20.654,2.6999
4.97,4.102,20.557,2.6918
4.96,4.102,20.557,2.6918
4.95,4.092,20.459,2.6828
4.94,4.082,20.361,2.6738
4.93,4.077,20.313,2.6693000000000002
4.92,4.072,20.313,2.6648
4.91,4.058,20.215,2.6522
4.9,4.058,20.117,2.6522
4.89,4.038,20.02,2.6342000000000003
4.88,4.038,19.971,2.6342000000000003
4.87,4.033,19.873,2.6297000000000006
4.86,4.028,19.824,2.6251999999999995
4.85,4.019,19.824,2.6171
4.84,4.014,19.678,2.6126000000000005
4.83,4.009,19.678,2.6081000000000003
4.82,4.004,19.629,2.6035999999999997
4.81,3.994,19.58,2.5946000000000002
4.8,3.989,19.482,2.5901
4.79,3.984,19.482,2.5856
4.78,3.979,19.336,2.5811
4.77,3.97,19.287,2.5730000000000004
4.76,3.965,19.238,2.5685
4.75,3.955,19.189,2.5595000000000003
4.74,3.945,19.092,2.5505
4.73,3.945,19.043,2.5505
4.72,3.94,18.945,2.546
4.71,3.931,18.945,2.5379
4.7,3.926,18.848,2.5334000000000003
4.69,3.921,18.799,2.5288999999999997
4.68,3.911,18.701,2.5199000000000003
4.67,3.901,18.701,2.5109
4.66,3.896,18.652,2.5064
4.65,3.896,18.555,2.5064
4.64,3.877,18.408,2.4893
4.63,3.872,18.408,2.4848
4.62,3.867,18.408,2.4803
4.61,3.862,18.262,2.4758
4.6,3.862,18.213,2.4758
4.59,3.848,18.164,2.4632
4.58,3.848,18.115,2.4632
4.57,3.838,18.018,2.4542
4.56,3.833,17.969,2.4497000000000004
4.55,3.823,17.871,2.4407
4.54,3.823,17.871,2.4407
4.53,3.813,17.822,2.4317
4.52,3.809,17.725,2.4281
4.51,3.794,17.676,2.4146
4.5,3.799,17.578,2.4191
4.49,3.784,17.529,2.4055999999999997
4.48,3.784,17.48,2.4055999999999997
4.47,3.77,17.432,2.3930000000000002
4.46,3.77,17.334,2.3930000000000002
4.45,3.755,17.236,2.3795
4.44,3.75,17.236,2.375
4.43,3.74,17.139,2.366
4.42,3.74,17.041,2.366
4.41,3.73,17.041,2.357
4.4,3.726,16.943,2.3534
4.39,3.711,16.895,2.3399
4.38,3.711,16.895,2.3399
4.37,3.701,16.797,2.3309
4.36,3.696,16.748,2.3264
4.35,3.691,16.65,2.3219
4.34,3.677,16.602,2.3093
4.33,3.672,16.553,2.3048
4.32,3.667,16.455,2.3003
4.31,3.667,16.406,2.3003
4.3,3.662,16.309,2.2958
4.29,3.647,16.26,2.2822999999999998
4.28,3.647,16.211,2.2822999999999998
4.27,3.633,16.064,2.2697000000000003
4.26,3.633,16.016,2.2697000000000003
4.25,3.623,16.016,2.2607000000000004
4.24,3.613,15.869,2.2517
4.23,3.618,15.869,2.2561999999999998
4.22,3.604,15.771,2.2436000000000003
4.21,3.594,15.771,2.2346
4.2,3.589,15.674,2.2301
4.19,3.584,15.625,2.2256
4.18,3.574,15.576,2.2166
4.17,3.574,15.527,2.2166
4.16,3.564,15.479,2.2076000000000002
4.15,3.56,15.381,2.204
4.14,3.55,15.332,2.195
4.13,3.54,15.234,2.186
4.12,3.535,15.186,2.1815
4.11,3.535,15.137,2.1815
4.1,3.521,15.088,2.1689
4.09,3.521,15.039,2.1689
4.08,3.511,14.941,2.1599000000000004
4.07,3.506,14.844,2.1553999999999998
4.06,3.496,14.844,2.1464
4.05,3.486,14.795,2.1374000000000004
4.04,3.486,14.746,2.1374000000000004
4.03,3.477,14.648,2.1292999999999997
4.02,3.472,14.6,2.1248
4.01,3.467,14.551,2.1203000000000003
4,3.457,14.502,2.1113
3.99,3.457,14.453,2.1113
3.98,3.442,14.355,2.0978000000000003
3.97,3.433,14.307,2.0897
3.96,3.433,14.258,2.0897
3.95,3.428,14.209,2.0852
3.94,3.423,14.209,2.0807
3.93,3.418,14.111,2.0762
3.92,3.408,14.063,2.0672
3.91,3.398,13.916,2.0582000000000003
3.9,3.389,13.916,2.0501
3.89,3.384,13.867,2.0456
3.88,3.379,13.818,2.0411
3.87,3.369,13.721,2.0321000000000002
3.86,3.369,13.672,2.0321000000000002
3.85,3.35,13.623,2.015
3.84,3.345,13.525,2.0105000000000004
3.83,3.34,13.477,2.006
3.82,3.335,13.428,2.0015
3.81,3.33,13.379,1.9970000000000003
3.8,3.32,13.33,1.988
3.79,3.315,13.232,1.9834999999999998
3.78,3.306,13.184,1.9754
3.77,3.301,13.135,1.9709000000000003
3.76,3.296,13.086,1.9663999999999997
3.75,3.286,13.037,1.9574000000000003
3.74,3.281,12.939,1.9529
3.73,3.276,12.988,1.9484
3.72,3.267,12.842,1.9403000000000001
3.71,3.271,12.793,1.9439000000000002
3.7,3.257,12.793,1.9313000000000002
3.69,3.252,12.744,1.9268
3.68,3.247,12.695,1.9223
3.67,3.242,12.646,1.9178000000000002
3.66,3.228,12.549,1.9052000000000002
3.65,3.223,12.451,1.9007
3.64,3.213,12.402,1.8917000000000002
3.63,3.203,12.305,1.8826999999999998
3.62,3.203,12.256,1.8826999999999998
3.61,3.198,12.256,1.8782
3.6,3.184,12.158,1.8656000000000001
3.59,3.184,12.158,1.8656000000000001
3.58,3.174,12.061,1.8565999999999998
3.57,3.169,12.012,1.8521
3.56,3.159,11.963,1.8430999999999997
3.55,3.154,11.914,1.8386
3.54,3.154,11.914,1.8386
3.53,3.145,11.816,1.8305000000000002
3.52,3.135,11.816,1.8215
3.51,3.135,11.719,1.8215
3.5,3.125,11.67,1.8125
3.49,3.12,11.621,1.8080000000000003
3.48,3.11,11.523,1.799
3.47,3.105,11.523,1.7945000000000002
3.46,3.096,11.426,1.7864
3.45,3.091,11.377,1.7819000000000003
3.44,3.086,11.328,1.7774
3.43,3.076,11.328,1.7684000000000002
3.42,3.071,11.279,1.7639
3.41,3.057,11.182,1.7513
3.4,3.052,11.133,1.7468
3.39,3.037,11.084,1.7332999999999998
3.38,3.042,11.035,1.7378
3.37,3.032,11.035,1.7288000000000001
3.36,3.027,10.938,1.7243000000000004
3.35,3.022,10.938,1.7197999999999998
3.34,3.018,10.84,1.7161999999999997
3.33,3.013,10.84,1.7117
3.32,3.003,10.742,1.7027
3.31,2.993,10.742,1.6936999999999998
3.3,2.988,10.693,1.6892
3.29,2.979,10.645,1.6811000000000003
3.28,2.979,10.596,1.6811000000000003
3.27,2.974,10.547,1.6766
3.26,2.959,10.498,1.6631
3.25,2.959,10.449,1.6631
3.24,2.954,10.4,1.6586000000000003
3.23,2.949,10.352,1.6541000000000001
3.22,2.939,10.352,1.6451000000000002
3.21,2.93,10.205,1.637
3.2,2.925,10.156,1.6324999999999998
3.19,2.915,10.107,1.6235
3.18,2.915,10.059,1.6235
3.17,2.896,10.01,1.6063999999999998
3.16,2.9,10.01,1.6099999999999999
3.15,2.891,9.912,1.6019
3.14,2.886,9.863,1.5974000000000004
3.13,2.881,9.863,1.5928999999999998
3.12,2.866,9.814,1.5794000000000001
3.11,2.861,9.717,1.5749000000000004
3.1,2.861,9.717,1.5749000000000004
3.09,2.847,9.668,1.5623
3.08,2.847,9.619,1.5623
3.07,2.842,9.57,1.5578000000000003
3.06,2.837,9.57,1.5533000000000001
3.05,2.827,9.473,1.5443000000000002
3.04,2.817,9.473,1.5353000000000003
3.03,2.808,9.375,1.5272000000000001
3.02,2.803,9.375,1.5227
3.01,2.793,9.277,1.5137
3,2.788,9.229,1.5091999999999999
2.99,2.783,9.229,1.5047000000000001
2.98,2.778,9.18,1.5002
2.97,2.773,9.131,1.4957000000000003
2.96,2.769,9.131,1.4921000000000002
2.95,2.764,9.033,1.4876
2.94,2.754,9.033,1.4786000000000001
2.93,2.744,8.936,1.4696000000000002
2.92,2.734,8.887,1.4606
2.91,2.729,8.838,1.4561000000000002
2.9,2.725,8.838,1.4525000000000001
2.89,2.72,8.789,1.4480000000000004
2.88,2.71,8.74,1.439
2.87,2.7,8.691,1.4300000000000002
2.86,2.7,8.643,1.4300000000000002
2.85,2.69,8.594,1.4209999999999998
2.84,2.681,8.545,1.4129
2.83,2.681,8.545,1.4129
2.82,2.671,8.496,1.4038999999999997
2.81,2.661,8.398,1.3949000000000003
2.8,2.656,8.35,1.3904
2.79,2.651,8.35,1.3859
2.78,2.646,8.301,1.3814000000000002
2.77,2.632,8.301,1.3688000000000002
2.76,2.632,8.203,1.3688000000000002
2.75,2.632,8.203,1.3688000000000002
2.74,2.622,8.203,1.3598
2.73,2.617,8.154,1.3553000000000002
2.72,2.603,8.057,1.3427000000000002
2.71,2.598,8.057,1.3382
2.7,2.593,8.008,1.3336999999999999
2.69,2.583,8.008,1.3247000000000004
2.68,2.573,7.861,1.3157
2.67,2.573,7.861,1.3157
2.66,2.563,7.813,1.3067000000000002
2.65,2.559,7.764,1.3031000000000001
2.64,2.549,7.715,1.2940999999999998
2.63,2.549,7.715,1.2940999999999998
2.62,2.539,7.666,1.2851000000000004
2.61,2.534,7.617,1.2805999999999997
2.6,2.52,7.617,1.2680000000000002
2.59,2.515,7.617,1.2635
2.58,2.51,7.52,1.259
2.57,2.505,7.52,1.2545000000000002
2.56,2.5,7.471,1.25
2.55,2.49,7.422,1.241
2.54,2.48,7.373,1.2320000000000002
2.53,2.48,7.373,1.2320000000000002
2.52,2.471,7.275,1.2239
2.51,2.461,7.227,1.2149
2.5,2.456,7.178,1.2104
2.49,2.456,7.178,1.2104
2.48,2.441,7.129,1.1968999999999999
2.47,2.437,7.129,1.1932999999999998
2.46,2.432,7.08,1.1888
2.45,2.427,7.031,1.1843
2.44,2.417,6.982,1.1753
2.43,2.407,6.934,1.1663000000000001
2.42,2.417,6.934,1.1753
2.41,2.402,6.885,1.1618000000000004
2.4,2.393,6.836,1.1536999999999997
2.39,2.383,6.787,1.1447000000000003
2.38,2.378,6.836,1.1402
2.37,2.373,6.738,1.1357000000000004
2.36,2.358,6.689,1.1222000000000003
2.35,2.354,6.689,1.1186000000000003
2.34,2.344,6.641,1.1096
2.33,2.344,6.592,1.1096
2.32,2.329,6.592,1.0961000000000003
2.31,2.324,6.543,1.0916000000000001
2.3,2.319,6.494,1.0871
2.29,2.314,6.445,1.0826000000000002
2.28,2.31,6.445,1.0790000000000002
2.27,2.305,6.396,1.0745
2.26,2.29,6.348,1.061
2.25,2.29,6.348,1.061
2.24,2.285,6.299,1.0565000000000002
2.23,2.28,6.25,1.052
2.22,2.271,6.201,1.0438999999999998
2.21,2.266,6.201,1.0394
2.2,2.256,6.152,1.0303999999999998
2.19,2.251,6.104,1.0259
2.18,2.241,6.055,1.0169000000000001
2.17,2.236,6.055,1.0124000000000004
2.16,2.231,6.006,1.0078999999999998
2.15,2.217,6.006,0.9953000000000001
2.14,2.212,5.957,0.9908000000000001
2.13,2.207,5.908,0.9863
2.12,2.202,5.859,0.9818
2.11,2.197,5.859,0.9773000000000001
2.1,2.188,5.859,0.9692000000000003
2.09,2.178,5.762,0.9601999999999999
2.08,2.178,5.762,0.9601999999999999
2.07,2.168,5.713,0.9512000000000003
2.06,2.168,5.664,0.9512000000000003
2.05,2.153,5.713,0.9377
2.04,2.148,5.615,0.9332000000000003
2.03,2.148,5.615,0.9332000000000003
2.02,2.144,5.615,0.9296000000000002
2.01,2.129,5.518,0.9161000000000001
2,2.124,5.518,0.9116000000000002
1.99,2.119,5.518,0.9071000000000002
1.98,2.109,5.469,0.8981000000000001
1.97,2.095,5.371,0.8855000000000002
1.96,2.095,5.371,0.8855000000000002
1.95,2.08,5.371,0.8720000000000001
1.94,2.08,5.322,0.8720000000000001
1.93,2.075,5.273,0.8675000000000002
1.92,2.07,5.273,0.863
1.91,2.061,5.273,0.8549
1.9,2.056,5.225,0.8504
1.89,2.041,5.176,0.8369
1.88,2.046,5.127,0.8413999999999999
1.87,2.036,5.127,0.8324
1.86,2.031,5.127,0.8279000000000001
1.85,2.017,5.078,0.8152999999999999
1.84,2.017,4.98,0.8152999999999999
1.83,2.007,4.98,0.8063000000000002
1.82,2.002,5.029,0.8017999999999998
1.81,1.992,4.932,0.7928
1.8,1.982,4.932,0.7838
1.79,1.982,4.883,0.7838
1.78,1.973,4.883,0.7757000000000001
1.77,1.963,4.834,0.7667000000000002
1.76,1.958,4.785,0.7622
1.75,1.953,4.736,0.7577
1.74,1.943,4.736,0.7487000000000001
1.73,1.943,4.688,0.7487000000000001
1.72,1.929,4.688,0.7361
1.71,1.924,4.639,0.7316
1.7,1.924,4.639,0.7316
1.69,1.914,4.59,0.7225999999999999
1.68,1.909,4.541,0.7181
1.67,1.899,4.492,0.7091000000000001
1.66,1.895,4.541,0.7055
1.65,1.885,4.492,0.6965000000000001
1.64,1.885,4.443,0.6965000000000001
1.63,1.875,4.443,0.6875
1.62,1.87,4.395,0.683
1.61,1.86,4.395,0.6740000000000002
1.6,1.86,4.346,0.6740000000000002
1.59,1.846,4.346,0.6614000000000002
1.58,1.841,4.297,0.6569
1.57,1.836,4.248,0.6524000000000001
1.56,1.821,4.248,0.6389
1.55,1.816,4.15,0.6344000000000001
1.54,1.816,4.15,0.6344000000000001
1.53,1.807,4.15,0.6263000000000001
1.52,1.797,4.102,0.6173
1.51,1.797,4.053,0.6173
1.5,1.787,4.053,0.6083000000000001
1.49,1.782,4.102,0.6038000000000001
1.48,1.772,4.004,0.5948
1.47,1.763,4.004,0.5867
1.46,1.763,3.955,0.5867
1.45,1.758,3.955,0.5822
1.44,1.753,3.906,0.5776999999999999
1.43,1.743,3.857,0.5687000000000002
1.42,1.733,3.906,0.5597000000000001
1.41,1.729,3.857,0.5561
1.4,1.724,3.809,0.5516000000000001
1.39,1.719,3.809,0.5471000000000001
1.38,1.714,3.76,0.5426
1.37,1.704,3.76,0.5336000000000001
1.36,1.694,3.662,0.5246
1.35,1.689,3.662,0.5201
1.34,1.675,3.662,0.5075000000000001
1.33,1.665,3.613,0.49850000000000017
1.32,1.655,3.564,0.48950000000000005
1.31,1.65,3.613,0.4849999999999999
1.3,1.646,3.564,0.48140000000000005
1.29,1.641,3.516,0.4769000000000001
1.28,1.636,3.467,0.47239999999999993
1.27,1.626,3.467,0.46340000000000003
1.26,1.626,3.467,0.46340000000000003
1.25,1.616,3.418,0.45440000000000014
1.24,1.611,3.369,0.44989999999999997
1.23,1.602,3.369,0.4418000000000002
1.22,1.597,3.369,0.4373
1.21,1.592,3.32,0.4328000000000001
1.2,1.582,3.32,0.4238000000000002
1.19,1.582,3.223,0.4238000000000002
1.18,1.577,3.223,0.4193
1.17,1.567,3.223,0.4102999999999999
1.16,1.567,3.223,0.4102999999999999
1.15,1.553,3.174,0.39769999999999994
1.14,1.548,3.174,0.3932
1.13,1.533,3.076,0.3796999999999999
1.12,1.528,3.125,0.3752
1.11,1.519,3.076,0.3671
1.1,1.514,3.076,0.36260000000000003
1.09,1.509,3.027,0.35809999999999986
1.08,1.504,3.027,0.35360000000000014
1.07,1.504,2.979,0.35360000000000014
1.06,1.489,2.979,0.34010000000000007
1.05,1.484,2.93,0.3356000000000001
1.04,1.475,2.93,0.3275000000000001
1.03,1.475,2.93,0.3275000000000001
1.02,1.465,2.881,0.3185
1.01,1.46,2.881,0.31400000000000006
1,1.455,2.832,0.3095000000000001
0.99,1.445,2.832,0.3005
0.98,1.44,2.783,0.29600000000000004
0.97,1.436,2.783,0.2924
0.96,1.426,2.734,0.2833999999999999
0.95,1.421,2.734,0.27890000000000015
0.94,1.411,2.686,0.26990000000000003
0.93,1.406,2.686,0.26539999999999986
0.92,1.396,2.637,0.25639999999999996
0.91,1.392,2.588,0.2527999999999999
0.9,1.382,2.637,0.24380000000000002
0.89,1.382,2.588,0.24380000000000002
0.88,1.377,2.588,0.23930000000000007
0.87,1.362,2.539,0.22580000000000022
0.86,1.357,2.539,0.22130000000000005
0.85,1.357,2.539,0.22130000000000005
0.84,1.348,2.49,0.21320000000000006
0.83,1.338,2.441,0.20420000000000016
0.82,1.323,2.49,0.1907000000000001
0.81,1.323,2.393,0.1907000000000001
0.8,1.318,2.393,0.18620000000000014
0.79,1.313,2.344,0.18169999999999997
0.78,1.299,2.344,0.16910000000000003
0.77,1.289,2.344,0.1600999999999999
0.76,1.289,2.295,0.1600999999999999
0.75,1.279,2.295,0.1511
0.74,1.284,2.246,0.15559999999999996
0.73,1.274,2.295,0.14660000000000006
0.72,1.26,2.197,0.13400000000000012
0.71,1.255,2.197,0.12949999999999995
0.7,1.25,2.197,0.125
0.69,1.24,2.197,0.1160000000000001
0.68,1.235,2.148,0.11150000000000015
0.67,1.23,2.1,0.10699999999999998
0.66,1.221,2.148,0.09890000000000021
0.65,1.216,2.1,0.09440000000000004
0.64,1.211,2.051,0.08990000000000009
0.63,1.196,2.051,0.07640000000000002
0.62,1.201,2.002,0.0809000000000002
0.61,1.191,1.953,0.07190000000000007
0.6,1.187,2.002,0.06830000000000003
0.59,1.182,2.002,0.06380000000000008
0.58,1.172,1.953,0.05479999999999996
0.57,1.162,1.953,0.04580000000000006
0.56,1.162,1.904,0.04580000000000006
0.55,1.152,1.904,0.036799999999999944
0.54,1.147,1.904,0.032299999999999995
0.53,1.138,1.855,0.0242
0.52,1.128,1.855,0.01519999999999988
0.51,1.123,1.807,0.010699999999999932
0.5,1.118,1.758,0.006200000000000205
0.49,1.104,1.807,0
0.48,1.099,1.758,0
0.47,1.094,1.758,0
0.46,1.089,1.709,0
0.45,1.079,1.709,0
0.44,1.074,1.66,0
0.43,1.069,1.611,0
0.42,1.06,1.611,0
0.41,1.06,1.563,0
0.4,1.055,1.563,0
0.39,1.045,1.563,0
0.38,1.045,1.563,0
0.37,1.035,1.563,0
0.36,1.04,1.563,0
0.35,1.025,1.514,0
0.34,1.021,1.514,0
0.33,1.016,1.514,0
0.32,1.011,1.465,0
0.31,1.001,1.416,0
0.3,0.996,1.416,0
0.29,0.977,1.416,0
0.28,0.967,1.367,0
0.27,0.967,1.318,0
0.26,0.962,1.318,0
0.25,0.952,1.318,0
0.24,0.947,1.27,0
0.23,0.942,1.27,0
0.22,0.928,1.27,0
0.21,0.918,1.27,0
0.2,0.918,1.172,0
0.19,0.918,1.221,0
0.18,0.913,1.221,0
0.17,0.903,1.172,0
0.16,0.889,1.172,0
0.15,0.889,1.172,0
0.14,0.879,1.074,0
0.13,0.874,1.123,0
0.12,0.869,1.074,0
0.11,0.864,1.074,0
0.1,0.791,0.977,0
0.09,0.791,0.977,0
0.08,0.791,0.928,0
0.07,0.796,0.928,0
0.06,0.791,0.879,0
0.05,0.791,0.879,0
0.04,0.791,0.879,0
0.03,0.791,0.879,0
0.02,0.796,0.879,0
0.01,0.791,0.879,0
0,0.796,0.928,0
0,0.791,0,0
0.01,0.791,-0.049,0
0.02,0.796,-0.049,0
0.03,0.791,-0.049,0
0.04,0.791,-0.049,0
0.05,0.791,-0.049,0
0.06,0.791,-0.049,0
0.07,0.796,-0.049,0
0.08,0.786,-0.049,0
0.09,0.791,-0.049,0
0.1,0.786,-0.049,0
0.11,0.791,-0.049,0
0.12,0.791,-0.049,0
0.13,0.791,-0.049,0
0.14,0.791,-0.049,0
0.15,0.796,0,0
0.16,0.811,-0.049,0
0.17,0.811,-0.049,0
0.18,0.825,-0.049,0
0.19,0.83,-0.049,0
0.2,0.83,-0.049,0
0.21,0.859,0,0
0.22,0.869,-0.049,0
0.23,0.864,0,0
0.24,0.874,-0.049,0
0.25,0.874,0,0
0.26,0.889,-0.049,0
0.27,0.894,0,0
0.28,0.894,-0.049,0
0.29,0.908,0.049,0
0.3,0.903,0,0
0.31,0.913,-0.049,0
0.32,0.923,0.049,0
0.33,0.933,0.049,0
0.34,0.938,0.049,0
0.35,0.942,0,0
0.36,0.957,0.049,0
0.37,0.962,0.098,0
0.38,0.962,0.098,0
0.39,0.981,0.098,0
0.4,0.981,0.098,0
0.41,0.986,0.098,0
0.42,0.991,0.098,0
0.43,1.001,0.098,0
0.44,1.011,0.146,0
0.45,1.011,0.146,0
0.46,1.016,0.146,0
0.47,1.025,0.146,0
0.48,1.04,0.146,0
0.49,1.045,0.195,0
0.5,1.045,0.195,0
0.51,1.055,0.195,0
0.52,1.064,0.195,0
0.53,1.074,0.195,0
0.54,1.074,0.244,0
0.55,1.084,0.244,0
0.56,1.089,0.244,0
0.57,1.094,0.244,0
0.58,1.099,0.293,0
0.59,1.108,0.293,0
0.6,1.118,0.244,0.006200000000000205
0.61,1.118,0.342,0.006200000000000205
0.62,1.128,0.293,0.01519999999999988
0.63,1.138,0.293,0.0242
0.64,1.138,0.293,0.0242
0.65,1.152,0.342,0.036799999999999944
0.66,1.157,0.342,0.041300000000000114
0.67,1.157,0.391,0.041300000000000114
0.68,1.162,0.391,0.04580000000000006
0.69,1.172,0.391,0.05479999999999996
0.7,1.172,0.391,0.05479999999999996
0.71,1.187,0.391,0.06830000000000003
0.72,1.191,0.439,0.07190000000000007
0.73,1.206,0.439,0.08539999999999992
0.74,1.211,0.488,0.08990000000000009
0.75,1.211,0.439,0.08990000000000009
0.76,1.226,0.488,0.10339999999999994
0.77,1.226,0.488,0.10339999999999994
0.78,1.226,0.488,0.10339999999999994
0.79,1.25,0.537,0.125
0.8,1.25,0.537,0.125
0.81,1.25,0.537,0.125
0.82,1.265,0.537,0.13849999999999985
0.83,1.265,0.586,0.13849999999999985
0.84,1.27,0.537,0.14300000000000002
0.85,1.274,0.586,0.14660000000000006
0.86,1.294,0.586,0.16460000000000008
0.87,1.294,0.586,0.16460000000000008
0.88,1.299,0.635,0.16910000000000003
0.89,1.313,0.635,0.18169999999999997
0.9,1.309,0.635,0.17809999999999993
0.91,1.323,0.684,0.1907000000000001
0.92,1.328,0.732,0.19520000000000004
0.93,1.328,0.684,0.19520000000000004
0.94,1.353,0.684,0.2177
0.95,1.357,0.684,0.22130000000000005
0.96,1.357,0.684,0.22130000000000005
0.97,1.367,0.732,0.23029999999999995
0.98,1.372,0.781,0.23480000000000012
0.99,1.377,0.781,0.23930000000000007
1,1.377,0.781,0.23930000000000007
1.01,1.392,0.781,0.2527999999999999
1.02,1.396,0.781,0.25639999999999996
1.03,1.406,0.83,0.26539999999999986
1.04,1.406,0.879,0.26539999999999986
1.05,1.416,0.83,0.2744
1.06,1.416,0.879,0.2744
1.07,1.436,0.928,0.2924
1.08,1.44,0.928,0.29600000000000004
1.09,1.445,0.928,0.3005
1.1,1.445,0.928,0.3005
1.11,1.465,0.928,0.3185
1.12,1.47,0.977,0.32299999999999995
1.13,1.465,0.977,0.3185
1.14,1.479,0.977,0.33110000000000017
1.15,1.484,1.025,0.3356000000000001
1.16,1.489,1.025,0.34010000000000007
1.17,1.504,1.025,0.35360000000000014
1.18,1.509,1.074,0.35809999999999986
1.19,1.514,1.074,0.36260000000000003
1.2,1.523,1.025,0.37070000000000003
1.21,1.519,1.123,0.3671
1.22,1.538,1.123,0.3842000000000001
1.23,1.538,1.172,0.3842000000000001
1.24,1.538,1.172,0.3842000000000001
1.25,1.553,1.172,0.39769999999999994
1.26,1.558,1.172,0.4022000000000001
1.27,1.563,1.221,0.40670000000000006
1.28,1.567,1.172,0.4102999999999999
1.29,1.577,1.27,0.4193
1.3,1.587,1.221,0.4282999999999999
1.31,1.587,1.221,0.4282999999999999
1.32,1.602,1.318,0.4418000000000002
1.33,1.597,1.27,0.4373
1.34,1.611,1.27,0.44989999999999997
1.35,1.616,1.318,0.45440000000000014
1.36,1.626,1.318,0.46340000000000003
1.37,1.631,1.318,0.4679
1.38,1.641,1.367,0.4769000000000001
1.39,1.646,1.367,0.48140000000000005
1.4,1.646,1.416,0.48140000000000005
1.41,1.655,1.416,0.48950000000000005
1.42,1.66,1.416,0.494
1.43,1.675,1.465,0.5075000000000001
1.44,1.685,1.465,0.5165000000000002
1.45,1.68,1.465,0.512
1.46,1.699,1.514,0.5291000000000001
1.47,1.709,1.514,0.5381
1.48,1.704,1.514,0.5336000000000001
1.49,1.724,1.563,0.5516000000000001
1.5,1.719,1.611,0.5471000000000001
1.51,1.719,1.611,0.5471000000000001
1.52,1.738,1.66,0.5642
1.53,1.743,1.66,0.5687000000000002
1.54,1.743,1.66,0.5687000000000002
1.55,1.763,1.66,0.5867
1.56,1.763,1.66,0.5867
1.57,1.768,1.709,0.5912
1.58,1.768,1.709,0.5912
1.59,1.792,1.709,0.6128
1.6,1.792,1.758,0.6128
1.61,1.792,1.758,0.6128
1.62,1.812,1.758,0.6308
1.63,1.812,1.807,0.6308
1.64,1.812,1.807,0.6308
1.65,1.826,1.855,0.6434000000000002
1.66,1.831,1.807,0.6478999999999999
1.67,1.836,1.855,0.6524000000000001
1.68,1.846,1.855,0.6614000000000002
1.69,1.841,1.904,0.6569
1.7,1.86,1.904,0.6740000000000002
1.71,1.86,1.953,0.6740000000000002
1.72,1.865,1.953,0.6785000000000001
1.73,1.885,2.002,0.6965000000000001
1.74,1.885,2.002,0.6965000000000001
1.75,1.885,2.002,0.6965000000000001
1.76,1.899,2.051,0.7091000000000001
1.77,1.899,2.002,0.7091000000000001
1.78,1.914,2.051,0.7225999999999999
1.79,1.919,2.1,0.7271000000000001
1.8,1.919,2.1,0.7271000000000001
1.81,1.938,2.1,0.7442
1.82,1.938,2.197,0.7442
1.83,1.938,2.197,0.7442
1.84,1.953,2.148,0.7577
1.85,1.963,2.197,0.7667000000000002
1.86,1.968,2.246,0.7712000000000001
1.87,1.968,2.246,0.7712000000000001
1.88,1.978,2.295,0.7802
1.89,1.992,2.246,0.7928
1.9,1.987,2.295,0.7883000000000002
1.91,1.992,2.295,0.7928
1.92,2.012,2.393,0.8108
1.93,2.017,2.393,0.8152999999999999
1.94,2.017,2.344,0.8152999999999999
1.95,2.021,2.393,0.8189
1.96,2.041,2.441,0.8369
1.97,2.041,2.49,0.8369
1.98,2.041,2.49,0.8369
1.99,2.07,2.539,0.863
2,2.07,2.539,0.863
2.01,2.07,2.539,0.863
2.02,2.08,2.539,0.8720000000000001
2.03,2.09,2.588,0.881
2.04,2.09,2.637,0.881
2.05,2.09,2.637,0.881
2.06,2.104,2.637,0.8936000000000002
2.07,2.109,2.734,0.8981000000000001
2.08,2.109,2.637,0.8981000000000001
2.09,2.119,2.734,0.9071000000000002
2.1,2.129,2.686,0.9161000000000001
2.11,2.134,2.734,0.9205999999999999
2.12,2.139,2.783,0.9250999999999998
2.13,2.148,2.783,0.9332000000000003
2.14,2.148,2.783,0.9332000000000003
2.15,2.163,2.832,0.9466999999999999
2.16,2.168,2.832,0.9512000000000003
2.17,2.168,2.881,0.9512000000000003
2.18,2.192,2.93,0.9728000000000001
2.19,2.192,2.93,0.9728000000000001
2.2,2.197,2.979,0.9773000000000001
2.21,2.207,2.979,0.9863
2.22,2.202,2.979,0.9818
2.23,2.207,3.027,0.9863
2.24,2.217,3.076,0.9953000000000001
2.25,2.236,3.076,1.0124000000000004
2.26,2.236,3.076,1.0124000000000004
2.27,2.236,3.076,1.0124000000000004
2.28,2.251,3.076,1.0259
2.29,2.246,3.125,1.0213999999999999
2.3,2.261,3.174,1.0349000000000004
2.31,2.266,3.174,1.0394
2.32,2.28,3.223,1.052
2.33,2.28,3.223,1.052
2.34,2.275,3.223,1.0474999999999999
2.35,2.305,3.32,1.0745
2.36,2.305,3.32,1.0745
2.37,2.3,3.32,1.0699999999999998
2.38,2.314,3.369,1.0826000000000002
2.39,2.319,3.369,1.0871
2.4,2.319,3.418,1.0871
2.41,2.334,3.418,1.1006
2.42,2.334,3.418,1.1006
2.43,2.354,3.516,1.1186000000000003
2.44,2.354,3.516,1.1186000000000003
2.45,2.354,3.516,1.1186000000000003
2.46,2.368,3.564,1.1311999999999998
2.47,2.363,3.564,1.1267
2.48,2.383,3.564,1.1447000000000003
2.49,2.388,3.662,1.1492
2.5,2.393,3.711,1.1536999999999997
2.51,2.397,3.662,1.1572999999999998
2.52,2.412,3.711,1.1707999999999998
2.53,2.407,3.76,1.1663000000000001
2.54,2.432,3.76,1.1888
2.55,2.437,3.857,1.1932999999999998
2.56,2.427,3.809,1.1843
2.57,2.446,3.857,1.2014
2.58,2.446,3.857,1.2014
2.59,2.466,3.906,1.2194000000000003
2.6,2.466,3.906,1.2194000000000003
2.61,2.461,3.955,1.2149
2.62,2.471,3.955,1.2239
2.63,2.476,4.004,1.2284000000000002
2.64,2.49,4.004,1.241
2.65,2.49,4.053,1.241
2.66,2.5,4.053,1.25
2.67,2.505,4.102,1.2545000000000002
2.68,2.524,4.15,1.2716000000000003
2.69,2.529,4.199,1.2761
2.7,2.529,4.199,1.2761
2.71,2.539,4.199,1.2851000000000004
2.72,2.539,4.199,1.2851000000000004
2.73,2.549,4.297,1.2940999999999998
2.74,2.544,4.297,1.2896
2.75,2.559,4.297,1.3031000000000001
2.76,2.563,4.297,1.3067000000000002
2.77,2.568,4.346,1.3112
2.78,2.568,4.395,1.3112
2.79,2.598,4.443,1.3382
2.8,2.598,4.492,1.3382
2.81,2.598,4.443,1.3382
2.82,2.612,4.541,1.3508
2.83,2.617,4.541,1.3553000000000002
2.84,2.617,4.59,1.3553000000000002
2.85,2.622,4.59,1.3598
2.86,2.646,4.639,1.3814000000000002
2.87,2.642,4.688,1.3778000000000001
2.88,2.646,4.688,1.3814000000000002
2.89,2.661,4.736,1.3949000000000003
2.9,2.661,4.736,1.3949000000000003
2.91,2.661,4.736,1.3949000000000003
2.92,2.676,4.785,1.4084000000000003
2.93,2.676,4.834,1.4084000000000003
2.94,2.681,4.834,1.4129
2.95,2.69,4.834,1.4209999999999998
2.96,2.695,4.883,1.4255
2.97,2.715,4.932,1.4434999999999998
2.98,2.715,4.98,1.4434999999999998
2.99,2.71,5.029,1.439
3,2.739,5.078,1.4651
3.01,2.739,5.078,1.4651
3.02,2.734,5.078,1.4606
3.03,2.754,5.127,1.4786000000000001
3.04,2.754,5.127,1.4786000000000001
3.05,2.773,5.225,1.4957000000000003
3.06,2.773,5.273,1.4957000000000003
3.07,2.769,5.225,1.4921000000000002
3.08,2.783,5.322,1.5047000000000001
3.09,2.783,5.322,1.5047000000000001
3.1,2.793,5.322,1.5137
3.11,2.817,5.42,1.5353000000000003
3.12,2.817,5.42,1.5353000000000003
3.13,2.822,5.469,1.5398
3.14,2.822,5.469,1.5398
3.15,2.822,5.469,1.5398
3.16,2.842,5.566,1.5578000000000003
3.17,2.856,5.566,1.5703999999999998
3.18,2.847,5.566,1.5623
3.19,2.861,5.615,1.5749000000000004
3.2,2.856,5.664,1.5703999999999998
3.21,2.881,5.713,1.5928999999999998
3.22,2.881,5.713,1.5928999999999998
3.23,2.886,5.762,1.5974000000000004
3.24,2.896,5.811,1.6063999999999998
3.25,2.896,5.811,1.6063999999999998
3.26,2.91,5.859,1.6190000000000002
3.27,2.91,5.908,1.6190000000000002
3.28,2.925,5.908,1.6324999999999998
3.29,2.92,5.957,1.6280000000000001
3.3,2.935,6.006,1.6415000000000002
3.31,2.939,6.055,1.6451000000000002
3.32,2.949,6.104,1.6541000000000001
3.33,2.944,6.104,1.6496
3.34,2.954,6.104,1.6586000000000003
3.35,2.959,6.152,1.6631
3.36,2.979,6.25,1.6811000000000003
3.37,2.979,6.25,1.6811000000000003
3.38,2.983,6.25,1.6847000000000003
3.39,2.988,6.299,1.6892
3.4,2.988,6.348,1.6892
3.41,3.003,6.299,1.7027
3.42,3.003,6.396,1.7027
3.43,3.022,6.445,1.7197999999999998
3.44,3.018,6.494,1.7161999999999997
3.45,3.027,6.494,1.7243000000000004
3.46,3.042,6.543,1.7378
3.47,3.042,6.592,1.7378
3.48,3.047,6.592,1.7423000000000002
3.49,3.052,6.641,1.7468
3.5,3.071,6.738,1.7639
3.51,3.066,6.738,1.7593999999999999
3.52,3.096,6.787,1.7864
3.53,3.096,6.885,1.7864
3.54,3.096,6.885,1.7864
3.55,3.096,6.885,1.7864
3.56,3.11,6.885,1.799
3.57,3.11,6.934,1.799
3.58,3.115,6.982,1.8035
3.59,3.14,7.031,1.826
3.6,3.135,7.08,1.8215
3.61,3.14,7.08,1.826
3.62,3.14,7.129,1.826
3.63,3.159,7.178,1.8430999999999997
3.64,3.159,7.227,1.8430999999999997
3.65,3.169,7.275,1.8521
3.66,3.164,7.324,1.8476000000000004
3.67,3.188,7.373,1.8692000000000002
3.68,3.188,7.422,1.8692000000000002
3.69,3.198,7.422,1.8782
3.7,3.193,7.422,1.8737
3.71,3.198,7.471,1.8782
3.72,3.223,7.568,1.9007
3.73,3.218,7.617,1.8961999999999999
3.74,3.228,7.617,1.9052000000000002
3.75,3.228,7.568,1.9052000000000002
3.76,3.247,7.715,1.9223
3.77,3.247,7.715,1.9223
3.78,3.252,7.764,1.9268
3.79,3.262,7.813,1.9358
3.8,3.262,7.813,1.9358
3.81,3.276,7.91,1.9484
3.82,3.276,7.91,1.9484
3.83,3.286,7.91,1.9574000000000003
3.84,3.281,7.959,1.9529
3.85,3.306,8.057,1.9754
3.86,3.311,8.057,1.9799000000000002
3.87,3.315,8.105,1.9834999999999998
3.88,3.325,8.154,1.9925000000000002
3.89,3.325,8.203,1.9925000000000002
3.9,3.335,8.203,2.0015
3.91,3.345,8.252,2.0105000000000004
3.92,3.34,8.301,2.006
3.93,3.359,8.35,2.0231
3.94,3.364,8.398,2.0276
3.95,3.354,8.447,2.0186
3.96,3.384,8.496,2.0456
3.97,3.384,8.594,2.0456
3.98,3.384,8.594,2.0456
3.99,3.394,8.594,2.0546
4,3.394,8.643,2.0546
4.01,3.408,8.691,2.0672
4.02,3.408,8.691,2.0672
4.03,3.438,8.789,2.0942000000000003
4.04,3.433,8.789,2.0897
4.05,3.433,8.838,2.0897
4.06,3.433,8.838,2.0897
4.07,3.467,8.984,2.1203000000000003
4.08,3.457,8.984,2.1113
4.09,3.462,9.033,2.1158
4.1,3.477,9.082,2.1292999999999997
4.11,3.472,9.082,2.1248
4.12,3.486,9.131,2.1374000000000004
4.13,3.481,9.18,2.1329
4.14,3.501,9.229,2.1509
4.15,3.501,9.277,2.1509
4.16,3.511,9.375,2.1599000000000004
4.17,3.511,9.375,2.1599000000000004
4.18,3.53,9.424,2.177
4.19,3.525,9.424,2.1725
4.2,3.54,9.521,2.186
4.21,3.54,9.521,2.186
4.22,3.555,9.619,2.1995
4.23,3.555,9.668,2.1995
4.24,3.56,9.717,2.204
4.25,3.564,9.717,2.2076000000000002
4.26,3.574,9.766,2.2166
4.27,3.574,9.814,2.2166
4.28,3.608,9.912,2.2472000000000003
4.29,3.604,9.961,2.2436000000000003
4.3,3.599,10.059,2.2391
4.31,3.604,10.059,2.2436000000000003
4.32,3.628,10.107,2.2652
4.33,3.633,10.107,2.2697000000000003
4.34,3.628,10.107,2.2652
4.35,3.643,10.205,2.2786999999999997
4.36,3.643,10.254,2.2786999999999997
4.37,3.647,10.303,2.2822999999999998
4.38,3.662,10.4,2.2958
4.39,3.657,10.449,2.2913
4.4,3.672,10.449,2.3048
4.41,3.672,10.498,2.3048
4.42,3.687,10.596,2.3183
4.43,3.687,10.645,2.3183
4.44,3.687,10.596,2.3183
4.45,3.711,10.693,2.3399
4.46,3.711,10.742,2.3399
4.47,3.706,10.791,2.3354
4.48,3.726,10.84,2.3534
4.49,3.73,10.889,2.357
4.5,3.73,10.938,2.357
4.51,3.75,10.986,2.375
4.52,3.75,11.035,2.375
4.53,3.755,11.084,2.3795
4.54,3.765,11.133,2.3885
4.55,3.774,11.133,2.3966000000000003
4.56,3.779,11.182,2.4011
4.57,3.779,11.23,2.4011
4.58,3.804,11.328,2.4236
4.59,3.799,11.377,2.4191
4.6,3.804,11.426,2.4236
4.61,3.813,11.475,2.4317
4.62,3.809,11.475,2.4281
4.63,3.833,11.572,2.4497000000000004
4.64,3.833,11.621,2.4497000000000004
4.65,3.833,11.67,2.4497000000000004
4.66,3.833,11.67,2.4497000000000004
4.67,3.853,11.719,2.4677000000000002
4.68,3.853,11.768,2.4677000000000002
4.69,3.872,11.865,2.4848
4.7,3.872,11.963,2.4848
4.71,3.872,11.963,2.4848
4.72,3.872,12.012,2.4848
4.73,3.901,12.158,2.5109
4.74,3.896,12.109,2.5064
4.75,3.901,12.207,2.5109
4.76,3.906,12.207,2.5154
4.77,3.911,12.305,2.5199000000000003
4.78,3.921,12.305,2.5288999999999997
4.79,3.921,12.354,2.5288999999999997
4.8,3.931,12.402,2.5379
4.81,3.945,12.5,2.5505
4.82,3.945,12.5,2.5505
4.83,3.955,12.549,2.5595000000000003
4.84,3.955,12.598,2.5595000000000003
4.85,3.965,12.695,2.5685
4.86,3.97,12.695,2.5730000000000004
4.87,3.994,12.793,2.5946000000000002
4.88,3.984,12.891,2.5856
4.89,3.984,12.891,2.5856
4.9,4.004,12.939,2.6035999999999997
4.91,4.009,13.037,2.6081000000000003
4.92,4.014,13.086,2.6126000000000005
4.93,4.019,13.135,2.6171
4.94,4.033,13.184,2.6297000000000006
4.95,4.033,13.232,2.6297000000000006
4.96,4.043,13.281,2.6387
4.97,4.043,13.33,2.6387
4.98,4.067,13.428,2.6603000000000003
4.99,4.058,13.477,2.6522
5,4.063,13.477,2.6567
5.01,4.067,13.525,2.6603000000000003
5.02,4.077,13.574,2.6693000000000002
5.03,4.092,13.672,2.6828
5.04,4.087,13.721,2.6782999999999997
5.05,4.092,13.77,2.6828
5.06,4.102,13.77,2.6918
5.07,4.111,13.867,2.6999
5.08,4.116,13.965,2.7043999999999997
5.09,4.131,14.014,2.7179
5.1,4.136,14.063,2.7224000000000004
5.11,4.136,14.111,2.7224000000000004
5.12,4.16,14.209,2.744
5.13,4.155,14.258,2.7395000000000005
5.14,4.165,14.355,2.7485
5.15,4.175,14.404,2.7575
5.16,4.17,14.453,2.753
5.17,4.18,14.551,2.762
5.18,4.194,14.502,2.7746
5.19,4.194,14.6,2.7746
5.2,4.194,14.648,2.7746
5.21,4.204,14.648,2.7836
5.22,4.214,14.746,2.7926000000000006
5.23,4.214,14.795,2.7926000000000006
5.24,4.229,14.893,2.8061000000000003
5.25,4.233,14.941,2.8097
5.26,4.248,14.99,2.8232000000000004
5.27,4.243,15.039,2.8187
5.28,4.253,15.088,2.8277
5.29,4.268,15.137,2.8411999999999997
5.3,4.268,15.283,2.8411999999999997
5.31,4.268,15.283,2.8411999999999997
5.32,4.287,15.332,2.8583
5.33,4.292,15.43,2.8628
5.34,4.292,15.479,2.8628
5.35,4.307,15.527,2.8763000000000005
5.36,4.302,15.527,2.8718
5.37,4.321,15.674,2.8889
5.38,4.321,15.723,2.8889
5.39,4.326,15.771,2.8933999999999997
5.4,4.341,15.869,2.9069000000000003
5.41,4.341,15.918,2.9069000000000003
5.42,4.351,15.918,2.9159
5.43,4.351,16.016,2.9159
5.44,4.351,16.064,2.9159
5.45,4.37,16.113,2.9330000000000003
5.46,4.36,16.162,2.9240000000000004
5.47,4.38,16.26,2.942
5.48,4.385,16.309,2.9465
5.49,4.39,16.406,2.9509999999999996
5.5,4.395,16.406,2.9555
5.51,4.404,16.455,2.9636
5.52,4.409,16.504,2.9680999999999997
5.53,4.434,16.699,2.9906
5.54,4.434,16.699,2.9906
5.55,4.429,16.699,2.9861000000000004
5.56,4.443,16.797,2.9987
5.57,4.438,16.797,2.9941999999999998
5.58,4.463,16.895,3.0167
5.59,4.468,16.992,3.0212000000000003
5.6,4.463,16.992,3.0167
5.61,4.478,17.09,3.0302
5.62,4.478,17.188,3.0302
5.63,4.497,17.236,3.0473
5.64,4.492,17.236,3.0427999999999997
5.65,4.497,17.383,3.0473
5.66,4.502,17.334,3.0518
5.67,4.531,17.48,3.0778999999999996
5.68,4.526,17.578,3.0734000000000004
5.69,4.521,17.578,3.0689
5.7,4.536,17.676,3.0824
5.71,4.541,17.676,3.086900000000001
5.72,4.546,17.773,3.0914
5.73,4.551,17.822,3.0959000000000003
5.74,4.575,18.018,3.1175000000000006
5.75,4.575,18.018,3.1175000000000006
5.76,4.575,18.066,3.1175000000000006
5.77,4.59,18.115,3.1310000000000002
5.78,4.585,18.164,3.1265
5.79,4.6,18.262,3.1399999999999997
5.8,4.6,18.311,3.1399999999999997
5.81,4.614,18.408,3.1525999999999996
5.82,4.609,18.457,3.1481000000000003
5.83,4.629,18.506,3.1661
5.84,4.629,18.555,3.1661
5.85,4.644,18.604,3.1796000000000006
5.86,4.644,18.701,3.1796000000000006
5.87,4.653,18.75,3.1876999999999995
5.88,4.658,18.799,3.1922000000000006
5.89,4.668,18.896,3.2012
5.9,4.668,18.945,3.2012
5.91,4.673,18.994,3.2057
5.92,4.683,18.994,3.2146999999999997
5.93,4.692,19.092,3.2228000000000003
5.94,4.688,19.189,3.2192
5.95,4.707,19.238,3.2363
5.96,4.707,19.287,3.2363
5.97,4.727,19.385,3.2543000000000006
5.98,4.722,19.482,3.2498000000000005
5.99,4.722,19.482,3.2498000000000005
6,4.746,19.58,3.2714000000000008
6.01,4.746,19.678,3.2714000000000008
6.02,4.746,19.727,3.2714000000000008
6.03,4.761,19.727,3.2849000000000004
6.04,4.761,19.824,3.2849000000000004
6.05,4.775,19.922,3.2975000000000003
6.06,4.775,19.922,3.2975000000000003
6.07,4.79,20.02,3.311
6.08,4.79,20.068,3.311
6.09,4.8,20.068,3.3200000000000003
6.1,4.81,20.215,3.3289999999999997
6.11,4.81,20.215,3.3289999999999997
6.12,4.819,20.313,3.3371000000000004
6.13,4.819,20.41,3.3371000000000004
6.14,4.834,20.508,3.3506
6.15,4.839,20.557,3.3551
6.16,4.863,20.654,3.3767000000000005
6.17,4.863,20.801,3.3767000000000005
6.18,4.863,20.752,3.3767000000000005
6.19,4.863,20.801,3.3767000000000005
6.2,4.878,20.898,3.3902
6.21,4.883,20.996,3.3947000000000003
6.22,4.878,20.996,3.3902
6.23,4.893,21.045,3.4036999999999997
6.24,4.897,21.143,3.4073
6.25,4.907,21.24,3.4163000000000006
6.26,4.912,21.24,3.4208
6.27,4.912,21.289,3.4208
6.28,4.941,21.387,3.4469000000000003
6.29,4.937,21.484,3.4433000000000007
6.3,4.937,21.484,3.4433000000000007
6.31,4.937,21.533,3.4433000000000007
6.32,4.956,21.631,3.460400000000001
6.33,4.951,21.68,3.4558999999999997
6.34,4.966,21.777,3.4694000000000003
6.35,4.971,21.826,3.4739000000000004
6.36,4.985,21.924,3.4865000000000004
6.37,4.985,21.973,3.4865000000000004
6.38,4.995,22.021,3.4955
6.39,5.01,22.07,3.5090000000000003
6.4,5.005,22.119,3.5045
6.41,5.02,22.217,3.518
6.42,5.015,22.217,3.5134999999999996
6.43,5.024,22.363,3.5216000000000003
6.44,5.029,22.412,3.5261000000000005
6.45,5.039,22.461,3.5351
6.46,5.034,22.51,3.5305999999999997
6.47,5.054,22.559,3.5486000000000004
6.48,5.054,22.656,3.5486000000000004
6.49,5.063,22.705,3.5567
6.5,5.063,22.705,3.5567
6.51,5.083,22.803,3.5747
6.52,5.083,22.852,3.5747
6.53,5.093,22.9,3.5837000000000003
6.54,5.088,22.998,3.5792
6.55,5.107,23.096,3.5963000000000003
6.56,5.103,23.145,3.5927
6.57,5.122,23.242,3.6098
6.58,5.127,23.291,3.6143
6.59,5.127,23.291,3.6143
6.6,5.151,23.389,3.6359000000000004
6.61,5.146,23.486,3.6314
6.62,5.151,23.584,3.6359000000000004
6.63,5.156,23.584,3.6403999999999996
6.64,5.176,23.682,3.6584000000000003
6.65,5.181,23.73,3.6629000000000005
6.66,5.176,23.779,3.6584000000000003
6.67,5.186,23.828,3.6673999999999998
6.68,5.2,23.926,3.6800000000000006
6.69,5.2,23.975,3.6800000000000006
6.7,5.205,24.023,3.6845
6.71,5.205,24.023,3.6845
6.72,5.215,24.121,3.6935000000000002
6.73,5.225,24.17,3.7024999999999997
6.74,5.234,24.219,3.7106000000000003
6.75,5.234,24.268,3.7106000000000003
6.76,5.244,24.316,3.7196
6.77,5.249,24.414,3.7241
6.78,5.259,24.512,3.7331000000000003
6.79,5.264,24.561,3.7376000000000005
6.8,5.273,24.561,3.7457000000000003
6.81,5.278,24.707,3.7501999999999995
6.82,5.283,24.756,3.7547000000000006
6.83,5.293,24.756,3.7637
6.84,5.298,24.854,3.7682
6.85,5.303,24.805,3.7727000000000004
6.86,5.322,25,3.7898000000000005
6.87,5.327,25.049,3.7943
6.88,5.322,25.049,3.7898000000000005
6.89,5.327,25.146,3.7943
6.9,5.337,25.195,3.8033
6.91,5.342,25.195,3.8077999999999994
6.92,5.342,25.244,3.8077999999999994
6.93,5.371,25.439,3.8339000000000008
6.94,5.371,25.439,3.8339000000000008
6.95,5.366,25.488,3.8293999999999997
6.96,5.381,25.537,3.8429
6.97,5.381,25.586,3.8429
6.98,5.386,25.635,3.8474000000000004
6.99,5.396,25.684,3.8564
7,5.396,25.684,3.8564
7.01,5.42,25.83,3.878
7.02,5.425,25.928,3.8825000000000003
7.03,5.425,25.977,3.8825000000000003
7.04,5.43,26.025,3.8869999999999996
7.05,5.43,26.025,3.8869999999999996
7.06,5.454,26.172,3.9086
7.07,5.459,26.221,3.9131
7.08,5.454,26.172,3.9086
7.09,5.459,26.221,3.9131
7.1,5.464,26.318,3.9176
7.11,5.469,26.367,3.9221000000000004
7.12,5.488,26.416,3.9392000000000005
7.13,5.488,26.465,3.9392000000000005
7.14,5.498,26.514,3.9482
7.15,5.513,26.66,3.9617000000000004
7.16,5.508,26.66,3.9572000000000003
7.17,5.527,26.758,3.9743000000000004
7.18,5.527,26.807,3.9743000000000004
7.19,5.537,26.904,3.9833
7.2,5.537,26.904,3.9833
7.21,5.547,26.904,3.9923
7.22,5.557,27.002,4.0013000000000005
7.23,5.562,27.1,4.005800000000001
7.24,5.562,27.1,4.005800000000001
7.25,5.566,27.197,4.0094
7.26,5.576,27.197,4.0184
7.27,5.581,27.295,4.022900000000001
7.28,5.591,27.344,4.0319
7.29,5.605,27.393,4.0445
7.3,5.601,27.441,4.0409
7.31,5.615,27.49,4.0535000000000005
7.32,5.615,27.539,4.0535000000000005
7.33,5.625,27.588,4.0625
7.34,5.625,27.637,4.0625
7.35,5.635,27.734,4.0715
7.36,5.649,27.783,4.0841
7.37,5.645,27.832,4.0805
7.38,5.659,27.881,4.0931
7.39,5.654,27.93,4.0886000000000005
7.4,5.693,28.076,4.1236999999999995
7.41,5.688,28.174,4.1192
7.42,5.688,28.174,4.1192
7.43,5.688,28.174,4.1192
7.44,5.698,28.223,4.1282000000000005
7.45,5.703,28.271,4.132700000000001
7.46,5.713,28.32,4.1417
7.47,5.713,28.369,4.1417
7.48,5.732,28.467,4.1588
7.49,5.732,28.516,4.1588
7.5,5.747,28.564,4.1723
7.51,5.747,28.613,4.1723
7.52,5.757,28.613,4.1813
7.53,5.757,28.711,4.1813
7.54,5.767,28.809,4.190300000000001
7.55,5.767,28.809,4.190300000000001
7.56,5.776,28.857,4.1984
7.57,5.781,28.906,4.2029
7.58,5.806,29.004,4.2254000000000005
7.59,5.801,29.004,4.2209
7.6,5.801,29.053,4.2209
7.61,5.83,29.199,4.247
7.62,5.825,29.248,4.242500000000001
7.63,5.825,29.248,4.242500000000001
7.64,5.84,29.297,4.256
7.65,5.85,29.346,4.265
7.66,5.845,29.395,4.2604999999999995
7.67,5.859,29.443,4.2731
7.68,5.864,29.492,4.2776
7.69,5.874,29.541,4.2866
7.7,5.879,29.59,4.2911
7.71,5.884,29.639,4.2956
7.72,5.889,29.688,4.3001000000000005
7.73,5.903,29.785,4.3126999999999995
7.74,5.903,29.834,4.3126999999999995
7.75,5.908,29.834,4.317200000000001
7.76,5.918,29.883,4.3262
7.77,5.928,29.98,4.3352
7.78,5.928,29.98,4.3352
7.79,5.933,30.029,4.3397
7.8,5.942,30.078,4.3478
7.81,5.938,30.127,4.3442
7.82,5.957,30.127,4.3613
7.83,5.952,30.176,4.3568
7.84,5.967,30.322,4.370299999999999
7.85,5.962,30.273,4.3658
7.86,5.977,30.371,4.379300000000001
7.87,5.981,30.42,4.3829
7.88,5.991,30.469,4.3919
7.89,5.996,30.518,4.396400000000001
7.9,6.016,30.566,4.4144000000000005
7.91,6.016,30.615,4.4144000000000005
7.92,6.021,30.615,4.4189
7.93,6.025,30.664,4.4225
7.94,6.04,30.762,4.436
7.95,6.04,30.859,4.436
7.96,6.045,30.811,4.4405
7.97,6.055,30.859,4.4495
7.98,6.06,30.957,4.454
7.99,6.069,31.006,4.4621
8,6.064,31.055,4.4576
8.01,6.084,31.055,4.4756
8.02,6.084,31.104,4.4756
8.03,6.099,31.201,4.4891000000000005
8.04,6.094,31.25,4.4846
8.05,6.104,31.299,4.4936
8.06,6.118,31.348,4.506200000000001
8.07,6.118,31.348,4.506200000000001
8.08,6.133,31.445,4.5197
8.09,6.133,31.494,4.5197
8.1,6.147,31.494,4.5323
8.11,6.147,31.592,4.5323
8.12,6.147,31.592,4.5323
8.13,6.157,31.641,4.541300000000001
8.14,6.157,31.689,4.541300000000001
8.15,6.182,31.787,4.5638000000000005
8.16,6.182,31.787,4.5638000000000005
8.17,6.182,31.836,4.5638000000000005
8.18,6.196,31.885,4.5764
8.19,6.191,31.934,4.5719
8.2,6.206,31.934,4.585400000000001
8.21,6.206,31.934,4.585400000000001
8.22,6.23,32.031,4.607
8.23,6.226,32.08,4.6034
8.24,6.245,32.129,4.6205
8.25,6.24,32.227,4.6160000000000005
8.26,6.25,32.227,4.625
8.27,6.255,32.227,4.6295
8.28,6.27,32.324,4.643
8.29,6.265,32.373,4.6385
8.3,6.274,32.373,4.6466
8.31,6.279,32.471,4.6511000000000005
8.32,6.284,32.471,4.6556
8.33,6.299,32.52,4.6691
8.34,6.299,32.617,4.6691
8.35,6.309,32.617,4.678100000000001
8.36,6.304,32.666,4.6736
8.37,6.318,32.715,4.6861999999999995
8.38,6.323,32.764,4.6907000000000005
8.39,6.338,32.764,4.7042
8.4,6.343,32.861,4.7087
8.41,6.353,32.91,4.7177
8.42,6.348,32.91,4.7132
8.43,6.353,32.959,4.7177
8.44,6.367,33.008,4.7303
8.45,6.362,33.057,4.7258000000000004
8.46,6.387,33.105,4.7482999999999995
8.47,6.382,33.203,4.7438
8.48,6.396,33.203,4.7564
8.49,6.401,33.252,4.7609
8.5,6.401,33.203,4.7609
8.51,6.411,33.252,4.7699
8.52,6.411,33.35,4.7699
8.53,6.431,33.398,4.7879000000000005
8.54,6.431,33.447,4.7879000000000005
8.55,6.44,33.447,4.796
8.56,6.44,33.496,4.796
8.57,6.45,33.545,4.805000000000001
8.58,6.45,33.594,4.805000000000001
8.59,6.47,33.691,4.8229999999999995
8.6,6.465,33.74,4.8185
8.61,6.47,33.691,4.8229999999999995
8.62,6.484,33.789,4.8356
8.63,6.475,33.789,4.8275
8.64,6.504,33.838,4.8536
8.65,6.499,33.887,4.8491
8.66,6.514,33.984,4.8626000000000005
8.67,6.514,33.984,4.8626000000000005
8.68,6.528,33.984,4.8751999999999995
8.69,6.528,34.033,4.8751999999999995
8.7,6.538,34.131,4.884200000000001
8.71,6.548,34.18,4.8932
8.72,6.553,34.18,4.8977
8.73,6.563,34.229,4.9067
8.74,6.563,34.277,4.9067
8.75,6.577,34.375,4.9193
8.76,6.577,34.326,4.9193
8.77,6.577,34.375,4.9193
8.78,6.587,34.375,4.9283
8.79,6.592,34.424,4.932799999999999
8.8,6.597,34.521,4.9373000000000005
8.81,6.611,34.521,4.9498999999999995
8.82,6.606,34.57,4.9454
8.83,6.616,34.619,4.9544
8.84,6.621,34.668,4.958900000000001
8.85,6.636,34.717,4.9724
8.86,6.641,34.717,4.9769000000000005
8.87,6.655,34.766,4.9895000000000005
8.88,6.66,34.814,4.994000000000001
8.89,6.665,34.863,4.9985
8.9,6.665,34.863,4.9985
8.91,6.675,34.961,5.0075
8.92,6.675,34.961,5.0075
8.93,6.68,35.01,5.012
8.94,6.694,35.01,5.0246
8.95,6.694,35.059,5.0246
8.96,6.709,35.107,5.0381
8.97,6.714,35.107,5.0426
8.98,6.719,35.156,5.0471
8.99,6.724,35.254,5.0516000000000005
9,6.743,35.303,5.068700000000001
9.01,6.748,35.352,5.0732
9.02,6.758,35.4,5.0822
9.03,6.753,35.4,5.0777
9.04,6.763,35.4,5.0867000000000004
9.05,6.763,35.4,5.0867000000000004
9.06,6.772,35.498,5.0948
9.07,6.787,35.498,5.1083
9.08,6.782,35.596,5.103800000000001
9.09,6.802,35.596,5.1217999999999995
9.1,6.802,35.645,5.1217999999999995
9.11,6.807,35.693,5.1263000000000005
9.12,6.812,35.742,5.130800000000001
9.13,6.816,35.742,5.1344
9.14,6.831,35.791,5.147900000000001
9.15,6.831,35.84,5.147900000000001
9.16,6.846,35.84,5.1614
9.17,6.846,35.889,5.1614
9.18,6.851,35.938,5.1659
9.19,6.855,35.938,5.1695
9.2,6.865,35.986,5.1785000000000005
9.21,6.885,35.986,5.1965
9.22,6.885,36.035,5.1965
9.23,6.89,36.084,5.201
9.24,6.899,36.182,5.2091
9.25,6.899,36.133,5.2091
9.26,6.909,36.182,5.2181
9.27,6.914,36.23,5.2226
9.28,6.924,36.279,5.2316
9.29,6.919,36.279,5.2271
9.3,6.938,36.279,5.2442
9.31,6.938,36.377,5.2442
9.32,6.953,36.426,5.257700000000001
9.33,6.953,36.426,5.257700000000001
9.34,6.958,36.475,5.2622
9.35,6.963,36.523,5.2667
9.36,6.973,36.572,5.2757
9.37,6.982,36.572,5.2838
9.38,6.997,36.621,5.2973
9.39,6.992,36.621,5.2928
9.4,7.007,36.719,5.3063
9.41,7.007,36.768,5.3063
9.42,7.012,36.768,5.3107999999999995
9.43,7.021,36.768,5.3189
9.44,7.031,36.816,5.3279
9.45,7.031,36.865,5.3279
9.46,7.041,36.865,5.336900000000001
9.47,7.046,36.914,5.3414
9.48,7.056,36.963,5.3504000000000005
9.49,7.056,37.012,5.3504000000000005
9.5,7.065,37.012,5.3585
9.51,7.07,37.012,5.363
9.52,7.08,37.109,5.372
9.53,7.085,37.109,5.3765
9.54,7.09,37.109,5.381
9.55,7.104,37.207,5.3936
9.56,7.1,37.207,5.39
9.57,7.114,37.256,5.4026
9.58,7.109,37.256,5.3981
9.59,7.124,37.305,5.4116
9.6,7.129,37.305,5.4161
9.61,7.139,37.402,5.4251000000000005
9.62,7.144,37.402,5.429600000000001
9.63,7.148,37.402,5.4332
9.64,7.153,37.5,5.4376999999999995
9.65,7.168,37.5,5.4512
9.66,7.178,37.5,5.4602
9.67,7.173,37.549,5.4557
9.68,7.183,37.598,5.4647
9.69,7.188,37.646,5.4692
9.7,7.197,37.646,5.4773000000000005
9.71,7.197,37.695,5.4773000000000005
9.72,7.207,37.744,5.4863
9.73,7.222,37.793,5.4998000000000005
9.74,7.222,37.793,5.4998000000000005
9.75,7.236,37.793,5.5123999999999995
9.76,7.231,37.842,5.5079
9.77,7.241,37.842,5.5169
9.78,7.246,37.939,5.521400000000001
9.79,7.256,37.939,5.5304
9.8,7.261,37.939,5.5349
9.81,7.271,37.988,5.5439
9.82,7.275,37.988,5.5475
9.83,7.28,38.037,5.5520000000000005
9.84,7.285,38.086,5.556500000000001
9.85,7.29,38.086,5.561
9.86,7.305,38.135,5.5745
9.87,7.31,38.232,5.579
9.88,7.319,38.232,5.5871
9.89,7.319,38.232,5.5871
9.9,7.329,38.281,5.5961
9.91,7.329,38.33,5.5961
9.92,7.334,38.379,5.6006
9.93,7.339,38.33,5.6051
9.94,7.349,38.379,5.6141000000000005
9.95,7.349,38.379,5.6141000000000005
9.96,7.354,38.428,5.6186
9.97,7.349,38.477,5.6141000000000005
9.98,7.349,38.477,5.6141000000000005
9.99,7.349,38.477,5.6141000000000005
10,7.349,38.428,5.6141000000000005
10.01,7.344,38.525,5.6096
10,7.349,38.477,5.6141000000000005
9.99,7.349,38.477,5.6141000000000005
9.98,7.349,38.525,5.6141000000000005
9.97,7.349,38.525,5.6141000000000005
9.96,7.349,38.525,5.6141000000000005
9.95,7.349,38.525,5.6141000000000005
9.94,7.349,38.525,5.6141000000000005
9.93,7.344,38.525,5.6096
9.92,7.354,38.525,5.6186
9.91,7.349,38.525,5.6141000000000005
9.9,7.349,38.525,5.6141000000000005
9.89,7.349,38.574,5.6141000000000005
9.88,7.344,38.623,5.6096
9.87,7.344,38.623,5.6096
9.86,7.349,38.574,5.6141000000000005
9.85,7.349,38.574,5.6141000000000005
9.84,7.344,38.623,5.6096
9.83,7.339,38.623,5.6051
9.82,7.344,38.623,5.6096
9.81,7.334,38.623,5.6006
9.8,7.329,38.574,5.5961
9.79,7.324,38.623,5.5916
9.78,7.314,38.623,5.5826
9.77,7.305,38.623,5.5745
9.76,7.305,38.623,5.5745
9.75,7.285,38.672,5.556500000000001
9.74,7.29,38.623,5.561
9.73,7.275,38.623,5.5475
9.72,7.28,38.623,5.5520000000000005
9.71,7.271,38.672,5.5439
9.7,7.266,38.623,5.5394000000000005
9.69,7.251,38.574,5.5259
9.68,7.251,38.623,5.5259
9.67,7.236,38.623,5.5123999999999995
9.66,7.236,38.623,5.5123999999999995
9.65,7.227,38.623,5.504300000000001
9.64,7.222,38.672,5.4998000000000005
9.63,7.212,38.623,5.4908
9.62,7.212,38.623,5.4908
9.61,7.188,38.623,5.4692
9.6,7.192,38.623,5.4728
9.59,7.183,38.623,5.4647
9.58,7.178,38.623,5.4602
9.57,7.173,38.574,5.4557
9.56,7.168,38.574,5.4512
9.55,7.158,38.574,5.442200000000001
9.54,7.158,38.574,5.442200000000001
9.53,7.148,38.574,5.4332
9.52,7.148,38.574,5.4332
9.51,7.129,38.525,5.4161
9.5,7.124,38.477,5.4116
9.49,7.114,38.477,5.4026
9.48,7.114,38.477,5.4026
9.47,7.104,38.428,5.3936
9.46,7.104,38.477,5.3936
9.45,7.095,38.428,5.3854999999999995
9.44,7.09,38.379,5.381
9.43,7.075,38.33,5.367500000000001
9.42,7.08,38.379,5.372
9.41,7.065,38.33,5.3585
9.4,7.065,38.379,5.3585
9.39,7.051,38.281,5.3459
9.38,7.051,38.33,5.3459
9.37,7.041,38.33,5.336900000000001
9.36,7.041,38.281,5.336900000000001
9.35,7.031,38.281,5.3279
9.34,7.026,38.281,5.3234
9.33,7.012,38.232,5.3107999999999995
9.32,7.007,38.232,5.3063
9.31,7.007,38.232,5.3063
9.3,7.002,38.232,5.3018
9.29,6.987,38.135,5.2883000000000004
9.28,6.987,38.184,5.2883000000000004
9.27,6.968,38.184,5.2712
9.26,6.973,38.086,5.2757
9.25,6.963,38.037,5.2667
9.24,6.963,38.135,5.2667
9.23,6.943,38.086,5.2486999999999995
9.22,6.943,38.037,5.2486999999999995
9.21,6.938,38.037,5.2442
9.2,6.934,38.037,5.240600000000001
9.19,6.924,37.988,5.2316
9.18,6.924,37.988,5.2316
9.17,6.909,37.939,5.2181
9.16,6.909,37.939,5.2181
9.15,6.895,37.939,5.2055
9.14,6.899,37.939,5.2091
9.13,6.88,37.891,5.192
9.12,6.88,37.891,5.192
9.11,6.865,37.842,5.1785000000000005
9.1,6.865,37.842,5.1785000000000005
9.09,6.855,37.842,5.1695
9.08,6.851,37.793,5.1659
9.07,6.836,37.744,5.1524
9.06,6.831,37.744,5.147900000000001
9.05,6.821,37.695,5.1389
9.04,6.821,37.695,5.1389
9.03,6.802,37.695,5.1217999999999995
9.02,6.807,37.646,5.1263000000000005
9.01,6.797,37.646,5.1173
9,6.792,37.598,5.1128
8.99,6.782,37.598,5.103800000000001
8.98,6.782,37.598,5.103800000000001
8.97,6.772,37.598,5.0948
8.96,6.772,37.549,5.0948
8.95,6.753,37.549,5.0777
8.94,6.758,37.5,5.0822
8.93,6.748,37.451,5.0732
8.92,6.743,37.451,5.068700000000001
8.91,6.733,37.451,5.059699999999999
8.9,6.733,37.451,5.059699999999999
8.89,6.719,37.402,5.0471
8.88,6.719,37.402,5.0471
8.87,6.704,37.354,5.0336
8.86,6.699,37.354,5.0291
8.85,6.685,37.305,5.0165
8.84,6.694,37.305,5.0246
8.83,6.685,37.256,5.0165
8.82,6.67,37.256,5.003
8.81,6.66,37.207,4.994000000000001
8.8,6.66,37.207,4.994000000000001
8.79,6.655,37.207,4.9895000000000005
8.78,6.65,37.158,4.985
8.77,6.636,37.109,4.9724
8.76,6.636,37.158,4.9724
8.75,6.621,37.109,4.958900000000001
8.74,6.626,37.109,4.9634
8.73,6.611,37.012,4.9498999999999995
8.72,6.611,37.012,4.9498999999999995
8.71,6.606,37.012,4.9454
8.7,6.597,37.012,4.9373000000000005
8.69,6.592,36.963,4.932799999999999
8.68,6.582,36.963,4.9238
8.67,6.577,36.914,4.9193
8.66,6.572,36.914,4.9148000000000005
8.65,6.567,36.865,4.9103
8.64,6.558,36.816,4.9022
8.63,6.548,36.816,4.8932
8.62,6.538,36.768,4.884200000000001
8.61,6.538,36.768,4.884200000000001
8.6,6.523,36.719,4.8707
8.59,6.523,36.67,4.8707
8.58,6.509,36.67,4.8581
8.57,6.509,36.67,4.8581
8.56,6.499,36.67,4.8491
8.55,6.499,36.67,4.8491
8.54,6.484,36.621,4.8356
8.53,6.484,36.572,4.8356
8.52,6.47,36.572,4.8229999999999995
8.51,6.47,36.523,4.8229999999999995
8.5,6.455,36.523,4.8095
8.49,6.455,36.475,4.8095
8.48,6.45,36.426,4.805000000000001
8.47,6.445,36.426,4.8005
8.46,6.431,36.377,4.7879000000000005
8.45,6.436,36.426,4.7924
8.44,6.421,36.377,4.7789
8.43,6.416,36.328,4.774400000000001
8.42,6.406,36.279,4.7654
8.41,6.401,36.279,4.7609
8.4,6.392,36.279,4.752800000000001
8.39,6.387,36.23,4.7482999999999995
8.38,6.377,36.182,4.7393
8.37,6.377,36.182,4.7393
8.36,6.362,36.182,4.7258000000000004
8.35,6.367,36.133,4.7303
8.34,6.353,36.084,4.7177
8.33,6.348,36.084,4.7132
8.32,6.343,36.035,4.7087
8.31,6.338,36.035,4.7042
8.3,6.333,35.986,4.6997
8.29,6.328,35.938,4.695200000000001
8.28,6.313,35.938,4.6817
8.27,6.309,35.938,4.678100000000001
8.26,6.304,35.889,4.6736
8.25,6.304,35.889,4.6736
8.24,6.284,35.791,4.6556
8.23,6.284,35.791,4.6556
8.22,6.27,35.791,4.643
8.21,6.27,35.791,4.643
8.2,6.26,35.693,4.634
8.19,6.265,35.645,4.6385
8.18,6.245,35.645,4.6205
8.17,6.24,35.645,4.6160000000000005
8.16,6.23,35.596,4.607
8.15,6.23,35.596,4.607
8.14,6.221,35.547,4.5989
8.13,6.221,35.498,4.5989
8.12,6.211,35.498,4.5899
8.11,6.206,35.498,4.585400000000001
8.1,6.196,35.449,4.5764
8.09,6.196,35.449,4.5764
8.08,6.182,35.4,4.5638000000000005
8.07,6.187,35.352,4.568300000000001
8.06,6.162,35.303,4.5458
8.05,6.157,35.303,4.541300000000001
8.04,6.152,35.303,4.5368
8.03,6.147,35.254,4.5323
8.02,6.143,35.205,4.5287
8.01,6.133,35.156,4.5197
8,6.118,35.107,4.506200000000001
7.99,6.118,35.107,4.506200000000001
7.98,6.108,35.107,4.497199999999999
7.97,6.108,35.059,4.497199999999999
7.96,6.099,35.059,4.4891000000000005
7.95,6.099,35.01,4.4891000000000005
7.94,6.084,35.01,4.4756
7.93,6.084,34.912,4.4756
7.92,6.069,34.912,4.4621
7.91,6.074,34.863,4.4666
7.9,6.064,34.814,4.4576
7.89,6.055,34.814,4.4495
7.88,6.045,34.766,4.4405
7.87,6.045,34.717,4.4405
7.86,6.03,34.717,4.4270000000000005
7.85,6.03,34.668,4.4270000000000005
7.84,6.021,34.668,4.4189
7.83,6.016,34.619,4.4144000000000005
7.82,6.011,34.57,4.4099
7.81,5.996,34.57,4.396400000000001
7.8,5.991,34.521,4.3919
7.79,5.991,34.473,4.3919
7.78,5.981,34.424,4.3829
7.77,5.972,34.473,4.3748000000000005
7.76,5.967,34.375,4.370299999999999
7.75,5.972,34.375,4.3748000000000005
7.74,5.952,34.326,4.3568
7.73,5.952,34.326,4.3568
7.72,5.938,34.326,4.3442
7.71,5.938,34.229,4.3442
7.7,5.928,34.18,4.3352
7.69,5.923,34.18,4.3307
7.68,5.918,34.131,4.3262
7.67,5.913,34.082,4.321700000000001
7.66,5.903,34.082,4.3126999999999995
7.65,5.903,34.033,4.3126999999999995
7.64,5.889,33.984,4.3001000000000005
7.63,5.884,33.984,4.2956
7.62,5.874,33.936,4.2866
7.61,5.874,33.936,4.2866
7.6,5.859,33.887,4.2731
7.59,5.854,33.838,4.2686
7.58,5.845,33.838,4.2604999999999995
7.57,5.845,33.789,4.2604999999999995
7.56,5.825,33.74,4.242500000000001
7.55,5.83,33.74,4.247
7.54,5.815,33.643,4.2335
7.53,5.815,33.643,4.2335
7.52,5.806,33.545,4.2254000000000005
7.51,5.806,33.545,4.2254000000000005
7.5,5.791,33.545,4.211900000000001
7.49,5.786,33.496,4.2074
7.48,5.776,33.447,4.1984
7.47,5.781,33.496,4.2029
7.46,5.767,33.398,4.190300000000001
7.45,5.767,33.35,4.190300000000001
7.44,5.752,33.35,4.1768
7.43,5.757,33.252,4.1813
7.42,5.742,33.252,4.1678
7.41,5.747,33.252,4.1723
7.4,5.732,33.203,4.1588
7.39,5.723,33.154,4.1507
7.38,5.713,33.105,4.1417
7.37,5.708,33.105,4.1372
7.36,5.698,33.008,4.1282000000000005
7.35,5.698,33.008,4.1282000000000005
7.34,5.688,32.959,4.1192
7.33,5.679,32.91,4.1111
7.32,5.674,32.861,4.1066
7.31,5.669,32.861,4.1021
7.3,5.659,32.813,4.0931
7.29,5.659,32.813,4.0931
7.28,5.645,32.715,4.0805
7.27,5.645,32.715,4.0805
7.26,5.64,32.666,4.076
7.25,5.635,32.617,4.0715
7.24,5.625,32.617,4.0625
7.23,5.62,32.568,4.058
7.22,5.61,32.52,4.049
7.21,5.61,32.52,4.049
7.2,5.596,32.471,4.0364
7.19,5.591,32.471,4.0319
7.18,5.576,32.324,4.0184
7.17,5.571,32.324,4.0139
7.16,5.562,32.275,4.005800000000001
7.15,5.566,32.275,4.0094
7.14,5.557,32.227,4.0013000000000005
7.13,5.547,32.178,3.9923
7.12,5.537,32.129,3.9833
7.11,5.532,32.08,3.9788000000000006
7.1,5.527,32.08,3.9743000000000004
7.09,5.527,31.982,3.9743000000000004
7.08,5.518,32.031,3.9661999999999997
7.07,5.513,31.982,3.9617000000000004
7.06,5.498,31.934,3.9482
7.05,5.493,31.885,3.9437000000000006
7.04,5.479,31.787,3.9311
7.03,5.479,31.787,3.9311
7.02,5.474,31.738,3.9266000000000005
7.01,5.469,31.689,3.9221000000000004
7,5.454,31.689,3.9086
6.99,5.459,31.641,3.9131
6.98,5.449,31.543,3.9040999999999997
6.97,5.435,31.543,3.8914999999999997
6.96,5.425,31.494,3.8825000000000003
6.95,5.425,31.494,3.8825000000000003
6.94,5.42,31.396,3.878
6.93,5.415,31.396,3.8735
6.92,5.41,31.348,3.8690000000000007
6.91,5.4,31.25,3.8600000000000003
6.9,5.396,31.25,3.8564
6.89,5.386,31.25,3.8474000000000004
6.88,5.381,31.201,3.8429
6.87,5.371,31.104,3.8339000000000008
6.86,5.366,31.104,3.8293999999999997
6.85,5.356,31.055,3.8204000000000002
6.84,5.361,31.006,3.8248999999999995
6.83,5.347,30.957,3.8123000000000005
6.82,5.347,30.957,3.8123000000000005
6.81,5.332,30.908,3.7988
6.8,5.332,30.908,3.7988
6.79,5.322,30.811,3.7898000000000005
6.78,5.317,30.713,3.7853000000000003
6.77,5.298,30.713,3.7682
6.76,5.298,30.664,3.7682
6.75,5.293,30.664,3.7637
6.74,5.288,30.615,3.7592000000000008
6.73,5.278,30.566,3.7501999999999995
6.72,5.269,30.469,3.7421000000000006
6.71,5.264,30.469,3.7376000000000005
6.7,5.259,30.42,3.7331000000000003
6.69,5.254,30.371,3.7286
6.68,5.254,30.322,3.7286
6.67,5.239,30.273,3.7150999999999996
6.66,5.239,30.273,3.7150999999999996
6.65,5.229,30.225,3.7061
6.64,5.225,30.176,3.7024999999999997
6.63,5.21,30.127,3.689
6.62,5.21,30.078,3.689
6.61,5.205,29.98,3.6845
6.6,5.195,29.932,3.6755000000000004
6.59,5.19,29.932,3.6710000000000003
6.58,5.186,29.883,3.6673999999999998
6.57,5.176,29.834,3.6584000000000003
6.56,5.166,29.736,3.649400000000001
6.55,5.156,29.736,3.6403999999999996
6.54,5.151,29.688,3.6359000000000004
6.53,5.146,29.59,3.6314
6.52,5.132,29.59,3.6188000000000002
6.51,5.137,29.541,3.6232999999999995
6.5,5.117,29.492,3.6052999999999997
6.49,5.117,29.492,3.6052999999999997
6.48,5.107,29.395,3.5963000000000003
6.47,5.107,29.346,3.5963000000000003
6.46,5.098,29.297,3.5881999999999996
6.45,5.098,29.297,3.5881999999999996
6.44,5.088,29.248,3.5792
6.43,5.078,29.199,3.5702000000000007
6.42,5.073,29.15,3.5657000000000005
6.41,5.073,29.102,3.5657000000000005
6.4,5.054,29.102,3.5486000000000004
6.39,5.059,29.053,3.5531000000000006
6.38,5.049,28.955,3.5441000000000003
6.37,5.044,28.906,3.5396
6.36,5.034,28.857,3.5305999999999997
6.35,5.02,28.76,3.518
6.34,5.015,28.76,3.5134999999999996
6.33,5.01,28.711,3.5090000000000003
6.32,5.005,28.613,3.5045
6.31,5,28.613,3.5
6.3,4.985,28.564,3.4865000000000004
6.29,4.985,28.516,3.4865000000000004
6.28,4.98,28.467,3.482
6.27,4.976,28.418,3.4783999999999997
6.26,4.971,28.418,3.4739000000000004
6.25,4.961,28.369,3.4649
6.24,4.961,28.271,3.4649
6.23,4.941,28.271,3.4469000000000003
6.22,4.941,28.174,3.4469000000000003
6.21,4.932,28.174,3.4388000000000005
6.2,4.932,28.125,3.4388000000000005
6.19,4.917,28.027,3.4253
6.18,4.922,27.979,3.4298
6.17,4.912,27.93,3.4208
6.16,4.907,27.93,3.4163000000000006
6.15,4.888,27.832,3.3992000000000004
6.14,4.888,27.783,3.3992000000000004
6.13,4.883,27.734,3.3947000000000003
6.12,4.883,27.686,3.3947000000000003
6.11,4.863,27.637,3.3767000000000005
6.1,4.863,27.588,3.3767000000000005
6.09,4.854,27.539,3.3686
6.08,4.844,27.441,3.3596000000000004
6.07,4.839,27.441,3.3551
6.06,4.839,27.393,3.3551
6.05,4.829,27.344,3.3461
6.04,4.824,27.295,3.3415999999999997
6.03,4.814,27.246,3.3326000000000002
6.02,4.81,27.197,3.3289999999999997
6.01,4.8,27.148,3.3200000000000003
6,4.785,27.1,3.3065000000000007
5.99,4.785,27.051,3.3065000000000007
5.98,4.78,26.953,3.3020000000000005
5.97,4.771,26.953,3.2939
5.96,4.771,26.904,3.2939
5.95,4.761,26.807,3.2849000000000004
5.94,4.756,26.758,3.2804
5.93,4.741,26.709,3.2668999999999997
5.92,4.741,26.66,3.2668999999999997
5.91,4.731,26.611,3.2579000000000002
5.9,4.727,26.563,3.2543000000000006
5.89,4.712,26.465,3.2408
5.88,4.717,26.416,3.2452999999999994
5.87,4.702,26.416,3.2318
5.86,4.707,26.367,3.2363
5.85,4.697,26.318,3.2273000000000005
5.84,4.688,26.221,3.2192
5.83,4.678,26.221,3.2102000000000004
5.82,4.668,26.123,3.2012
5.81,4.668,26.123,3.2012
5.8,4.658,26.025,3.1922000000000006
5.79,4.653,25.977,3.1876999999999995
5.78,4.644,25.879,3.1796000000000006
5.77,4.639,25.83,3.1751000000000005
5.76,4.634,25.781,3.1706000000000003
5.75,4.624,25.732,3.1616
5.74,4.619,25.684,3.1571
5.73,4.604,25.635,3.1436
5.72,4.604,25.537,3.1436
5.71,4.6,25.488,3.1399999999999997
5.7,4.595,25.488,3.1354999999999995
5.69,4.58,25.391,3.122
5.68,4.58,25.342,3.122
5.67,4.57,25.244,3.1130000000000004
5.66,4.561,25.244,3.1048999999999998
5.65,4.561,25.146,3.1048999999999998
5.64,4.551,25.146,3.0959000000000003
5.63,4.541,25,3.086900000000001
5.62,4.536,25,3.0824
5.61,4.531,24.902,3.0778999999999996
5.6,4.521,24.902,3.0689
5.59,4.517,24.805,3.0653000000000006
5.58,4.512,24.756,3.0607999999999995
5.57,4.512,24.658,3.0607999999999995
5.56,4.497,24.609,3.0473
5.55,4.497,24.609,3.0473
5.54,4.482,24.512,3.0338000000000003
5.53,4.478,24.414,3.0302
5.52,4.468,24.414,3.0212000000000003
5.51,4.463,24.365,3.0167
5.5,4.453,24.268,3.0077000000000007
5.49,4.448,24.17,3.0032000000000005
5.48,4.438,24.121,2.9941999999999998
5.47,4.438,24.121,2.9941999999999998
5.46,4.424,24.023,2.9816000000000003
5.45,4.424,23.975,2.9816000000000003
5.44,4.414,23.926,2.9726
5.43,4.409,23.877,2.9680999999999997
5.42,4.399,23.828,2.9591000000000003
5.41,4.399,23.779,2.9591000000000003
5.4,4.385,23.682,2.9465
5.39,4.385,23.633,2.9465
5.38,4.37,23.535,2.9330000000000003
5.37,4.375,23.535,2.9375
5.36,4.36,23.486,2.9240000000000004
5.35,4.355,23.389,2.9195000000000007
5.34,4.351,23.291,2.9159
5.33,4.336,23.291,2.9024000000000005
5.32,4.336,23.193,2.9024000000000005
5.31,4.326,23.145,2.8933999999999997
5.3,4.321,23.096,2.8889
5.29,4.316,22.998,2.8844
5.28,4.312,22.998,2.8808000000000002
5.27,4.297,22.852,2.8672999999999997
5.26,4.297,22.852,2.8672999999999997
5.25,4.287,22.803,2.8583
5.24,4.282,22.754,2.8538
5.23,4.272,22.656,2.8448
5.22,4.263,22.559,2.8367
5.21,4.258,22.51,2.8322000000000003
5.2,4.253,22.51,2.8277
5.19,4.248,22.461,2.8232000000000004
5.18,4.243,22.363,2.8187
5.17,4.233,22.314,2.8097
5.16,4.229,22.266,2.8061000000000003
5.15,4.219,22.168,2.7971000000000004
5.14,4.219,22.119,2.7971000000000004
5.13,4.209,22.07,2.7880999999999996
5.12,4.199,22.021,2.7791
5.11,4.194,21.924,2.7746
5.1,4.189,21.875,2.7701000000000002
5.09,4.18,21.826,2.762
5.08,4.175,21.777,2.7575
5.07,4.165,21.729,2.7485
5.06,4.16,21.631,2.744
5.05,4.155,21.582,2.7395000000000005
5.04,4.146,21.533,2.7314
5.03,4.141,21.484,2.7269
5.02,4.141,21.387,2.7269
5.01,4.126,21.338,2.7134000000000005
5,4.121,21.24,2.7089000000000003
4.99,4.111,21.24,2.6999
4.98,4.111,21.094,2.6999
4.97,4.097,21.045,2.6873000000000005
4.96,4.097,21.045,2.6873000000000005
4.95,4.087,20.947,2.6782999999999997
4.94,4.077,20.801,2.6693000000000002
4.93,4.072,20.85,2.6648
4.92,4.058,20.752,2.6522
4.91,4.058,20.703,2.6522
4.9,4.058,20.654,2.6522
4.89,4.043,20.605,2.6387
4.88,4.038,20.459,2.6342000000000003
4.87,4.033,20.41,2.6297000000000006
4.86,4.033,20.313,2.6297000000000006
4.85,4.019,20.313,2.6171
4.84,4.014,20.215,2.6126000000000005
4.83,4.004,20.117,2.6035999999999997
4.82,3.999,20.068,2.5991
4.81,3.999,20.02,2.5991
4.8,3.989,19.971,2.5901
4.79,3.979,19.873,2.5811
4.78,3.97,19.775,2.5730000000000004
4.77,3.97,19.775,2.5730000000000004
4.76,3.955,19.678,2.5595000000000003
4.75,3.955,19.629,2.5595000000000003
4.74,3.95,19.58,2.555
4.73,3.94,19.482,2.546
4.72,3.94,19.434,2.546
4.71,3.926,19.336,2.5334000000000003
4.7,3.926,19.287,2.5334000000000003
4.69,3.911,19.238,2.5199000000000003
4.68,3.901,19.092,2.5109
4.67,3.896,19.043,2.5064
4.66,3.892,19.043,2.5028
4.65,3.887,18.994,2.4983
4.64,3.882,18.896,2.4938000000000002
4.63,3.877,18.848,2.4893
4.62,3.872,18.701,2.4848
4.61,3.862,18.701,2.4758
4.6,3.857,18.652,2.4713000000000003
4.59,3.848,18.555,2.4632
4.58,3.838,18.506,2.4542
4.57,3.833,18.408,2.4497000000000004
4.56,3.828,18.359,2.4452
4.55,3.823,18.311,2.4407
4.54,3.818,18.311,2.4362
4.53,3.809,18.213,2.4281
4.52,3.809,18.164,2.4281
4.51,3.794,18.066,2.4146
4.5,3.789,18.018,2.4101000000000004
4.49,3.789,17.92,2.4101000000000004
4.48,3.779,17.871,2.4011
4.47,3.77,17.822,2.3930000000000002
4.46,3.765,17.725,2.3885
4.45,3.75,17.676,2.375
4.44,3.74,17.578,2.366
4.43,3.74,17.529,2.366
4.42,3.735,17.48,2.3615
4.41,3.726,17.432,2.3534
4.4,3.721,17.383,2.3489
4.39,3.711,17.285,2.3399
4.38,3.711,17.188,2.3399
4.37,3.706,17.139,2.3354
4.36,3.701,17.09,2.3309
4.35,3.687,17.041,2.3183
4.34,3.682,16.992,2.3138
4.33,3.672,16.943,2.3048
4.32,3.672,16.846,2.3048
4.31,3.667,16.797,2.3003
4.3,3.652,16.748,2.2868000000000004
4.29,3.652,16.699,2.2868000000000004
4.28,3.647,16.602,2.2822999999999998
4.27,3.643,16.602,2.2786999999999997
4.26,3.628,16.504,2.2652
4.25,3.623,16.406,2.2607000000000004
4.24,3.613,16.357,2.2517
4.23,3.608,16.309,2.2472000000000003
4.22,3.599,16.26,2.2391
4.21,3.599,16.162,2.2391
4.2,3.589,16.162,2.2301
4.19,3.584,16.064,2.2256
4.18,3.574,15.967,2.2166
4.17,3.569,15.918,2.2121
4.16,3.555,15.82,2.1995
4.15,3.56,15.723,2.204
4.14,3.555,15.723,2.1995
4.13,3.545,15.625,2.1905
4.12,3.535,15.576,2.1815
4.11,3.53,15.479,2.177
4.1,3.53,15.479,2.177
4.09,3.521,15.381,2.1689
4.08,3.511,15.283,2.1599000000000004
4.07,3.506,15.283,2.1553999999999998
4.06,3.491,15.186,2.1419
4.05,3.491,15.137,2.1419
4.04,3.481,15.039,2.1329
4.03,3.481,14.99,2.1329
4.02,3.477,14.941,2.1292999999999997
4.01,3.462,14.893,2.1158
4,3.457,14.795,2.1113
3.99,3.457,14.697,2.1113
3.98,3.452,14.6,2.1068000000000002
3.97,3.442,14.6,2.0978000000000003
3.96,3.438,14.6,2.0942000000000003
3.95,3.428,14.453,2.0852
3.94,3.423,14.404,2.0807
3.93,3.408,14.355,2.0672
3.92,3.403,14.307,2.0627
3.91,3.394,14.209,2.0546
3.9,3.389,14.209,2.0501
3.89,3.384,14.111,2.0456
3.88,3.379,14.063,2.0411
3.87,3.374,13.965,2.0366
3.86,3.364,13.916,2.0276
3.85,3.354,13.77,2.0186
3.84,3.35,13.77,2.015
3.83,3.345,13.672,2.0105000000000004
3.82,3.335,13.672,2.0015
3.81,3.325,13.623,1.9925000000000002
3.8,3.32,13.525,1.988
3.79,3.32,13.477,1.988
3.78,3.311,13.379,1.9799000000000002
3.77,3.306,13.379,1.9754
3.76,3.301,13.281,1.9709000000000003
3.75,3.291,13.281,1.9619
3.74,3.286,13.232,1.9574000000000003
3.73,3.276,13.135,1.9484
3.72,3.271,13.086,1.9439000000000002
3.71,3.262,13.037,1.9358
3.7,3.262,12.988,1.9358
3.69,3.252,12.939,1.9268
3.68,3.247,12.891,1.9223
3.67,3.247,12.842,1.9223
3.66,3.228,12.793,1.9052000000000002
3.65,3.223,12.646,1.9007
3.64,3.218,12.598,1.8961999999999999
3.63,3.208,12.549,1.8872000000000004
3.62,3.198,12.451,1.8782
3.61,3.188,12.402,1.8692000000000002
3.6,3.198,12.402,1.8782
3.59,3.179,12.305,1.8611
3.58,3.184,12.305,1.8656000000000001
3.57,3.169,12.207,1.8521
3.56,3.164,12.158,1.8476000000000004
3.55,3.154,12.109,1.8386
3.54,3.149,12.012,1.8341000000000003
3.53,3.145,12.012,1.8305000000000002
3.52,3.145,11.963,1.8305000000000002
3.51,3.13,11.865,1.8170000000000002
3.5,3.125,11.914,1.8125
3.49,3.115,11.816,1.8035
3.48,3.115,11.719,1.8035
3.47,3.105,11.67,1.7945000000000002
3.46,3.101,11.67,1.7909000000000002
3.45,3.096,11.523,1.7864
3.44,3.086,11.523,1.7774
3.43,3.081,11.475,1.7729
3.42,3.066,11.426,1.7593999999999999
3.41,3.062,11.377,1.7557999999999998
3.4,3.052,11.279,1.7468
3.39,3.052,11.23,1.7468
3.38,3.042,11.182,1.7378
3.37,3.032,11.133,1.7288000000000001
3.36,3.027,11.084,1.7243000000000004
3.35,3.018,11.035,1.7161999999999997
3.34,3.013,10.986,1.7117
3.33,3.013,10.938,1.7117
3.32,3.003,10.938,1.7027
3.31,2.998,10.84,1.6982000000000004
3.3,2.988,10.791,1.6892
3.29,2.979,10.742,1.6811000000000003
3.28,2.974,10.693,1.6766
3.27,2.969,10.645,1.6721
3.26,2.959,10.596,1.6631
3.25,2.959,10.596,1.6631
3.24,2.954,10.547,1.6586000000000003
3.23,2.944,10.498,1.6496
3.22,2.935,10.4,1.6415000000000002
3.21,2.93,10.352,1.637
3.2,2.92,10.352,1.6280000000000001
3.19,2.915,10.254,1.6235
3.18,2.9,10.156,1.6099999999999999
3.17,2.9,10.156,1.6099999999999999
3.16,2.905,10.107,1.6145
3.15,2.881,10.01,1.5928999999999998
3.14,2.881,9.961,1.5928999999999998
3.13,2.871,9.912,1.5838999999999999
3.12,2.866,9.912,1.5794000000000001
3.11,2.861,9.863,1.5749000000000004
3.1,2.852,9.814,1.5667999999999997
3.09,2.852,9.766,1.5667999999999997
3.08,2.837,9.668,1.5533000000000001
3.07,2.832,9.717,1.5488
3.06,2.832,9.619,1.5488
3.05,2.827,9.619,1.5443000000000002
3.04,2.817,9.521,1.5353000000000003
3.03,2.817,9.473,1.5353000000000003
3.02,2.803,9.424,1.5227
3.01,2.798,9.375,1.5182000000000002
3,2.793,9.326,1.5137
2.99,2.783,9.326,1.5047000000000001
2.98,2.778,9.229,1.5002
2.97,2.773,9.18,1.4957000000000003
2.96,2.769,9.131,1.4921000000000002
2.95,2.759,9.082,1.4830999999999999
2.94,2.749,9.033,1.4741
2.93,2.739,8.984,1.4651
2.92,2.729,8.984,1.4561000000000002
2.91,2.734,8.984,1.4606
2.9,2.725,8.838,1.4525000000000001
2.89,2.715,8.838,1.4434999999999998
2.88,2.705,8.789,1.4345000000000003
2.87,2.7,8.643,1.4300000000000002
2.86,2.695,8.691,1.4255
2.85,2.69,8.594,1.4209999999999998
2.84,2.686,8.594,1.4174000000000002
2.83,2.666,8.594,1.3994
2.82,2.666,8.545,1.3994
2.81,2.656,8.398,1.3904
2.8,2.651,8.398,1.3859
2.79,2.646,8.398,1.3814000000000002
2.78,2.642,8.35,1.3778000000000001
2.77,2.637,8.301,1.3733
2.76,2.627,8.252,1.3643
2.75,2.622,8.252,1.3598
2.74,2.612,8.105,1.3508
2.73,2.612,8.154,1.3508
2.72,2.603,8.105,1.3427000000000002
2.71,2.593,8.057,1.3336999999999999
2.7,2.588,8.008,1.3292000000000002
2.69,2.583,7.959,1.3247000000000004
2.68,2.573,7.91,1.3157
2.67,2.568,7.91,1.3112
2.66,2.563,7.813,1.3067000000000002
2.65,2.554,7.764,1.2986
2.64,2.549,7.764,1.2940999999999998
2.63,2.544,7.715,1.2896
2.62,2.539,7.666,1.2851000000000004
2.61,2.534,7.666,1.2805999999999997
2.6,2.52,7.52,1.2680000000000002
2.59,2.51,7.52,1.259
2.58,2.505,7.52,1.2545000000000002
2.57,2.505,7.422,1.2545000000000002
2.56,2.49,7.373,1.241
2.55,2.49,7.373,1.241
2.54,2.476,7.324,1.2284000000000002
2.53,2.476,7.275,1.2284000000000002
2.52,2.471,7.275,1.2239
2.51,2.456,7.275,1.2104
2.5,2.456,7.178,1.2104
2.49,2.446,7.129,1.2014
2.48,2.446,7.08,1.2014
2.47,2.437,7.031,1.1932999999999998
2.46,2.427,7.031,1.1843
2.45,2.417,7.031,1.1753
2.44,2.422,6.934,1.1798000000000002
2.43,2.412,6.934,1.1707999999999998
2.42,2.407,6.836,1.1663000000000001
2.41,2.397,6.836,1.1572999999999998
2.4,2.397,6.836,1.1572999999999998
2.39,2.388,6.738,1.1492
2.38,2.363,6.738,1.1267
2.37,2.363,6.641,1.1267
2.36,2.358,6.641,1.1222000000000003
2.35,2.349,6.592,1.1141
2.34,2.349,6.543,1.1141
2.33,2.344,6.494,1.1096
2.32,2.329,6.543,1.0961000000000003
2.31,2.324,6.445,1.0916000000000001
2.3,2.319,6.396,1.0871
2.29,2.31,6.348,1.0790000000000002
2.28,2.305,6.299,1.0745
2.27,2.305,6.25,1.0745
2.26,2.295,6.299,1.0655000000000001
2.25,2.29,6.25,1.061
2.24,2.285,6.201,1.0565000000000002
2.23,2.28,6.152,1.052
2.22,2.271,6.152,1.0438999999999998
2.21,2.261,6.104,1.0349000000000004
2.2,2.251,6.055,1.0259
2.19,2.251,6.055,1.0259
2.18,2.236,6.006,1.0124000000000004
2.17,2.231,5.908,1.0078999999999998
2.16,2.222,5.859,0.9998
2.15,2.222,5.859,0.9998
2.14,2.212,5.859,0.9908000000000001
2.13,2.212,5.859,0.9908000000000001
2.12,2.207,5.762,0.9863
2.11,2.192,5.762,0.9728000000000001
2.1,2.188,5.713,0.9692000000000003
2.09,2.183,5.664,0.9646999999999999
2.08,2.173,5.615,0.9557
2.07,2.168,5.615,0.9512000000000003
2.06,2.158,5.566,0.9421999999999999
2.05,2.153,5.566,0.9377
2.04,2.144,5.518,0.9296000000000002
2.03,2.139,5.469,0.9250999999999998
2.02,2.134,5.469,0.9205999999999999
2.01,2.129,5.42,0.9161000000000001
2,2.124,5.42,0.9116000000000002
1.99,2.119,5.322,0.9071000000000002
1.98,2.109,5.322,0.8981000000000001
1.97,2.104,5.322,0.8936000000000002
1.96,2.1,5.225,0.8900000000000001
1.95,2.09,5.273,0.881
1.94,2.085,5.225,0.8765000000000001
1.93,2.07,5.225,0.863
1.92,2.07,5.127,0.863
1.91,2.061,5.127,0.8549
1.9,2.051,5.078,0.8459000000000001
1.89,2.051,5.029,0.8459000000000001
1.88,2.031,4.98,0.8279000000000001
1.87,2.036,5.029,0.8324
1.86,2.031,4.932,0.8279000000000001
1.85,2.021,4.883,0.8189
1.84,2.012,4.834,0.8108
1.83,2.007,4.834,0.8063000000000002
1.82,2.002,4.834,0.8017999999999998
1.81,1.997,4.834,0.7973000000000001
1.8,1.987,4.785,0.7883000000000002
1.79,1.978,4.736,0.7802
1.78,1.978,4.688,0.7802
1.77,1.968,4.688,0.7712000000000001
1.76,1.953,4.639,0.7577
1.75,1.948,4.59,0.7532000000000001
1.74,1.943,4.541,0.7487000000000001
1.73,1.929,4.541,0.7361
1.72,1.929,4.541,0.7361
1.71,1.924,4.443,0.7316
1.7,1.919,4.443,0.7271000000000001
1.69,1.909,4.395,0.7181
1.68,1.904,4.395,0.7136
1.67,1.899,4.395,0.7091000000000001
1.66,1.895,4.346,0.7055
1.65,1.895,4.346,0.7055
1.64,1.885,4.297,0.6965000000000001
1.63,1.875,4.297,0.6875
1.62,1.865,4.199,0.6785000000000001
1.61,1.865,4.248,0.6785000000000001
1.6,1.855,4.199,0.6695
1.59,1.841,4.102,0.6569
1.58,1.841,4.15,0.6569
1.57,1.836,4.102,0.6524000000000001
1.56,1.826,4.053,0.6434000000000002
1.55,1.821,4.004,0.6389
1.54,1.807,4.004,0.6263000000000001
1.53,1.812,3.955,0.6308
1.52,1.797,3.955,0.6173
1.51,1.792,3.906,0.6128
1.5,1.787,3.857,0.6083000000000001
1.49,1.787,3.809,0.6083000000000001
1.48,1.772,3.857,0.5948
1.47,1.763,3.857,0.5867
1.46,1.758,3.76,0.5822
1.45,1.758,3.809,0.5822
1.44,1.748,3.711,0.5731999999999999
1.43,1.743,3.711,0.5687000000000002
1.42,1.733,3.711,0.5597000000000001
1.41,1.724,3.613,0.5516000000000001
1.4,1.724,3.613,0.5516000000000001
1.39,1.714,3.613,0.5426
1.38,1.704,3.564,0.5336000000000001
1.37,1.704,3.516,0.5336000000000001
1.36,1.694,3.516,0.5246
1.35,1.685,3.516,0.5165000000000002
1.34,1.675,3.467,0.5075000000000001
1.33,1.67,3.418,0.5029999999999999
1.32,1.665,3.418,0.49850000000000017
1.31,1.655,3.369,0.48950000000000005
1.3,1.65,3.369,0.4849999999999999
1.29,1.641,3.32,0.4769000000000001
1.28,1.641,3.32,0.4769000000000001
1.27,1.626,3.271,0.46340000000000003
1.26,1.616,3.223,0.45440000000000014
1.25,1.611,3.271,0.44989999999999997
1.24,1.611,3.223,0.44989999999999997
1.23,1.602,3.174,0.4418000000000002
1.22,1.602,3.174,0.4418000000000002
1.21,1.587,3.125,0.4282999999999999
1.2,1.582,3.076,0.4238000000000002
1.19,1.577,3.125,0.4193
1.18,1.577,3.076,0.4193
1.17,1.563,3.027,0.40670000000000006
1.16,1.563,3.027,0.40670000000000006
1.15,1.553,2.979,0.39769999999999994
1.14,1.548,2.93,0.3932
1.13,1.538,2.93,0.3842000000000001
1.12,1.528,2.881,0.3752
1.11,1.523,2.881,0.37070000000000003
1.1,1.519,2.881,0.3671
1.09,1.514,2.832,0.36260000000000003
1.08,1.504,2.832,0.35360000000000014
1.07,1.499,2.783,0.3491000000000002
1.06,1.489,2.734,0.34010000000000007
1.05,1.479,2.783,0.33110000000000017
1.04,1.475,2.734,0.3275000000000001
1.03,1.475,2.686,0.3275000000000001
1.02,1.47,2.734,0.32299999999999995
1.01,1.46,2.637,0.31400000000000006
1,1.455,2.637,0.3095000000000001
0.99,1.44,2.588,0.29600000000000004
0.98,1.436,2.539,0.2924
0.97,1.431,2.588,0.28790000000000004
0.96,1.421,2.539,0.27890000000000015
0.95,1.416,2.49,0.2744
0.94,1.411,2.49,0.26990000000000003
0.93,1.396,2.49,0.25639999999999996
0.92,1.392,2.393,0.2527999999999999
0.91,1.382,2.393,0.24380000000000002
0.9,1.387,2.344,0.24829999999999997
0.89,1.382,2.393,0.24380000000000002
0.88,1.367,2.295,0.23029999999999995
0.87,1.367,2.295,0.23029999999999995
0.86,1.357,2.295,0.22130000000000005
0.85,1.353,2.295,0.2177
0.84,1.343,2.246,0.2087000000000001
0.83,1.338,2.246,0.20420000000000016
0.82,1.328,2.197,0.19520000000000004
0.81,1.323,2.148,0.1907000000000001
0.8,1.309,2.148,0.17809999999999993
0.79,1.309,2.1,0.17809999999999993
0.78,1.304,2.148,0.17359999999999998
0.77,1.294,2.051,0.16460000000000008
0.76,1.284,2.051,0.15559999999999996
0.75,1.279,2.051,0.1511
0.74,1.274,2.002,0.14660000000000006
0.73,1.27,1.953,0.14300000000000002
0.72,1.265,2.002,0.13849999999999985
0.71,1.255,1.904,0.12949999999999995
0.7,1.25,1.904,0.125
0.69,1.245,1.904,0.12050000000000005
0.68,1.24,1.855,0.1160000000000001
0.67,1.23,1.855,0.10699999999999998
0.66,1.221,1.855,0.09890000000000021
0.65,1.216,1.807,0.09440000000000004
0.64,1.211,1.807,0.08990000000000009
0.63,1.201,1.758,0.0809000000000002
0.62,1.201,1.758,0.0809000000000002
0.61,1.187,1.758,0.06830000000000003
0.6,1.187,1.709,0.06830000000000003
0.59,1.172,1.709,0.05479999999999996
0.58,1.167,1.66,0.05030000000000001
0.57,1.162,1.66,0.04580000000000006
0.56,1.157,1.611,0.041300000000000114
0.55,1.152,1.66,0.036799999999999944
0.54,1.138,1.611,0.0242
0.53,1.138,1.563,0.0242
0.52,1.128,1.563,0.01519999999999988
0.51,1.123,1.563,0.010699999999999932
0.5,1.113,1.514,0.0017000000000000348
0.49,1.108,1.465,0
0.48,1.099,1.514,0
0.47,1.094,1.465,0
0.46,1.089,1.465,0
0.45,1.084,1.416,0
0.44,1.074,1.416,0
0.43,1.074,1.367,0
0.42,1.069,1.367,0
0.41,1.06,1.318,0
0.4,1.055,1.318,0
0.39,1.05,1.318,0
0.38,1.045,1.318,0
0.37,1.04,1.27,0
0.36,1.035,1.27,0
0.35,1.025,1.221,0
0.34,1.025,1.221,0
0.33,1.011,1.221,0
0.32,1.001,1.172,0
0.31,0.991,1.123,0
0.3,0.977,1.172,0
0.29,0.977,1.074,0
0.28,0.977,1.074,0
0.27,0.972,1.074,0
0.26,0.962,1.074,0
0.25,0.952,1.025,0
0.24,0.947,1.025,0
0.23,0.942,1.025,0
0.22,0.938,0.977,0
0.21,0.928,0.977,0
0.2,0.913,0.928,0
0.19,0.918,0.928,0
0.18,0.903,0.879,0
0.17,0.898,0.879,0
0.16,0.894,0.879,0
0.15,0.884,0.879,0
0.14,0.879,0.83,0
0.13,0.879,0.781,0
0.12,0.859,0.781,0
0.11,0.864,0.781,0
0.1,0.791,0.635,0
0.09,0.791,0.586,0
0.08,0.796,0.586,0
0.07,0.791,0.586,0
0.06,0.791,0.586,0
0.05,0.791,0.586,0
0.04,0.791,0.586,0
0.03,0.791,0.586,0
0.02,0.791,0.586,0
0.01,0.791,0.537,0
0,0.791,0.537,0
0,0.791,0,0
0.01,0.791,-0.049,0
0.02,0.796,-0.049,0
0.03,0.791,-0.049,0
0.04,0.791,-0.049,0
0.05,0.791,-0.049,0
0.06,0.791,-0.049,0
0.07,0.796,-0.049,0
0.08,0.786,-0.049,0
0.09,0.791,-0.049,0
0.1,0.786,-0.049,0
0.11,0.791,-0.049,0
0.12,0.791,-0.049,0
0.13,0.791,-0.049,0
0.14,0.791,-0.049,0
0.15,0.796,0,0
0.16,0.811,-0.049,0
0.17,0.811,-0.049,0
0.18,0.825,-0.049,0
0.19,0.83,-0.049,0
0.2,0.83,-0.049,0
0.21,0.859,0,0
0.22,0.869,-0.049,0
0.23,0.864,0,0
0.24,0.874,-0.049,0
0.25,0.874,0,0
0.26,0.889,-0.049,0
0.27,0.894,0,0
0.28,0.894,-0.049,0
0.29,0.908,0.049,0
0.3,0.903,0,0
0.31,0.913,-0.049,0
0.32,0.923,0.049,0
0.33,0.933,0.049,0
0.34,0.938,0.049,0
0.35,0.942,0,0
0.36,0.957,0.049,0
0.37,0.962,0.098,0
0.38,0.962,0.098,0
0.39,0.981,0.098,0
0.4,0.981,0.098,0
0.41,0.986,0.098,0
0.42,0.991,0.098,0
0.43,1.001,0.098,0
0.44,1.011,0.146,0
0.45,1.011,0.146,0
0.46,1.016,0.146,0
0.47,1.025,0.146,0
0.48,1.04,0.146,0
0.49,1.045,0.195,0
0.5,1.045,0.195,0
0.51,1.055,0.195,0
0.52,1.064,0.195,0
0.53,1.074,0.195,0
0.54,1.074,0.244,0
0.55,1.084,0.244,0
0.56,1.089,0.244,0
0.57,1.094,0.244,0
0.58,1.099,0.293,0
0.59,1.108,0.293,0
0.6,1.118,0.244,0.006200000000000205
0.61,1.118,0.342,0.006200000000000205
0.62,1.128,0.293,0.01519999999999988
0.63,1.138,0.293,0.0242
0.64,1.138,0.293,0.0242
0.65,1.152,0.342,0.036799999999999944
0.66,1.157,0.342,0.041300000000000114
0.67,1.157,0.391,0.041300000000000114
0.68,1.162,0.391,0.04580000000000006
0.69,1.172,0.391,0.05479999999999996
0.7,1.172,0.391,0.05479999999999996
0.71,1.187,0.391,0.06830000000000003
0.72,1.191,0.439,0.07190000000000007
0.73,1.206,0.439,0.08539999999999992
0.74,1.211,0.488,0.08990000000000009
0.75,1.211,0.439,0.08990000000000009
0.76,1.226,0.488,0.10339999999999994
0.77,1.226,0.488,0.10339999999999994
0.78,1.226,0.488,0.10339999999999994
0.79,1.25,0.537,0.125
0.8,1.25,0.537,0.125
0.81,1.25,0.537,0.125
0.82,1.265,0.537,0.13849999999999985
0.83,1.265,0.586,0.13849999999999985
0.84,1.27,0.537,0.14300000000000002
0.85,1.274,0.586,0.14660000000000006
0.86,1.294,0.586,0.16460000000000008
0.87,1.294,0.586,0.16460000000000008
0.88,1.299,0.635,0.16910000000000003
0.89,1.313,0.635,0.18169999999999997
0.9,1.309,0.635,0.17809999999999993
0.91,1.323,0.684,0.1907000000000001
0.92,1.328,0.732,0.19520000000000004
0.93,1.328,0.684,0.19520000000000004
0.94,1.353,0.684,0.2177
0.95,1.357,0.684,0.22130000000000005
0.96,1.357,0.684,0.22130000000000005
0.97,1.367,0.732,0.23029999999999995
0.98,1.372,0.781,0.23480000000000012
0.99,1.377,0.781,0.23930000000000007
1,1.377,0.781,0.23930000000000007
1.01,1.392,0.781,0.2527999999999999
1.02,1.396,0.781,0.25639999999999996
1.03,1.406,0.83,0.26539999999999986
1.04,1.406,0.879,0.26539999999999986
1.05,1.416,0.83,0.2744
1.06,1.416,0.879,0.2744
1.07,1.436,0.928,0.2924
1.08,1.44,0.928,0.29600000000000004
1.09,1.445,0.928,0.3005
1.1,1.445,0.928,0.3005
1.11,1.465,0.928,0.3185
1.12,1.47,0.977,0.32299999999999995
1.13,1.465,0.977,0.3185
1.14,1.479,0.977,0.33110000000000017
1.15,1.484,1.025,0.3356000000000001
1.16,1.489,1.025,0.34010000000000007
1.17,1.504,1.025,0.35360000000000014
1.18,1.509,1.074,0.35809999999999986
1.19,1.514,1.074,0.36260000000000003
1.2,1.523,1.025,0.37070000000000003
1.21,1.519,1.123,0.3671
1.22,1.538,1.123,0.3842000000000001
1.23,1.538,1.172,0.3842000000000001
1.24,1.538,1.172,0.3842000000000001
1.25,1.553,1.172,0.39769999999999994
1.26,1.558,1.172,0.4022000000000001
1.27,1.563,1.221,0.40670000000000006
1.28,1.567,1.172,0.4102999999999999
1.29,1.577,1.27,0.4193
1.3,1.587,1.221,0.4282999999999999
1.31,1.587,1.221,0.4282999999999999
1.32,1.602,1.318,0.4418000000000002
1.33,1.597,1.27,0.4373
1.34,1.611,1.27,0.44989999999999997
1.35,1.616,1.318,0.45440000000000014
1.36,1.626,1.318,0.46340000000000003
1.37,1.631,1.318,0.4679
1.38,1.641,1.367,0.4769000000000001
1.39,1.646,1.367,0.48140000000000005
1.4,1.646,1.416,0.48140000000000005
1.41,1.655,1.416,0.48950000000000005
1.42,1.66,1.416,0.494
1.43,1.675,1.465,0.5075000000000001
1.44,1.685,1.465,0.5165000000000002
1.45,1.68,1.465,0.512
1.46,1.699,1.514,0.5291000000000001
1.47,1.709,1.514,0.5381
1.48,1.704,1.514,0.5336000000000001
1.49,1.724,1.563,0.5516000000000001
1.5,1.719,1.611,0.5471000000000001
1.51,1.719,1.611,0.5471000000000001
1.52,1.738,1.66,0.5642
1.53,1.743,1.66,0.5687000000000002
1.54,1.743,1.66,0.5687000000000002
1.55,1.763,1.66,0.5867
1.56,1.763,1.66,0.5867
1.57,1.768,1.709,0.5912
1.58,1.768,1.709,0.5912
1.59,1.792,1.709,0.6128
1.6,1.792,1.758,0.6128
1.61,1.792,1.758,0.6128
1.62,1.812,1.758,0.6308
1.63,1.812,1.807,0.6308
1.64,1.812,1.807,0.6308
1.65,1.826,1.855,0.6434000000000002
1.66,1.831,1.807,0.6478999999999999
1.67,1.836,1.855,0.6524000000000001
1.68,1.846,1.855,0.6614000000000002
1.69,1.841,1.904,0.6569
1.7,1.86,1.904,0.6740000000000002
1.71,1.86,1.953,0.6740000000000002
1.72,1.865,1.953,0.6785000000000001
1.73,1.885,2.002,0.6965000000000001
1.74,1.885,2.002,0.6965000000000001
1.75,1.885,2.002,0.6965000000000001
1.76,1.899,2.051,0.7091000000000001
1.77,1.899,2.002,0.7091000000000001
1.78,1.914,2.051,0.7225999999999999
1.79,1.919,2.1,0.7271000000000001
1.8,1.919,2.1,0.7271000000000001
1.81,1.938,2.1,0.7442
1.82,1.938,2.197,0.7442
1.83,1.938,2.197,0.7442
1.84,1.953,2.148,0.7577
1.85,1.963,2.197,0.7667000000000002
1.86,1.968,2.246,0.7712000000000001
1.87,1.968,2.246,0.7712000000000001
1.88,1.978,2.295,0.7802
1.89,1.992,2.246,0.7928
1.9,1.987,2.295,0.7883000000000002
1.91,1.992,2.295,0.7928
1.92,2.012,2.393,0.8108
1.93,2.017,2.393,0.8152999999999999
1.94,2.017,2.344,0.8152999999999999
1.95,2.021,2.393,0.8189
1.96,2.041,2.441,0.8369
1.97,2.041,2.49,0.8369
1.98,2.041,2.49,0.8369
1.99,2.07,2.539,0.863
2,2.07,2.539,0.863
2.01,2.07,2.539,0.863
2.02,2.08,2.539,0.8720000000000001
2.03,2.09,2.588,0.881
2.04,2.09,2.637,0.881
2.05,2.09,2.637,0.881
2.06,2.104,2.637,0.8936000000000002
2.07,2.109,2.734,0.8981000000000001
2.08,2.109,2.637,0.8981000000000001
2.09,2.119,2.734,0.9071000000000002
2.1,2.129,2.686,0.9161000000000001
2.11,2.134,2.734,0.9205999999999999
2.12,2.139,2.783,0.9250999999999998
2.13,2.148,2.783,0.9332000000000003
2.14,2.148,2.783,0.9332000000000003
2.15,2.163,2.832,0.9466999999999999
2.16,2.168,2.832,0.9512000000000003
2.17,2.168,2.881,0.9512000000000003
2.18,2.192,2.93,0.9728000000000001
2.19,2.192,2.93,0.9728000000000001
2.2,2.197,2.979,0.9773000000000001
2.21,2.207,2.979,0.9863
2.22,2.202,2.979,0.9818
2.23,2.207,3.027,0.9863
2.24,2.217,3.076,0.9953000000000001
2.25,2.236,3.076,1.0124000000000004
2.26,2.236,3.076,1.0124000000000004
2.27,2.236,3.076,1.0124000000000004
2.28,2.251,3.076,1.0259
2.29,2.246,3.125,1.0213999999999999
2.3,2.261,3.174,1.0349000000000004
2.31,2.266,3.174,1.0394
2.32,2.28,3.223,1.052
2.33,2.28,3.223,1.052
2.34,2.275,3.223,1.0474999999999999
2.35,2.305,3.32,1.0745
2.36,2.305,3.32,1.0745
2.37,2.3,3.32,1.0699999999999998
2.38,2.314,3.369,1.0826000000000002
2.39,2.319,3.369,1.0871
2.4,2.319,3.418,1.0871
2.41,2.334,3.418,1.1006
2.42,2.334,3.418,1.1006
2.43,2.354,3.516,1.1186000000000003
2.44,2.354,3.516,1.1186000000000003
2.45,2.354,3.516,1.1186000000000003
2.46,2.368,3.564,1.1311999999999998
2.47,2.363,3.564,1.1267
2.48,2.383,3.564,1.1447000000000003
2.49,2.388,3.662,1.1492
2.5,2.393,3.711,1.1536999999999997
2.51,2.397,3.662,1.1572999999999998
2.52,2.412,3.711,1.1707999999999998
2.53,2.407,3.76,1.1663000000000001
2.54,2.432,3.76,1.1888
2.55,2.437,3.857,1.1932999999999998
2.56,2.427,3.809,1.1843
2.57,2.446,3.857,1.2014
2.58,2.446,3.857,1.2014
2.59,2.466,3.906,1.2194000000000003
2.6,2.466,3.906,1.2194000000000003
2.61,2.461,3.955,1.2149
2.62,2.471,3.955,1.2239
2.63,2.476,4.004,1.2284000000000002
2.64,2.49,4.004,1.241
2.65,2.49,4.053,1.241
2.66,2.5,4.053,1.25
2.67,2.505,4.102,1.2545000000000002
2.68,2.524,4.15,1.2716000000000003
2.69,2.529,4.199,1.2761
2.7,2.529,4.199,1.2761
2.71,2.539,4.199,1.2851000000000004
2.72,2.539,4.199,1.2851000000000004
2.73,2.549,4.297,1.2940999999999998
2.74,2.544,4.297,1.2896
2.75,2.559,4.297,1.3031000000000001
2.76,2.563,4.297,1.3067000000000002
2.77,2.568,4.346,1.3112
2.78,2.568,4.395,1.3112
2.79,2.598,4.443,1.3382
2.8,2.598,4.492,1.3382
2.81,2.598,4.443,1.3382
2.82,2.612,4.541,1.3508
2.83,2.617,4.541,1.3553000000000002
2.84,2.617,4.59,1.3553000000000002
2.85,2.622,4.59,1.3598
2.86,2.646,4.639,1.3814000000000002
2.87,2.642,4.688,1.3778000000000001
2.88,2.646,4.688,1.3814000000000002
2.89,2.661,4.736,1.3949000000000003
2.9,2.661,4.736,1.3949000000000003
2.91,2.661,4.736,1.3949000000000003
2.92,2.676,4.785,1.4084000000000003
2.93,2.676,4.834,1.4084000000000003
2.94,2.681,4.834,1.4129
2.95,2.69,4.834,1.4209999999999998
2.96,2.695,4.883,1.4255
2.97,2.715,4.932,1.4434999999999998
2.98,2.715,4.98,1.4434999999999998
2.99,2.71,5.029,1.439
3,2.739,5.078,1.4651
3.01,2.739,5.078,1.4651
3.02,2.734,5.078,1.4606
3.03,2.754,5.127,1.4786000000000001
3.04,2.754,5.127,1.4786000000000001
3.05,2.773,5.225,1.4957000000000003
3.06,2.773,5.273,1.4957000000000003
3.07,2.769,5.225,1.4921000000000002
3.08,2.783,5.322,1.5047000000000001
3.09,2.783,5.322,1.5047000000000001
3.1,2.793,5.322,1.5137
3.11,2.817,5.42,1.5353000000000003
3.12,2.817,5.42,1.5353000000000003
3.13,2.822,5.469,1.5398
3.14,2.822,5.469,1.5398
3.15,2.822,5.469,1.5398
3.16,2.842,5.566,1.5578000000000003
3.17,2.856,5.566,1.5703999999999998
3.18,2.847,5.566,1.5623
3.19,2.861,5.615,1.5749000000000004
3.2,2.856,5.664,1.5703999999999998
3.21,2.881,5.713,1.5928999999999998
3.22,2.881,5.713,1.5928999999999998
3.23,2.886,5.762,1.5974000000000004
3.24,2.896,5.811,1.6063999999999998
3.25,2.896,5.811,1.6063999999999998
3.26,2.91,5.859,1.6190000000000002
3.27,2.91,5.908,1.6190000000000002
3.28,2.925,5.908,1.6324999999999998
3.29,2.92,5.957,1.6280000000000001
3.3,2.935,6.006,1.6415000000000002
3.31,2.939,6.055,1.6451000000000002
3.32,2.949,6.104,1.6541000000000001
3.33,2.944,6.104,1.6496
3.34,2.954,6.104,1.6586000000000003
3.35,2.959,6.152,1.6631
3.36,2.979,6.25,1.6811000000000003
3.37,2.979,6.25,1.6811000000000003
3.38,2.983,6.25,1.6847000000000003
3.39,2.988,6.299,1.6892
3.4,2.988,6.348,1.6892
3.41,3.003,6.299,1.7027
3.42,3.003,6.396,1.7027
3.43,3.022,6.445,1.7197999999999998
3.44,3.018,6.494,1.7161999999999997
3.45,3.027,6.494,1.7243000000000004
3.46,3.042,6.543,1.7378
3.47,3.042,6.592,1.7378
3.48,3.047,6.592,1.7423000000000002
3.49,3.052,6.641,1.7468
3.5,3.071,6.738,1.7639
3.51,3.066,6.738,1.7593999999999999
3.52,3.096,6.787,1.7864
3.53,3.096,6.885,1.7864
3.54,3.096,6.885,1.7864
3.55,3.096,6.885,1.7864
3.56,3.11,6.885,1.799
3.57,3.11,6.934,1.799
3.58,3.115,6.982,1.8035
3.59,3.14,7.031,1.826
3.6,3.135,7.08,1.8215
3.61,3.14,7.08,1.826
3.62,3.14,7.129,1.826
3.63,3.159,7.178,1.8430999999999997
3.64,3.159,7.227,1.8430999999999997
3.65,3.169,7.275,1.8521
3.66,3.164,7.324,1.8476000000000004
3.67,3.188,7.373,1.8692000000000002
3.68,3.188,7.422,1.8692000000000002
3.69,3.198,7.422,1.8782
3.7,3.193,7.422,1.8737
3.71,3.198,7.471,1.8782
3.72,3.223,7.568,1.9007
3.73,3.218,7.617,1.8961999999999999
3.74,3.228,7.617,1.9052000000000002
3.75,3.228,7.568,1.9052000000000002
3.76,3.247,7.715,1.9223
3.77,3.247,7.715,1.9223
3.78,3.252,7.764,1.9268
3.79,3.262,7.813,1.9358
3.8,3.262,7.813,1.9358
3.81,3.276,7.91,1.9484
3.82,3.276,7.91,1.9484
3.83,3.286,7.91,1.9574000000000003
3.84,3.281,7.959,1.9529
3.85,3.306,8.057,1.9754
3.86,3.311,8.057,1.9799000000000002
3.87,3.315,8.105,1.9834999999999998
3.88,3.325,8.154,1.9925000000000002
3.89,3.325,8.203,1.9925000000000002
3.9,3.335,8.203,2.0015
3.91,3.345,8.252,2.0105000000000004
3.92,3.34,8.301,2.006
3.93,3.359,8.35,2.0231
3.94,3.364,8.398,2.0276
3.95,3.354,8.447,2.0186
3.96,3.384,8.496,2.0456
3.97,3.384,8.594,2.0456
3.98,3.384,8.594,2.0456
3.99,3.394,8.594,2.0546
4,3.394,8.643,2.0546
4.01,3.408,8.691,2.0672
4.02,3.408,8.691,2.0672
4.03,3.438,8.789,2.0942000000000003
4.04,3.433,8.789,2.0897
4.05,3.433,8.838,2.0897
4.06,3.433,8.838,2.0897
4.07,3.467,8.984,2.1203000000000003
4.08,3.457,8.984,2.1113
4.09,3.462,9.033,2.1158
4.1,3.477,9.082,2.1292999999999997
4.11,3.472,9.082,2.1248
4.12,3.486,9.131,2.1374000000000004
4.13,3.481,9.18,2.1329
4.14,3.501,9.229,2.1509
4.15,3.501,9.277,2.1509
4.16,3.511,9.375,2.1599000000000004
4.17,3.511,9.375,2.1599000000000004
4.18,3.53,9.424,2.177
4.19,3.525,9.424,2.1725
4.2,3.54,9.521,2.186
4.21,3.54,9.521,2.186
4.22,3.555,9.619,2.1995
4.23,3.555,9.668,2.1995
4.24,3.56,9.717,2.204
4.25,3.564,9.717,2.2076000000000002
4.26,3.574,9.766,2.2166
4.27,3.574,9.814,2.2166
4.28,3.608,9.912,2.2472000000000003
4.29,3.604,9.961,2.2436000000000003
4.3,3.599,10.059,2.2391
4.31,3.604,10.059,2.2436000000000003
4.32,3.628,10.107,2.2652
4.33,3.633,10.107,2.2697000000000003
4.34,3.628,10.107,2.2652
4.35,3.643,10.205,2.2786999999999997
4.36,3.643,10.254,2.2786999999999997
4.37,3.647,10.303,2.2822999999999998
4.38,3.662,10.4,2.2958
4.39,3.657,10.449,2.2913
4.4,3.672,10.449,2.3048
4.41,3.672,10.498,2.3048
4.42,3.687,10.596,2.3183
4.43,3.687,10.645,2.3183
4.44,3.687,10.596,2.3183
4.45,3.711,10.693,2.3399
4.46,3.711,10.742,2.3399
4.47,3.706,10.791,2.3354
4.48,3.726,10.84,2.3534
4.49,3.73,10.889,2.357
4.5,3.73,10.938,2.357
4.51,3.75,10.986,2.375
4.52,3.75,11.035,2.375
4.53,3.755,11.084,2.3795
4.54,3.765,11.133,2.3885
4.55,3.774,11.133,2.3966000000000003
4.56,3.779,11.182,2.4011
4.57,3.779,11.23,2.4011
4.58,3.804,11.328,2.4236
4.59,3.799,11.377,2.4191
4.6,3.804,11.426,2.4236
4.61,3.813,11.475,2.4317
4.62,3.809,11.475,2.4281
4.63,3.833,11.572,2.4497000000000004
4.64,3.833,11.621,2.4497000000000004
4.65,3.833,11.67,2.4497000000000004
4.66,3.833,11.67,2.4497000000000004
4.67,3.853,11.719,2.4677000000000002
4.68,3.853,11.768,2.4677000000000002
4.69,3.872,11.865,2.4848
4.7,3.872,11.963,2.4848
4.71,3.872,11.963,2.4848
4.72,3.872,12.012,2.4848
4.73,3.901,12.158,2.5109
4.74,3.896,12.109,2.5064
4.75,3.901,12.207,2.5109
4.76,3.906,12.207,2.5154
4.77,3.911,12.305,2.5199000000000003
4.78,3.921,12.305,2.5288999999999997
4.79,3.921,12.354,2.5288999999999997
4.8,3.931,12.402,2.5379
4.81,3.945,12.5,2.5505
4.82,3.945,12.5,2.5505
4.83,3.955,12.549,2.5595000000000003
4.84,3.955,12.598,2.5595000000000003
4.85,3.965,12.695,2.5685
4.86,3.97,12.695,2.5730000000000004
4.87,3.994,12.793,2.5946000000000002
4.88,3.984,12.891,2.5856
4.89,3.984,12.891,2.5856
4.9,4.004,12.939,2.6035999999999997
4.91,4.009,13.037,2.6081000000000003
4.92,4.014,13.086,2.6126000000000005
4.93,4.019,13.135,2.6171
4.94,4.033,13.184,2.6297000000000006
4.95,4.033,13.232,2.6297000000000006
4.96,4.043,13.281,2.6387
4.97,4.043,13.33,2.6387
4.98,4.067,13.428,2.6603000000000003
4.99,4.058,13.477,2.6522
5,4.063,13.477,2.6567
5.01,4.067,13.525,2.6603000000000003
5.02,4.077,13.574,2.6693000000000002
5.03,4.092,13.672,2.6828
5.04,4.087,13.721,2.6782999999999997
5.05,4.092,13.77,2.6828
5.06,4.102,13.77,2.6918
5.07,4.111,13.867,2.6999
5.08,4.116,13.965,2.7043999999999997
5.09,4.131,14.014,2.7179
5.1,4.136,14.063,2.7224000000000004
5.11,4.136,14.111,2.7224000000000004
5.12,4.16,14.209,2.744
5.13,4.155,14.258,2.7395000000000005
5.14,4.165,14.355,2.7485
5.15,4.175,14.404,2.7575
5.16,4.17,14.453,2.753
5.17,4.18,14.551,2.762
5.18,4.194,14.502,2.7746
5.19,4.194,14.6,2.7746
5.2,4.194,14.648,2.7746
5.21,4.204,14.648,2.7836
5.22,4.214,14.746,2.7926000000000006
5.23,4.214,14.795,2.7926000000000006
5.24,4.229,14.893,2.8061000000000003
5.25,4.233,14.941,2.8097
5.26,4.248,14.99,2.8232000000000004
5.27,4.243,15.039,2.8187
5.28,4.253,15.088,2.8277
5.29,4.268,15.137,2.8411999999999997
5.3,4.268,15.283,2.8411999999999997
5.31,4.268,15.283,2.8411999999999997
5.32,4.287,15.332,2.8583
5.33,4.292,15.43,2.8628
5.34,4.292,15.479,2.8628
5.35,4.307,15.527,2.8763000000000005
5.36,4.302,15.527,2.8718
5.37,4.321,15.674,2.8889
5.38,4.321,15.723,2.8889
5.39,4.326,15.771,2.8933999999999997
5.4,4.341,15.869,2.9069000000000003
5.41,4.341,15.918,2.9069000000000003
5.42,4.351,15.918,2.9159
5.43,4.351,16.016,2.9159
5.44,4.351,16.064,2.9159
5.45,4.37,16.113,2.9330000000000003
5.46,4.36,16.162,2.9240000000000004
5.47,4.38,16.26,2.942
5.48,4.385,16.309,2.9465
5.49,4.39,16.406,2.9509999999999996
5.5,4.395,16.406,2.9555
5.51,4.404,16.455,2.9636
5.52,4.409,16.504,2.9680999999999997
5.53,4.434,16.699,2.9906
5.54,4.434,16.699,2.9906
5.55,4.429,16.699,2.9861000000000004
5.56,4.443,16.797,2.9987
5.57,4.438,16.797,2.9941999999999998
5.58,4.463,16.895,3.0167
5.59,4.468,16.992,3.0212000000000003
5.6,4.463,16.992,3.0167
5.61,4.478,17.09,3.0302
5.62,4.478,17.188,3.0302
5.63,4.497,17.236,3.0473
5.64,4.492,17.236,3.0427999999999997
5.65,4.497,17.383,3.0473
5.66,4.502,17.334,3.0518
5.67,4.531,17.48,3.0778999999999996
5.68,4.526,17.578,3.0734000000000004
5.69,4.521,17.578,3.0689
5.7,4.536,17.676,3.0824
5.71,4.541,17.676,3.086900000000001
5.72,4.546,17.773,3.0914
5.73,4.551,17.822,3.0959000000000003
5.74,4.575,18.018,3.1175000000000006
5.75,4.575,18.018,3.1175000000000006
5.76,4.575,18.066,3.1175000000000006
5.77,4.59,18.115,3.1310000000000002
5.78,4.585,18.164,3.1265
5.79,4.6,18.262,3.1399999999999997
5.8,4.6,18.311,3.1399999999999997
5.81,4.614,18.408,3.1525999999999996
5.82,4.609,18.457,3.1481000000000003
5.83,4.629,18.506,3.1661
5.84,4.629,18.555,3.1661
5.85,4.644,18.604,3.1796000000000006
5.86,4.644,18.701,3.1796000000000006
5.87,4.653,18.75,3.1876999999999995
5.88,4.658,18.799,3.1922000000000006
5.89,4.668,18.896,3.2012
5.9,4.668,18.945,3.2012
5.91,4.673,18.994,3.2057
5.92,4.683,18.994,3.2146999999999997
5.93,4.692,19.092,3.2228000000000003
5.94,4.688,19.189,3.2192
5.95,4.707,19.238,3.2363
5.96,4.707,19.287,3.2363
5.97,4.727,19.385,3.2543000000000006
5.98,4.722,19.482,3.2498000000000005
5.99,4.722,19.482,3.2498000000000005
6,4.746,19.58,3.2714000000000008
6.01,4.746,19.678,3.2714000000000008
6.02,4.746,19.727,3.2714000000000008
6.03,4.761,19.727,3.2849000000000004
6.04,4.761,19.824,3.2849000000000004
6.05,4.775,19.922,3.2975000000000003
6.06,4.775,19.922,3.2975000000000003
6.07,4.79,20.02,3.311
6.08,4.79,20.068,3.311
6.09,4.8,20.068,3.3200000000000003
6.1,4.81,20.215,3.3289999999999997
6.11,4.81,20.215,3.3289999999999997
6.12,4.819,20.313,3.3371000000000004
6.13,4.819,20.41,3.3371000000000004
6.14,4.834,20.508,3.3506
6.15,4.839,20.557,3.3551
6.16,4.863,20.654,3.3767000000000005
6.17,4.863,20.801,3.3767000000000005
6.18,4.863,20.752,3.3767000000000005
6.19,4.863,20.801,3.3767000000000005
6.2,4.878,20.898,3.3902
6.21,4.883,20.996,3.3947000000000003
6.22,4.878,20.996,3.3902
6.23,4.893,21.045,3.4036999999999997
6.24,4.897,21.143,3.4073
6.25,4.907,21.24,3.4163000000000006
6.26,4.912,21.24,3.4208
6.27,4.912,21.289,3.4208
6.28,4.941,21.387,3.4469000000000003
6.29,4.937,21.484,3.4433000000000007
6.3,4.937,21.484,3.4433000000000007
6.31,4.937,21.533,3.4433000000000007
6.32,4.956,21.631,3.460400000000001
6.33,4.951,21.68,3.4558999999999997
6.34,4.966,21.777,3.4694000000000003
6.35,4.971,21.826,3.4739000000000004
6.36,4.985,21.924,3.4865000000000004
6.37,4.985,21.973,3.4865000000000004
6.38,4.995,22.021,3.4955
6.39,5.01,22.07,3.5090000000000003
6.4,5.005,22.119,3.5045
6.41,5.02,22.217,3.518
6.42,5.015,22.217,3.5134999999999996
6.43,5.024,22.363,3.5216000000000003
6.44,5.029,22.412,3.5261000000000005
6.45,5.039,22.461,3.5351
6.46,5.034,22.51,3.5305999999999997
6.47,5.054,22.559,3.5486000000000004
6.48,5.054,22.656,3.5486000000000004
6.49,5.063,22.705,3.5567
6.5,5.063,22.705,3.5567
6.51,5.083,22.803,3.5747
6.52,5.083,22.852,3.5747
6.53,5.093,22.9,3.5837000000000003
6.54,5.088,22.998,3.5792
6.55,5.107,23.096,3.5963000000000003
6.56,5.103,23.145,3.5927
6.57,5.122,23.242,3.6098
6.58,5.127,23.291,3.6143
6.59,5.127,23.291,3.6143
6.6,5.151,23.389,3.6359000000000004
6.61,5.146,23.486,3.6314
6.62,5.151,23.584,3.6359000000000004
6.63,5.156,23.584,3.6403999999999996
6.64,5.176,23.682,3.6584000000000003
6.65,5.181,23.73,3.6629000000000005
6.66,5.176,23.779,3.6584000000000003
6.67,5.186,23.828,3.6673999999999998
6.68,5.2,23.926,3.6800000000000006
6.69,5.2,23.975,3.6800000000000006
6.7,5.205,24.023,3.6845
6.71,5.205,24.023,3.6845
6.72,5.215,24.121,3.6935000000000002
6.73,5.225,24.17,3.7024999999999997
6.74,5.234,24.219,3.7106000000000003
6.75,5.234,24.268,3.7106000000000003
6.76,5.244,24.316,3.7196
6.77,5.249,24.414,3.7241
6.78,5.259,24.512,3.7331000000000003
6.79,5.264,24.561,3.7376000000000005
6.8,5.273,24.561,3.7457000000000003
6.81,5.278,24.707,3.7501999999999995
6.82,5.283,24.756,3.7547000000000006
6.83,5.293,24.756,3.7637
6.84,5.298,24.854,3.7682
6.85,5.303,24.805,3.7727000000000004
6.86,5.322,25,3.7898000000000005
6.87,5.327,25.049,3.7943
6.88,5.322,25.049,3.7898000000000005
6.89,5.327,25.146,3.7943
6.9,5.337,25.195,3.8033
6.91,5.342,25.195,3.8077999999999994
6.92,5.342,25.244,3.8077999999999994
6.93,5.371,25.439,3.8339000000000008
6.94,5.371,25.439,3.8339000000000008
6.95,5.366,25.488,3.8293999999999997
6.96,5.381,25.537,3.8429
6.97,5.381,25.586,3.8429
6.98,5.386,25.635,3.8474000000000004
6.99,5.396,25.684,3.8564
7,5.396,25.684,3.8564
7.01,5.42,25.83,3.878
7.02,5.425,25.928,3.8825000000000003
7.03,5.425,25.977,3.8825000000000003
7.04,5.43,26.025,3.8869999999999996
7.05,5.43,26.025,3.8869999999999996
7.06,5.454,26.172,3.9086
7.07,5.459,26.221,3.9131
7.08,5.454,26.172,3.9086
7.09,5.459,26.221,3.9131
7.1,5.464,26.318,3.9176
7.11,5.469,26.367,3.9221000000000004
7.12,5.488,26.416,3.9392000000000005
7.13,5.488,26.465,3.9392000000000005
7.14,5.498,26.514,3.9482
7.15,5.513,26.66,3.9617000000000004
7.16,5.508,26.66,3.9572000000000003
7.17,5.527,26.758,3.9743000000000004
7.18,5.527,26.807,3.9743000000000004
7.19,5.537,26.904,3.9833
7.2,5.537,26.904,3.9833
7.21,5.547,26.904,3.9923
7.22,5.557,27.002,4.0013000000000005
7.23,5.562,27.1,4.005800000000001
7.24,5.562,27.1,4.005800000000001
7.25,5.566,27.197,4.0094
7.26,5.576,27.197,4.0184
7.27,5.581,27.295,4.022900000000001
7.28,5.591,27.344,4.0319
7.29,5.605,27.393,4.0445
7.3,5.601,27.441,4.0409
7.31,5.615,27.49,4.0535000000000005
7.32,5.615,27.539,4.0535000000000005
7.33,5.625,27.588,4.0625
7.34,5.625,27.637,4.0625
7.35,5.635,27.734,4.0715
7.36,5.649,27.783,4.0841
7.37,5.645,27.832,4.0805
7.38,5.659,27.881,4.0931
7.39,5.654,27.93,4.0886000000000005
7.4,5.693,28.076,4.1236999999999995
7.41,5.688,28.174,4.1192
7.42,5.688,28.174,4.1192
7.43,5.688,28.174,4.1192
7.44,5.698,28.223,4.1282000000000005
7.45,5.703,28.271,4.132700000000001
7.46,5.713,28.32,4.1417
7.47,5.713,28.369,4.1417
7.48,5.732,28.467,4.1588
7.49,5.732,28.516,4.1588
7.5,5.747,28.564,4.1723
7.51,5.747,28.613,4.1723
7.52,5.757,28.613,4.1813
7.53,5.757,28.711,4.1813
7.54,5.767,28.809,4.190300000000001
7.55,5.767,28.809,4.190300000000001
7.56,5.776,28.857,4.1984
7.57,5.781,28.906,4.2029
7.58,5.806,29.004,4.2254000000000005
7.59,5.801,29.004,4.2209
7.6,5.801,29.053,4.2209
7.61,5.83,29.199,4.247
7.62,5.825,29.248,4.242500000000001
7.63,5.825,29.248,4.242500000000001
7.64,5.84,29.297,4.256
7.65,5.85,29.346,4.265
7.66,5.845,29.395,4.2604999999999995
7.67,5.859,29.443,4.2731
7.68,5.864,29.492,4.2776
7.69,5.874,29.541,4.2866
7.7,5.879,29.59,4.2911
7.71,5.884,29.639,4.2956
7.72,5.889,29.688,4.3001000000000005
7.73,5.903,29.785,4.3126999999999995
7.74,5.903,29.834,4.3126999999999995
7.75,5.908,29.834,4.317200000000001
7.76,5.918,29.883,4.3262
7.77,5.928,29.98,4.3352
7.78,5.928,29.98,4.3352
7.79,5.933,30.029,4.3397
7.8,5.942,30.078,4.3478
7.81,5.938,30.127,4.3442
7.82,5.957,30.127,4.3613
7.83,5.952,30.176,4.3568
7.84,5.967,30.322,4.370299999999999
7.85,5.962,30.273,4.3658
7.86,5.977,30.371,4.379300000000001
7.87,5.981,30.42,4.3829
7.88,5.991,30.469,4.3919
7.89,5.996,30.518,4.396400000000001
7.9,6.016,30.566,4.4144000000000005
7.91,6.016,30.615,4.4144000000000005
7.92,6.021,30.615,4.4189
7.93,6.025,30.664,4.4225
7.94,6.04,30.762,4.436
7.95,6.04,30.859,4.436
7.96,6.045,30.811,4.4405
7.97,6.055,30.859,4.4495
7.98,6.06,30.957,4.454
7.99,6.069,31.006,4.4621
8,6.064,31.055,4.4576
8.01,6.084,31.055,4.4756
8.02,6.084,31.104,4.4756
8.03,6.099,31.201,4.4891000000000005
8.04,6.094,31.25,4.4846
8.05,6.104,31.299,4.4936
8.06,6.118,31.348,4.506200000000001
8.07,6.118,31.348,4.506200000000001
8.08,6.133,31.445,4.5197
8.09,6.133,31.494,4.5197
8.1,6.147,31.494,4.5323
8.11,6.147,31.592,4.5323
8.12,6.147,31.592,4.5323
8.13,6.157,31.641,4.541300000000001
8.14,6.157,31.689,4.541300000000001
8.15,6.182,31.787,4.5638000000000005
8.16,6.182,31.787,4.5638000000000005
8.17,6.182,31.836,4.5638000000000005
8.18,6.196,31.885,4.5764
8.19,6.191,31.934,4.5719
8.2,6.206,31.934,4.585400000000001
8.21,6.206,31.934,4.585400000000001
8.22,6.23,32.031,4.607
8.23,6.226,32.08,4.6034
8.24,6.245,32.129,4.6205
8.25,6.24,32.227,4.6160000000000005
8.26,6.25,32.227,4.625
8.27,6.255,32.227,4.6295
8.28,6.27,32.324,4.643
8.29,6.265,32.373,4.6385
8.3,6.274,32.373,4.6466
8.31,6.279,32.471,4.6511000000000005
8.32,6.284,32.471,4.6556
8.33,6.299,32.52,4.6691
8.34,6.299,32.617,4.6691
8.35,6.309,32.617,4.678100000000001
8.36,6.304,32.666,4.6736
8.37,6.318,32.715,4.6861999999999995
8.38,6.323,32.764,4.6907000000000005
8.39,6.338,32.764,4.7042
8.4,6.343,32.861,4.7087
8.41,6.353,32.91,4.7177
8.42,6.348,32.91,4.7132
8.43,6.353,32.959,4.7177
8.44,6.367,33.008,4.7303
8.45,6.362,33.057,4.7258000000000004
8.46,6.387,33.105,4.7482999999999995
8.47,6.382,33.203,4.7438
8.48,6.396,33.203,4.7564
8.49,6.401,33.252,4.7609
8.5,6.401,33.203,4.7609
8.51,6.411,33.252,4.7699
8.52,6.411,33.35,4.7699
8.53,6.431,33.398,4.7879000000000005
8.54,6.431,33.447,4.7879000000000005
8.55,6.44,33.447,4.796
8.56,6.44,33.496,4.796
8.57,6.45,33.545,4.805000000000001
8.58,6.45,33.594,4.805000000000001
8.59,6.47,33.691,4.8229999999999995
8.6,6.465,33.74,4.8185
8.61,6.47,33.691,4.8229999999999995
8.62,6.484,33.789,4.8356
8.63,6.475,33.789,4.8275
8.64,6.504,33.838,4.8536
8.65,6.499,33.887,4.8491
8.66,6.514,33.984,4.8626000000000005
8.67,6.514,33.984,4.8626000000000005
8.68,6.528,33.984,4.8751999999999995
8.69,6.528,34.033,4.8751999999999995
8.7,6.538,34.131,4.884200000000001
8.71,6.548,34.18,4.8932
8.72,6.553,34.18,4.8977
8.73,6.563,34.229,4.9067
8.74,6.563,34.277,4.9067
8.75,6.577,34.375,4.9193
8.76,6.577,34.326,4.9193
8.77,6.577,34.375,4.9193
8.78,6.587,34.375,4.9283
8.79,6.592,34.424,4.932799999999999
8.8,6.597,34.521,4.9373000000000005
8.81,6.611,34.521,4.9498999999999995
8.82,6.606,34.57,4.9454
8.83,6.616,34.619,4.9544
8.84,6.621,34.668,4.958900000000001
8.85,6.636,34.717,4.9724
8.86,6.641,34.717,4.9769000000000005
8.87,6.655,34.766,4.9895000000000005
8.88,6.66,34.814,4.994000000000001
8.89,6.665,34.863,4.9985
8.9,6.665,34.863,4.9985
8.91,6.675,34.961,5.0075
8.92,6.675,34.961,5.0075
8.93,6.68,35.01,5.012
8.94,6.694,35.01,5.0246
8.95,6.694,35.059,5.0246
8.96,6.709,35.107,5.0381
8.97,6.714,35.107,5.0426
8.98,6.719,35.156,5.0471
8.99,6.724,35.254,5.0516000000000005
9,6.743,35.303,5.068700000000001
9.01,6.748,35.352,5.0732
9.02,6.758,35.4,5.0822
9.03,6.753,35.4,5.0777
9.04,6.763,35.4,5.0867000000000004
9.05,6.763,35.4,5.0867000000000004
9.06,6.772,35.498,5.0948
9.07,6.787,35.498,5.1083
9.08,6.782,35.596,5.103800000000001
9.09,6.802,35.596,5.1217999999999995
9.1,6.802,35.645,5.1217999999999995
9.11,6.807,35.693,5.1263000000000005
9.12,6.812,35.742,5.130800000000001
9.13,6.816,35.742,5.1344
9.14,6.831,35.791,5.147900000000001
9.15,6.831,35.84,5.147900000000001
9.16,6.846,35.84,5.1614
9.17,6.846,35.889,5.1614
9.18,6.851,35.938,5.1659
9.19,6.855,35.938,5.1695
9.2,6.865,35.986,5.1785000000000005
9.21,6.885,35.986,5.1965
9.22,6.885,36.035,5.1965
9.23,6.89,36.084,5.201
9.24,6.899,36.182,5.2091
9.25,6.899,36.133,5.2091
9.26,6.909,36.182,5.2181
9.27,6.914,36.23,5.2226
9.28,6.924,36.279,5.2316
9.29,6.919,36.279,5.2271
9.3,6.938,36.279,5.2442
9.31,6.938,36.377,5.2442
9.32,6.953,36.426,5.257700000000001
9.33,6.953,36.426,5.257700000000001
9.34,6.958,36.475,5.2622
9.35,6.963,36.523,5.2667
9.36,6.973,36.572,5.2757
9.37,6.982,36.572,5.2838
9.38,6.997,36.621,5.2973
9.39,6.992,36.621,5.2928
9.4,7.007,36.719,5.3063
9.41,7.007,36.768,5.3063
9.42,7.012,36.768,5.3107999999999995
9.43,7.021,36.768,5.3189
9.44,7.031,36.816,5.3279
9.45,7.031,36.865,5.3279
9.46,7.041,36.865,5.336900000000001
9.47,7.046,36.914,5.3414
9.48,7.056,36.963,5.3504000000000005
9.49,7.056,37.012,5.3504000000000005
9.5,7.065,37.012,5.3585
9.51,7.07,37.012,5.363
9.52,7.08,37.109,5.372
9.53,7.085,37.109,5.3765
9.54,7.09,37.109,5.381
9.55,7.104,37.207,5.3936
9.56,7.1,37.207,5.39
9.57,7.114,37.256,5.4026
9.58,7.109,37.256,5.3981
9.59,7.124,37.305,5.4116
9.6,7.129,37.305,5.4161
9.61,7.139,37.402,5.4251000000000005
9.62,7.144,37.402,5.429600000000001
9.63,7.148,37.402,5.4332
9.64,7.153,37.5,5.4376999999999995
9.65,7.168,37.5,5.4512
9.66,7.178,37.5,5.4602
9.67,7.173,37.549,5.4557
9.68,7.183,37.598,5.4647
9.69,7.188,37.646,5.4692
9.7,7.197,37.646,5.4773000000000005
9.71,7.197,37.695,5.4773000000000005
9.72,7.207,37.744,5.4863
9.73,7.222,37.793,5.4998000000000005
9.74,7.222,37.793,5.4998000000000005
9.75,7.236,37.793,5.5123999999999995
9.76,7.231,37.842,5.5079
9.77,7.241,37.842,5.5169
9.78,7.246,37.939,5.521400000000001
9.79,7.256,37.939,5.5304
9.8,7.261,37.939,5.5349
9.81,7.271,37.988,5.5439
9.82,7.275,37.988,5.5475
9.83,7.28,38.037,5.5520000000000005
9.84,7.285,38.086,5.556500000000001
9.85,7.29,38.086,5.561
9.86,7.305,38.135,5.5745
9.87,7.31,38.232,5.579
9.88,7.319,38.232,5.5871
9.89,7.319,38.232,5.5871
9.9,7.329,38.281,5.5961
9.91,7.329,38.33,5.5961
9.92,7.334,38.379,5.6006
9.93,7.339,38.33,5.6051
9.94,7.349,38.379,5.6141000000000005
9.95,7.349,38.379,5.6141000000000005
9.96,7.354,38.428,5.6186
9.97,7.349,38.477,5.6141000000000005
9.98,7.349,38.477,5.6141000000000005
9.99,7.349,38.477,5.6141000000000005
10,7.349,38.428,5.6141000000000005
10.01,7.344,38.525,5.6096
10,7.349,38.477,5.6141000000000005
9.99,7.349,38.477,5.6141000000000005
9.98,7.349,38.525,5.6141000000000005
9.97,7.349,38.525,5.6141000000000005
9.96,7.349,38.525,5.6141000000000005
9.95,7.349,38.525,5.6141000000000005
9.94,7.349,38.525,5.6141000000000005
9.93,7.344,38.525,5.6096
9.92,7.354,38.525,5.6186
9.91,7.349,38.525,5.6141000000000005
9.9,7.349,38.525,5.6141000000000005
9.89,7.349,38.574,5.6141000000000005
9.88,7.344,38.623,5.6096
9.87,7.344,38.623,5.6096
9.86,7.349,38.574,5.6141000000000005
9.85,7.349,38.574,5.6141000000000005
9.84,7.344,38.623,5.6096
9.83,7.339,38.623,5.6051
9.82,7.344,38.623,5.6096
9.81,7.334,38.623,5.6006
9.8,7.329,38.574,5.5961
9.79,7.324,38.623,5.5916
9.78,7.314,38.623,5.5826
9.77,7.305,38.623,5.5745
9.76,7.305,38.623,5.5745
9.75,7.285,38.672,5.556500000000001
9.74,7.29,38.623,5.561
9.73,7.275,38.623,5.5475
9.72,7.28,38.623,5.5520000000000005
9.71,7.271,38.672,5.5439
9.7,7.266,38.623,5.5394000000000005
9.69,7.251,38.574,5.5259
9.68,7.251,38.623,5.5259
9.67,7.236,38.623,5.5123999999999995
9.66,7.236,38.623,5.5123999999999995
9.65,7.227,38.623,5.504300000000001
9.64,7.222,38.672,5.4998000000000005
9.63,7.212,38.623,5.4908
9.62,7.212,38.623,5.4908
9.61,7.188,38.623,5.4692
9.6,7.192,38.623,5.4728
9.59,7.183,38.623,5.4647
9.58,7.178,38.623,5.4602
9.57,7.173,38.574,5.4557
9.56,7.168,38.574,5.4512
9.55,7.158,38.574,5.442200000000001
9.54,7.158,38.574,5.442200000000001
9.53,7.148,38.574,5.4332
9.52,7.148,38.574,5.4332
9.51,7.129,38.525,5.4161
9.5,7.124,38.477,5.4116
9.49,7.114,38.477,5.4026
9.48,7.114,38.477,5.4026
9.47,7.104,38.428,5.3936
9.46,7.104,38.477,5.3936
9.45,7.095,38.428,5.3854999999999995
9.44,7.09,38.379,5.381
9.43,7.075,38.33,5.367500000000001
9.42,7.08,38.379,5.372
9.41,7.065,38.33,5.3585
9.4,7.065,38.379,5.3585
9.39,7.051,38.281,5.3459
9.38,7.051,38.33,5.3459
9.37,7.041,38.33,5.336900000000001
9.36,7.041,38.281,5.336900000000001
9.35,7.031,38.281,5.3279
9.34,7.026,38.281,5.3234
9.33,7.012,38.232,5.3107999999999995
9.32,7.007,38.232,5.3063
9.31,7.007,38.232,5.3063
9.3,7.002,38.232,5.3018
9.29,6.987,38.135,5.2883000000000004
9.28,6.987,38.184,5.2883000000000004
9.27,6.968,38.184,5.2712
9.26,6.973,38.086,5.2757
9.25,6.963,38.037,5.2667
9.24,6.963,38.135,5.2667
9.23,6.943,38.086,5.2486999999999995
9.22,6.943,38.037,5.2486999999999995
9.21,6.938,38.037,5.2442
9.2,6.934,38.037,5.240600000000001
9.19,6.924,37.988,5.2316
9.18,6.924,37.988,5.2316
9.17,6.909,37.939,5.2181
9.16,6.909,37.939,5.2181
9.15,6.895,37.939,5.2055
9.14,6.899,37.939,5.2091
9.13,6.88,37.891,5.192
9.12,6.88,37.891,5.192
9.11,6.865,37.842,5.1785000000000005
9.1,6.865,37.842,5.1785000000000005
9.09,6.855,37.842,5.1695
9.08,6.851,37.793,5.1659
9.07,6.836,37.744,5.1524
9.06,6.831,37.744,5.147900000000001
9.05,6.821,37.695,5.1389
9.04,6.821,37.695,5.1389
9.03,6.802,37.695,5.1217999999999995
9.02,6.807,37.646,5.1263000000000005
9.01,6.797,37.646,5.1173
9,6.792,37.598,5.1128
8.99,6.782,37.598,5.103800000000001
8.98,6.782,37.598,5.103800000000001
8.97,6.772,37.598,5.0948
8.96,6.772,37.549,5.0948
8.95,6.753,37.549,5.0777
8.94,6.758,37.5,5.0822
8.93,6.748,37.451,5.0732
8.92,6.743,37.451,5.068700000000001
8.91,6.733,37.451,5.059699999999999
8.9,6.733,37.451,5.059699999999999
8.89,6.719,37.402,5.0471
8.88,6.719,37.402,5.0471
8.87,6.704,37.354,5.0336
8.86,6.699,37.354,5.0291
8.85,6.685,37.305,5.0165
8.84,6.694,37.305,5.0246
8.83,6.685,37.256,5.0165
8.82,6.67,37.256,5.003
8.81,6.66,37.207,4.994000000000001
8.8,6.66,37.207,4.994000000000001
8.79,6.655,37.207,4.9895000000000005
8.78,6.65,37.158,4.985
8.77,6.636,37.109,4.9724
8.76,6.636,37.158,4.9724
8.75,6.621,37.109,4.958900000000001
8.74,6.626,37.109,4.9634
8.73,6.611,37.012,4.9498999999999995
8.72,6.611,37.012,4.9498999999999995
8.71,6.606,37.012,4.9454
8.7,6.597,37.012,4.9373000000000005
8.69,6.592,36.963,4.932799999999999
8.68,6.582,36.963,4.9238
8.67,6.577,36.914,4.9193
8.66,6.572,36.914,4.9148000000000005
8.65,6.567,36.865,4.9103
8.64,6.558,36.816,4.9022
8.63,6.548,36.816,4.8932
8.62,6.538,36.768,4.884200000000001
8.61,6.538,36.768,4.884200000000001
8.6,6.523,36.719,4.8707
8.59,6.523,36.67,4.8707
8.58,6.509,36.67,4.8581
8.57,6.509,36.67,4.8581
8.56,6.499,36.67,4.8491
8.55,6.499,36.67,4.8491
8.54,6.484,36.621,4.8356
8.53,6.484,36.572,4.8356
8.52,6.47,36.572,4.8229999999999995
8.51,6.47,36.523,4.8229999999999995
8.5,6.455,36.523,4.8095
8.49,6.455,36.475,4.8095
8.48,6.45,36.426,4.805000000000001
8.47,6.445,36.426,4.8005
8.46,6.431,36.377,4.7879000000000005
8.45,6.436,36.426,4.7924
8.44,6.421,36.377,4.7789
8.43,6.416,36.328,4.774400000000001
8.42,6.406,36.279,4.7654
8.41,6.401,36.279,4.7609
8.4,6.392,36.279,4.752800000000001
8.39,6.387,36.23,4.7482999999999995
8.38,6.377,36.182,4.7393
8.37,6.377,36.182,4.7393
8.36,6.362,36.182,4.7258000000000004
8.35,6.367,36.133,4.7303
8.34,6.353,36.084,4.7177
8.33,6.348,36.084,4.7132
8.32,6.343,36.035,4.7087
8.31,6.338,36.035,4.7042
8.3,6.333,35.986,4.6997
8.29,6.328,35.938,4.695200000000001
8.28,6.313,35.938,4.6817
8.27,6.309,35.938,4.678100000000001
8.26,6.304,35.889,4.6736
8.25,6.304,35.889,4.6736
8.24,6.284,35.791,4.6556
8.23,6.284,35.791,4.6556
8.22,6.27,35.791,4.643
8.21,6.27,35.791,4.643
8.2,6.26,35.693,4.634
8.19,6.265,35.645,4.6385
8.18,6.245,35.645,4.6205
8.17,6.24,35.645,4.6160000000000005
8.16,6.23,35.596,4.607
8.15,6.23,35.596,4.607
8.14,6.221,35.547,4.5989
8.13,6.221,35.498,4.5989
8.12,6.211,35.498,4.5899
8.11,6.206,35.498,4.585400000000001
8.1,6.196,35.449,4.5764
8.09,6.196,35.449,4.5764
8.08,6.182,35.4,4.5638000000000005
8.07,6.187,35.352,4.568300000000001
8.06,6.162,35.303,4.5458
8.05,6.157,35.303,4.541300000000001
8.04,6.152,35.303,4.5368
8.03,6.147,35.254,4.5323
8.02,6.143,35.205,4.5287
8.01,6.133,35.156,4.5197
8,6.118,35.107,4.506200000000001
7.99,6.118,35.107,4.506200000000001
7.98,6.108,35.107,4.497199999999999
7.97,6.108,35.059,4.497199999999999
7.96,6.099,35.059,4.4891000000000005
7.95,6.099,35.01,4.4891000000000005
7.94,6.084,35.01,4.4756
7.93,6.084,34.912,4.4756
7.92,6.069,34.912,4.4621
7.91,6.074,34.863,4.4666
7.9,6.064,34.814,4.4576
7.89,6.055,34.814,4.4495
7.88,6.045,34.766,4.4405
7.87,6.045,34.717,4.4405
7.86,6.03,34.717,4.4270000000000005
7.85,6.03,34.668,4.4270000000000005
7.84,6.021,34.668,4.4189
7.83,6.016,34.619,4.4144000000000005
7.82,6.011,34.57,4.4099
7.81,5.996,34.57,4.396400000000001
7.8,5.991,34.521,4.3919
7.79,5.991,34.473,4.3919
7.78,5.981,34.424,4.3829
7.77,5.972,34.473,4.3748000000000005
7.76,5.967,34.375,4.370299999999999
7.75,5.972,34.375,4.3748000000000005
7.74,5.952,34.326,4.3568
7.73,5.952,34.326,4.3568
7.72,5.938,34.326,4.3442
7.71,5.938,34.229,4.3442
7.7,5.928,34.18,4.3352
7.69,5.923,34.18,4.3307
7.68,5.918,34.131,4.3262
7.67,5.913,34.082,4.321700000000001
7.66,5.903,34.082,4.3126999999999995
7.65,5.903,34.033,4.3126999999999995
7.64,5.889,33.984,4.3001000000000005
7.63,5.884,33.984,4.2956
7.62,5.874,33.936,4.2866
7.61,5.874,33.936,4.2866
7.6,5.859,33.887,4.2731
7.59,5.854,33.838,4.2686
7.58,5.845,33.838,4.2604999999999995
7.57,5.845,33.789,4.2604999999999995
7.56,5.825,33.74,4.242500000000001
7.55,5.83,33.74,4.247
7.54,5.815,33.643,4.2335
7.53,5.815,33.643,4.2335
7.52,5.806,33.545,4.2254000000000005
7.51,5.806,33.545,4.2254000000000005
7.5,5.791,33.545,4.211900000000001
7.49,5.786,33.496,4.2074
7.48,5.776,33.447,4.1984
7.47,5.781,33.496,4.2029
7.46,5.767,33.398,4.190300000000001
7.45,5.767,33.35,4.190300000000001
7.44,5.752,33.35,4.1768
7.43,5.757,33.252,4.1813
7.42,5.742,33.252,4.1678
7.41,5.747,33.252,4.1723
7.4,5.732,33.203,4.1588
7.39,5.723,33.154,4.1507
7.38,5.713,33.105,4.1417
7.37,5.708,33.105,4.1372
7.36,5.698,33.008,4.1282000000000005
7.35,5.698,33.008,4.1282000000000005
7.34,5.688,32.959,4.1192
7.33,5.679,32.91,4.1111
7.32,5.674,32.861,4.1066
7.31,5.669,32.861,4.1021
7.3,5.659,32.813,4.0931
7.29,5.659,32.813,4.0931
7.28,5.645,32.715,4.0805
7.27,5.645,32.715,4.0805
7.26,5.64,32.666,4.076
7.25,5.635,32.617,4.0715
7.24,5.625,32.617,4.0625
7.23,5.62,32.568,4.058
7.22,5.61,32.52,4.049
7.21,5.61,32.52,4.049
7.2,5.596,32.471,4.0364
7.19,5.591,32.471,4.0319
7.18,5.576,32.324,4.0184
7.17,5.571,32.324,4.0139
7.16,5.562,32.275,4.005800000000001
7.15,5.566,32.275,4.0094
7.14,5.557,32.227,4.0013000000000005
7.13,5.547,32.178,3.9923
7.12,5.537,32.129,3.9833
7.11,5.532,32.08,3.9788000000000006
7.1,5.527,32.08,3.9743000000000004
7.09,5.527,31.982,3.9743000000000004
7.08,5.518,32.031,3.9661999999999997
7.07,5.513,31.982,3.9617000000000004
7.06,5.498,31.934,3.9482
7.05,5.493,31.885,3.9437000000000006
7.04,5.479,31.787,3.9311
7.03,5.479,31.787,3.9311
7.02,5.474,31.738,3.9266000000000005
7.01,5.469,31.689,3.9221000000000004
7,5.454,31.689,3.9086
6.99,5.459,31.641,3.9131
6.98,5.449,31.543,3.9040999999999997
6.97,5.435,31.543,3.8914999999999997
6.96,5.425,31.494,3.8825000000000003
6.95,5.425,31.494,3.8825000000000003
6.94,5.42,31.396,3.878
6.93,5.415,31.396,3.8735
6.92,5.41,31.348,3.8690000000000007
6.91,5.4,31.25,3.8600000000000003
6.9,5.396,31.25,3.8564
6.89,5.386,31.25,3.8474000000000004
6.88,5.381,31.201,3.8429
6.87,5.371,31.104,3.8339000000000008
6.86,5.366,31.104,3.8293999999999997
6.85,5.356,31.055,3.8204000000000002
6.84,5.361,31.006,3.8248999999999995
6.83,5.347,30.957,3.8123000000000005
6.82,5.347,30.957,3.8123000000000005
6.81,5.332,30.908,3.7988
6.8,5.332,30.908,3.7988
6.79,5.322,30.811,3.7898000000000005
6.78,5.317,30.713,3.7853000000000003
6.77,5.298,30.713,3.7682
6.76,5.298,30.664,3.7682
6.75,5.293,30.664,3.7637
6.74,5.288,30.615,3.7592000000000008
6.73,5.278,30.566,3.7501999999999995
6.72,5.269,30.469,3.7421000000000006
6.71,5.264,30.469,3.7376000000000005
6.7,5.259,30.42,3.7331000000000003
6.69,5.254,30.371,3.7286
6.68,5.254,30.322,3.7286
6.67,5.239,30.273,3.7150999999999996
6.66,5.239,30.273,3.7150999999999996
6.65,5.229,30.225,3.7061
6.64,5.225,30.176,3.7024999999999997
6.63,5.21,30.127,3.689
6.62,5.21,30.078,3.689
6.61,5.205,29.98,3.6845
6.6,5.195,29.932,3.6755000000000004
6.59,5.19,29.932,3.6710000000000003
6.58,5.186,29.883,3.6673999999999998
6.57,5.176,29.834,3.6584000000000003
6.56,5.166,29.736,3.649400000000001
6.55,5.156,29.736,3.6403999999999996
6.54,5.151,29.688,3.6359000000000004
6.53,5.146,29.59,3.6314
6.52,5.132,29.59,3.6188000000000002
6.51,5.137,29.541,3.6232999999999995
6.5,5.117,29.492,3.6052999999999997
6.49,5.117,29.492,3.6052999999999997
6.48,5.107,29.395,3.5963000000000003
6.47,5.107,29.346,3.5963000000000003
6.46,5.098,29.297,3.5881999999999996
6.45,5.098,29.297,3.5881999999999996
6.44,5.088,29.248,3.5792
6.43,5.078,29.199,3.5702000000000007
6.42,5.073,29.15,3.5657000000000005
6.41,5.073,29.102,3.5657000000000005
6.4,5.054,29.102,3.5486000000000004
6.39,5.059,29.053,3.5531000000000006
6.38,5.049,28.955,3.5441000000000003
6.37,5.044,28.906,3.5396
6.36,5.034,28.857,3.5305999999999997
6.35,5.02,28.76,3.518
6.34,5.015,28.76,3.5134999999999996
6.33,5.01,28.711,3.5090000000000003
6.32,5.005,28.613,3.5045
6.31,5,28.613,3.5
6.3,4.985,28.564,3.4865000000000004
6.29,4.985,28.516,3.4865000000000004
6.28,4.98,28.467,3.482
6.27,4.976,28.418,3.4783999999999997
6.26,4.971,28.418,3.4739000000000004
6.25,4.961,28.369,3.4649
6.24,4.961,28.271,3.4649
6.23,4.941,28.271,3.4469000000000003
6.22,4.941,28.174,3.4469000000000003
6.21,4.932,28.174,3.4388000000000005
6.2,4.932,28.125,3.4388000000000005
6.19,4.917,28.027,3.4253
6.18,4.922,27.979,3.4298
6.17,4.912,27.93,3.4208
6.16,4.907,27.93,3.4163000000000006
6.15,4.888,27.832,3.3992000000000004
6.14,4.888,27.783,3.3992000000000004
6.13,4.883,27.734,3.3947000000000003
6.12,4.883,27.686,3.3947000000000003
6.11,4.863,27.637,3.3767000000000005
6.1,4.863,27.588,3.3767000000000005
6.09,4.854,27.539,3.3686
6.08,4.844,27.441,3.3596000000000004
6.07,4.839,27.441,3.3551
6.06,4.839,27.393,3.3551
6.05,4.829,27.344,3.3461
6.04,4.824,27.295,3.3415999999999997
6.03,4.814,27.246,3.3326000000000002
6.02,4.81,27.197,3.3289999999999997
6.01,4.8,27.148,3.3200000000000003
6,4.785,27.1,3.3065000000000007
5.99,4.785,27.051,3.3065000000000007
5.98,4.78,26.953,3.3020000000000005
5.97,4.771,26.953,3.2939
5.96,4.771,26.904,3.2939
5.95,4.761,26.807,3.2849000000000004
5.94,4.756,26.758,3.2804
5.93,4.741,26.709,3.2668999999999997
5.92,4.741,26.66,3.2668999999999997
5.91,4.731,26.611,3.2579000000000002
5.9,4.727,26.563,3.2543000000000006
5.89,4.712,26.465,3.2408
5.88,4.717,26.416,3.2452999999999994
5.87,4.702,26.416,3.2318
5.86,4.707,26.367,3.2363
5.85,4.697,26.318,3.2273000000000005
5.84,4.688,26.221,3.2192
5.83,4.678,26.221,3.2102000000000004
5.82,4.668,26.123,3.2012
5.81,4.668,26.123,3.2012
5.8,4.658,26.025,3.1922000000000006
5.79,4.653,25.977,3.1876999999999995
5.78,4.644,25.879,3.1796000000000006
5.77,4.639,25.83,3.1751000000000005
5.76,4.634,25.781,3.1706000000000003
5.75,4.624,25.732,3.1616
5.74,4.619,25.684,3.1571
5.73,4.604,25.635,3.1436
5.72,4.604,25.537,3.1436
5.71,4.6,25.488,3.1399999999999997
5.7,4.595,25.488,3.1354999999999995
5.69,4.58,25.391,3.122
5.68,4.58,25.342,3.122
5.67,4.57,25.244,3.1130000000000004
5.66,4.561,25.244,3.1048999999999998
5.65,4.561,25.146,3.1048999999999998
5.64,4.551,25.146,3.0959000000000003
5.63,4.541,25,3.086900000000001
5.62,4.536,25,3.0824
5.61,4.531,24.902,3.0778999999999996
5.6,4.521,24.902,3.0689
5.59,4.517,24.805,3.0653000000000006
5.58,4.512,24.756,3.0607999999999995
5.57,4.512,24.658,3.0607999999999995
5.56,4.497,24.609,3.0473
5.55,4.497,24.609,3.0473
5.54,4.482,24.512,3.0338000000000003
5.53,4.478,24.414,3.0302
5.52,4.468,24.414,3.0212000000000003
5.51,4.463,24.365,3.0167
5.5,4.453,24.268,3.0077000000000007
5.49,4.448,24.17,3.0032000000000005
5.48,4.438,24.121,2.9941999999999998
5.47,4.438,24.121,2.9941999999999998
5.46,4.424,24.023,2.9816000000000003
5.45,4.424,23.975,2.9816000000000003
5.44,4.414,23.926,2.9726
5.43,4.409,23.877,2.9680999999999997
5.42,4.399,23.828,2.9591000000000003
5.41,4.399,23.779,2.9591000000000003
5.4,4.385,23.682,2.9465
5.39,4.385,23.633,2.9465
5.38,4.37,23.535,2.9330000000000003
5.37,4.375,23.535,2.9375
5.36,4.36,23.486,2.9240000000000004
5.35,4.355,23.389,2.9195000000000007
5.34,4.351,23.291,2.9159
5.33,4.336,23.291,2.9024000000000005
5.32,4.336,23.193,2.9024000000000005
5.31,4.326,23.145,2.8933999999999997
5.3,4.321,23.096,2.8889
5.29,4.316,22.998,2.8844
5.28,4.312,22.998,2.8808000000000002
5.27,4.297,22.852,2.8672999999999997
5.26,4.297,22.852,2.8672999999999997
5.25,4.287,22.803,2.8583
5.24,4.282,22.754,2.8538
5.23,4.272,22.656,2.8448
5.22,4.263,22.559,2.8367
5.21,4.258,22.51,2.8322000000000003
5.2,4.253,22.51,2.8277
5.19,4.248,22.461,2.8232000000000004
5.18,4.243,22.363,2.8187
5.17,4.233,22.314,2.8097
5.16,4.229,22.266,2.8061000000000003
5.15,4.219,22.168,2.7971000000000004
5.14,4.219,22.119,2.7971000000000004
5.13,4.209,22.07,2.7880999999999996
5.12,4.199,22.021,2.7791
5.11,4.194,21.924,2.7746
5.1,4.189,21.875,2.7701000000000002
5.09,4.18,21.826,2.762
5.08,4.175,21.777,2.7575
5.07,4.165,21.729,2.7485
5.06,4.16,21.631,2.744
5.05,4.155,21.582,2.7395000000000005
5.04,4.146,21.533,2.7314
5.03,4.141,21.484,2.7269
5.02,4.141,21.387,2.7269
5.01,4.126,21.338,2.7134000000000005
5,4.121,21.24,2.7089000000000003
4.99,4.111,21.24,2.6999
4.98,4.111,21.094,2.6999
4.97,4.097,21.045,2.6873000000000005
4.96,4.097,21.045,2.6873000000000005
4.95,4.087,20.947,2.6782999999999997
4.94,4.077,20.801,2.6693000000000002
4.93,4.072,20.85,2.6648
4.92,4.058,20.752,2.6522
4.91,4.058,20.703,2.6522
4.9,4.058,20.654,2.6522
4.89,4.043,20.605,2.6387
4.88,4.038,20.459,2.6342000000000003
4.87,4.033,20.41,2.6297000000000006
4.86,4.033,20.313,2.6297000000000006
4.85,4.019,20.313,2.6171
4.84,4.014,20.215,2.6126000000000005
4.83,4.004,20.117,2.6035999999999997
4.82,3.999,20.068,2.5991
4.81,3.999,20.02,2.5991
4.8,3.989,19.971,2.5901
4.79,3.979,19.873,2.5811
4.78,3.97,19.775,2.5730000000000004
4.77,3.97,19.775,2.5730000000000004
4.76,3.955,19.678,2.5595000000000003
4.75,3.955,19.629,2.5595000000000003
4.74,3.95,19.58,2.555
4.73,3.94,19.482,2.546
4.72,3.94,19.434,2.546
4.71,3.926,19.336,2.5334000000000003
4.7,3.926,19.287,2.5334000000000003
4.69,3.911,19.238,2.5199000000000003
4.68,3.901,19.092,2.5109
4.67,3.896,19.043,2.5064
4.66,3.892,19.043,2.5028
4.65,3.887,18.994,2.4983
4.64,3.882,18.896,2.4938000000000002
4.63,3.877,18.848,2.4893
4.62,3.872,18.701,2.4848
4.61,3.862,18.701,2.4758
4.6,3.857,18.652,2.4713000000000003
4.59,3.848,18.555,2.4632
4.58,3.838,18.506,2.4542
4.57,3.833,18.408,2.4497000000000004
4.56,3.828,18.359,2.4452
4.55,3.823,18.311,2.4407
4.54,3.818,18.311,2.4362
4.53,3.809,18.213,2.4281
4.52,3.809,18.164,2.4281
4.51,3.794,18.066,2.4146
4.5,3.789,18.018,2.4101000000000004
4.49,3.789,17.92,2.4101000000000004
4.48,3.779,17.871,2.4011
4.47,3.77,17.822,2.3930000000000002
4.46,3.765,17.725,2.3885
4.45,3.75,17.676,2.375
4.44,3.74,17.578,2.366
4.43,3.74,17.529,2.366
4.42,3.735,17.48,2.3615
4.41,3.726,17.432,2.3534
4.4,3.721,17.383,2.3489
4.39,3.711,17.285,2.3399
4.38,3.711,17.188,2.3399
4.37,3.706,17.139,2.3354
4.36,3.701,17.09,2.3309
4.35,3.687,17.041,2.3183
4.34,3.682,16.992,2.3138
4.33,3.672,16.943,2.3048
4.32,3.672,16.846,2.3048
4.31,3.667,16.797,2.3003
4.3,3.652,16.748,2.2868000000000004
4.29,3.652,16.699,2.2868000000000004
4.28,3.647,16.602,2.2822999999999998
4.27,3.643,16.602,2.2786999999999997
4.26,3.628,16.504,2.2652
4.25,3.623,16.406,2.2607000000000004
4.24,3.613,16.357,2.2517
4.23,3.608,16.309,2.2472000000000003
4.22,3.599,16.26,2.2391
4.21,3.599,16.162,2.2391
4.2,3.589,16.162,2.2301
4.19,3.584,16.064,2.2256
4.18,3.574,15.967,2.2166
4.17,3.569,15.918,2.2121
4.16,3.555,15.82,2.1995
4.15,3.56,15.723,2.204
4.14,3.555,15.723,2.1995
4.13,3.545,15.625,2.1905
4.12,3.535,15.576,2.1815
4.11,3.53,15.479,2.177
4.1,3.53,15.479,2.177
4.09,3.521,15.381,2.1689
4.08,3.511,15.283,2.1599000000000004
4.07,3.506,15.283,2.1553999999999998
4.06,3.491,15.186,2.1419
4.05,3.491,15.137,2.1419
4.04,3.481,15.039,2.1329
4.03,3.481,14.99,2.1329
4.02,3.477,14.941,2.1292999999999997
4.01,3.462,14.893,2.1158
4,3.457,14.795,2.1113
3.99,3.457,14.697,2.1113
3.98,3.452,14.6,2.1068000000000002
3.97,3.442,14.6,2.0978000000000003
3.96,3.438,14.6,2.0942000000000003
3.95,3.428,14.453,2.0852
3.94,3.423,14.404,2.0807
3.93,3.408,14.355,2.0672
3.92,3.403,14.307,2.0627
3.91,3.394,14.209,2.0546
3.9,3.389,14.209,2.0501
3.89,3.384,14.111,2.0456
3.88,3.379,14.063,2.0411
3.87,3.374,13.965,2.0366
3.86,3.364,13.916,2.0276
3.85,3.354,13.77,2.0186
3.84,3.35,13.77,2.015
3.83,3.345,13.672,2.0105000000000004
3.82,3.335,13.672,2.0015
3.81,3.325,13.623,1.9925000000000002
3.8,3.32,13.525,1.988
3.79,3.32,13.477,1.988
3.78,3.311,13.379,1.9799000000000002
3.77,3.306,13.379,1.9754
3.76,3.301,13.281,1.9709000000000003
3.75,3.291,13.281,1.9619
3.74,3.286,13.232,1.9574000000000003
3.73,3.276,13.135,1.9484
3.72,3.271,13.086,1.9439000000000002
3.71,3.262,13.037,1.9358
3.7,3.262,12.988,1.9358
3.69,3.252,12.939,1.9268
3.68,3.247,12.891,1.9223
3.67,3.247,12.842,1.9223
3.66,3.228,12.793,1.9052000000000002
3.65,3.223,12.646,1.9007
3.64,3.218,12.598,1.8961999999999999
3.63,3.208,12.549,1.8872000000000004
3.62,3.198,12.451,1.8782
3.61,3.188,12.402,1.8692000000000002
3.6,3.198,12.402,1.8782
3.59,3.179,12.305,1.8611
3.58,3.184,12.305,1.8656000000000001
3.57,3.169,12.207,1.8521
3.56,3.164,12.158,1.8476000000000004
3.55,3.154,12.109,1.8386
3.54,3.149,12.012,1.8341000000000003
3.53,3.145,12.012,1.8305000000000002
3.52,3.145,11.963,1.8305000000000002
3.51,3.13,11.865,1.8170000000000002
3.5,3.125,11.914,1.8125
3.49,3.115,11.816,1.8035
3.48,3.115,11.719,1.8035
3.47,3.105,11.67,1.7945000000000002
3.46,3.101,11.67,1.7909000000000002
3.45,3.096,11.523,1.7864
3.44,3.086,11.523,1.7774
3.43,3.081,11.475,1.7729
3.42,3.066,11.426,1.7593999999999999
3.41,3.062,11.377,1.7557999999999998
3.4,3.052,11.279,1.7468
3.39,3.052,11.23,1.7468
3.38,3.042,11.182,1.7378
3.37,3.032,11.133,1.7288000000000001
3.36,3.027,11.084,1.7243000000000004
3.35,3.018,11.035,1.7161999999999997
3.34,3.013,10.986,1.7117
3.33,3.013,10.938,1.7117
3.32,3.003,10.938,1.7027
3.31,2.998,10.84,1.6982000000000004
3.3,2.988,10.791,1.6892
3.29,2.979,10.742,1.6811000000000003
3.28,2.974,10.693,1.6766
3.27,2.969,10.645,1.6721
3.26,2.959,10.596,1.6631
3.25,2.959,10.596,1.6631
3.24,2.954,10.547,1.6586000000000003
3.23,2.944,10.498,1.6496
3.22,2.935,10.4,1.6415000000000002
3.21,2.93,10.352,1.637
3.2,2.92,10.352,1.6280000000000001
3.19,2.915,10.254,1.6235
3.18,2.9,10.156,1.6099999999999999
3.17,2.9,10.156,1.6099999999999999
3.16,2.905,10.107,1.6145
3.15,2.881,10.01,1.5928999999999998
3.14,2.881,9.961,1.5928999999999998
3.13,2.871,9.912,1.5838999999999999
3.12,2.866,9.912,1.5794000000000001
3.11,2.861,9.863,1.5749000000000004
3.1,2.852,9.814,1.5667999999999997
3.09,2.852,9.766,1.5667999999999997
3.08,2.837,9.668,1.5533000000000001
3.07,2.832,9.717,1.5488
3.06,2.832,9.619,1.5488
3.05,2.827,9.619,1.5443000000000002
3.04,2.817,9.521,1.5353000000000003
3.03,2.817,9.473,1.5353000000000003
3.02,2.803,9.424,1.5227
3.01,2.798,9.375,1.5182000000000002
3,2.793,9.326,1.5137
2.99,2.783,9.326,1.5047000000000001
2.98,2.778,9.229,1.5002
2.97,2.773,9.18,1.4957000000000003
2.96,2.769,9.131,1.4921000000000002
2.95,2.759,9.082,1.4830999999999999
2.94,2.749,9.033,1.4741
2.93,2.739,8.984,1.4651
2.92,2.729,8.984,1.4561000000000002
2.91,2.734,8.984,1.4606
2.9,2.725,8.838,1.4525000000000001
2.89,2.715,8.838,1.4434999999999998
2.88,2.705,8.789,1.4345000000000003
2.87,2.7,8.643,1.4300000000000002
2.86,2.695,8.691,1.4255
2.85,2.69,8.594,1.4209999999999998
2.84,2.686,8.594,1.4174000000000002
2.83,2.666,8.594,1.3994
2.82,2.666,8.545,1.3994
2.81,2.656,8.398,1.3904
2.8,2.651,8.398,1.3859
2.79,2.646,8.398,1.3814000000000002
2.78,2.642,8.35,1.3778000000000001
2.77,2.637,8.301,1.3733
2.76,2.627,8.252,1.3643
2.75,2.622,8.252,1.3598
2.74,2.612,8.105,1.3508
2.73,2.612,8.154,1.3508
2.72,2.603,8.105,1.3427000000000002
2.71,2.593,8.057,1.3336999999999999
2.7,2.588,8.008,1.3292000000000002
2.69,2.583,7.959,1.3247000000000004
2.68,2.573,7.91,1.3157
2.67,2.568,7.91,1.3112
2.66,2.563,7.813,1.3067000000000002
2.65,2.554,7.764,1.2986
2.64,2.549,7.764,1.2940999999999998
2.63,2.544,7.715,1.2896
2.62,2.539,7.666,1.2851000000000004
2.61,2.534,7.666,1.2805999999999997
2.6,2.52,7.52,1.2680000000000002
2.59,2.51,7.52,1.259
2.58,2.505,7.52,1.2545000000000002
2.57,2.505,7.422,1.2545000000000002
2.56,2.49,7.373,1.241
2.55,2.49,7.373,1.241
2.54,2.476,7.324,1.2284000000000002
2.53,2.476,7.275,1.2284000000000002
2.52,2.471,7.275,1.2239
2.51,2.456,7.275,1.2104
2.5,2.456,7.178,1.2104
2.49,2.446,7.129,1.2014
2.48,2.446,7.08,1.2014
2.47,2.437,7.031,1.1932999999999998
2.46,2.427,7.031,1.1843
2.45,2.417,7.031,1.1753
2.44,2.422,6.934,1.1798000000000002
2.43,2.412,6.934,1.1707999999999998
2.42,2.407,6.836,1.1663000000000001
2.41,2.397,6.836,1.1572999999999998
2.4,2.397,6.836,1.1572999999999998
2.39,2.388,6.738,1.1492
2.38,2.363,6.738,1.1267
2.37,2.363,6.641,1.1267
2.36,2.358,6.641,1.1222000000000003
2.35,2.349,6.592,1.1141
2.34,2.349,6.543,1.1141
2.33,2.344,6.494,1.1096
2.32,2.329,6.543,1.0961000000000003
2.31,2.324,6.445,1.0916000000000001
2.3,2.319,6.396,1.0871
2.29,2.31,6.348,1.0790000000000002
2.28,2.305,6.299,1.0745
2.27,2.305,6.25,1.0745
2.26,2.295,6.299,1.0655000000000001
2.25,2.29,6.25,1.061
2.24,2.285,6.201,1.0565000000000002
2.23,2.28,6.152,1.052
2.22,2.271,6.152,1.0438999999999998
2.21,2.261,6.104,1.0349000000000004
2.2,2.251,6.055,1.0259
2.19,2.251,6.055,1.0259
2.18,2.236,6.006,1.0124000000000004
2.17,2.231,5.908,1.0078999999999998
2.16,2.222,5.859,0.9998
2.15,2.222,5.859,0.9998
2.14,2.212,5.859,0.9908000000000001
2.13,2.212,5.859,0.9908000000000001
2.12,2.207,5.762,0.9863
2.11,2.192,5.762,0.9728000000000001
2.1,2.188,5.713,0.9692000000000003
2.09,2.183,5.664,0.9646999999999999
2.08,2.173,5.615,0.9557
2.07,2.168,5.615,0.9512000000000003
2.06,2.158,5.566,0.9421999999999999
2.05,2.153,5.566,0.9377
2.04,2.144,5.518,0.9296000000000002
2.03,2.139,5.469,0.9250999999999998
2.02,2.134,5.469,0.9205999999999999
2.01,2.129,5.42,0.9161000000000001
2,2.124,5.42,0.9116000000000002
1.99,2.119,5.322,0.9071000000000002
1.98,2.109,5.322,0.8981000000000001
1.97,2.104,5.322,0.8936000000000002
1.96,2.1,5.225,0.8900000000000001
1.95,2.09,5.273,0.881
1.94,2.085,5.225,0.8765000000000001
1.93,2.07,5.225,0.863
1.92,2.07,5.127,0.863
1.91,2.061,5.127,0.8549
1.9,2.051,5.078,0.8459000000000001
1.89,2.051,5.029,0.8459000000000001
1.88,2.031,4.98,0.8279000000000001
1.87,2.036,5.029,0.8324
1.86,2.031,4.932,0.8279000000000001
1.85,2.021,4.883,0.8189
1.84,2.012,4.834,0.8108
1.83,2.007,4.834,0.8063000000000002
1.82,2.002,4.834,0.8017999999999998
1.81,1.997,4.834,0.7973000000000001
1.8,1.987,4.785,0.7883000000000002
1.79,1.978,4.736,0.7802
1.78,1.978,4.688,0.7802
1.77,1.968,4.688,0.7712000000000001
1.76,1.953,4.639,0.7577
1.75,1.948,4.59,0.7532000000000001
1.74,1.943,4.541,0.7487000000000001
1.73,1.929,4.541,0.7361
1.72,1.929,4.541,0.7361
1.71,1.924,4.443,0.7316
1.7,1.919,4.443,0.7271000000000001
1.69,1.909,4.395,0.7181
1.68,1.904,4.395,0.7136
1.67,1.899,4.395,0.7091000000000001
1.66,1.895,4.346,0.7055
1.65,1.895,4.346,0.7055
1.64,1.885,4.297,0.6965000000000001
1.63,1.875,4.297,0.6875
1.62,1.865,4.199,0.6785000000000001
1.61,1.865,4.248,0.6785000000000001
1.6,1.855,4.199,0.6695
1.59,1.841,4.102,0.6569
1.58,1.841,4.15,0.6569
1.57,1.836,4.102,0.6524000000000001
1.56,1.826,4.053,0.6434000000000002
1.55,1.821,4.004,0.6389
1.54,1.807,4.004,0.6263000000000001
1.53,1.812,3.955,0.6308
1.52,1.797,3.955,0.6173
1.51,1.792,3.906,0.6128
1.5,1.787,3.857,0.6083000000000001
1.49,1.787,3.809,0.6083000000000001
1.48,1.772,3.857,0.5948
1.47,1.763,3.857,0.5867
1.46,1.758,3.76,0.5822
1.45,1.758,3.809,0.5822
1.44,1.748,3.711,0.5731999999999999
1.43,1.743,3.711,0.5687000000000002
1.42,1.733,3.711,0.5597000000000001
1.41,1.724,3.613,0.5516000000000001
1.4,1.724,3.613,0.5516000000000001
1.39,1.714,3.613,0.5426
1.38,1.704,3.564,0.5336000000000001
1.37,1.704,3.516,0.5336000000000001
1.36,1.694,3.516,0.5246
1.35,1.685,3.516,0.5165000000000002
1.34,1.675,3.467,0.5075000000000001
1.33,1.67,3.418,0.5029999999999999
1.32,1.665,3.418,0.49850000000000017
1.31,1.655,3.369,0.48950000000000005
1.3,1.65,3.369,0.4849999999999999
1.29,1.641,3.32,0.4769000000000001
1.28,1.641,3.32,0.4769000000000001
1.27,1.626,3.271,0.46340000000000003
1.26,1.616,3.223,0.45440000000000014
1.25,1.611,3.271,0.44989999999999997
1.24,1.611,3.223,0.44989999999999997
1.23,1.602,3.174,0.4418000000000002
1.22,1.602,3.174,0.4418000000000002
1.21,1.587,3.125,0.4282999999999999
1.2,1.582,3.076,0.4238000000000002
1.19,1.577,3.125,0.4193
1.18,1.577,3.076,0.4193
1.17,1.563,3.027,0.40670000000000006
1.16,1.563,3.027,0.40670000000000006
1.15,1.553,2.979,0.39769999999999994
1.14,1.548,2.93,0.3932
1.13,1.538,2.93,0.3842000000000001
1.12,1.528,2.881,0.3752
1.11,1.523,2.881,0.37070000000000003
1.1,1.519,2.881,0.3671
1.09,1.514,2.832,0.36260000000000003
1.08,1.504,2.832,0.35360000000000014
1.07,1.499,2.783,0.3491000000000002
1.06,1.489,2.734,0.34010000000000007
1.05,1.479,2.783,0.33110000000000017
1.04,1.475,2.734,0.3275000000000001
1.03,1.475,2.686,0.3275000000000001
1.02,1.47,2.734,0.32299999999999995
1.01,1.46,2.637,0.31400000000000006
1,1.455,2.637,0.3095000000000001
0.99,1.44,2.588,0.29600000000000004
0.98,1.436,2.539,0.2924
0.97,1.431,2.588,0.28790000000000004
0.96,1.421,2.539,0.27890000000000015
0.95,1.416,2.49,0.2744
0.94,1.411,2.49,0.26990000000000003
0.93,1.396,2.49,0.25639999999999996
0.92,1.392,2.393,0.2527999999999999
0.91,1.382,2.393,0.24380000000000002
0.9,1.387,2.344,0.24829999999999997
0.89,1.382,2.393,0.24380000000000002
0.88,1.367,2.295,0.23029999999999995
0.87,1.367,2.295,0.23029999999999995
0.86,1.357,2.295,0.22130000000000005
0.85,1.353,2.295,0.2177
0.84,1.343,2.246,0.2087000000000001
0.83,1.338,2.246,0.20420000000000016
0.82,1.328,2.197,0.19520000000000004
0.81,1.323,2.148,0.1907000000000001
0.8,1.309,2.148,0.17809999999999993
0.79,1.309,2.1,0.17809999999999993
0.78,1.304,2.148,0.17359999999999998
0.77,1.294,2.051,0.16460000000000008
0.76,1.284,2.051,0.15559999999999996
0.75,1.279,2.051,0.1511
0.74,1.274,2.002,0.14660000000000006
0.73,1.27,1.953,0.14300000000000002
0.72,1.265,2.002,0.13849999999999985
0.71,1.255,1.904,0.12949999999999995
0.7,1.25,1.904,0.125
0.69,1.245,1.904,0.12050000000000005
0.68,1.24,1.855,0.1160000000000001
0.67,1.23,1.855,0.10699999999999998
0.66,1.221,1.855,0.09890000000000021
0.65,1.216,1.807,0.09440000000000004
0.64,1.211,1.807,0.08990000000000009
0.63,1.201,1.758,0.0809000000000002
0.62,1.201,1.758,0.0809000000000002
0.61,1.187,1.758,0.06830000000000003
0.6,1.187,1.709,0.06830000000000003
0.59,1.172,1.709,0.05479999999999996
0.58,1.167,1.66,0.05030000000000001
0.57,1.162,1.66,0.04580000000000006
0.56,1.157,1.611,0.041300000000000114
0.55,1.152,1.66,0.036799999999999944
0.54,1.138,1.611,0.0242
0.53,1.138,1.563,0.0242
0.52,1.128,1.563,0.01519999999999988
0.51,1.123,1.563,0.010699999999999932
0.5,1.113,1.514,0.0017000000000000348
0.49,1.108,1.465,0
0.48,1.099,1.514,0
0.47,1.094,1.465,0
0.46,1.089,1.465,0
0.45,1.084,1.416,0
0.44,1.074,1.416,0
0.43,1.074,1.367,0
0.42,1.069,1.367,0
0.41,1.06,1.318,0
0.4,1.055,1.318,0
0.39,1.05,1.318,0
0.38,1.045,1.318,0
0.37,1.04,1.27,0
0.36,1.035,1.27,0
0.35,1.025,1.221,0
0.34,1.025,1.221,0
0.33,1.011,1.221,0
0.32,1.001,1.172,0
0.31,0.991,1.123,0
0.3,0.977,1.172,0
0.29,0.977,1.074,0
0.28,0.977,1.074,0
0.27,0.972,1.074,0
0.26,0.962,1.074,0
0.25,0.952,1.025,0
0.24,0.947,1.025,0
0.23,0.942,1.025,0
0.22,0.938,0.977,0
0.21,0.928,0.977,0
0.2,0.913,0.928,0
0.19,0.918,0.928,0
0.18,0.903,0.879,0
0.17,0.898,0.879,0
0.16,0.894,0.879,0
0.15,0.884,0.879,0
0.14,0.879,0.83,0
0.13,0.879,0.781,0
0.12,0.859,0.781,0
0.11,0.864,0.781,0
0.1,0.791,0.635,0
0.09,0.791,0.586,0
0.08,0.796,0.586,0
0.07,0.791,0.586,0
0.06,0.791,0.586,0
0.05,0.791,0.586,0
0.04,0.791,0.586,0
0.03,0.791,0.586,0
0.02,0.791,0.586,0
0.01,0.791,0.537,0
0,0.791,0.537,0
0,0.791,0,0
0.01,0.796,0.049,0
0.02,0.791,0.049,0
0.03,0.791,0,0
0.04,0.786,0.049,0
0.05,0.791,0,0
0.06,0.791,0.049,0
0.07,0.791,0,0
0.08,0.791,0,0
0.09,0.791,0,0
0.1,0.791,0,0
0.11,0.791,0.049,0
0.12,0.791,0,0
0.13,0.791,0,0
0.14,0.791,0,0
0.15,0.786,0,0
0.16,0.796,0,0
0.17,0.825,0,0
0.18,0.84,0,0
0.19,0.84,0,0
0.2,0.835,0,0
0.21,0.845,0.049,0
0.22,0.859,0,0
0.23,0.864,0.049,0
0.24,0.864,0.049,0
0.25,0.874,0,0
0.26,0.874,0.049,0
0.27,0.889,0,0
0.28,0.894,0.098,0
0.29,0.898,0.049,0
0.3,0.903,0.049,0
0.31,0.908,0.098,0
0.32,0.928,0.098,0
0.33,0.928,0.098,0
0.34,0.933,0.098,0
0.35,0.942,0.098,0
0.36,0.942,0.146,0
0.37,0.957,0.146,0
0.38,0.957,0.146,0
0.39,0.967,0.146,0
0.4,0.977,0.146,0
0.41,0.977,0.195,0
0.42,0.991,0.195,0
0.43,0.991,0.195,0
0.44,1.006,0.195,0
0.45,1.011,0.244,0
0.46,1.021,0.244,0
0.47,1.016,0.244,0
0.48,1.04,0.244,0
0.49,1.035,0.293,0
0.5,1.04,0.293,0
0.51,1.055,0.244,0
0.52,1.06,0.342,0
0.53,1.055,0.293,0
0.54,1.079,0.342,0
0.55,1.084,0.342,0
0.56,1.079,0.342,0
0.57,1.089,0.391,0
0.58,1.104,0.391,0
0.59,1.104,0.391,0
0.6,1.108,0.342,0
0.61,1.118,0.439,0.006200000000000205
0.62,1.123,0.391,0.010699999999999932
0.63,1.133,0.391,0.01970000000000005
0.64,1.143,0.391,0.028699999999999948
0.65,1.143,0.439,0.028699999999999948
0.66,1.152,0.439,0.036799999999999944
0.67,1.162,0.537,0.04580000000000006
0.68,1.162,0.537,0.04580000000000006
0.69,1.177,0.488,0.05930000000000013
0.7,1.182,0.488,0.06380000000000008
0.71,1.182,0.586,0.06380000000000008
0.72,1.187,0.537,0.06830000000000003
0.73,1.191,0.537,0.07190000000000007
0.74,1.211,0.537,0.08990000000000009
0.75,1.211,0.586,0.08990000000000009
0.76,1.206,0.586,0.08539999999999992
0.77,1.226,0.586,0.10339999999999994
0.78,1.23,0.635,0.10699999999999998
0.79,1.23,0.684,0.10699999999999998
0.8,1.255,0.684,0.12949999999999995
0.81,1.25,0.684,0.125
0.82,1.255,0.684,0.12949999999999995
0.83,1.265,0.684,0.13849999999999985
0.84,1.27,0.732,0.14300000000000002
0.85,1.279,0.732,0.1511
0.86,1.284,0.732,0.15559999999999996
0.87,1.289,0.732,0.1600999999999999
0.88,1.294,0.781,0.16460000000000008
0.89,1.304,0.781,0.17359999999999998
0.9,1.309,0.83,0.17809999999999993
0.91,1.323,0.83,0.1907000000000001
0.92,1.328,0.83,0.19520000000000004
0.93,1.333,0.83,0.1997
0.94,1.348,0.879,0.21320000000000006
0.95,1.348,0.83,0.21320000000000006
0.96,1.353,0.879,0.2177
0.97,1.362,0.879,0.22580000000000022
0.98,1.372,0.928,0.23480000000000012
0.99,1.372,0.928,0.23480000000000012
1,1.382,0.928,0.24380000000000002
1.01,1.377,0.977,0.23930000000000007
1.02,1.396,0.928,0.25639999999999996
1.03,1.396,0.977,0.25639999999999996
1.04,1.411,0.977,0.26990000000000003
1.05,1.411,1.025,0.26990000000000003
1.06,1.421,1.025,0.27890000000000015
1.07,1.421,1.074,0.27890000000000015
1.08,1.431,1.074,0.28790000000000004
1.09,1.436,1.074,0.2924
1.1,1.44,1.074,0.29600000000000004
1.11,1.445,1.123,0.3005
1.12,1.46,1.123,0.31400000000000006
1.13,1.46,1.123,0.31400000000000006
1.14,1.479,1.123,0.33110000000000017
1.15,1.484,1.172,0.3356000000000001
1.16,1.484,1.221,0.3356000000000001
1.17,1.499,1.221,0.3491000000000002
1.18,1.499,1.221,0.3491000000000002
1.19,1.509,1.221,0.35809999999999986
1.2,1.519,1.221,0.3671
1.21,1.523,1.27,0.37070000000000003
1.22,1.523,1.27,0.37070000000000003
1.23,1.533,1.27,0.3796999999999999
1.24,1.548,1.318,0.3932
1.25,1.553,1.367,0.39769999999999994
1.26,1.553,1.318,0.39769999999999994
1.27,1.572,1.367,0.41480000000000006
1.28,1.567,1.416,0.4102999999999999
1.29,1.563,1.367,0.40670000000000006
1.3,1.582,1.416,0.4238000000000002
1.31,1.582,1.416,0.4238000000000002
1.32,1.587,1.465,0.4282999999999999
1.33,1.606,1.465,0.4454
1.34,1.606,1.465,0.4454
1.35,1.616,1.514,0.45440000000000014
1.36,1.621,1.563,0.4589000000000001
1.37,1.626,1.514,0.46340000000000003
1.38,1.641,1.563,0.4769000000000001
1.39,1.646,1.563,0.48140000000000005
1.4,1.65,1.611,0.4849999999999999
1.41,1.66,1.563,0.494
1.42,1.66,1.66,0.494
1.43,1.67,1.66,0.5029999999999999
1.44,1.67,1.66,0.5029999999999999
1.45,1.689,1.709,0.5201
1.46,1.689,1.709,0.5201
1.47,1.694,1.709,0.5246
1.48,1.694,1.709,0.5246
1.49,1.724,1.758,0.5516000000000001
1.5,1.729,1.758,0.5561
1.51,1.729,1.807,0.5561
1.52,1.729,1.758,0.5561
1.53,1.738,1.807,0.5642
1.54,1.743,1.855,0.5687000000000002
1.55,1.748,1.807,0.5731999999999999
1.56,1.753,1.855,0.5776999999999999
1.57,1.768,1.904,0.5912
1.58,1.772,1.904,0.5948
1.59,1.782,1.953,0.6038000000000001
1.6,1.782,1.904,0.6038000000000001
1.61,1.797,2.002,0.6173
1.62,1.797,2.002,0.6173
1.63,1.802,1.953,0.6218000000000001
1.64,1.812,2.051,0.6308
1.65,1.816,2.1,0.6344000000000001
1.66,1.836,2.1,0.6524000000000001
1.67,1.836,2.1,0.6524000000000001
1.68,1.831,2.1,0.6478999999999999
1.69,1.846,2.1,0.6614000000000002
1.7,1.846,2.148,0.6614000000000002
1.71,1.855,2.148,0.6695
1.72,1.86,2.197,0.6740000000000002
1.73,1.88,2.197,0.692
1.74,1.875,2.246,0.6875
1.75,1.88,2.246,0.692
1.76,1.899,2.295,0.7091000000000001
1.77,1.904,2.246,0.7136
1.78,1.904,2.344,0.7136
1.79,1.914,2.344,0.7225999999999999
1.8,1.914,2.344,0.7225999999999999
1.81,1.938,2.393,0.7442
1.82,1.938,2.441,0.7442
1.83,1.938,2.393,0.7442
1.84,1.948,2.441,0.7532000000000001
1.85,1.948,2.441,0.7532000000000001
1.86,1.968,2.49,0.7712000000000001
1.87,1.963,2.441,0.7667000000000002
1.88,1.982,2.539,0.7838
1.89,1.987,2.588,0.7883000000000002
1.9,1.973,2.539,0.7757000000000001
1.91,1.992,2.588,0.7928
1.92,1.992,2.539,0.7928
1.93,2.007,2.637,0.8063000000000002
1.94,2.007,2.637,0.8063000000000002
1.95,2.017,2.734,0.8152999999999999
1.96,2.021,2.686,0.8189
1.97,2.036,2.734,0.8324
1.98,2.036,2.734,0.8324
1.99,2.056,2.783,0.8504
2,2.051,2.783,0.8459000000000001
2.01,2.07,2.783,0.863
2.02,2.065,2.832,0.8585
2.03,2.08,2.881,0.8720000000000001
2.04,2.085,2.881,0.8765000000000001
2.05,2.09,2.93,0.881
2.06,2.1,2.93,0.8900000000000001
2.07,2.095,2.979,0.8855000000000002
2.08,2.104,2.979,0.8936000000000002
2.09,2.109,2.93,0.8981000000000001
2.1,2.129,3.027,0.9161000000000001
2.11,2.129,3.027,0.9161000000000001
2.12,2.129,3.076,0.9161000000000001
2.13,2.153,3.125,0.9377
2.14,2.148,3.174,0.9332000000000003
2.15,2.148,3.076,0.9332000000000003
2.16,2.158,3.174,0.9421999999999999
2.17,2.163,3.174,0.9466999999999999
2.18,2.168,3.174,0.9512000000000003
2.19,2.183,3.223,0.9646999999999999
2.2,2.192,3.223,0.9728000000000001
2.21,2.192,3.32,0.9728000000000001
2.22,2.212,3.32,0.9908000000000001
2.23,2.212,3.271,0.9908000000000001
2.24,2.212,3.32,0.9908000000000001
2.25,2.227,3.369,1.0042999999999997
2.26,2.222,3.369,0.9998
2.27,2.231,3.418,1.0078999999999998
2.28,2.246,3.418,1.0213999999999999
2.29,2.246,3.467,1.0213999999999999
2.3,2.251,3.467,1.0259
2.31,2.271,3.516,1.0438999999999998
2.32,2.266,3.516,1.0394
2.33,2.271,3.516,1.0438999999999998
2.34,2.285,3.564,1.0565000000000002
2.35,2.285,3.564,1.0565000000000002
2.36,2.295,3.662,1.0655000000000001
2.37,2.295,3.662,1.0655000000000001
2.38,2.31,3.662,1.0790000000000002
2.39,2.314,3.662,1.0826000000000002
2.4,2.329,3.711,1.0961000000000003
2.41,2.329,3.76,1.0961000000000003
2.42,2.339,3.76,1.1051000000000002
2.43,2.334,3.76,1.1006
2.44,2.358,3.857,1.1222000000000003
2.45,2.358,3.857,1.1222000000000003
2.46,2.358,3.906,1.1222000000000003
2.47,2.368,3.955,1.1311999999999998
2.48,2.368,3.906,1.1311999999999998
2.49,2.383,3.955,1.1447000000000003
2.5,2.388,3.955,1.1492
2.51,2.397,4.053,1.1572999999999998
2.52,2.412,4.053,1.1707999999999998
2.53,2.407,4.053,1.1663000000000001
2.54,2.417,4.053,1.1753
2.55,2.427,4.102,1.1843
2.56,2.422,4.102,1.1798000000000002
2.57,2.446,4.199,1.2014
2.58,2.441,4.199,1.1968999999999999
2.59,2.441,4.199,1.1968999999999999
2.6,2.461,4.248,1.2149
2.61,2.461,4.248,1.2149
2.62,2.471,4.346,1.2239
2.63,2.476,4.346,1.2284000000000002
2.64,2.49,4.395,1.241
2.65,2.49,4.395,1.241
2.66,2.5,4.443,1.25
2.67,2.505,4.443,1.2545000000000002
2.68,2.515,4.443,1.2635
2.69,2.515,4.492,1.2635
2.7,2.524,4.541,1.2716000000000003
2.71,2.529,4.59,1.2761
2.72,2.539,4.59,1.2851000000000004
2.73,2.549,4.59,1.2940999999999998
2.74,2.549,4.59,1.2940999999999998
2.75,2.554,4.688,1.2986
2.76,2.559,4.688,1.3031000000000001
2.77,2.573,4.736,1.3157
2.78,2.573,4.736,1.3157
2.79,2.578,4.736,1.3201999999999998
2.8,2.588,4.834,1.3292000000000002
2.81,2.593,4.834,1.3336999999999999
2.82,2.612,4.883,1.3508
2.83,2.603,4.883,1.3427000000000002
2.84,2.617,4.932,1.3553000000000002
2.85,2.632,4.98,1.3688000000000002
2.86,2.627,4.98,1.3643
2.87,2.632,5.029,1.3688000000000002
2.88,2.637,5.029,1.3733
2.89,2.646,5.078,1.3814000000000002
2.9,2.656,5.078,1.3904
2.91,2.661,5.176,1.3949000000000003
2.92,2.666,5.127,1.3994
2.93,2.681,5.176,1.4129
2.94,2.681,5.225,1.4129
2.95,2.7,5.322,1.4300000000000002
2.96,2.695,5.322,1.4255
2.97,2.695,5.322,1.4255
2.98,2.725,5.42,1.4525000000000001
2.99,2.725,5.42,1.4525000000000001
3,2.72,5.42,1.4480000000000004
3.01,2.729,5.469,1.4561000000000002
3.02,2.739,5.42,1.4651
3.03,2.749,5.518,1.4741
3.04,2.749,5.566,1.4741
3.05,2.759,5.566,1.4830999999999999
3.06,2.769,5.615,1.4921000000000002
3.07,2.769,5.615,1.4921000000000002
3.08,2.773,5.664,1.4957000000000003
3.09,2.783,5.664,1.5047000000000001
3.1,2.803,5.762,1.5227
3.11,2.803,5.762,1.5227
3.12,2.803,5.811,1.5227
3.13,2.813,5.859,1.5317000000000003
3.14,2.822,5.908,1.5398
3.15,2.827,5.859,1.5443000000000002
3.16,2.827,5.908,1.5443000000000002
3.17,2.842,6.006,1.5578000000000003
3.18,2.847,6.006,1.5623
3.19,2.847,6.006,1.5623
3.2,2.856,6.055,1.5703999999999998
3.21,2.856,6.055,1.5703999999999998
3.22,2.881,6.152,1.5928999999999998
3.23,2.881,6.152,1.5928999999999998
3.24,2.886,6.201,1.5974000000000004
3.25,2.891,6.25,1.6019
3.26,2.905,6.299,1.6145
3.27,2.91,6.299,1.6190000000000002
3.28,2.905,6.348,1.6145
3.29,2.92,6.396,1.6280000000000001
3.3,2.925,6.445,1.6324999999999998
3.31,2.944,6.445,1.6496
3.32,2.939,6.494,1.6451000000000002
3.33,2.939,6.494,1.6451000000000002
3.34,2.949,6.543,1.6541000000000001
3.35,2.959,6.592,1.6631
3.36,2.964,6.592,1.6676000000000002
3.37,2.969,6.689,1.6721
3.38,2.988,6.689,1.6892
3.39,2.979,6.787,1.6811000000000003
3.4,2.993,6.787,1.6936999999999998
3.41,2.998,6.787,1.6982000000000004
3.42,3.003,6.787,1.7027
3.43,3.008,6.885,1.7072000000000003
3.44,3.032,6.982,1.7288000000000001
3.45,3.032,7.031,1.7288000000000001
3.46,3.027,6.982,1.7243000000000004
3.47,3.042,7.031,1.7378
3.48,3.042,7.08,1.7378
3.49,3.057,7.129,1.7513
3.5,3.057,7.129,1.7513
3.51,3.066,7.178,1.7593999999999999
3.52,3.076,7.227,1.7684000000000002
3.53,3.076,7.275,1.7684000000000002
3.54,3.091,7.324,1.7819000000000003
3.55,3.086,7.324,1.7774
3.56,3.105,7.422,1.7945000000000002
3.57,3.101,7.422,1.7909000000000002
3.58,3.115,7.471,1.8035
3.59,3.115,7.471,1.8035
3.6,3.135,7.471,1.8215
3.61,3.13,7.52,1.8170000000000002
3.62,3.14,7.568,1.826
3.63,3.145,7.617,1.8305000000000002
3.64,3.154,7.715,1.8386
3.65,3.164,7.715,1.8476000000000004
3.66,3.159,7.715,1.8430999999999997
3.67,3.179,7.764,1.8611
3.68,3.179,7.813,1.8611
3.69,3.193,7.861,1.8737
3.7,3.193,7.91,1.8737
3.71,3.203,7.959,1.8826999999999998
3.72,3.203,7.959,1.8826999999999998
3.73,3.232,8.057,1.9088000000000003
3.74,3.232,8.105,1.9088000000000003
3.75,3.228,8.105,1.9052000000000002
3.76,3.228,8.154,1.9052000000000002
3.77,3.252,8.154,1.9268
3.78,3.252,8.203,1.9268
3.79,3.257,8.252,1.9313000000000002
3.8,3.262,8.301,1.9358
3.81,3.262,8.301,1.9358
3.82,3.276,8.398,1.9484
3.83,3.281,8.447,1.9529
3.84,3.286,8.447,1.9574000000000003
3.85,3.291,8.447,1.9619
3.86,3.311,8.545,1.9799000000000002
3.87,3.315,8.545,1.9834999999999998
3.88,3.315,8.594,1.9834999999999998
3.89,3.33,8.691,1.9970000000000003
3.9,3.325,8.74,1.9925000000000002
3.91,3.34,8.789,2.006
3.92,3.345,8.838,2.0105000000000004
3.93,3.354,8.838,2.0186
3.94,3.364,8.887,2.0276
3.95,3.364,8.984,2.0276
3.96,3.364,8.936,2.0276
3.97,3.369,8.984,2.0321000000000002
3.98,3.379,9.082,2.0411
3.99,3.384,9.131,2.0456
4,3.403,9.18,2.0627
4.01,3.398,9.229,2.0582000000000003
4.02,3.413,9.277,2.0717
4.03,3.413,9.326,2.0717
4.04,3.428,9.375,2.0852
4.05,3.433,9.424,2.0897
4.06,3.442,9.424,2.0978000000000003
4.07,3.447,9.473,2.1023
4.08,3.462,9.521,2.1158
4.09,3.457,9.521,2.1113
4.1,3.467,9.57,2.1203000000000003
4.11,3.467,9.668,2.1203000000000003
4.12,3.477,9.717,2.1292999999999997
4.13,3.486,9.717,2.1374000000000004
4.14,3.486,9.766,2.1374000000000004
4.15,3.491,9.766,2.1419
4.16,3.501,9.814,2.1509
4.17,3.511,9.912,2.1599000000000004
4.18,3.511,9.912,2.1599000000000004
4.19,3.53,10.01,2.177
4.2,3.53,10.01,2.177
4.21,3.53,10.059,2.177
4.22,3.545,10.156,2.1905
4.23,3.55,10.205,2.195
4.24,3.555,10.205,2.1995
4.25,3.564,10.254,2.2076000000000002
4.26,3.569,10.303,2.2121
4.27,3.569,10.4,2.2121
4.28,3.589,10.498,2.2301
4.29,3.589,10.498,2.2301
4.3,3.594,10.498,2.2346
4.31,3.613,10.645,2.2517
4.32,3.613,10.645,2.2517
4.33,3.613,10.645,2.2517
4.34,3.623,10.693,2.2607000000000004
4.35,3.623,10.791,2.2607000000000004
4.36,3.643,10.84,2.2786999999999997
4.37,3.638,10.84,2.2742
4.38,3.652,10.938,2.2868000000000004
4.39,3.657,10.938,2.2913
4.4,3.667,11.035,2.3003
4.41,3.662,11.035,2.2958
4.42,3.682,11.084,2.3138
4.43,3.682,11.133,2.3138
4.44,3.682,11.23,2.3138
4.45,3.687,11.23,2.3183
4.46,3.701,11.279,2.3309
4.47,3.706,11.328,2.3354
4.48,3.726,11.475,2.3534
4.49,3.721,11.523,2.3489
4.5,3.721,11.475,2.3489
4.51,3.745,11.572,2.3705000000000003
4.52,3.745,11.67,2.3705000000000003
4.53,3.74,11.621,2.366
4.54,3.755,11.768,2.3795
4.55,3.76,11.768,2.384
4.56,3.779,11.865,2.4011
4.57,3.784,11.914,2.4055999999999997
4.58,3.779,11.914,2.4011
4.59,3.789,12.012,2.4101000000000004
4.6,3.799,12.012,2.4191
4.61,3.799,12.061,2.4191
4.62,3.809,12.158,2.4281
4.63,3.818,12.207,2.4362
4.64,3.823,12.256,2.4407
4.65,3.823,12.256,2.4407
4.66,3.838,12.354,2.4542
4.67,3.838,12.354,2.4542
4.68,3.853,12.451,2.4677000000000002
4.69,3.848,12.5,2.4632
4.7,3.867,12.549,2.4803
4.71,3.867,12.598,2.4803
4.72,3.877,12.646,2.4893
4.73,3.877,12.646,2.4893
4.74,3.896,12.793,2.5064
4.75,3.896,12.842,2.5064
4.76,3.901,12.842,2.5109
4.77,3.906,12.939,2.5154
4.78,3.906,12.988,2.5154
4.79,3.926,13.086,2.5334000000000003
4.8,3.921,13.086,2.5288999999999997
4.81,3.931,13.086,2.5379
4.82,3.945,13.184,2.5505
4.83,3.945,13.232,2.5505
4.84,3.955,13.33,2.5595000000000003
4.85,3.96,13.33,2.564
4.86,3.97,13.428,2.5730000000000004
4.87,3.975,13.477,2.5775
4.88,3.979,13.477,2.5811
4.89,3.984,13.574,2.5856
4.9,4.004,13.721,2.6035999999999997
4.91,4.004,13.721,2.6035999999999997
4.92,4.004,13.721,2.6035999999999997
4.93,4.023,13.818,2.6207
4.94,4.028,13.916,2.6251999999999995
4.95,4.028,13.965,2.6251999999999995
4.96,4.033,13.965,2.6297000000000006
4.97,4.043,14.014,2.6387
4.98,4.038,14.014,2.6342000000000003
4.99,4.058,14.16,2.6522
5,4.053,14.209,2.6477
5.01,4.067,14.209,2.6603000000000003
5.02,4.072,14.307,2.6648
5.03,4.082,14.355,2.6738
5.04,4.092,14.453,2.6828
5.05,4.087,14.453,2.6782999999999997
5.06,4.106,14.6,2.6954
5.07,4.111,14.6,2.6999
5.08,4.116,14.697,2.7043999999999997
5.09,4.121,14.746,2.7089000000000003
5.1,4.131,14.795,2.7179
5.11,4.126,14.795,2.7134000000000005
5.12,4.146,14.893,2.7314
5.13,4.136,14.893,2.7224000000000004
5.14,4.155,14.99,2.7395000000000005
5.15,4.16,15.088,2.744
5.16,4.175,15.186,2.7575
5.17,4.17,15.186,2.753
5.18,4.189,15.283,2.7701000000000002
5.19,4.194,15.332,2.7746
5.2,4.194,15.381,2.7746
5.21,4.204,15.43,2.7836
5.22,4.204,15.479,2.7836
5.23,4.219,15.576,2.7971000000000004
5.24,4.224,15.625,2.8016
5.25,4.233,15.723,2.8097
5.26,4.238,15.771,2.8142000000000005
5.27,4.238,15.771,2.8142000000000005
5.28,4.248,15.82,2.8232000000000004
5.29,4.258,15.918,2.8322000000000003
5.3,4.268,16.016,2.8411999999999997
5.31,4.268,16.064,2.8411999999999997
5.32,4.272,16.064,2.8448
5.33,4.282,16.211,2.8538
5.34,4.297,16.26,2.8672999999999997
5.35,4.297,16.26,2.8672999999999997
5.36,4.297,16.357,2.8672999999999997
5.37,4.312,16.357,2.8808000000000002
5.38,4.316,16.455,2.8844
5.39,4.321,16.455,2.8889
5.4,4.341,16.602,2.9069000000000003
5.41,4.341,16.699,2.9069000000000003
5.42,4.341,16.699,2.9069000000000003
5.43,4.351,16.748,2.9159
5.44,4.355,16.797,2.9195000000000007
5.45,4.37,16.895,2.9330000000000003
5.46,4.365,16.943,2.9285
5.47,4.375,17.041,2.9375
5.48,4.375,17.041,2.9375
5.49,4.395,17.139,2.9555
5.5,4.395,17.188,2.9555
5.51,4.399,17.285,2.9591000000000003
5.52,4.409,17.285,2.9680999999999997
5.53,4.429,17.48,2.9861000000000004
5.54,4.429,17.48,2.9861000000000004
5.55,4.424,17.529,2.9816000000000003
5.56,4.443,17.627,2.9987
5.57,4.443,17.676,2.9987
5.58,4.458,17.725,3.0122
5.59,4.453,17.773,3.0077000000000007
5.6,4.478,17.871,3.0302
5.61,4.478,17.871,3.0302
5.62,4.478,17.969,3.0302
5.63,4.482,17.969,3.0338000000000003
5.64,4.492,18.066,3.0427999999999997
5.65,4.492,18.066,3.0427999999999997
5.66,4.512,18.213,3.0607999999999995
5.67,4.517,18.311,3.0653000000000006
5.68,4.517,18.311,3.0653000000000006
5.69,4.526,18.408,3.0734000000000004
5.7,4.531,18.457,3.0778999999999996
5.71,4.531,18.506,3.0778999999999996
5.72,4.546,18.555,3.0914
5.73,4.561,18.652,3.1048999999999998
5.74,4.561,18.701,3.1048999999999998
5.75,4.565,18.799,3.1085000000000003
5.76,4.575,18.799,3.1175000000000006
5.77,4.58,18.945,3.122
5.78,4.585,18.994,3.1265
5.79,4.6,18.994,3.1399999999999997
5.8,4.595,19.043,3.1354999999999995
5.81,4.604,19.092,3.1436
5.82,4.604,19.189,3.1436
5.83,4.629,19.287,3.1661
5.84,4.629,19.385,3.1661
5.85,4.629,19.385,3.1661
5.86,4.639,19.434,3.1751000000000005
5.87,4.639,19.482,3.1751000000000005
5.88,4.653,19.531,3.1876999999999995
5.89,4.658,19.629,3.1922000000000006
5.9,4.668,19.678,3.2012
5.91,4.663,19.727,3.1967000000000008
5.92,4.688,19.873,3.2192
5.93,4.688,19.873,3.2192
5.94,4.688,19.922,3.2192
5.95,4.697,20.02,3.2273000000000005
5.96,4.707,20.117,3.2363
5.97,4.707,20.117,3.2363
5.98,4.727,20.264,3.2543000000000006
5.99,4.722,20.313,3.2498000000000005
6,4.736,20.361,3.2623999999999995
6.01,4.751,20.508,3.2759
6.02,4.746,20.508,3.2714000000000008
6.03,4.746,20.557,3.2714000000000008
6.04,4.766,20.654,3.2894000000000005
6.05,4.771,20.752,3.2939
6.06,4.766,20.703,3.2894000000000005
6.07,4.775,20.801,3.2975000000000003
6.08,4.785,20.85,3.3065000000000007
6.09,4.79,20.947,3.311
6.1,4.795,20.947,3.3155
6.11,4.814,21.045,3.3326000000000002
6.12,4.81,21.143,3.3289999999999997
6.13,4.819,21.143,3.3371000000000004
6.14,4.819,21.24,3.3371000000000004
6.15,4.839,21.387,3.3551
6.16,4.844,21.436,3.3596000000000004
6.17,4.849,21.484,3.3641000000000005
6.18,4.854,21.484,3.3686
6.19,4.863,21.582,3.3767000000000005
6.2,4.863,21.582,3.3767000000000005
6.21,4.873,21.777,3.3857
6.22,4.878,21.777,3.3902
6.23,4.888,21.826,3.3992000000000004
6.24,4.888,21.924,3.3992000000000004
6.25,4.912,22.021,3.4208
6.26,4.907,22.021,3.4163000000000006
6.27,4.917,22.07,3.4253
6.28,4.917,22.119,3.4253
6.29,4.922,22.217,3.4298
6.3,4.927,22.217,3.4342999999999995
6.31,4.941,22.363,3.4469000000000003
6.32,4.941,22.363,3.4469000000000003
6.33,4.956,22.461,3.460400000000001
6.34,4.956,22.461,3.460400000000001
6.35,4.976,22.607,3.4783999999999997
6.36,4.971,22.607,3.4739000000000004
6.37,4.976,22.705,3.4783999999999997
6.38,4.985,22.754,3.4865000000000004
6.39,5,22.852,3.5
6.4,5.005,22.9,3.5045
6.41,5.005,22.998,3.5045
6.42,5.005,22.998,3.5045
6.43,5.024,23.047,3.5216000000000003
6.44,5.015,23.096,3.5134999999999996
6.45,5.034,23.193,3.5305999999999997
6.46,5.034,23.242,3.5305999999999997
6.47,5.049,23.291,3.5441000000000003
6.48,5.049,23.389,3.5441000000000003
6.49,5.063,23.438,3.5567
6.5,5.063,23.486,3.5567
6.51,5.063,23.535,3.5567
6.52,5.073,23.584,3.5657000000000005
6.53,5.083,23.682,3.5747
6.54,5.098,23.779,3.5881999999999996
6.55,5.098,23.779,3.5881999999999996
6.56,5.107,23.877,3.5963000000000003
6.57,5.117,23.926,3.6052999999999997
6.58,5.117,23.975,3.6052999999999997
6.59,5.122,24.072,3.6098
6.6,5.137,24.121,3.6232999999999995
6.61,5.146,24.17,3.6314
6.62,5.142,24.17,3.6278000000000006
6.63,5.166,24.268,3.649400000000001
6.64,5.166,24.365,3.649400000000001
6.65,5.161,24.414,3.6449
6.66,5.176,24.463,3.6584000000000003
6.67,5.186,24.561,3.6673999999999998
6.68,5.19,24.561,3.6710000000000003
6.69,5.2,24.658,3.6800000000000006
6.7,5.2,24.707,3.6800000000000006
6.71,5.21,24.805,3.689
6.72,5.21,24.805,3.689
6.73,5.225,24.951,3.7024999999999997
6.74,5.225,24.951,3.7024999999999997
6.75,5.225,25,3.7024999999999997
6.76,5.249,25.098,3.7241
6.77,5.239,25.146,3.7150999999999996
6.78,5.264,25.195,3.7376000000000005
6.79,5.259,25.244,3.7331000000000003
6.8,5.269,25.293,3.7421000000000006
6.81,5.269,25.391,3.7421000000000006
6.82,5.278,25.439,3.7501999999999995
6.83,5.283,25.439,3.7547000000000006
6.84,5.308,25.586,3.7771999999999997
6.85,5.308,25.635,3.7771999999999997
6.86,5.303,25.635,3.7727000000000004
6.87,5.313,25.684,3.7817
6.88,5.317,25.732,3.7853000000000003
6.89,5.332,25.83,3.7988
6.9,5.332,25.83,3.7988
6.91,5.342,25.928,3.8077999999999994
6.92,5.342,25.977,3.8077999999999994
6.93,5.356,26.074,3.8204000000000002
6.94,5.361,26.123,3.8248999999999995
6.95,5.366,26.123,3.8293999999999997
6.96,5.376,26.221,3.8384
6.97,5.371,26.221,3.8339000000000008
6.98,5.396,26.367,3.8564
6.99,5.4,26.416,3.8600000000000003
7,5.396,26.465,3.8564
7.01,5.41,26.563,3.8690000000000007
7.02,5.405,26.563,3.8645000000000005
7.03,5.425,26.66,3.8825000000000003
7.04,5.43,26.709,3.8869999999999996
7.05,5.43,26.758,3.8869999999999996
7.06,5.439,26.807,3.8951000000000002
7.07,5.449,26.855,3.9040999999999997
7.08,5.449,26.904,3.9040999999999997
7.09,5.469,27.002,3.9221000000000004
7.1,5.469,27.1,3.9221000000000004
7.11,5.469,27.1,3.9221000000000004
7.12,5.474,27.1,3.9266000000000005
7.13,5.488,27.197,3.9392000000000005
7.14,5.488,27.197,3.9392000000000005
7.15,5.498,27.295,3.9482
7.16,5.498,27.295,3.9482
7.17,5.522,27.393,3.9698
7.18,5.518,27.49,3.9661999999999997
7.19,5.527,27.49,3.9743000000000004
7.2,5.537,27.539,3.9833
7.21,5.537,27.588,3.9833
7.22,5.547,27.637,3.9923
7.23,5.552,27.686,3.9967999999999995
7.24,5.562,27.783,4.005800000000001
7.25,5.566,27.881,4.0094
7.26,5.571,27.93,4.0139
7.27,5.576,27.979,4.0184
7.28,5.581,28.027,4.022900000000001
7.29,5.586,28.027,4.0274
7.3,5.601,28.125,4.0409
7.31,5.605,28.174,4.0445
7.32,5.615,28.271,4.0535000000000005
7.33,5.62,28.271,4.058
7.34,5.635,28.32,4.0715
7.35,5.625,28.369,4.0625
7.36,5.64,28.418,4.076
7.37,5.64,28.467,4.076
7.38,5.654,28.613,4.0886000000000005
7.39,5.659,28.613,4.0931
7.4,5.669,28.711,4.1021
7.41,5.674,28.711,4.1066
7.42,5.684,28.809,4.115600000000001
7.43,5.684,28.809,4.115600000000001
7.44,5.698,28.906,4.1282000000000005
7.45,5.698,28.906,4.1282000000000005
7.46,5.713,29.004,4.1417
7.47,5.713,29.004,4.1417
7.48,5.723,29.102,4.1507
7.49,5.728,29.102,4.1552
7.5,5.732,29.199,4.1588
7.51,5.742,29.248,4.1678
7.52,5.747,29.248,4.1723
7.53,5.747,29.297,4.1723
7.54,5.762,29.346,4.1857999999999995
7.55,5.767,29.443,4.190300000000001
7.56,5.776,29.443,4.1984
7.57,5.776,29.492,4.1984
7.58,5.786,29.639,4.2074
7.59,5.786,29.688,4.2074
7.6,5.801,29.736,4.2209
7.61,5.801,29.736,4.2209
7.62,5.82,29.834,4.238
7.63,5.82,29.883,4.238
7.64,5.835,29.883,4.2515
7.65,5.825,29.98,4.242500000000001
7.66,5.85,30.029,4.265
7.67,5.85,30.078,4.265
7.68,5.85,30.078,4.265
7.69,5.854,30.127,4.2686
7.7,5.874,30.176,4.2866
7.71,5.874,30.273,4.2866
7.72,5.879,30.322,4.2911
7.73,5.884,30.371,4.2956
7.74,5.898,30.42,4.3082
7.75,5.903,30.469,4.3126999999999995
7.76,5.918,30.518,4.3262
7.77,5.908,30.518,4.317200000000001
7.78,5.923,30.615,4.3307
7.79,5.923,30.615,4.3307
7.8,5.933,30.713,4.3397
7.81,5.942,30.762,4.3478
7.82,5.952,30.713,4.3568
7.83,5.947,30.811,4.3523000000000005
7.84,5.962,30.908,4.3658
7.85,5.957,30.908,4.3613
7.86,5.972,30.957,4.3748000000000005
7.87,5.977,31.006,4.379300000000001
7.88,5.981,31.006,4.3829
7.89,5.991,31.055,4.3919
7.9,5.996,31.152,4.396400000000001
7.91,6.006,31.201,4.4054
7.92,6.001,31.201,4.4009
7.93,6.025,31.25,4.4225
7.94,6.021,31.299,4.4189
7.95,6.03,31.348,4.4270000000000005
7.96,6.04,31.396,4.436
7.97,6.05,31.445,4.445
7.98,6.045,31.494,4.4405
7.99,6.06,31.543,4.454
8,6.06,31.592,4.454
8.01,6.074,31.641,4.4666
8.02,6.074,31.641,4.4666
8.03,6.089,31.689,4.4801
8.04,6.089,31.836,4.4801
8.05,6.099,31.836,4.4891000000000005
8.06,6.099,31.836,4.4891000000000005
8.07,6.118,31.934,4.506200000000001
8.08,6.113,31.934,4.5017000000000005
8.09,6.133,32.08,4.5197
8.1,6.128,32.08,4.5152
8.11,6.143,32.129,4.5287
8.12,6.143,32.129,4.5287
8.13,6.152,32.227,4.5368
8.14,6.157,32.275,4.541300000000001
8.15,6.162,32.275,4.5458
8.16,6.162,32.275,4.5458
8.17,6.177,32.373,4.5592999999999995
8.18,6.187,32.422,4.568300000000001
8.19,6.187,32.422,4.568300000000001
8.2,6.196,32.471,4.5764
8.21,6.206,32.471,4.585400000000001
8.22,6.206,32.568,4.585400000000001
8.23,6.221,32.617,4.5989
8.24,6.226,32.715,4.6034
8.25,6.235,32.764,4.6115
8.26,6.23,32.764,4.607
8.27,6.25,32.764,4.625
8.28,6.25,32.813,4.625
8.29,6.26,32.861,4.634
8.3,6.265,32.959,4.6385
8.31,6.27,33.057,4.643
8.32,6.279,33.008,4.6511000000000005
8.33,6.279,33.057,4.6511000000000005
8.34,6.289,33.057,4.6601
8.35,6.289,33.105,4.6601
8.36,6.309,33.154,4.678100000000001
8.37,6.313,33.203,4.6817
8.38,6.313,33.252,4.6817
8.39,6.323,33.301,4.6907000000000005
8.4,6.333,33.252,4.6997
8.41,6.338,33.398,4.7042
8.42,6.338,33.35,4.7042
8.43,6.353,33.447,4.7177
8.44,6.353,33.447,4.7177
8.45,6.372,33.496,4.7348
8.46,6.372,33.643,4.7348
8.47,6.382,33.643,4.7438
8.48,6.382,33.643,4.7438
8.49,6.387,33.691,4.7482999999999995
8.5,6.392,33.691,4.752800000000001
8.51,6.396,33.789,4.7564
8.52,6.411,33.838,4.7699
8.53,6.416,33.838,4.774400000000001
8.54,6.421,33.887,4.7789
8.55,6.431,33.936,4.7879000000000005
8.56,6.431,33.936,4.7879000000000005
8.57,6.445,34.033,4.8005
8.58,6.445,34.033,4.8005
8.59,6.455,34.131,4.8095
8.6,6.46,34.131,4.814
8.61,6.465,34.18,4.8185
8.62,6.47,34.229,4.8229999999999995
8.63,6.475,34.277,4.8275
8.64,6.479,34.277,4.8311
8.65,6.494,34.326,4.8446
8.66,6.499,34.375,4.8491
8.67,6.509,34.424,4.8581
8.68,6.509,34.473,4.8581
8.69,6.519,34.473,4.867100000000001
8.7,6.528,34.521,4.8751999999999995
8.71,6.538,34.57,4.884200000000001
8.72,6.548,34.57,4.8932
8.73,6.548,34.668,4.8932
8.74,6.553,34.668,4.8977
8.75,6.563,34.717,4.9067
8.76,6.567,34.766,4.9103
8.77,6.572,34.766,4.9148000000000005
8.78,6.577,34.814,4.9193
8.79,6.587,34.863,4.9283
8.8,6.592,34.912,4.932799999999999
8.81,6.602,34.912,4.941800000000001
8.82,6.606,34.961,4.9454
8.83,6.606,35.01,4.9454
8.84,6.616,35.01,4.9544
8.85,6.626,35.059,4.9634
8.86,6.631,35.107,4.9679
8.87,6.641,35.205,4.9769000000000005
8.88,6.65,35.205,4.985
8.89,6.66,35.254,4.994000000000001
8.9,6.665,35.303,4.9985
8.91,6.67,35.352,5.003
8.92,6.675,35.352,5.0075
8.93,6.675,35.4,5.0075
8.94,6.68,35.4,5.012
8.95,6.689,35.449,5.0201
8.96,6.699,35.498,5.0291
8.97,6.704,35.547,5.0336
8.98,6.714,35.596,5.0426
8.99,6.724,35.596,5.0516000000000005
9,6.719,35.645,5.0471
9.01,6.729,35.693,5.0561
9.02,6.738,35.645,5.0642000000000005
9.03,6.738,35.791,5.0642000000000005
9.04,6.753,35.791,5.0777
9.05,6.763,35.84,5.0867000000000004
9.06,6.763,35.84,5.0867000000000004
9.07,6.768,35.938,5.0912
9.08,6.772,35.986,5.0948
9.09,6.782,35.938,5.103800000000001
9.1,6.787,35.986,5.1083
9.11,6.787,35.986,5.1083
9.12,6.792,36.084,5.1128
9.13,6.792,36.084,5.1128
9.14,6.792,36.035,5.1128
9.15,6.792,36.035,5.1128
9.16,6.792,36.035,5.1128
9.17,6.792,36.084,5.1128
9.18,6.792,36.084,5.1128
9.19,6.787,36.133,5.1083
9.2,6.787,36.084,5.1083
9.21,6.782,36.133,5.103800000000001
9.22,6.782,36.133,5.103800000000001
9.23,6.787,36.133,5.1083
9.24,6.792,36.133,5.1128
9.25,6.787,36.182,5.1083
9.26,6.782,36.133,5.103800000000001
9.27,6.787,36.133,5.1083
9.28,6.787,36.133,5.1083
9.29,6.787,36.182,5.1083
9.3,6.787,36.182,5.1083
9.31,6.787,36.182,5.1083
9.32,6.782,36.182,5.103800000000001
9.33,6.787,36.182,5.1083
9.34,6.782,36.182,5.103800000000001
9.35,6.782,36.23,5.103800000000001
9.36,6.782,36.182,5.103800000000001
9.37,6.782,36.23,5.103800000000001
9.38,6.777,36.182,5.0993
9.39,6.777,36.23,5.0993
9.4,6.782,36.23,5.103800000000001
9.41,6.777,36.23,5.0993
9.42,6.782,36.23,5.103800000000001
9.43,6.777,36.23,5.0993
9.44,6.777,36.279,5.0993
9.45,6.782,36.23,5.103800000000001
9.46,6.787,36.23,5.1083
9.47,6.777,36.279,5.0993
9.48,6.777,36.23,5.0993
9.49,6.777,36.279,5.0993
9.5,6.772,36.279,5.0948
9.51,6.777,36.279,5.0993
9.52,6.777,36.279,5.0993
9.53,6.772,36.279,5.0948
9.54,6.777,36.279,5.0993
9.55,6.777,36.279,5.0993
9.56,6.777,36.328,5.0993
9.57,6.777,36.279,5.0993
9.58,6.777,36.279,5.0993
9.59,6.772,36.328,5.0948
9.6,6.777,36.279,5.0993
9.61,6.772,36.328,5.0948
9.62,6.772,36.328,5.0948
9.63,6.777,36.279,5.0993
9.64,6.772,36.279,5.0948
9.65,6.772,36.279,5.0948
9.66,6.768,36.328,5.0912
9.67,6.768,36.328,5.0912
9.68,6.768,36.328,5.0912
9.69,6.768,36.377,5.0912
9.7,6.772,36.328,5.0948
9.71,6.768,36.328,5.0912
9.72,6.772,36.279,5.0948
9.73,6.772,36.328,5.0948
9.74,6.768,36.328,5.0912
9.75,6.772,36.328,5.0948
9.76,6.772,36.328,5.0948
9.77,6.768,36.377,5.0912
9.78,6.772,36.328,5.0948
9.79,6.768,36.377,5.0912
9.8,6.772,36.377,5.0948
9.81,6.768,36.377,5.0912
9.82,6.768,36.377,5.0912
9.83,6.763,36.426,5.0867000000000004
9.84,6.763,36.328,5.0867000000000004
9.85,6.763,36.377,5.0867000000000004
9.86,6.768,36.377,5.0912
9.87,6.763,36.377,5.0867000000000004
9.88,6.763,36.377,5.0867000000000004
9.89,6.768,36.426,5.0912
9.9,6.763,36.377,5.0867000000000004
9.91,6.768,36.426,5.0912
9.92,6.768,36.426,5.0912
9.93,6.763,36.377,5.0867000000000004
9.94,6.768,36.377,5.0912
9.95,6.763,36.377,5.0867000000000004
9.96,6.763,36.426,5.0867000000000004
9.97,6.763,36.377,5.0867000000000004
9.98,6.763,36.377,5.0867000000000004
9.99,6.768,36.377,5.0912
10,6.758,36.426,5.0822
10.01,6.758,36.426,5.0822
10,6.758,36.426,5.0822
9.99,6.758,36.426,5.0822
9.98,6.758,36.426,5.0822
9.97,6.758,36.426,5.0822
9.96,6.758,36.377,5.0822
9.95,6.763,36.426,5.0867000000000004
9.94,6.758,36.475,5.0822
9.93,6.758,36.426,5.0822
9.92,6.763,36.426,5.0867000000000004
9.91,6.758,36.426,5.0822
9.9,6.758,36.426,5.0822
9.89,6.758,36.426,5.0822
9.88,6.763,36.426,5.0867000000000004
9.87,6.758,36.475,5.0822
9.86,6.758,36.426,5.0822
9.85,6.748,36.475,5.0732
9.84,6.748,36.475,5.0732
9.83,6.753,36.426,5.0777
9.82,6.753,36.426,5.0777
9.81,6.758,36.475,5.0822
9.8,6.753,36.475,5.0777
9.79,6.758,36.475,5.0822
9.78,6.753,36.475,5.0777
9.77,6.758,36.475,5.0822
9.76,6.758,36.475,5.0822
9.75,6.753,36.475,5.0777
9.74,6.758,36.475,5.0822
9.73,6.758,36.475,5.0822
9.72,6.748,36.475,5.0732
9.71,6.753,36.475,5.0777
9.7,6.748,36.475,5.0732
9.69,6.748,36.523,5.0732
9.68,6.748,36.475,5.0732
9.67,6.748,36.475,5.0732
9.66,6.748,36.475,5.0732
9.65,6.748,36.475,5.0732
9.64,6.748,36.475,5.0732
9.63,6.748,36.475,5.0732
9.62,6.748,36.475,5.0732
9.61,6.748,36.523,5.0732
9.6,6.748,36.475,5.0732
9.59,6.748,36.475,5.0732
9.58,6.748,36.475,5.0732
9.57,6.743,36.523,5.068700000000001
9.56,6.748,36.523,5.0732
9.55,6.748,36.523,5.0732
9.54,6.748,36.475,5.0732
9.53,6.753,36.523,5.0777
9.52,6.743,36.475,5.068700000000001
9.51,6.743,36.475,5.068700000000001
9.5,6.743,36.475,5.068700000000001
9.49,6.743,36.523,5.068700000000001
9.48,6.743,36.475,5.068700000000001
9.47,6.738,36.475,5.0642000000000005
9.46,6.743,36.523,5.068700000000001
9.45,6.748,36.523,5.0732
9.44,6.743,36.523,5.068700000000001
9.43,6.743,36.475,5.068700000000001
9.42,6.743,36.475,5.068700000000001
9.41,6.743,36.523,5.068700000000001
9.4,6.743,36.523,5.068700000000001
9.39,6.743,36.475,5.068700000000001
9.38,6.738,36.523,5.0642000000000005
9.37,6.743,36.523,5.068700000000001
9.36,6.743,36.523,5.068700000000001
9.35,6.738,36.523,5.0642000000000005
9.34,6.743,36.523,5.068700000000001
9.33,6.743,36.523,5.068700000000001
9.32,6.738,36.523,5.0642000000000005
9.31,6.738,36.523,5.0642000000000005
9.3,6.738,36.523,5.0642000000000005
9.29,6.738,36.572,5.0642000000000005
9.28,6.738,36.523,5.0642000000000005
9.27,6.738,36.523,5.0642000000000005
9.26,6.738,36.523,5.0642000000000005
9.25,6.733,36.523,5.059699999999999
9.24,6.733,36.523,5.059699999999999
9.23,6.733,36.523,5.059699999999999
9.22,6.729,36.523,5.0561
9.21,6.729,36.523,5.0561
9.2,6.733,36.523,5.059699999999999
9.19,6.733,36.523,5.059699999999999
9.18,6.729,36.523,5.0561
9.17,6.729,36.523,5.0561
9.16,6.729,36.523,5.0561
9.15,6.733,36.523,5.059699999999999
9.14,6.733,36.572,5.059699999999999
9.13,6.733,36.523,5.059699999999999
9.12,6.733,36.572,5.059699999999999
9.11,6.733,36.572,5.059699999999999
9.1,6.733,36.572,5.059699999999999
9.09,6.733,36.523,5.059699999999999
9.08,6.729,36.572,5.0561
9.07,6.733,36.572,5.059699999999999
9.06,6.724,36.572,5.0516000000000005
9.05,6.729,36.572,5.0561
9.04,6.729,36.523,5.0561
9.03,6.724,36.523,5.0516000000000005
9.02,6.729,36.572,5.0561
9.01,6.729,36.572,5.0561
9,6.724,36.523,5.0516000000000005
8.99,6.724,36.523,5.0516000000000005
8.98,6.729,36.572,5.0561
8.97,6.733,36.572,5.059699999999999
8.96,6.729,36.572,5.0561
8.95,6.729,36.572,5.0561
8.94,6.724,36.572,5.0516000000000005
8.93,6.729,36.572,5.0561
8.92,6.729,36.621,5.0561
8.91,6.729,36.572,5.0561
8.9,6.724,36.572,5.0516000000000005
8.89,6.719,36.572,5.0471
8.88,6.714,36.572,5.0426
8.87,6.714,36.572,5.0426
8.86,6.699,36.572,5.0291
8.85,6.694,36.572,5.0246
8.84,6.685,36.621,5.0165
8.83,6.685,36.572,5.0165
8.82,6.67,36.572,5.003
8.81,6.675,36.572,5.0075
8.8,6.655,36.572,4.9895000000000005
8.79,6.655,36.572,4.9895000000000005
8.78,6.646,36.572,4.9814
8.77,6.646,36.572,4.9814
8.76,6.636,36.572,4.9724
8.75,6.631,36.572,4.9679
8.74,6.621,36.523,4.958900000000001
8.73,6.621,36.523,4.958900000000001
8.72,6.611,36.523,4.9498999999999995
8.71,6.606,36.523,4.9454
8.7,6.597,36.475,4.9373000000000005
8.69,6.597,36.475,4.9373000000000005
8.68,6.582,36.475,4.9238
8.67,6.582,36.426,4.9238
8.66,6.572,36.475,4.9148000000000005
8.65,6.563,36.426,4.9067
8.64,6.548,36.328,4.8932
8.63,6.548,36.328,4.8932
8.62,6.538,36.328,4.884200000000001
8.61,6.538,36.328,4.884200000000001
8.6,6.519,36.328,4.867100000000001
8.59,6.519,36.23,4.867100000000001
8.58,6.509,36.23,4.8581
8.57,6.504,36.23,4.8536
8.56,6.499,36.182,4.8491
8.55,6.494,36.182,4.8446
8.54,6.484,36.182,4.8356
8.53,6.484,36.133,4.8356
8.52,6.47,36.133,4.8229999999999995
8.51,6.47,36.084,4.8229999999999995
8.5,6.455,36.084,4.8095
8.49,6.455,36.084,4.8095
8.48,6.445,36.035,4.8005
8.47,6.45,35.986,4.805000000000001
8.46,6.436,35.938,4.7924
8.45,6.436,35.986,4.7924
8.44,6.416,35.938,4.774400000000001
8.43,6.416,35.889,4.774400000000001
8.42,6.401,35.889,4.7609
8.41,6.401,35.889,4.7609
8.4,6.396,35.84,4.7564
8.39,6.396,35.84,4.7564
8.38,6.382,35.791,4.7438
8.37,6.377,35.84,4.7393
8.36,6.362,35.791,4.7258000000000004
8.35,6.362,35.791,4.7258000000000004
8.34,6.357,35.693,4.7213
8.33,6.357,35.693,4.7213
8.32,6.343,35.645,4.7087
8.31,6.343,35.645,4.7087
8.3,6.328,35.596,4.695200000000001
8.29,6.328,35.596,4.695200000000001
8.28,6.309,35.547,4.678100000000001
8.27,6.309,35.547,4.678100000000001
8.26,6.299,35.498,4.6691
8.25,6.299,35.498,4.6691
8.24,6.294,35.498,4.6646
8.23,6.289,35.449,4.6601
8.22,6.265,35.4,4.6385
8.21,6.27,35.4,4.643
8.2,6.26,35.352,4.634
8.19,6.26,35.352,4.634
8.18,6.25,35.303,4.625
8.17,6.25,35.303,4.625
8.16,6.235,35.254,4.6115
8.15,6.23,35.303,4.607
8.14,6.221,35.205,4.5989
8.13,6.221,35.205,4.5989
8.12,6.211,35.156,4.5899
8.11,6.206,35.156,4.585400000000001
8.1,6.191,35.107,4.5719
8.09,6.196,35.107,4.5764
8.08,6.187,35.01,4.568300000000001
8.07,6.182,35.01,4.5638000000000005
8.06,6.162,35.01,4.5458
8.05,6.162,34.961,4.5458
8.04,6.147,34.961,4.5323
8.03,6.152,34.912,4.5368
8.02,6.138,34.912,4.5242000000000004
8.01,6.138,34.814,4.5242000000000004
8,6.123,34.863,4.5107
7.99,6.123,34.814,4.5107
7.98,6.113,34.766,4.5017000000000005
7.97,6.113,34.717,4.5017000000000005
7.96,6.104,34.717,4.4936
7.95,6.099,34.668,4.4891000000000005
7.94,6.089,34.668,4.4801
7.93,6.084,34.619,4.4756
7.92,6.069,34.619,4.4621
7.91,6.074,34.619,4.4666
7.9,6.064,34.521,4.4576
7.89,6.06,34.521,4.454
7.88,6.045,34.473,4.4405
7.87,6.045,34.521,4.4405
7.86,6.035,34.424,4.431500000000001
7.85,6.04,34.424,4.436
7.84,6.025,34.375,4.4225
7.83,6.021,34.375,4.4189
7.82,6.011,34.326,4.4099
7.81,6.001,34.326,4.4009
7.8,5.991,34.277,4.3919
7.79,5.991,34.277,4.3919
7.78,5.981,34.18,4.3829
7.77,5.972,34.229,4.3748000000000005
7.76,5.967,34.131,4.370299999999999
7.75,5.967,34.131,4.370299999999999
7.74,5.952,34.082,4.3568
7.73,5.957,34.033,4.3613
7.72,5.942,33.984,4.3478
7.71,5.933,33.936,4.3397
7.7,5.928,33.984,4.3352
7.69,5.928,33.887,4.3352
7.68,5.908,33.887,4.317200000000001
7.67,5.913,33.887,4.321700000000001
7.66,5.898,33.838,4.3082
7.65,5.894,33.838,4.304600000000001
7.64,5.889,33.74,4.3001000000000005
7.63,5.884,33.74,4.2956
7.62,5.869,33.691,4.2821
7.61,5.874,33.691,4.2866
7.6,5.854,33.643,4.2686
7.59,5.85,33.594,4.265
7.58,5.845,33.545,4.2604999999999995
7.57,5.845,33.545,4.2604999999999995
7.56,5.835,33.496,4.2515
7.55,5.825,33.496,4.242500000000001
7.54,5.815,33.447,4.2335
7.53,5.811,33.398,4.2299
7.52,5.806,33.35,4.2254000000000005
7.51,5.801,33.35,4.2209
7.5,5.791,33.301,4.211900000000001
7.49,5.791,33.301,4.211900000000001
7.48,5.771,33.203,4.1939
7.47,5.776,33.203,4.1984
7.46,5.757,33.154,4.1813
7.45,5.762,33.154,4.1857999999999995
7.44,5.757,33.105,4.1813
7.43,5.747,33.057,4.1723
7.42,5.742,33.008,4.1678
7.41,5.737,33.008,4.1633000000000004
7.4,5.723,33.008,4.1507
7.39,5.723,32.91,4.1507
7.38,5.713,32.91,4.1417
7.37,5.713,32.861,4.1417
7.36,5.693,32.813,4.1236999999999995
7.35,5.693,32.813,4.1236999999999995
7.34,5.684,32.715,4.115600000000001
7.33,5.684,32.715,4.115600000000001
7.32,5.664,32.715,4.0976
7.31,5.664,32.666,4.0976
7.3,5.659,32.568,4.0931
7.29,5.659,32.568,4.0931
7.28,5.645,32.568,4.0805
7.27,5.64,32.52,4.076
7.26,5.625,32.422,4.0625
7.25,5.63,32.422,4.067
7.24,5.62,32.373,4.058
7.23,5.62,32.422,4.058
7.22,5.61,32.275,4.049
7.21,5.605,32.324,4.0445
7.2,5.596,32.275,4.0364
7.19,5.591,32.227,4.0319
7.18,5.576,32.178,4.0184
7.17,5.566,32.129,4.0094
7.16,5.566,32.08,4.0094
7.15,5.557,32.08,4.0013000000000005
7.14,5.547,31.982,3.9923
7.13,5.552,32.031,3.9967999999999995
7.12,5.537,31.934,3.9833
7.11,5.537,31.885,3.9833
7.1,5.522,31.885,3.9698
7.09,5.522,31.836,3.9698
7.08,5.508,31.787,3.9572000000000003
7.07,5.508,31.738,3.9572000000000003
7.06,5.498,31.689,3.9482
7.05,5.498,31.738,3.9482
7.04,5.479,31.689,3.9311
7.03,5.483,31.641,3.9346999999999994
7.02,5.474,31.592,3.9266000000000005
7.01,5.474,31.543,3.9266000000000005
7,5.449,31.494,3.9040999999999997
6.99,5.449,31.494,3.9040999999999997
6.98,5.444,31.396,3.8996000000000004
6.97,5.435,31.348,3.8914999999999997
6.96,5.43,31.299,3.8869999999999996
6.95,5.42,31.299,3.878
6.94,5.42,31.25,3.878
6.93,5.41,31.201,3.8690000000000007
6.92,5.4,31.152,3.8600000000000003
6.91,5.405,31.104,3.8645000000000005
6.9,5.386,31.104,3.8474000000000004
6.89,5.381,31.006,3.8429
6.88,5.376,31.006,3.8384
6.87,5.371,30.957,3.8339000000000008
6.86,5.361,30.908,3.8248999999999995
6.85,5.361,30.908,3.8248999999999995
6.84,5.352,30.811,3.8168000000000006
6.83,5.347,30.762,3.8123000000000005
6.82,5.337,30.762,3.8033
6.81,5.337,30.762,3.8033
6.8,5.327,30.664,3.7943
6.79,5.327,30.713,3.7943
6.78,5.317,30.615,3.7853000000000003
6.77,5.303,30.615,3.7727000000000004
6.76,5.293,30.469,3.7637
6.75,5.298,30.469,3.7682
6.74,5.283,30.42,3.7547000000000006
6.73,5.283,30.371,3.7547000000000006
6.72,5.273,30.371,3.7457000000000003
6.71,5.269,30.322,3.7421000000000006
6.7,5.254,30.273,3.7286
6.69,5.254,30.176,3.7286
6.68,5.244,30.176,3.7196
6.67,5.244,30.176,3.7196
6.66,5.239,30.078,3.7150999999999996
6.65,5.234,30.078,3.7106000000000003
6.64,5.215,29.98,3.6935000000000002
6.63,5.22,29.98,3.6979999999999995
6.62,5.21,29.932,3.689
6.61,5.2,29.883,3.6800000000000006
6.6,5.195,29.834,3.6755000000000004
6.59,5.195,29.785,3.6755000000000004
6.58,5.186,29.785,3.6673999999999998
6.57,5.171,29.736,3.6539
6.56,5.161,29.639,3.6449
6.55,5.161,29.639,3.6449
6.54,5.146,29.59,3.6314
6.53,5.151,29.541,3.6359000000000004
6.52,5.132,29.492,3.6188000000000002
6.51,5.137,29.443,3.6232999999999995
6.5,5.122,29.346,3.6098
6.49,5.112,29.346,3.6008000000000004
6.48,5.112,29.297,3.6008000000000004
6.47,5.103,29.248,3.5927
6.46,5.093,29.199,3.5837000000000003
6.45,5.093,29.199,3.5837000000000003
6.44,5.083,29.102,3.5747
6.43,5.083,29.102,3.5747
6.42,5.068,29.004,3.5611999999999995
6.41,5.063,29.004,3.5567
6.4,5.054,28.955,3.5486000000000004
6.39,5.054,28.906,3.5486000000000004
6.38,5.039,28.857,3.5351
6.37,5.044,28.809,3.5396
6.36,5.029,28.711,3.5261000000000005
6.35,5.024,28.711,3.5216000000000003
6.34,5.015,28.613,3.5134999999999996
6.33,5.015,28.613,3.5134999999999996
6.32,5.01,28.564,3.5090000000000003
6.31,5,28.516,3.5
6.3,4.99,28.467,3.4910000000000005
6.29,4.99,28.418,3.4910000000000005
6.28,4.976,28.369,3.4783999999999997
6.27,4.976,28.32,3.4783999999999997
6.26,4.966,28.271,3.4694000000000003
6.25,4.966,28.271,3.4694000000000003
6.24,4.946,28.174,3.4513999999999996
6.23,4.951,28.174,3.4558999999999997
6.22,4.941,28.076,3.4469000000000003
6.21,4.937,28.076,3.4433000000000007
6.2,4.927,27.979,3.4342999999999995
6.19,4.917,27.979,3.4253
6.18,4.917,27.881,3.4253
6.17,4.907,27.832,3.4163000000000006
6.16,4.897,27.832,3.4073
6.15,4.893,27.783,3.4036999999999997
6.14,4.883,27.637,3.3947000000000003
6.13,4.883,27.637,3.3947000000000003
6.12,4.873,27.588,3.3857
6.11,4.863,27.539,3.3767000000000005
6.1,4.858,27.49,3.3721999999999994
6.09,4.854,27.49,3.3686
6.08,4.844,27.393,3.3596000000000004
6.07,4.844,27.393,3.3596000000000004
6.06,4.829,27.295,3.3461
6.05,4.829,27.295,3.3461
6.04,4.819,27.246,3.3371000000000004
6.03,4.814,27.197,3.3326000000000002
6.02,4.81,27.1,3.3289999999999997
6.01,4.805,27.1,3.3244999999999996
6,4.79,27.002,3.311
5.99,4.79,26.953,3.311
5.98,4.78,26.904,3.3020000000000005
5.97,4.771,26.855,3.2939
5.96,4.766,26.855,3.2894000000000005
5.95,4.766,26.758,3.2894000000000005
5.94,4.751,26.66,3.2759
5.93,4.741,26.611,3.2668999999999997
5.92,4.731,26.563,3.2579000000000002
5.91,4.731,26.514,3.2579000000000002
5.9,4.722,26.465,3.2498000000000005
5.89,4.722,26.416,3.2498000000000005
5.88,4.702,26.367,3.2318
5.87,4.702,26.318,3.2318
5.86,4.697,26.27,3.2273000000000005
5.85,4.692,26.221,3.2228000000000003
5.84,4.678,26.172,3.2102000000000004
5.83,4.683,26.074,3.2146999999999997
5.82,4.668,26.074,3.2012
5.81,4.663,26.025,3.1967000000000008
5.8,4.658,25.928,3.1922000000000006
5.79,4.648,25.879,3.1832000000000003
5.78,4.644,25.879,3.1796000000000006
5.77,4.644,25.83,3.1796000000000006
5.76,4.634,25.781,3.1706000000000003
5.75,4.619,25.684,3.1571
5.74,4.624,25.635,3.1616
5.73,4.614,25.635,3.1525999999999996
5.72,4.609,25.488,3.1481000000000003
5.71,4.59,25.439,3.1310000000000002
5.7,4.595,25.391,3.1354999999999995
5.69,4.585,25.391,3.1265
5.68,4.58,25.293,3.122
5.67,4.575,25.244,3.1175000000000006
5.66,4.565,25.195,3.1085000000000003
5.65,4.561,25.146,3.1048999999999998
5.64,4.551,25.049,3.0959000000000003
5.63,4.551,25,3.0959000000000003
5.62,4.536,24.951,3.0824
5.61,4.536,24.951,3.0824
5.6,4.521,24.854,3.0689
5.59,4.517,24.854,3.0653000000000006
5.58,4.507,24.756,3.0563000000000002
5.57,4.512,24.756,3.0607999999999995
5.56,4.497,24.658,3.0473
5.55,4.497,24.609,3.0473
5.54,4.478,24.512,3.0302
5.53,4.482,24.463,3.0338000000000003
5.52,4.468,24.414,3.0212000000000003
5.51,4.463,24.316,3.0167
5.5,4.453,24.268,3.0077000000000007
5.49,4.448,24.219,3.0032000000000005
5.48,4.434,24.219,2.9906
5.47,4.438,24.072,2.9941999999999998
5.46,4.419,24.072,2.9770999999999996
5.45,4.424,24.023,2.9816000000000003
5.44,4.414,23.926,2.9726
5.43,4.414,23.926,2.9726
5.42,4.409,23.877,2.9680999999999997
5.41,4.404,23.779,2.9636
5.4,4.39,23.73,2.9509999999999996
5.39,4.38,23.682,2.942
5.38,4.38,23.633,2.942
5.37,4.375,23.584,2.9375
5.36,4.365,23.535,2.9285
5.35,4.355,23.438,2.9195000000000007
5.34,4.351,23.389,2.9159
5.33,4.341,23.34,2.9069000000000003
5.32,4.341,23.291,2.9069000000000003
5.31,4.326,23.193,2.8933999999999997
5.3,4.316,23.145,2.8844
5.29,4.316,23.096,2.8844
5.28,4.307,22.998,2.8763000000000005
5.27,4.297,22.949,2.8672999999999997
5.26,4.297,22.9,2.8672999999999997
5.25,4.292,22.803,2.8628
5.24,4.287,22.754,2.8583
5.23,4.277,22.705,2.8493000000000004
5.22,4.272,22.656,2.8448
5.21,4.263,22.607,2.8367
5.2,4.253,22.559,2.8277
5.19,4.253,22.559,2.8277
5.18,4.238,22.461,2.8142000000000005
5.17,4.238,22.412,2.8142000000000005
5.16,4.233,22.314,2.8097
5.15,4.229,22.217,2.8061000000000003
5.14,4.214,22.217,2.7926000000000006
5.13,4.209,22.119,2.7880999999999996
5.12,4.199,22.07,2.7791
5.11,4.189,22.021,2.7701000000000002
5.1,4.189,22.021,2.7701000000000002
5.09,4.185,21.924,2.7664999999999997
5.08,4.17,21.826,2.753
5.07,4.165,21.826,2.7485
5.06,4.16,21.68,2.744
5.05,4.155,21.631,2.7395000000000005
5.04,4.155,21.582,2.7395000000000005
5.03,4.146,21.484,2.7314
5.02,4.131,21.436,2.7179
5.01,4.131,21.387,2.7179
5,4.131,21.24,2.7179
4.99,4.116,21.24,2.7043999999999997
4.98,4.106,21.24,2.6954
4.97,4.102,21.143,2.6918
4.96,4.092,21.045,2.6828
4.95,4.087,20.996,2.6782999999999997
4.94,4.082,20.996,2.6738
4.93,4.077,20.898,2.6693000000000002
4.92,4.067,20.85,2.6603000000000003
4.91,4.063,20.801,2.6567
4.9,4.058,20.703,2.6522
4.89,4.043,20.605,2.6387
4.88,4.043,20.557,2.6387
4.87,4.028,20.459,2.6251999999999995
4.86,4.028,20.41,2.6251999999999995
4.85,4.019,20.361,2.6171
4.84,4.014,20.313,2.6126000000000005
4.83,4.014,20.215,2.6126000000000005
4.82,4.009,20.166,2.6081000000000003
4.81,3.999,20.166,2.5991
4.8,3.989,20.068,2.5901
4.79,3.979,19.971,2.5811
4.78,3.97,19.922,2.5730000000000004
4.77,3.975,19.824,2.5775
4.76,3.955,19.775,2.5595000000000003
4.75,3.96,19.727,2.564
4.74,3.95,19.629,2.555
4.73,3.945,19.58,2.5505
4.72,3.936,19.531,2.5424
4.71,3.931,19.531,2.5379
4.7,3.926,19.434,2.5334000000000003
4.69,3.921,19.287,2.5288999999999997
4.68,3.901,19.287,2.5109
4.67,3.906,19.189,2.5154
4.66,3.896,19.141,2.5064
4.65,3.892,19.092,2.5028
4.64,3.882,19.043,2.4938000000000002
4.63,3.877,18.896,2.4893
4.62,3.872,18.848,2.4848
4.61,3.862,18.75,2.4758
4.6,3.857,18.701,2.4713000000000003
4.59,3.857,18.652,2.4713000000000003
4.58,3.843,18.604,2.4587
4.57,3.838,18.506,2.4542
4.56,3.828,18.506,2.4452
4.55,3.828,18.457,2.4452
4.54,3.818,18.359,2.4362
4.53,3.809,18.311,2.4281
4.52,3.799,18.262,2.4191
4.51,3.799,18.164,2.4191
4.5,3.789,18.115,2.4101000000000004
4.49,3.789,18.066,2.4101000000000004
4.48,3.779,18.018,2.4011
4.47,3.774,17.92,2.3966000000000003
4.46,3.765,17.871,2.3885
4.45,3.755,17.822,2.3795
4.44,3.75,17.676,2.375
4.43,3.74,17.627,2.366
4.42,3.735,17.627,2.3615
4.41,3.726,17.529,2.3534
4.4,3.721,17.48,2.3489
4.39,3.706,17.383,2.3354
4.38,3.701,17.334,2.3309
4.37,3.696,17.285,2.3264
4.36,3.691,17.236,2.3219
4.35,3.687,17.139,2.3183
4.34,3.677,17.139,2.3093
4.33,3.677,17.09,2.3093
4.32,3.667,16.992,2.3003
4.31,3.662,16.895,2.2958
4.3,3.657,16.846,2.2913
4.29,3.643,16.748,2.2786999999999997
4.28,3.638,16.748,2.2742
4.27,3.628,16.602,2.2652
4.26,3.633,16.602,2.2697000000000003
4.25,3.618,16.504,2.2561999999999998
4.24,3.613,16.455,2.2517
4.23,3.604,16.406,2.2436000000000003
4.22,3.599,16.357,2.2391
4.21,3.599,16.26,2.2391
4.2,3.589,16.211,2.2301
4.19,3.584,16.064,2.2256
4.18,3.574,16.016,2.2166
4.17,3.569,15.918,2.2121
4.16,3.56,15.869,2.204
4.15,3.555,15.82,2.1995
4.14,3.545,15.771,2.1905
4.13,3.54,15.723,2.186
4.12,3.54,15.674,2.186
4.11,3.53,15.625,2.177
4.1,3.521,15.527,2.1689
4.09,3.516,15.479,2.1644
4.08,3.511,15.43,2.1599000000000004
4.07,3.506,15.381,2.1553999999999998
4.06,3.486,15.283,2.1374000000000004
4.05,3.491,15.234,2.1419
4.04,3.477,15.186,2.1292999999999997
4.03,3.477,15.088,2.1292999999999997
4.02,3.467,15.039,2.1203000000000003
4.01,3.462,14.941,2.1158
4,3.457,14.941,2.1113
3.99,3.452,14.795,2.1068000000000002
3.98,3.447,14.746,2.1023
3.97,3.433,14.746,2.0897
3.96,3.428,14.648,2.0852
3.95,3.428,14.648,2.0852
3.94,3.418,14.551,2.0762
3.93,3.403,14.502,2.0627
3.92,3.403,14.404,2.0627
3.91,3.394,14.404,2.0546
3.9,3.389,14.307,2.0501
3.89,3.384,14.258,2.0456
3.88,3.374,14.16,2.0366
3.87,3.369,14.16,2.0321000000000002
3.86,3.364,14.063,2.0276
3.85,3.35,14.014,2.015
3.84,3.35,14.014,2.015
3.83,3.345,13.965,2.0105000000000004
3.82,3.34,13.867,2.006
3.81,3.325,13.721,1.9925000000000002
3.8,3.32,13.672,1.988
3.79,3.315,13.623,1.9834999999999998
3.78,3.311,13.574,1.9799000000000002
3.77,3.301,13.477,1.9709000000000003
3.76,3.296,13.428,1.9663999999999997
3.75,3.286,13.379,1.9574000000000003
3.74,3.286,13.33,1.9574000000000003
3.73,3.276,13.281,1.9484
3.72,3.271,13.232,1.9439000000000002
3.71,3.262,13.086,1.9358
3.7,3.257,13.037,1.9313000000000002
3.69,3.247,12.988,1.9223
3.68,3.242,12.939,1.9178000000000002
3.67,3.232,12.891,1.9088000000000003
3.66,3.232,12.842,1.9088000000000003
3.65,3.223,12.793,1.9007
3.64,3.213,12.695,1.8917000000000002
3.63,3.213,12.646,1.8917000000000002
3.62,3.203,12.598,1.8826999999999998
3.61,3.198,12.549,1.8782
3.6,3.184,12.5,1.8656000000000001
3.59,3.184,12.402,1.8656000000000001
3.58,3.179,12.402,1.8611
3.57,3.169,12.305,1.8521
3.56,3.164,12.256,1.8476000000000004
3.55,3.154,12.256,1.8386
3.54,3.149,12.158,1.8341000000000003
3.53,3.145,12.109,1.8305000000000002
3.52,3.145,12.061,1.8305000000000002
3.51,3.13,12.012,1.8170000000000002
3.5,3.13,11.963,1.8170000000000002
3.49,3.12,11.914,1.8080000000000003
3.48,3.105,11.865,1.7945000000000002
3.47,3.101,11.816,1.7909000000000002
3.46,3.101,11.719,1.7909000000000002
3.45,3.086,11.67,1.7774
3.44,3.086,11.621,1.7774
3.43,3.071,11.572,1.7639
3.42,3.071,11.523,1.7639
3.41,3.052,11.475,1.7468
3.4,3.057,11.377,1.7513
3.39,3.047,11.279,1.7423000000000002
3.38,3.042,11.279,1.7378
3.37,3.027,11.182,1.7243000000000004
3.36,3.032,11.23,1.7288000000000001
3.35,3.022,11.182,1.7197999999999998
3.34,3.018,11.084,1.7161999999999997
3.33,3.003,11.035,1.7027
3.32,2.998,11.035,1.6982000000000004
3.31,2.993,10.986,1.6936999999999998
3.3,2.993,10.889,1.6936999999999998
3.29,2.988,10.791,1.6892
3.28,2.974,10.791,1.6766
3.27,2.964,10.742,1.6676000000000002
3.26,2.959,10.693,1.6631
3.25,2.959,10.645,1.6631
3.24,2.949,10.596,1.6541000000000001
3.23,2.944,10.547,1.6496
3.22,2.93,10.498,1.637
3.21,2.935,10.449,1.6415000000000002
3.2,2.92,10.352,1.6280000000000001
3.19,2.915,10.352,1.6235
3.18,2.91,10.352,1.6190000000000002
3.17,2.905,10.303,1.6145
3.16,2.896,10.205,1.6063999999999998
3.15,2.886,10.156,1.5974000000000004
3.14,2.881,10.059,1.5928999999999998
3.13,2.876,10.01,1.5884
3.12,2.866,10.01,1.5794000000000001
3.11,2.861,9.961,1.5749000000000004
3.1,2.856,9.912,1.5703999999999998
3.09,2.852,9.863,1.5667999999999997
3.08,2.847,9.863,1.5623
3.07,2.842,9.766,1.5578000000000003
3.06,2.827,9.717,1.5443000000000002
3.05,2.827,9.717,1.5443000000000002
3.04,2.822,9.619,1.5398
3.03,2.817,9.619,1.5353000000000003
3.02,2.798,9.521,1.5182000000000002
3.01,2.803,9.473,1.5227
3,2.778,9.424,1.5002
2.99,2.783,9.326,1.5047000000000001
2.98,2.773,9.277,1.4957000000000003
2.97,2.778,9.277,1.5002
2.96,2.759,9.229,1.4830999999999999
2.95,2.759,9.18,1.4830999999999999
2.94,2.754,9.082,1.4786000000000001
2.93,2.744,9.131,1.4696000000000002
2.92,2.739,9.082,1.4651
2.91,2.729,8.984,1.4561000000000002
2.9,2.729,8.887,1.4561000000000002
2.89,2.715,8.936,1.4434999999999998
2.88,2.705,8.887,1.4345000000000003
2.87,2.705,8.789,1.4345000000000003
2.86,2.695,8.74,1.4255
2.85,2.681,8.691,1.4129
2.84,2.681,8.643,1.4129
2.83,2.676,8.594,1.4084000000000003
2.82,2.666,8.545,1.3994
2.81,2.661,8.496,1.3949000000000003
2.8,2.656,8.496,1.3904
2.79,2.646,8.447,1.3814000000000002
2.78,2.642,8.398,1.3778000000000001
2.77,2.637,8.35,1.3733
2.76,2.622,8.252,1.3598
2.75,2.617,8.301,1.3553000000000002
2.74,2.612,8.203,1.3508
2.73,2.603,8.154,1.3427000000000002
2.72,2.593,8.105,1.3336999999999999
2.71,2.598,8.057,1.3382
2.7,2.588,8.057,1.3292000000000002
2.69,2.583,8.008,1.3247000000000004
2.68,2.573,7.91,1.3157
2.67,2.573,7.91,1.3157
2.66,2.563,7.861,1.3067000000000002
2.65,2.559,7.813,1.3031000000000001
2.64,2.554,7.813,1.2986
2.63,2.544,7.764,1.2896
2.62,2.544,7.666,1.2896
2.61,2.529,7.617,1.2761
2.6,2.52,7.568,1.2680000000000002
2.59,2.51,7.568,1.259
2.58,2.51,7.52,1.259
2.57,2.5,7.471,1.25
2.56,2.495,7.471,1.2455000000000003
2.55,2.48,7.422,1.2320000000000002
2.54,2.476,7.373,1.2284000000000002
2.53,2.471,7.324,1.2239
2.52,2.471,7.275,1.2239
2.51,2.461,7.275,1.2149
2.5,2.451,7.227,1.2059000000000002
2.49,2.451,7.178,1.2059000000000002
2.48,2.446,7.178,1.2014
2.47,2.441,7.129,1.1968999999999999
2.46,2.427,7.08,1.1843
2.45,2.417,7.031,1.1753
2.44,2.412,6.982,1.1707999999999998
2.43,2.412,6.934,1.1707999999999998
2.42,2.402,6.885,1.1618000000000004
2.41,2.397,6.885,1.1572999999999998
2.4,2.388,6.836,1.1492
2.39,2.383,6.787,1.1447000000000003
2.38,2.373,6.738,1.1357000000000004
2.37,2.363,6.738,1.1267
2.36,2.354,6.689,1.1186000000000003
2.35,2.349,6.641,1.1141
2.34,2.349,6.592,1.1141
2.33,2.339,6.592,1.1051000000000002
2.32,2.334,6.543,1.1006
2.31,2.324,6.494,1.0916000000000001
2.3,2.314,6.396,1.0826000000000002
2.29,2.31,6.396,1.0790000000000002
2.28,2.31,6.348,1.0790000000000002
2.27,2.3,6.348,1.0699999999999998
2.26,2.29,6.299,1.061
2.25,2.28,6.25,1.052
2.24,2.28,6.201,1.052
2.23,2.275,6.201,1.0474999999999999
2.22,2.271,6.152,1.0438999999999998
2.21,2.266,6.152,1.0394
2.2,2.256,6.104,1.0303999999999998
2.19,2.241,6.006,1.0169000000000001
2.18,2.246,6.006,1.0213999999999999
2.17,2.231,5.957,1.0078999999999998
2.16,2.227,5.957,1.0042999999999997
2.15,2.222,5.908,0.9998
2.14,2.212,5.859,0.9908000000000001
2.13,2.212,5.811,0.9908000000000001
2.12,2.202,5.762,0.9818
2.11,2.192,5.762,0.9728000000000001
2.1,2.192,5.713,0.9728000000000001
2.09,2.183,5.713,0.9646999999999999
2.08,2.168,5.664,0.9512000000000003
2.07,2.168,5.615,0.9512000000000003
2.06,2.163,5.615,0.9466999999999999
2.05,2.158,5.566,0.9421999999999999
2.04,2.148,5.518,0.9332000000000003
2.03,2.139,5.518,0.9250999999999998
2.02,2.129,5.42,0.9161000000000001
2.01,2.129,5.42,0.9161000000000001
2,2.124,5.371,0.9116000000000002
1.99,2.124,5.371,0.9116000000000002
1.98,2.114,5.322,0.9025999999999998
1.97,2.1,5.273,0.8900000000000001
1.96,2.095,5.273,0.8855000000000002
1.95,2.085,5.273,0.8765000000000001
1.94,2.085,5.225,0.8765000000000001
1.93,2.075,5.176,0.8675000000000002
1.92,2.07,5.127,0.863
1.91,2.061,5.127,0.8549
1.9,2.056,5.078,0.8504
1.89,2.051,5.078,0.8459000000000001
1.88,2.036,4.98,0.8324
1.87,2.031,4.932,0.8279000000000001
1.86,2.021,4.98,0.8189
1.85,2.017,4.932,0.8152999999999999
1.84,2.012,4.834,0.8108
1.83,2.007,4.834,0.8063000000000002
1.82,2.002,4.834,0.8017999999999998
1.81,1.992,4.785,0.7928
1.8,1.982,4.736,0.7838
1.79,1.978,4.736,0.7802
1.78,1.968,4.688,0.7712000000000001
1.77,1.963,4.639,0.7667000000000002
1.76,1.958,4.639,0.7622
1.75,1.958,4.59,0.7622
1.74,1.943,4.59,0.7487000000000001
1.73,1.934,4.59,0.7405999999999999
1.72,1.934,4.541,0.7405999999999999
1.71,1.924,4.492,0.7316
1.7,1.919,4.443,0.7271000000000001
1.69,1.914,4.443,0.7225999999999999
1.68,1.904,4.395,0.7136
1.67,1.899,4.395,0.7091000000000001
1.66,1.89,4.346,0.7009999999999998
1.65,1.89,4.346,0.7009999999999998
1.64,1.875,4.346,0.6875
1.63,1.87,4.199,0.683
1.62,1.87,4.199,0.683
1.61,1.86,4.199,0.6740000000000002
1.6,1.851,4.15,0.6658999999999999
1.59,1.851,4.15,0.6658999999999999
1.58,1.841,4.102,0.6569
1.57,1.831,4.004,0.6478999999999999
1.56,1.826,4.004,0.6434000000000002
1.55,1.816,4.004,0.6344000000000001
1.54,1.816,3.955,0.6344000000000001
1.53,1.812,3.955,0.6308
1.52,1.797,3.906,0.6173
1.51,1.787,3.857,0.6083000000000001
1.5,1.782,3.857,0.6038000000000001
1.49,1.782,3.809,0.6038000000000001
1.48,1.772,3.809,0.5948
1.47,1.763,3.76,0.5867
1.46,1.763,3.711,0.5867
1.45,1.753,3.76,0.5776999999999999
1.44,1.748,3.662,0.5731999999999999
1.43,1.733,3.662,0.5597000000000001
1.42,1.733,3.564,0.5597000000000001
1.41,1.724,3.613,0.5516000000000001
1.4,1.719,3.564,0.5471000000000001
1.39,1.714,3.564,0.5426
1.38,1.709,3.516,0.5381
1.37,1.699,3.467,0.5291000000000001
1.36,1.694,3.467,0.5246
1.35,1.689,3.369,0.5201
1.34,1.675,3.369,0.5075000000000001
1.33,1.665,3.369,0.49850000000000017
1.32,1.655,3.32,0.48950000000000005
1.31,1.65,3.32,0.4849999999999999
1.3,1.65,3.271,0.4849999999999999
1.29,1.641,3.271,0.4769000000000001
1.28,1.636,3.271,0.47239999999999993
1.27,1.626,3.223,0.46340000000000003
1.26,1.621,3.174,0.4589000000000001
1.25,1.616,3.125,0.45440000000000014
1.24,1.616,3.125,0.45440000000000014
1.23,1.606,3.076,0.4454
1.22,1.597,3.076,0.4373
1.21,1.597,3.027,0.4373
1.2,1.587,3.027,0.4282999999999999
1.19,1.577,2.979,0.4193
1.18,1.572,2.979,0.41480000000000006
1.17,1.567,2.979,0.4102999999999999
1.16,1.563,2.93,0.40670000000000006
1.15,1.548,2.881,0.3932
1.14,1.548,2.881,0.3932
1.13,1.538,2.832,0.3842000000000001
1.12,1.528,2.832,0.3752
1.11,1.519,2.783,0.3671
1.1,1.514,2.783,0.36260000000000003
1.09,1.509,2.734,0.35809999999999986
1.08,1.504,2.734,0.35360000000000014
1.07,1.494,2.734,0.3446
1.06,1.494,2.637,0.3446
1.05,1.479,2.637,0.33110000000000017
1.04,1.47,2.637,0.32299999999999995
1.03,1.47,2.588,0.32299999999999995
1.02,1.47,2.588,0.32299999999999995
1.01,1.465,2.539,0.3185
1,1.455,2.539,0.3095000000000001
0.99,1.44,2.49,0.29600000000000004
0.98,1.44,2.49,0.29600000000000004
0.97,1.436,2.441,0.2924
0.96,1.426,2.441,0.2833999999999999
0.95,1.416,2.393,0.2744
0.94,1.411,2.393,0.26990000000000003
0.93,1.406,2.393,0.26539999999999986
0.92,1.396,2.344,0.25639999999999996
0.91,1.392,2.295,0.2527999999999999
0.9,1.382,2.295,0.24380000000000002
0.89,1.377,2.295,0.23930000000000007
0.88,1.367,2.246,0.23029999999999995
0.87,1.362,2.246,0.22580000000000022
0.86,1.357,2.246,0.22130000000000005
0.85,1.353,2.148,0.2177
0.84,1.343,2.148,0.2087000000000001
0.83,1.338,2.148,0.20420000000000016
0.82,1.328,2.1,0.19520000000000004
0.81,1.328,2.1,0.19520000000000004
0.8,1.313,2.1,0.18169999999999997
0.79,1.309,2.051,0.17809999999999993
0.78,1.304,2.051,0.17359999999999998
0.77,1.299,1.953,0.16910000000000003
0.76,1.284,2.002,0.15559999999999996
0.75,1.279,1.953,0.1511
0.74,1.279,1.904,0.1511
0.73,1.27,1.904,0.14300000000000002
0.72,1.265,1.904,0.13849999999999985
0.71,1.25,1.855,0.125
0.7,1.24,1.855,0.1160000000000001
0.69,1.24,1.807,0.1160000000000001
0.68,1.226,1.758,0.10339999999999994
0.67,1.23,1.758,0.10699999999999998
0.66,1.221,1.758,0.09890000000000021
0.65,1.216,1.709,0.09440000000000004
0.64,1.206,1.709,0.08539999999999992
0.63,1.201,1.709,0.0809000000000002
0.62,1.196,1.709,0.07640000000000002
0.61,1.191,1.66,0.07190000000000007
0.6,1.187,1.611,0.06830000000000003
0.59,1.172,1.611,0.05479999999999996
0.58,1.177,1.563,0.05930000000000013
0.57,1.167,1.563,0.05030000000000001
0.56,1.157,1.563,0.041300000000000114
0.55,1.152,1.514,0.036799999999999944
0.54,1.143,1.514,0.028699999999999948
0.53,1.138,1.465,0.0242
0.52,1.133,1.416,0.01970000000000005
0.51,1.128,1.465,0.01519999999999988
0.5,1.118,1.416,0.006200000000000205
0.49,1.108,1.416,0
0.48,1.099,1.367,0
0.47,1.094,1.318,0
0.46,1.084,1.318,0
0.45,1.084,1.318,0
0.44,1.074,1.318,0
0.43,1.064,1.27,0
0.42,1.055,1.221,0
0.41,1.05,1.221,0
0.4,1.05,1.172,0
0.39,1.05,1.172,0
0.38,1.04,1.172,0
0.37,1.025,1.123,0
0.36,1.025,1.123,0
0.35,1.016,1.123,0
0.34,1.011,1.074,0
0.33,1.006,1.074,0
0.32,1.001,1.074,0
0.31,1.006,1.025,0
0.3,1.001,1.025,0
0.29,0.991,1.025,0
0.28,0.981,1.025,0
0.27,0.957,0.977,0
0.26,0.952,0.977,0
0.25,0.952,0.977,0
0.24,0.947,0.928,0
0.23,0.942,0.879,0
0.22,0.933,0.83,0
0.21,0.923,0.83,0
0.2,0.923,0.83,0
0.19,0.918,0.781,0
0.18,0.913,0.781,0
0.17,0.903,0.732,0
0.16,0.894,0.781,0
0.15,0.884,0.732,0
0.14,0.879,0.635,0
0.13,0.869,0.732,0
0.12,0.874,0.684,0
0.11,0.859,0.684,0
0.1,0.791,0.586,0
0.09,0.786,0.488,0
0.08,0.786,0.488,0
0.07,0.786,0.439,0
0.06,0.786,0.439,0
0.05,0.786,0.488,0
0.04,0.786,0.439,0
0.03,0.786,0.439,0
0.02,0.781,0.439,0
0.01,0.786,0.439,0
0,0.786,0.439,0
