u[V],p[V],s[mm] 
0.000,-0.015,0.000
0.010,-0.015,0.049
0.020,-0.010,0.000
0.030,-0.015,0.049
0.040,-0.015,0.000
0.050,-0.010,0.000
0.060,-0.015,0.049
0.070,-0.015,0.000
0.080,-0.020,0.049
0.090,-0.015,0.000
0.100,-0.015,0.000
0.110,-0.015,0.049
0.120,-0.010,0.000
0.130,-0.015,0.000
0.140,-0.010,0.000
0.150,-0.010,0.000
0.160,-0.015,0.000
0.170,-0.015,0.000
0.180,-0.015,0.049
0.190,-0.015,0.000
0.200,-0.015,0.049
0.210,-0.015,0.049
0.220,-0.010,0.000
0.230,-0.010,0.000
0.240,-0.010,0.049
0.250,-0.015,0.049
0.260,-0.015,0.000
0.270,-0.015,0.049
0.280,-0.020,0.000
0.290,-0.015,0.049
0.300,-0.015,0.000
0.310,-0.015,0.000
0.320,-0.015,0.000
0.330,-0.015,0.000
0.340,-0.015,0.049
0.350,-0.010,0.049
0.360,-0.010,0.000
0.370,-0.015,0.000
0.380,-0.010,0.049
0.390,-0.015,0.049
0.000,0.820,-0.098
0.010,0.786,-0.146
0.020,0.796,-0.098
0.030,0.791,-0.146
0.040,0.796,-0.146
0.050,0.796,-0.146
0.060,0.791,-0.146
0.070,0.791,-0.146
0.080,0.796,-0.146
0.090,0.796,-0.098
0.100,0.796,-0.146
0.110,0.801,-0.098
0.120,0.796,-0.146
0.130,0.796,-0.146
0.140,0.796,-0.098
0.150,0.791,-0.146
0.160,0.791,-0.098
0.170,0.796,-0.195
0.180,0.801,-0.146
0.190,0.845,-0.098
0.200,0.854,-0.098
0.210,0.854,-0.098
0.220,0.854,-0.098
0.230,0.850,-0.146
0.240,0.859,-0.098
0.250,0.864,-0.146
0.260,0.869,-0.098
0.270,0.874,-0.146
0.280,0.884,-0.098
0.290,0.889,-0.098
0.300,0.898,-0.098
0.310,0.908,-0.098
0.320,0.918,-0.098
0.330,0.928,-0.049
0.340,0.928,-0.098
0.350,0.928,-0.049
0.360,0.947,-0.049
0.370,0.947,-0.049
0.380,0.947,-0.049
0.390,0.962,-0.049
0.400,0.967,0.000
0.410,0.972,-0.049
0.420,0.981,0.000
0.430,0.986,0.000
0.440,0.991,0.000
0.450,1.001,0.049
0.460,1.011,0.000
0.470,1.016,0.049
0.480,1.021,0.000
0.490,1.025,0.049
0.500,1.030,0.000
0.510,1.045,0.049
0.520,1.045,0.049
0.530,1.060,0.049
0.540,1.060,0.098
0.550,1.069,0.098
0.560,1.079,0.098
0.570,1.084,0.098
0.580,1.084,0.098
0.590,1.104,0.098
0.000,0.869,-0.098
0.010,0.786,-0.244
0.000,0.796,0.049
0.010,0.791,0.049
0.020,0.796,0.049
0.030,0.796,0.049
0.040,0.791,0.000
0.050,0.791,0.000
0.060,0.791,0.049
0.070,0.796,0.000
0.080,0.791,0.000
0.090,0.791,0.049
0.100,0.796,0.000
0.110,0.791,0.000
0.120,0.796,0.000
0.130,0.796,0.000
0.140,0.791,0.000
0.150,0.796,0.000
0.160,0.791,0.000
0.170,0.796,0.049
0.180,0.806,0.000
0.190,0.815,0.000
0.200,0.825,0.000
0.210,0.835,0.049
0.220,0.845,0.000
0.230,0.845,0.000
0.240,0.854,0.049
0.250,0.864,0.049
0.260,0.879,0.049
0.270,0.879,0.049
0.280,0.879,0.049
0.290,0.889,0.000
0.300,0.903,0.049
0.310,0.908,0.049
0.320,0.913,0.049
0.330,0.923,0.098
0.340,0.928,0.049
0.350,0.938,0.049
0.360,0.938,0.098
0.370,0.947,0.098
0.380,0.957,0.146
0.390,0.957,0.098
0.400,0.967,0.098
0.410,0.977,0.098
0.420,0.981,0.098
0.430,0.991,0.146
0.440,0.991,0.146
0.450,0.996,0.146
0.460,1.006,0.146
0.470,1.011,0.146
0.480,1.016,0.146
0.490,1.035,0.146
0.500,1.040,0.195
0.510,1.040,0.195
0.520,1.055,0.244
0.530,1.060,0.244
0.540,1.060,0.244
0.550,1.074,0.244
0.560,1.074,0.244
0.570,1.084,0.195
0.580,1.089,0.244
0.590,1.099,0.244
0.600,1.104,0.244
0.610,1.108,0.293
0.620,1.118,0.244
0.630,1.133,0.293
0.640,1.133,0.342
0.650,1.138,0.293
0.660,1.147,0.342
0.670,1.152,0.342
0.680,1.157,0.342
0.690,1.162,0.342
0.700,1.172,0.342
0.710,1.182,0.342
0.720,1.182,0.342
0.730,1.191,0.391
0.740,1.201,0.391
0.750,1.206,0.391
0.760,1.206,0.391
0.770,1.216,0.342
0.780,1.216,0.391
0.790,1.235,0.391
0.800,1.240,0.439
0.810,1.245,0.488
0.820,1.255,0.488
0.830,1.260,0.439
0.840,1.260,0.488
0.850,1.274,0.488
0.860,1.279,0.488
0.870,1.284,0.488
0.880,1.294,0.537
0.890,1.294,0.537
0.900,1.309,0.488
0.910,1.313,0.586
0.920,1.309,0.537
0.930,1.328,0.586
0.940,1.338,0.586
0.950,1.333,0.635
0.960,1.353,0.635
0.970,1.353,0.635
0.980,1.357,0.684
0.990,1.367,0.684
1.000,1.372,0.635
1.010,1.382,0.684
1.020,1.382,0.684
1.030,1.392,0.684
1.040,1.396,0.684
1.050,1.416,0.732
1.060,1.416,0.732
1.070,1.416,0.684
1.080,1.421,0.781
1.090,1.445,0.781
1.100,1.440,0.781
1.110,1.445,0.732
1.120,1.455,0.830
1.130,1.460,0.830
1.140,1.465,0.830
1.150,1.484,0.830
1.160,1.494,0.879
1.170,1.494,0.879
1.180,1.494,0.879
1.190,1.509,0.928
1.200,1.514,0.928
1.210,1.514,0.879
1.220,1.533,0.928
1.230,1.528,0.928
1.240,1.528,0.928
1.250,1.548,0.977
1.260,1.558,0.977
1.270,1.558,0.977
1.280,1.563,0.977
1.290,1.567,1.025
1.300,1.572,1.025
1.310,1.582,1.025
1.320,1.582,1.025
1.330,1.592,1.074
1.340,1.597,1.074
1.350,1.611,1.074
1.360,1.611,1.123
1.370,1.626,1.074
1.380,1.621,1.123
1.390,1.626,1.123
1.400,1.660,1.123
1.410,1.665,1.172
1.420,1.665,1.221
1.430,1.665,1.221
1.440,1.665,1.221
1.450,1.665,1.221
1.460,1.689,1.270
1.470,1.689,1.270
1.480,1.699,1.270
1.490,1.709,1.221
1.500,1.709,1.270
1.510,1.719,1.318
1.520,1.719,1.318
1.530,1.724,1.318
1.540,1.758,1.367
1.550,1.758,1.367
1.560,1.758,1.416
1.570,1.758,1.416
1.580,1.777,1.465
1.590,1.772,1.465
1.600,1.777,1.465
1.610,1.782,1.416
1.620,1.792,1.514
1.630,1.797,1.514
1.640,1.812,1.563
1.650,1.812,1.514
1.660,1.812,1.563
1.670,1.836,1.563
1.680,1.836,1.563
1.690,1.831,1.611
1.700,1.846,1.611
1.710,1.851,1.563
1.720,1.855,1.660
1.730,1.870,1.611
1.740,1.875,1.660
1.750,1.875,1.709
1.760,1.895,1.709
1.770,1.890,1.758
1.780,1.904,1.709
1.790,1.909,1.758
1.800,1.919,1.807
1.810,1.919,1.758
1.820,1.924,1.807
1.830,1.934,1.855
1.840,1.943,1.855
1.850,1.938,1.855
1.860,1.963,1.855
1.870,1.958,1.953
1.880,1.968,1.953
1.890,1.968,1.953
1.900,1.978,1.953
1.910,1.978,1.953
1.920,2.007,2.002
1.930,2.017,2.051
1.940,2.012,2.002
1.950,2.007,2.002
1.960,2.026,2.002
1.970,2.021,2.100
1.980,2.051,2.100
1.990,2.061,2.197
2.000,2.061,2.148
2.010,2.056,2.148
2.020,2.065,2.197
2.030,2.065,2.197
2.040,2.080,2.197
2.050,2.090,2.197
2.060,2.080,2.197
2.070,2.100,2.246
2.080,2.104,2.295
2.090,2.114,2.295
2.100,2.119,2.344
2.110,2.129,2.295
2.120,2.129,2.344
2.130,2.139,2.344
2.140,2.139,2.344
2.150,2.153,2.393
2.160,2.153,2.393
2.170,2.168,2.441
2.180,2.168,2.441
2.190,2.183,2.490
2.200,2.188,2.490
2.210,2.197,2.490
2.220,2.197,2.539
2.230,2.202,2.539
2.240,2.222,2.539
2.250,2.217,2.588
2.260,2.217,2.588
2.270,2.236,2.588
2.280,2.231,2.637
2.290,2.246,2.637
2.300,2.241,2.686
2.310,2.261,2.734
2.320,2.256,2.734
2.330,2.261,2.734
2.340,2.290,2.832
2.350,2.290,2.783
2.360,2.295,2.783
2.370,2.295,2.783
2.380,2.310,2.832
2.390,2.310,2.832
2.400,2.310,2.881
2.410,2.319,2.881
2.420,2.334,2.881
2.430,2.334,2.930
2.440,2.344,2.979
2.450,2.349,2.979
2.460,2.358,3.027
2.470,2.368,3.027
2.480,2.373,3.027
2.490,2.388,3.076
2.500,2.383,3.125
2.510,2.393,3.076
2.520,2.412,3.174
2.530,2.407,3.174
2.540,2.407,3.125
2.550,2.422,3.223
2.560,2.422,3.271
2.570,2.441,3.271
2.580,2.437,3.271
2.590,2.446,3.320
2.600,2.451,3.320
2.610,2.466,3.320
2.620,2.471,3.369
2.630,2.476,3.369
2.640,2.476,3.418
2.650,2.485,3.418
2.660,2.485,3.467
2.670,2.505,3.467
2.680,2.505,3.516
2.690,2.520,3.564
2.700,2.520,3.564
2.710,2.529,3.613
2.720,2.534,3.564
2.730,2.539,3.613
2.740,2.549,3.662
2.750,2.549,3.613
2.760,2.559,3.711
2.770,2.563,3.711
2.780,2.573,3.711
2.790,2.573,3.760
2.800,2.593,3.809
2.810,2.593,3.809
2.820,2.598,3.809
2.830,2.598,3.809
2.840,2.617,3.906
2.850,2.622,3.955
2.860,2.622,3.906
2.870,2.637,3.955
2.880,2.642,3.955
2.890,2.646,4.004
2.900,2.651,4.004
2.910,2.651,4.004
2.920,2.661,4.102
2.930,2.666,4.102
2.940,2.676,4.102
2.950,2.676,4.150
2.960,2.700,4.199
2.970,2.705,4.248
2.980,2.700,4.199
2.990,2.710,4.248
3.000,2.715,4.297
3.010,2.729,4.297
3.020,2.734,4.346
3.030,2.759,4.395
3.040,2.759,4.443
3.050,2.759,4.443
3.060,2.759,4.492
3.070,2.773,4.492
3.080,2.769,4.443
3.090,2.783,4.541
3.100,2.788,4.541
3.110,2.798,4.590
3.120,2.798,4.590
3.130,2.817,4.688
3.140,2.817,4.688
3.150,2.817,4.688
3.160,2.827,4.736
3.170,2.827,4.736
3.180,2.837,4.736
3.190,2.842,4.785
3.200,2.861,4.834
3.210,2.856,4.834
3.220,2.871,4.834
3.230,2.871,4.932
3.240,2.881,4.980
3.250,2.886,4.932
3.260,2.900,4.980
3.270,2.896,5.029
3.280,2.900,5.029
3.290,2.910,5.078
3.300,2.935,5.127
3.310,2.930,5.176
3.320,2.930,5.127
3.330,2.939,5.225
3.340,2.939,5.176
3.350,2.949,5.273
3.360,2.964,5.273
3.370,2.964,5.322
3.380,2.979,5.273
3.390,2.979,5.371
3.400,2.979,5.420
3.410,2.988,5.371
3.420,3.003,5.420
3.430,3.003,5.469
3.440,3.018,5.518
3.450,3.018,5.518
3.460,3.042,5.566
3.470,3.037,5.615
3.480,3.042,5.615
3.490,3.047,5.664
3.500,3.047,5.713
3.510,3.066,5.713
3.520,3.066,5.762
3.530,3.076,5.811
3.540,3.076,5.762
3.550,3.096,5.859
3.560,3.096,5.859
3.570,3.101,5.908
3.580,3.110,5.908
3.590,3.125,6.006
3.600,3.120,6.006
3.610,3.145,6.055
3.620,3.140,6.104
3.630,3.140,6.104
3.640,3.149,6.104
3.650,3.154,6.201
3.660,3.164,6.201
3.670,3.169,6.201
3.680,3.184,6.299
3.690,3.184,6.299
3.700,3.184,6.299
3.710,3.198,6.348
3.720,3.198,6.396
3.730,3.218,6.445
3.740,3.218,6.494
3.750,3.218,6.445
3.760,3.228,6.543
3.770,3.228,6.543
3.780,3.252,6.592
3.790,3.247,6.689
3.800,3.252,6.641
3.810,3.262,6.689
3.820,3.262,6.738
3.830,3.271,6.689
3.840,3.276,6.738
3.850,3.306,6.885
3.860,3.306,6.885
3.870,3.311,6.885
3.880,3.315,6.934
3.890,3.315,6.934
3.900,3.325,7.031
3.910,3.325,7.080
3.920,3.340,7.080
3.930,3.340,7.129
3.940,3.350,7.178
3.950,3.350,7.178
3.960,3.354,7.227
3.970,3.374,7.275
3.980,3.369,7.324
3.990,3.379,7.324
4.000,3.389,7.373
4.010,3.403,7.422
4.020,3.403,7.471
4.030,3.418,7.520
4.040,3.418,7.520
4.050,3.423,7.520
4.060,3.423,7.568
4.070,3.447,7.617
4.080,3.447,7.715
4.090,3.447,7.666
4.100,3.472,7.764
4.110,3.472,7.861
4.120,3.472,7.861
4.130,3.477,7.861
4.140,3.491,7.959
4.150,3.491,7.910
4.160,3.491,8.008
4.170,3.501,7.959
4.180,3.516,8.057
4.190,3.516,8.105
4.200,3.521,8.105
4.210,3.540,8.203
4.220,3.540,8.252
4.230,3.545,8.252
4.240,3.550,8.301
4.250,3.564,8.350
4.260,3.560,8.350
4.270,3.579,8.447
4.280,3.574,8.496
4.290,3.599,8.545
4.300,3.594,8.594
4.310,3.594,8.643
4.320,3.608,8.594
4.330,3.608,8.643
4.340,3.618,8.691
4.350,3.623,8.789
4.360,3.643,8.789
4.370,3.633,8.838
4.380,3.643,8.838
4.390,3.647,8.936
4.400,3.667,8.984
4.410,3.667,9.033
4.420,3.672,8.984
4.430,3.672,9.082
4.440,3.682,9.131
4.450,3.706,9.229
4.460,3.701,9.229
4.470,3.711,9.277
4.480,3.711,9.277
4.490,3.711,9.326
4.500,3.730,9.375
4.510,3.730,9.375
4.520,3.740,9.424
4.530,3.740,9.473
4.540,3.755,9.521
4.550,3.760,9.619
4.560,3.770,9.619
4.570,3.770,9.668
4.580,3.784,9.717
4.590,3.784,9.766
4.600,3.779,9.766
4.610,3.799,9.863
4.620,3.799,9.863
4.630,3.813,9.912
4.640,3.809,9.961
4.650,3.818,10.010
4.660,3.828,10.010
4.670,3.838,10.107
4.680,3.838,10.107
4.690,3.867,10.254
4.700,3.862,10.254
4.710,3.867,10.352
4.720,3.877,10.352
4.730,3.877,10.400
4.740,3.892,10.449
4.750,3.892,10.498
4.760,3.901,10.547
4.770,3.892,10.596
4.780,3.916,10.596
4.790,3.916,10.645
4.800,3.921,10.693
4.810,3.931,10.791
4.820,3.936,10.742
4.830,3.945,10.840
4.840,3.945,10.840
4.850,3.970,10.986
4.860,3.970,11.035
4.870,3.970,11.035
4.880,3.970,11.035
4.890,3.989,11.133
4.900,3.984,11.182
4.910,4.009,11.279
4.920,4.019,11.328
4.930,4.014,11.328
4.940,4.014,11.377
4.950,4.028,11.426
4.960,4.019,11.426
4.970,4.043,11.475
4.980,4.043,11.572
4.990,4.048,11.572
5.000,4.058,11.670
5.010,4.063,11.670
5.020,4.067,11.719
5.030,4.067,11.816
5.040,4.082,11.816
5.050,4.082,11.865
5.060,4.106,11.963
5.070,4.106,12.012
5.080,4.106,12.061
5.090,4.111,12.061
5.100,4.126,12.158
5.110,4.141,12.256
5.120,4.141,12.256
5.130,4.150,12.305
5.140,4.150,12.354
5.150,4.160,12.402
5.160,4.170,12.451
5.170,4.180,12.500
5.180,4.180,12.549
5.190,4.185,12.598
5.200,4.185,12.646
5.210,4.204,12.695
5.220,4.194,12.695
5.230,4.233,12.891
5.240,4.229,12.891
5.250,4.229,12.939
5.260,4.229,12.988
5.270,4.253,13.086
5.280,4.253,13.086
5.290,4.253,13.135
5.300,4.263,13.184
5.310,4.263,13.232
5.320,4.297,13.379
5.330,4.287,13.428
5.340,4.292,13.428
5.350,4.292,13.428
5.360,4.302,13.525
5.370,4.307,13.623
5.380,4.321,13.623
5.390,4.321,13.721
5.400,4.326,13.770
5.410,4.341,13.818
5.420,4.341,13.770
5.430,4.370,13.916
5.440,4.360,14.014
5.450,4.360,14.014
5.460,4.365,14.063
5.470,4.380,14.111
5.480,4.380,14.111
5.490,4.385,14.209
5.500,4.395,14.258
5.510,4.390,14.258
5.520,4.414,14.355
5.530,4.419,14.453
5.540,4.424,14.453
5.550,4.424,14.502
5.560,4.443,14.600
5.570,4.438,14.697
5.580,4.448,14.746
5.590,4.458,14.795
5.600,4.473,14.795
5.610,4.463,14.844
5.620,4.478,14.990
5.630,4.487,14.990
5.640,4.492,15.039
5.650,4.497,15.088
5.660,4.507,15.137
5.670,4.512,15.186
5.680,4.526,15.283
5.690,4.526,15.332
5.700,4.531,15.381
5.710,4.541,15.479
5.720,4.541,15.527
5.730,4.561,15.527
5.740,4.556,15.625
5.750,4.570,15.674
5.760,4.575,15.723
5.770,4.580,15.771
5.780,4.580,15.820
5.790,4.604,15.967
5.800,4.609,16.016
5.810,4.604,16.016
5.820,4.619,16.064
5.830,4.619,16.113
5.840,4.634,16.211
5.850,4.629,16.260
5.860,4.639,16.309
5.870,4.668,16.455
5.880,4.663,16.504
5.890,4.668,16.504
5.900,4.663,16.553
5.910,4.678,16.650
5.920,4.683,16.699
5.930,4.683,16.748
5.940,4.702,16.797
5.950,4.702,16.895
5.960,4.702,16.846
5.970,4.727,16.992
5.980,4.731,17.090
5.990,4.731,17.090
6.000,4.722,17.090
6.010,4.741,17.236
6.020,4.746,17.285
6.030,4.761,17.334
6.040,4.761,17.383
6.050,4.766,17.480
6.060,4.771,17.432
6.070,4.790,17.578
6.080,4.790,17.627
6.090,4.785,17.676
6.100,4.800,17.725
6.110,4.800,17.773
6.120,4.810,17.822
6.130,4.814,17.822
6.140,4.854,18.066
6.150,4.849,18.115
6.160,4.849,18.115
6.170,4.854,18.164
6.180,4.854,18.213
6.190,4.878,18.311
6.200,4.878,18.311
6.210,4.878,18.408
6.220,4.888,18.457
6.230,4.888,18.506
6.240,4.902,18.506
6.250,4.897,18.604
6.260,4.907,18.652
6.270,4.917,18.750
6.280,4.941,18.848
6.290,4.937,18.896
6.300,4.932,18.896
6.310,4.941,18.945
6.320,4.941,19.043
6.330,4.976,19.189
6.340,4.976,19.287
6.350,4.980,19.287
6.360,4.976,19.336
6.370,4.990,19.434
6.380,4.985,19.434
6.390,5.005,19.531
6.400,5.010,19.580
6.410,5.020,19.678
6.420,5.020,19.678
6.430,5.034,19.824
6.440,5.029,19.873
6.450,5.034,19.873
6.460,5.039,19.971
6.470,5.054,20.020
6.480,5.054,20.068
6.490,5.063,20.166
6.500,5.063,20.166
6.510,5.083,20.313
6.520,5.078,20.313
6.530,5.098,20.459
6.540,5.098,20.508
6.550,5.103,20.508
6.560,5.107,20.605
6.570,5.127,20.654
6.580,5.122,20.752
6.590,5.137,20.850
6.600,5.142,20.898
6.610,5.146,20.898
6.620,5.151,20.996
6.630,5.161,21.045
6.640,5.161,21.045
6.650,5.186,21.240
6.660,5.190,21.289
6.670,5.186,21.240
6.680,5.200,21.338
6.690,5.200,21.387
6.700,5.215,21.484
6.710,5.220,21.533
6.720,5.215,21.533
6.730,5.225,21.631
6.740,5.234,21.680
6.750,5.229,21.729
6.760,5.249,21.777
6.770,5.249,21.875
6.780,5.259,21.875
6.790,5.273,21.973
6.800,5.269,22.021
6.810,5.293,22.119
6.820,5.293,22.168
6.830,5.293,22.217
6.840,5.308,22.363
6.850,5.303,22.363
6.860,5.317,22.461
6.870,5.308,22.461
6.880,5.332,22.559
6.890,5.327,22.607
6.900,5.342,22.656
6.910,5.337,22.705
6.920,5.356,22.803
6.930,5.356,22.900
6.940,5.361,22.900
6.950,5.376,23.047
6.960,5.381,23.047
6.970,5.381,23.096
6.980,5.400,23.193
6.990,5.396,23.242
7.000,5.410,23.291
7.010,5.410,23.291
7.020,5.435,23.438
7.030,5.430,23.535
7.040,5.435,23.535
7.050,5.439,23.584
7.060,5.449,23.633
7.070,5.449,23.682
7.080,5.469,23.730
7.090,5.469,23.779
7.100,5.479,23.877
7.110,5.474,23.975
7.120,5.498,24.072
7.130,5.493,24.072
7.140,5.503,24.121
7.150,5.508,24.219
7.160,5.518,24.268
7.170,5.513,24.316
7.180,5.547,24.463
7.190,5.552,24.512
7.200,5.547,24.561
7.210,5.562,24.658
7.220,5.557,24.658
7.230,5.557,24.658
7.240,5.581,24.756
7.250,5.576,24.854
7.260,5.591,24.902
7.270,5.596,24.951
7.280,5.591,25.000
7.290,5.610,25.098
7.300,5.615,25.146
7.310,5.620,25.195
7.320,5.630,25.244
7.330,5.625,25.293
7.340,5.635,25.342
7.350,5.649,25.391
7.360,5.645,25.439
7.370,5.654,25.488
7.380,5.659,25.586
7.390,5.674,25.684
7.400,5.679,25.684
7.410,5.693,25.830
7.420,5.693,25.879
7.430,5.693,25.879
7.440,5.718,26.025
7.450,5.718,26.025
7.460,5.718,26.074
7.470,5.742,26.172
7.480,5.742,26.221
7.490,5.742,26.270
7.500,5.742,26.318
7.510,5.752,26.367
7.520,5.752,26.416
7.530,5.762,26.465
7.540,5.767,26.514
7.550,5.786,26.611
7.560,5.781,26.709
7.570,5.786,26.709
7.580,5.786,26.709
7.590,5.806,26.855
7.600,5.806,26.855
7.610,5.835,27.002
7.620,5.840,27.002
7.630,5.835,27.051
7.640,5.845,27.100
7.650,5.845,27.148
7.660,5.859,27.197
7.670,5.859,27.246
7.680,5.859,27.295
7.690,5.879,27.344
7.700,5.879,27.441
7.710,5.889,27.490
7.720,5.908,27.539
7.730,5.908,27.637
7.740,5.903,27.637
7.750,5.913,27.637
7.760,5.918,27.734
7.770,5.928,27.783
7.780,5.923,27.881
7.790,5.947,27.930
7.800,5.942,27.979
7.810,5.947,28.027
7.820,5.981,28.174
7.830,5.981,28.223
7.840,5.977,28.223
7.850,5.981,28.271
7.860,5.986,28.320
7.870,5.991,28.369
7.880,6.011,28.418
7.890,6.006,28.516
7.900,6.016,28.516
7.910,6.016,28.564
7.920,6.040,28.662
7.930,6.035,28.711
7.940,6.035,28.760
7.950,6.060,28.809
7.960,6.055,28.906
7.970,6.060,28.857
7.980,6.084,29.004
7.990,6.079,29.053
8.000,6.074,29.102
8.010,6.079,29.102
8.020,6.089,29.102
8.030,6.104,29.199
8.040,6.104,29.297
8.050,6.118,29.297
8.060,6.118,29.395
8.070,6.123,29.443
8.080,6.123,29.443
8.090,6.147,29.541
8.100,6.147,29.590
8.110,6.147,29.590
8.120,6.167,29.688
8.130,6.167,29.736
8.140,6.167,29.785
8.150,6.172,29.834
8.160,6.167,29.834
8.170,6.206,29.932
8.180,6.201,30.029
8.190,6.201,29.980
8.200,6.201,29.980
8.210,6.230,30.127
8.220,6.230,30.176
8.230,6.230,30.225
8.240,6.250,30.273
8.250,6.250,30.273
8.260,6.270,30.371
8.270,6.265,30.420
8.280,6.265,30.469
8.290,6.270,30.518
8.300,6.279,30.518
8.310,6.279,30.566
8.320,6.309,30.664
8.330,6.304,30.762
8.340,6.304,30.762
8.350,6.323,30.811
8.360,6.318,30.811
8.370,6.338,30.908
8.380,6.338,31.006
8.390,6.338,31.006
8.400,6.343,31.006
8.410,6.362,31.055
8.420,6.362,31.152
8.430,6.357,31.152
8.440,6.387,31.201
8.450,6.387,31.348
8.460,6.387,31.348
8.470,6.392,31.348
8.480,6.392,31.396
8.490,6.396,31.445
8.500,6.401,31.494
8.510,6.416,31.494
8.520,6.411,31.543
8.530,6.450,31.738
8.540,6.450,31.689
8.550,6.450,31.787
8.560,6.455,31.738
8.570,6.465,31.836
8.580,6.465,31.885
8.590,6.465,31.934
8.600,6.479,31.982
8.610,6.479,32.031
8.620,6.494,32.080
8.630,6.494,32.129
8.640,6.494,32.129
8.650,6.528,32.178
8.660,6.533,32.324
8.670,6.519,32.324
8.680,6.538,32.373
8.690,6.548,32.422
8.700,6.543,32.471
8.710,6.558,32.520
8.720,6.558,32.520
8.730,6.572,32.617
8.740,6.567,32.617
8.750,6.587,32.715
8.760,6.587,32.764
8.770,6.592,32.764
8.780,6.597,32.861
8.790,6.597,32.861
8.800,6.621,32.910
8.810,6.616,32.959
8.820,6.621,32.959
8.830,6.626,33.008
8.840,6.631,33.057
8.850,6.655,33.154
8.860,6.660,33.203
8.870,6.655,33.203
8.880,6.670,33.301
8.890,6.675,33.350
8.900,6.689,33.350
8.910,6.685,33.398
8.920,6.704,33.496
8.930,6.704,33.545
8.940,6.699,33.545
8.950,6.714,33.594
8.960,6.719,33.643
8.970,6.719,33.643
8.980,6.733,33.691
8.990,6.733,33.740
9.000,6.758,33.838
9.010,6.748,33.887
9.020,6.748,33.887
9.030,6.768,33.984
9.040,6.768,34.033
9.050,6.772,34.033
9.060,6.792,34.082
9.070,6.792,34.131
9.080,6.797,34.180
9.090,6.802,34.180
9.100,6.816,34.180
9.110,6.812,34.277
9.120,6.826,34.326
9.130,6.821,34.326
9.140,6.836,34.375
9.150,6.836,34.424
9.160,6.851,34.473
9.170,6.846,34.521
9.180,6.860,34.619
9.190,6.875,34.619
9.200,6.870,34.668
9.210,6.895,34.766
9.220,6.899,34.766
9.230,6.895,34.814
9.240,6.899,34.814
9.250,6.919,34.961
9.260,6.914,34.961
9.270,6.919,34.961
9.280,6.948,35.059
9.290,6.948,35.107
9.300,6.953,35.059
9.310,6.958,35.156
9.320,6.958,35.156
9.330,6.968,35.205
9.340,6.968,35.205
9.350,6.978,35.303
9.360,6.982,35.303
9.370,6.997,35.303
9.380,7.002,35.352
9.390,7.007,35.400
9.400,7.012,35.498
9.410,7.026,35.547
9.420,7.026,35.645
9.430,7.036,35.645
9.440,7.036,35.645
9.450,7.051,35.742
9.460,7.051,35.693
9.470,7.051,35.742
9.480,7.070,35.840
9.490,7.065,35.840
9.500,7.070,35.840
9.510,7.095,35.938
9.520,7.095,36.035
9.530,7.090,35.986
9.540,7.104,36.035
9.550,7.100,36.035
9.560,7.124,36.133
9.570,7.124,36.133
9.580,7.124,36.182
9.590,7.139,36.230
9.600,7.144,36.279
9.610,7.148,36.279
9.620,7.163,36.328
9.630,7.163,36.377
9.640,7.173,36.426
9.650,7.178,36.426
9.660,7.192,36.572
9.670,7.178,36.523
9.680,7.183,36.572
9.690,7.222,36.621
9.700,7.217,36.719
9.710,7.217,36.719
9.720,7.217,36.719
9.730,7.231,36.768
9.740,7.236,36.768
9.750,7.236,36.816
9.760,7.246,36.914
9.770,7.256,36.865
9.780,7.256,36.914
9.790,7.266,36.963
9.800,7.271,36.963
9.810,7.300,37.109
9.820,7.290,37.109
9.830,7.295,37.158
9.840,7.310,37.207
9.850,7.310,37.207
9.860,7.314,37.256
9.870,7.319,37.256
9.880,7.324,37.305
9.890,7.334,37.354
9.900,7.349,37.402
9.910,7.344,37.451
9.920,7.368,37.451
9.930,7.368,37.500
9.940,7.373,37.549
9.950,7.378,37.598
9.960,7.378,37.598
9.970,7.383,37.646
9.980,7.393,37.646
9.990,7.393,37.646
10.000,7.388,37.695
10.010,7.393,37.695
10.000,7.393,37.695
9.990,7.393,37.695
9.980,7.393,37.744
9.970,7.393,37.744
9.960,7.397,37.744
9.950,7.393,37.744
9.940,7.393,37.793
9.930,7.393,37.793
9.920,7.388,37.793
9.910,7.393,37.842
9.900,7.393,37.793
9.890,7.393,37.842
9.880,7.388,37.842
9.870,7.373,37.891
9.860,7.378,37.793
9.850,7.354,37.842
9.840,7.349,37.842
9.830,7.344,37.842
9.820,7.344,37.842
9.810,7.329,37.842
9.800,7.324,37.891
9.790,7.324,37.842
9.780,7.319,37.842
9.770,7.314,37.842
9.760,7.300,37.842
9.750,7.295,37.842
9.740,7.295,37.842
9.730,7.285,37.842
9.720,7.285,37.891
9.710,7.266,37.793
9.700,7.271,37.842
9.690,7.251,37.842
9.680,7.251,37.793
9.670,7.236,37.842
9.660,7.236,37.842
9.650,7.227,37.842
9.640,7.231,37.842
9.630,7.207,37.842
9.620,7.197,37.842
9.610,7.202,37.842
9.600,7.188,37.842
9.590,7.192,37.842
9.580,7.178,37.793
9.570,7.183,37.842
9.560,7.168,37.793
9.550,7.168,37.744
9.540,7.158,37.793
9.530,7.158,37.793
9.520,7.134,37.793
9.510,7.134,37.793
9.500,7.124,37.744
9.490,7.129,37.744
9.480,7.114,37.695
9.470,7.114,37.744
9.460,7.100,37.695
9.450,7.104,37.695
9.440,7.090,37.695
9.430,7.085,37.646
9.420,7.070,37.646
9.410,7.070,37.598
9.400,7.061,37.598
9.390,7.061,37.598
9.380,7.041,37.549
9.370,7.041,37.549
9.360,7.036,37.549
9.350,7.021,37.549
9.340,7.021,37.500
9.330,7.012,37.451
9.320,7.007,37.500
9.310,7.007,37.451
9.300,7.002,37.402
9.290,6.987,37.402
9.280,6.987,37.402
9.270,6.973,37.402
9.260,6.978,37.354
9.250,6.968,37.354
9.240,6.968,37.354
9.230,6.948,37.354
9.220,6.948,37.256
9.210,6.938,37.256
9.200,6.938,37.256
9.190,6.919,37.256
9.180,6.924,37.256
9.170,6.914,37.256
9.160,6.909,37.207
9.150,6.890,37.207
9.140,6.895,37.109
9.130,6.875,37.109
9.120,6.880,37.158
9.110,6.865,37.109
9.100,6.865,37.109
9.090,6.851,37.061
9.080,6.851,37.061
9.070,6.836,37.061
9.060,6.841,37.061
9.050,6.826,37.012
9.040,6.826,37.012
9.030,6.812,36.963
9.020,6.812,36.963
9.010,6.802,36.914
9.000,6.802,36.914
8.990,6.787,36.865
8.980,6.782,36.914
8.970,6.772,36.865
8.960,6.763,36.816
8.950,6.758,36.816
8.940,6.758,36.865
8.930,6.748,36.768
8.920,6.738,36.768
8.910,6.733,36.768
8.900,6.733,36.768
8.890,6.714,36.670
8.880,6.714,36.670
8.870,6.704,36.621
8.860,6.709,36.670
8.850,6.694,36.621
8.840,6.689,36.621
8.830,6.670,36.572
8.820,6.680,36.523
8.810,6.665,36.523
8.800,6.665,36.475
8.790,6.650,36.475
8.780,6.655,36.475
8.770,6.636,36.426
8.760,6.631,36.426
8.750,6.626,36.377
8.740,6.621,36.377
8.730,6.611,36.377
8.720,6.611,36.328
8.710,6.606,36.328
8.700,6.597,36.279
8.690,6.597,36.279
8.680,6.582,36.279
8.670,6.587,36.279
8.660,6.563,36.230
8.650,6.572,36.182
8.640,6.558,36.133
8.630,6.553,36.133
8.620,6.548,36.133
8.610,6.548,36.035
8.600,6.528,36.035
8.590,6.528,36.035
8.580,6.509,35.986
8.570,6.514,35.986
8.560,6.499,35.938
8.550,6.499,35.938
8.540,6.489,35.938
8.530,6.479,35.938
8.520,6.475,35.889
8.510,6.470,35.840
8.500,6.470,35.889
8.490,6.460,35.791
8.480,6.455,35.791
8.470,6.436,35.742
8.460,6.440,35.742
8.450,6.426,35.693
8.440,6.426,35.693
8.430,6.411,35.645
8.420,6.416,35.693
8.410,6.406,35.596
8.400,6.401,35.596
8.390,6.387,35.547
8.380,6.392,35.547
8.370,6.377,35.498
8.360,6.377,35.547
8.350,6.362,35.449
8.340,6.357,35.400
8.330,6.348,35.400
8.320,6.343,35.400
8.310,6.333,35.352
8.300,6.333,35.303
8.290,6.318,35.303
8.280,6.323,35.303
8.270,6.304,35.254
8.260,6.304,35.254
8.250,6.299,35.205
8.240,6.294,35.156
8.230,6.279,35.156
8.220,6.279,35.156
8.210,6.265,35.059
8.200,6.265,35.107
8.190,6.250,35.059
8.180,6.250,35.010
8.170,6.230,34.961
8.160,6.240,34.961
8.150,6.226,34.961
8.140,6.230,34.912
8.130,6.216,34.863
8.120,6.216,34.814
8.110,6.201,34.814
8.100,6.201,34.766
8.090,6.196,34.814
8.080,6.191,34.717
8.070,6.177,34.766
8.060,6.177,34.717
8.050,6.157,34.619
8.040,6.157,34.619
8.030,6.143,34.570
8.020,6.143,34.570
8.010,6.138,34.521
8.000,6.123,34.521
7.990,6.123,34.521
7.980,6.108,34.424
7.970,6.113,34.424
7.960,6.104,34.375
7.950,6.099,34.375
7.940,6.084,34.326
7.930,6.089,34.326
7.920,6.074,34.229
7.910,6.074,34.229
7.900,6.064,34.229
7.890,6.060,34.180
7.880,6.045,34.180
7.870,6.045,34.082
7.860,6.035,34.082
7.850,6.035,34.082
7.840,6.025,34.033
7.830,6.021,33.984
7.820,6.006,33.936
7.810,6.006,33.936
7.800,5.996,33.887
7.790,5.991,33.936
7.780,5.977,33.838
7.770,5.977,33.789
7.760,5.962,33.789
7.750,5.962,33.740
7.740,5.957,33.740
7.730,5.957,33.740
7.720,5.942,33.691
7.710,5.938,33.643
7.700,5.928,33.594
7.690,5.928,33.594
7.680,5.913,33.545
7.670,5.908,33.545
7.660,5.898,33.447
7.650,5.898,33.447
7.640,5.889,33.447
7.630,5.889,33.398
7.620,5.874,33.350
7.610,5.874,33.301
7.600,5.859,33.252
7.590,5.854,33.252
7.580,5.845,33.203
7.570,5.850,33.154
7.560,5.830,33.057
7.550,5.830,33.105
7.540,5.820,33.057
7.530,5.811,33.008
7.520,5.801,32.959
7.510,5.801,32.959
7.500,5.791,32.910
7.490,5.786,32.861
7.480,5.781,32.910
7.470,5.771,32.813
7.460,5.767,32.813
7.450,5.767,32.813
7.440,5.752,32.715
7.430,5.752,32.715
7.420,5.742,32.666
7.410,5.737,32.617
7.400,5.732,32.617
7.390,5.713,32.568
7.380,5.708,32.520
7.370,5.708,32.422
7.360,5.703,32.422
7.350,5.688,32.422
7.340,5.688,32.422
7.330,5.674,32.324
7.320,5.674,32.324
7.310,5.669,32.275
7.300,5.664,32.275
7.290,5.649,32.178
7.280,5.649,32.178
7.270,5.635,32.129
7.260,5.640,32.080
7.250,5.625,32.031
7.240,5.630,31.982
7.230,5.615,31.982
7.220,5.610,31.934
7.210,5.596,31.885
7.200,5.596,31.885
7.190,5.586,31.836
7.180,5.576,31.787
7.170,5.566,31.738
7.160,5.566,31.738
7.150,5.562,31.689
7.140,5.562,31.641
7.130,5.542,31.592
7.120,5.542,31.592
7.110,5.532,31.543
7.100,5.532,31.543
7.090,5.513,31.445
7.080,5.518,31.445
7.070,5.503,31.348
7.060,5.503,31.299
7.050,5.493,31.250
7.040,5.493,31.299
7.030,5.474,31.201
7.020,5.474,31.152
7.010,5.464,31.152
7.000,5.464,31.104
6.990,5.454,31.055
6.980,5.449,31.055
6.970,5.430,30.957
6.960,5.435,30.957
6.950,5.430,30.908
6.940,5.415,30.859
6.930,5.415,30.811
6.920,5.405,30.762
6.910,5.400,30.762
6.900,5.396,30.713
6.890,5.396,30.664
6.880,5.381,30.615
6.870,5.376,30.615
6.860,5.366,30.518
6.850,5.361,30.469
6.840,5.356,30.469
6.830,5.356,30.469
6.820,5.342,30.322
6.810,5.342,30.371
6.800,5.327,30.273
6.790,5.322,30.225
6.780,5.313,30.225
6.770,5.317,30.127
6.760,5.298,30.078
6.750,5.298,30.029
6.740,5.288,30.029
6.730,5.288,29.980
6.720,5.273,29.932
6.710,5.273,29.834
6.700,5.259,29.785
6.690,5.254,29.834
6.680,5.244,29.736
6.670,5.244,29.688
6.660,5.239,29.688
6.650,5.234,29.590
6.640,5.220,29.590
6.630,5.220,29.541
6.620,5.205,29.492
6.610,5.205,29.443
6.600,5.190,29.395
6.590,5.190,29.395
6.580,5.181,29.297
6.570,5.176,29.297
6.560,5.161,29.199
6.550,5.161,29.199
6.540,5.151,29.150
6.530,5.151,29.102
6.520,5.137,29.004
6.510,5.132,29.004
6.500,5.122,28.955
6.490,5.122,28.906
6.480,5.112,28.906
6.470,5.112,28.857
6.460,5.098,28.760
6.450,5.093,28.760
6.440,5.088,28.711
6.430,5.078,28.711
6.420,5.073,28.613
6.410,5.068,28.564
6.400,5.059,28.516
6.390,5.054,28.516
6.380,5.049,28.467
6.370,5.044,28.418
6.360,5.034,28.320
6.350,5.029,28.223
6.340,5.024,28.223
6.330,5.015,28.174
6.320,5.005,28.125
6.310,5.000,28.076
6.300,5.000,28.076
6.290,4.990,27.930
6.280,4.980,27.930
6.270,4.971,27.881
6.260,4.966,27.881
6.250,4.961,27.832
6.240,4.951,27.734
6.230,4.946,27.686
6.220,4.946,27.637
6.210,4.941,27.637
6.200,4.932,27.539
6.190,4.927,27.490
6.180,4.917,27.393
6.170,4.917,27.441
6.160,4.897,27.344
6.150,4.897,27.295
6.140,4.878,27.246
6.130,4.883,27.148
6.120,4.873,27.148
6.110,4.873,27.051
6.100,4.854,27.051
6.090,4.854,27.002
6.080,4.849,26.904
6.070,4.844,26.904
6.060,4.834,26.807
6.050,4.834,26.758
6.040,4.819,26.758
6.030,4.819,26.660
6.020,4.810,26.611
6.010,4.800,26.563
6.000,4.795,26.514
5.990,4.785,26.465
5.980,4.780,26.416
5.970,4.771,26.318
5.960,4.766,26.318
5.950,4.761,26.318
5.940,4.756,26.221
5.930,4.746,26.123
5.920,4.731,26.123
5.910,4.731,26.025
5.900,4.722,26.025
5.890,4.717,25.977
5.880,4.712,25.928
5.870,4.702,25.781
5.860,4.697,25.781
5.850,4.692,25.732
5.840,4.688,25.732
5.830,4.678,25.635
5.820,4.668,25.586
5.810,4.663,25.488
5.800,4.658,25.439
5.790,4.653,25.439
5.780,4.648,25.391
5.770,4.639,25.293
5.760,4.644,25.293
5.750,4.624,25.146
5.740,4.619,25.146
5.730,4.609,25.098
5.720,4.609,25.049
5.710,4.595,24.951
5.700,4.600,24.951
5.690,4.575,24.854
5.680,4.580,24.854
5.670,4.570,24.756
5.660,4.570,24.658
5.650,4.556,24.609
5.640,4.556,24.561
5.630,4.546,24.561
5.620,4.541,24.414
5.610,4.526,24.414
5.600,4.521,24.316
5.590,4.517,24.316
5.580,4.512,24.219
5.570,4.507,24.170
5.560,4.507,24.072
5.550,4.482,24.023
5.540,4.487,23.975
5.530,4.478,23.926
5.520,4.468,23.926
5.510,4.458,23.828
5.500,4.463,23.828
5.490,4.448,23.730
5.480,4.448,23.682
5.470,4.429,23.633
5.460,4.429,23.584
5.450,4.419,23.486
5.440,4.419,23.438
5.430,4.409,23.389
5.420,4.404,23.340
5.410,4.395,23.242
5.400,4.395,23.193
5.390,4.385,23.145
5.380,4.375,23.047
5.370,4.365,22.998
5.360,4.365,22.949
5.350,4.355,22.900
5.340,4.355,22.852
5.330,4.341,22.803
5.320,4.336,22.705
5.310,4.321,22.656
5.300,4.326,22.559
5.290,4.316,22.510
5.280,4.307,22.461
5.270,4.302,22.363
5.260,4.292,22.363
5.250,4.287,22.266
5.240,4.282,22.217
5.230,4.272,22.168
5.220,4.272,22.168
5.210,4.258,22.021
5.200,4.263,22.021
5.190,4.253,21.924
5.180,4.243,21.875
5.170,4.233,21.826
5.160,4.224,21.729
5.150,4.224,21.729
5.140,4.219,21.582
5.130,4.214,21.582
5.120,4.204,21.484
5.110,4.199,21.436
5.100,4.189,21.338
5.090,4.185,21.240
5.080,4.175,21.240
5.070,4.165,21.143
5.060,4.165,21.094
5.050,4.155,20.996
5.040,4.150,20.996
5.030,4.141,20.947
5.020,4.131,20.850
5.010,4.126,20.801
5.000,4.131,20.752
4.990,4.111,20.703
4.980,4.111,20.654
4.970,4.102,20.557
4.960,4.102,20.557
4.950,4.092,20.459
4.940,4.082,20.361
4.930,4.077,20.313
4.920,4.072,20.313
4.910,4.058,20.215
4.900,4.058,20.117
4.890,4.038,20.020
4.880,4.038,19.971
4.870,4.033,19.873
4.860,4.028,19.824
4.850,4.019,19.824
4.840,4.014,19.678
4.830,4.009,19.678
4.820,4.004,19.629
4.810,3.994,19.580
4.800,3.989,19.482
4.790,3.984,19.482
4.780,3.979,19.336
4.770,3.970,19.287
4.760,3.965,19.238
4.750,3.955,19.189
4.740,3.945,19.092
4.730,3.945,19.043
4.720,3.940,18.945
4.710,3.931,18.945
4.700,3.926,18.848
4.690,3.921,18.799
4.680,3.911,18.701
4.670,3.901,18.701
4.660,3.896,18.652
4.650,3.896,18.555
4.640,3.877,18.408
4.630,3.872,18.408
4.620,3.867,18.408
4.610,3.862,18.262
4.600,3.862,18.213
4.590,3.848,18.164
4.580,3.848,18.115
4.570,3.838,18.018
4.560,3.833,17.969
4.550,3.823,17.871
4.540,3.823,17.871
4.530,3.813,17.822
4.520,3.809,17.725
4.510,3.794,17.676
4.500,3.799,17.578
4.490,3.784,17.529
4.480,3.784,17.480
4.470,3.770,17.432
4.460,3.770,17.334
4.450,3.755,17.236
4.440,3.750,17.236
4.430,3.740,17.139
4.420,3.740,17.041
4.410,3.730,17.041
4.400,3.726,16.943
4.390,3.711,16.895
4.380,3.711,16.895
4.370,3.701,16.797
4.360,3.696,16.748
4.350,3.691,16.650
4.340,3.677,16.602
4.330,3.672,16.553
4.320,3.667,16.455
4.310,3.667,16.406
4.300,3.662,16.309
4.290,3.647,16.260
4.280,3.647,16.211
4.270,3.633,16.064
4.260,3.633,16.016
4.250,3.623,16.016
4.240,3.613,15.869
4.230,3.618,15.869
4.220,3.604,15.771
4.210,3.594,15.771
4.200,3.589,15.674
4.190,3.584,15.625
4.180,3.574,15.576
4.170,3.574,15.527
4.160,3.564,15.479
4.150,3.560,15.381
4.140,3.550,15.332
4.130,3.540,15.234
4.120,3.535,15.186
4.110,3.535,15.137
4.100,3.521,15.088
4.090,3.521,15.039
4.080,3.511,14.941
4.070,3.506,14.844
4.060,3.496,14.844
4.050,3.486,14.795
4.040,3.486,14.746
4.030,3.477,14.648
4.020,3.472,14.600
4.010,3.467,14.551
4.000,3.457,14.502
3.990,3.457,14.453
3.980,3.442,14.355
3.970,3.433,14.307
3.960,3.433,14.258
3.950,3.428,14.209
3.940,3.423,14.209
3.930,3.418,14.111
3.920,3.408,14.063
3.910,3.398,13.916
3.900,3.389,13.916
3.890,3.384,13.867
3.880,3.379,13.818
3.870,3.369,13.721
3.860,3.369,13.672
3.850,3.350,13.623
3.840,3.345,13.525
3.830,3.340,13.477
3.820,3.335,13.428
3.810,3.330,13.379
3.800,3.320,13.330
3.790,3.315,13.232
3.780,3.306,13.184
3.770,3.301,13.135
3.760,3.296,13.086
3.750,3.286,13.037
3.740,3.281,12.939
3.730,3.276,12.988
3.720,3.267,12.842
3.710,3.271,12.793
3.700,3.257,12.793
3.690,3.252,12.744
3.680,3.247,12.695
3.670,3.242,12.646
3.660,3.228,12.549
3.650,3.223,12.451
3.640,3.213,12.402
3.630,3.203,12.305
3.620,3.203,12.256
3.610,3.198,12.256
3.600,3.184,12.158
3.590,3.184,12.158
3.580,3.174,12.061
3.570,3.169,12.012
3.560,3.159,11.963
3.550,3.154,11.914
3.540,3.154,11.914
3.530,3.145,11.816
3.520,3.135,11.816
3.510,3.135,11.719
3.500,3.125,11.670
3.490,3.120,11.621
3.480,3.110,11.523
3.470,3.105,11.523
3.460,3.096,11.426
3.450,3.091,11.377
3.440,3.086,11.328
3.430,3.076,11.328
3.420,3.071,11.279
3.410,3.057,11.182
3.400,3.052,11.133
3.390,3.037,11.084
3.380,3.042,11.035
3.370,3.032,11.035
3.360,3.027,10.938
3.350,3.022,10.938
3.340,3.018,10.840
3.330,3.013,10.840
3.320,3.003,10.742
3.310,2.993,10.742
3.300,2.988,10.693
3.290,2.979,10.645
3.280,2.979,10.596
3.270,2.974,10.547
3.260,2.959,10.498
3.250,2.959,10.449
3.240,2.954,10.400
3.230,2.949,10.352
3.220,2.939,10.352
3.210,2.930,10.205
3.200,2.925,10.156
3.190,2.915,10.107
3.180,2.915,10.059
3.170,2.896,10.010
3.160,2.900,10.010
3.150,2.891,9.912
3.140,2.886,9.863
3.130,2.881,9.863
3.120,2.866,9.814
3.110,2.861,9.717
3.100,2.861,9.717
3.090,2.847,9.668
3.080,2.847,9.619
3.070,2.842,9.570
3.060,2.837,9.570
3.050,2.827,9.473
3.040,2.817,9.473
3.030,2.808,9.375
3.020,2.803,9.375
3.010,2.793,9.277
3.000,2.788,9.229
2.990,2.783,9.229
2.980,2.778,9.180
2.970,2.773,9.131
2.960,2.769,9.131
2.950,2.764,9.033
2.940,2.754,9.033
2.930,2.744,8.936
2.920,2.734,8.887
2.910,2.729,8.838
2.900,2.725,8.838
2.890,2.720,8.789
2.880,2.710,8.740
2.870,2.700,8.691
2.860,2.700,8.643
2.850,2.690,8.594
2.840,2.681,8.545
2.830,2.681,8.545
2.820,2.671,8.496
2.810,2.661,8.398
2.800,2.656,8.350
2.790,2.651,8.350
2.780,2.646,8.301
2.770,2.632,8.301
2.760,2.632,8.203
2.750,2.632,8.203
2.740,2.622,8.203
2.730,2.617,8.154
2.720,2.603,8.057
2.710,2.598,8.057
2.700,2.593,8.008
2.690,2.583,8.008
2.680,2.573,7.861
2.670,2.573,7.861
2.660,2.563,7.813
2.650,2.559,7.764
2.640,2.549,7.715
2.630,2.549,7.715
2.620,2.539,7.666
2.610,2.534,7.617
2.600,2.520,7.617
2.590,2.515,7.617
2.580,2.510,7.520
2.570,2.505,7.520
2.560,2.500,7.471
2.550,2.490,7.422
2.540,2.480,7.373
2.530,2.480,7.373
2.520,2.471,7.275
2.510,2.461,7.227
2.500,2.456,7.178
2.490,2.456,7.178
2.480,2.441,7.129
2.470,2.437,7.129
2.460,2.432,7.080
2.450,2.427,7.031
2.440,2.417,6.982
2.430,2.407,6.934
2.420,2.417,6.934
2.410,2.402,6.885
2.400,2.393,6.836
2.390,2.383,6.787
2.380,2.378,6.836
2.370,2.373,6.738
2.360,2.358,6.689
2.350,2.354,6.689
2.340,2.344,6.641
2.330,2.344,6.592
2.320,2.329,6.592
2.310,2.324,6.543
2.300,2.319,6.494
2.290,2.314,6.445
2.280,2.310,6.445
2.270,2.305,6.396
2.260,2.290,6.348
2.250,2.290,6.348
2.240,2.285,6.299
2.230,2.280,6.250
2.220,2.271,6.201
2.210,2.266,6.201
2.200,2.256,6.152
2.190,2.251,6.104
2.180,2.241,6.055
2.170,2.236,6.055
2.160,2.231,6.006
2.150,2.217,6.006
2.140,2.212,5.957
2.130,2.207,5.908
2.120,2.202,5.859
2.110,2.197,5.859
2.100,2.188,5.859
2.090,2.178,5.762
2.080,2.178,5.762
2.070,2.168,5.713
2.060,2.168,5.664
2.050,2.153,5.713
2.040,2.148,5.615
2.030,2.148,5.615
2.020,2.144,5.615
2.010,2.129,5.518
2.000,2.124,5.518
1.990,2.119,5.518
1.980,2.109,5.469
1.970,2.095,5.371
1.960,2.095,5.371
1.950,2.080,5.371
1.940,2.080,5.322
1.930,2.075,5.273
1.920,2.070,5.273
1.910,2.061,5.273
1.900,2.056,5.225
1.890,2.041,5.176
1.880,2.046,5.127
1.870,2.036,5.127
1.860,2.031,5.127
1.850,2.017,5.078
1.840,2.017,4.980
1.830,2.007,4.980
1.820,2.002,5.029
1.810,1.992,4.932
1.800,1.982,4.932
1.790,1.982,4.883
1.780,1.973,4.883
1.770,1.963,4.834
1.760,1.958,4.785
1.750,1.953,4.736
1.740,1.943,4.736
1.730,1.943,4.688
1.720,1.929,4.688
1.710,1.924,4.639
1.700,1.924,4.639
1.690,1.914,4.590
1.680,1.909,4.541
1.670,1.899,4.492
1.660,1.895,4.541
1.650,1.885,4.492
1.640,1.885,4.443
1.630,1.875,4.443
1.620,1.870,4.395
1.610,1.860,4.395
1.600,1.860,4.346
1.590,1.846,4.346
1.580,1.841,4.297
1.570,1.836,4.248
1.560,1.821,4.248
1.550,1.816,4.150
1.540,1.816,4.150
1.530,1.807,4.150
1.520,1.797,4.102
1.510,1.797,4.053
1.500,1.787,4.053
1.490,1.782,4.102
1.480,1.772,4.004
1.470,1.763,4.004
1.460,1.763,3.955
1.450,1.758,3.955
1.440,1.753,3.906
1.430,1.743,3.857
1.420,1.733,3.906
1.410,1.729,3.857
1.400,1.724,3.809
1.390,1.719,3.809
1.380,1.714,3.760
1.370,1.704,3.760
1.360,1.694,3.662
1.350,1.689,3.662
1.340,1.675,3.662
1.330,1.665,3.613
1.320,1.655,3.564
1.310,1.650,3.613
1.300,1.646,3.564
1.290,1.641,3.516
1.280,1.636,3.467
1.270,1.626,3.467
1.260,1.626,3.467
1.250,1.616,3.418
1.240,1.611,3.369
1.230,1.602,3.369
1.220,1.597,3.369
1.210,1.592,3.320
1.200,1.582,3.320
1.190,1.582,3.223
1.180,1.577,3.223
1.170,1.567,3.223
1.160,1.567,3.223
1.150,1.553,3.174
1.140,1.548,3.174
1.130,1.533,3.076
1.120,1.528,3.125
1.110,1.519,3.076
1.100,1.514,3.076
1.090,1.509,3.027
1.080,1.504,3.027
1.070,1.504,2.979
1.060,1.489,2.979
1.050,1.484,2.930
1.040,1.475,2.930
1.030,1.475,2.930
1.020,1.465,2.881
1.010,1.460,2.881
1.000,1.455,2.832
0.990,1.445,2.832
0.980,1.440,2.783
0.970,1.436,2.783
0.960,1.426,2.734
0.950,1.421,2.734
0.940,1.411,2.686
0.930,1.406,2.686
0.920,1.396,2.637
0.910,1.392,2.588
0.900,1.382,2.637
0.890,1.382,2.588
0.880,1.377,2.588
0.870,1.362,2.539
0.860,1.357,2.539
0.850,1.357,2.539
0.840,1.348,2.490
0.830,1.338,2.441
0.820,1.323,2.490
0.810,1.323,2.393
0.800,1.318,2.393
0.790,1.313,2.344
0.780,1.299,2.344
0.770,1.289,2.344
0.760,1.289,2.295
0.750,1.279,2.295
0.740,1.284,2.246
0.730,1.274,2.295
0.720,1.260,2.197
0.710,1.255,2.197
0.700,1.250,2.197
0.690,1.240,2.197
0.680,1.235,2.148
0.670,1.230,2.100
0.660,1.221,2.148
0.650,1.216,2.100
0.640,1.211,2.051
0.630,1.196,2.051
0.620,1.201,2.002
0.610,1.191,1.953
0.600,1.187,2.002
0.590,1.182,2.002
0.580,1.172,1.953
0.570,1.162,1.953
0.560,1.162,1.904
0.550,1.152,1.904
0.540,1.147,1.904
0.530,1.138,1.855
0.520,1.128,1.855
0.510,1.123,1.807
0.500,1.118,1.758
0.490,1.104,1.807
0.480,1.099,1.758
0.470,1.094,1.758
0.460,1.089,1.709
0.450,1.079,1.709
0.440,1.074,1.660
0.430,1.069,1.611
0.420,1.060,1.611
0.410,1.060,1.563
0.400,1.055,1.563
0.390,1.045,1.563
0.380,1.045,1.563
0.370,1.035,1.563
0.360,1.040,1.563
0.350,1.025,1.514
0.340,1.021,1.514
0.330,1.016,1.514
0.320,1.011,1.465
0.310,1.001,1.416
0.300,0.996,1.416
0.290,0.977,1.416
0.280,0.967,1.367
0.270,0.967,1.318
0.260,0.962,1.318
0.250,0.952,1.318
0.240,0.947,1.270
0.230,0.942,1.270
0.220,0.928,1.270
0.210,0.918,1.270
0.200,0.918,1.172
0.190,0.918,1.221
0.180,0.913,1.221
0.170,0.903,1.172
0.160,0.889,1.172
0.150,0.889,1.172
0.140,0.879,1.074
0.130,0.874,1.123
0.120,0.869,1.074
0.110,0.864,1.074
0.100,0.791,0.977
0.090,0.791,0.977
0.080,0.791,0.928
0.070,0.796,0.928
0.060,0.791,0.879
0.050,0.791,0.879
0.040,0.791,0.879
0.030,0.791,0.879
0.020,0.796,0.879
0.010,0.791,0.879
0.000,0.796,0.928
0.000,0.791,0.000
0.010,0.791,-0.049
0.020,0.796,-0.049
0.030,0.791,-0.049
0.040,0.791,-0.049
0.050,0.791,-0.049
0.060,0.791,-0.049
0.070,0.796,-0.049
0.080,0.786,-0.049
0.090,0.791,-0.049
0.100,0.786,-0.049
0.110,0.791,-0.049
0.120,0.791,-0.049
0.130,0.791,-0.049
0.140,0.791,-0.049
0.150,0.796,0.000
0.160,0.811,-0.049
0.170,0.811,-0.049
0.180,0.825,-0.049
0.190,0.830,-0.049
0.200,0.830,-0.049
0.210,0.859,0.000
0.220,0.869,-0.049
0.230,0.864,0.000
0.240,0.874,-0.049
0.250,0.874,0.000
0.260,0.889,-0.049
0.270,0.894,0.000
0.280,0.894,-0.049
0.290,0.908,0.049
0.300,0.903,0.000
0.310,0.913,-0.049
0.320,0.923,0.049
0.330,0.933,0.049
0.340,0.938,0.049
0.350,0.942,0.000
0.360,0.957,0.049
0.370,0.962,0.098
0.380,0.962,0.098
0.390,0.981,0.098
0.400,0.981,0.098
0.410,0.986,0.098
0.420,0.991,0.098
0.430,1.001,0.098
0.440,1.011,0.146
0.450,1.011,0.146
0.460,1.016,0.146
0.470,1.025,0.146
0.480,1.040,0.146
0.490,1.045,0.195
0.500,1.045,0.195
0.510,1.055,0.195
0.520,1.064,0.195
0.530,1.074,0.195
0.540,1.074,0.244
0.550,1.084,0.244
0.560,1.089,0.244
0.570,1.094,0.244
0.580,1.099,0.293
0.590,1.108,0.293
0.600,1.118,0.244
0.610,1.118,0.342
0.620,1.128,0.293
0.630,1.138,0.293
0.640,1.138,0.293
0.650,1.152,0.342
0.660,1.157,0.342
0.670,1.157,0.391
0.680,1.162,0.391
0.690,1.172,0.391
0.700,1.172,0.391
0.710,1.187,0.391
0.720,1.191,0.439
0.730,1.206,0.439
0.740,1.211,0.488
0.750,1.211,0.439
0.760,1.226,0.488
0.770,1.226,0.488
0.780,1.226,0.488
0.790,1.250,0.537
0.800,1.250,0.537
0.810,1.250,0.537
0.820,1.265,0.537
0.830,1.265,0.586
0.840,1.270,0.537
0.850,1.274,0.586
0.860,1.294,0.586
0.870,1.294,0.586
0.880,1.299,0.635
0.890,1.313,0.635
0.900,1.309,0.635
0.910,1.323,0.684
0.920,1.328,0.732
0.930,1.328,0.684
0.940,1.353,0.684
0.950,1.357,0.684
0.960,1.357,0.684
0.970,1.367,0.732
0.980,1.372,0.781
0.990,1.377,0.781
1.000,1.377,0.781
1.010,1.392,0.781
1.020,1.396,0.781
1.030,1.406,0.830
1.040,1.406,0.879
1.050,1.416,0.830
1.060,1.416,0.879
1.070,1.436,0.928
1.080,1.440,0.928
1.090,1.445,0.928
1.100,1.445,0.928
1.110,1.465,0.928
1.120,1.470,0.977
1.130,1.465,0.977
1.140,1.479,0.977
1.150,1.484,1.025
1.160,1.489,1.025
1.170,1.504,1.025
1.180,1.509,1.074
1.190,1.514,1.074
1.200,1.523,1.025
1.210,1.519,1.123
1.220,1.538,1.123
1.230,1.538,1.172
1.240,1.538,1.172
1.250,1.553,1.172
1.260,1.558,1.172
1.270,1.563,1.221
1.280,1.567,1.172
1.290,1.577,1.270
1.300,1.587,1.221
1.310,1.587,1.221
1.320,1.602,1.318
1.330,1.597,1.270
1.340,1.611,1.270
1.350,1.616,1.318
1.360,1.626,1.318
1.370,1.631,1.318
1.380,1.641,1.367
1.390,1.646,1.367
1.400,1.646,1.416
1.410,1.655,1.416
1.420,1.660,1.416
1.430,1.675,1.465
1.440,1.685,1.465
1.450,1.680,1.465
1.460,1.699,1.514
1.470,1.709,1.514
1.480,1.704,1.514
1.490,1.724,1.563
1.500,1.719,1.611
1.510,1.719,1.611
1.520,1.738,1.660
1.530,1.743,1.660
1.540,1.743,1.660
1.550,1.763,1.660
1.560,1.763,1.660
1.570,1.768,1.709
1.580,1.768,1.709
1.590,1.792,1.709
1.600,1.792,1.758
1.610,1.792,1.758
1.620,1.812,1.758
1.630,1.812,1.807
1.640,1.812,1.807
1.650,1.826,1.855
1.660,1.831,1.807
1.670,1.836,1.855
1.680,1.846,1.855
1.690,1.841,1.904
1.700,1.860,1.904
1.710,1.860,1.953
1.720,1.865,1.953
1.730,1.885,2.002
1.740,1.885,2.002
1.750,1.885,2.002
1.760,1.899,2.051
1.770,1.899,2.002
1.780,1.914,2.051
1.790,1.919,2.100
1.800,1.919,2.100
1.810,1.938,2.100
1.820,1.938,2.197
1.830,1.938,2.197
1.840,1.953,2.148
1.850,1.963,2.197
1.860,1.968,2.246
1.870,1.968,2.246
1.880,1.978,2.295
1.890,1.992,2.246
1.900,1.987,2.295
1.910,1.992,2.295
1.920,2.012,2.393
1.930,2.017,2.393
1.940,2.017,2.344
1.950,2.021,2.393
1.960,2.041,2.441
1.970,2.041,2.490
1.980,2.041,2.490
1.990,2.070,2.539
2.000,2.070,2.539
2.010,2.070,2.539
2.020,2.080,2.539
2.030,2.090,2.588
2.040,2.090,2.637
2.050,2.090,2.637
2.060,2.104,2.637
2.070,2.109,2.734
2.080,2.109,2.637
2.090,2.119,2.734
2.100,2.129,2.686
2.110,2.134,2.734
2.120,2.139,2.783
2.130,2.148,2.783
2.140,2.148,2.783
2.150,2.163,2.832
2.160,2.168,2.832
2.170,2.168,2.881
2.180,2.192,2.930
2.190,2.192,2.930
2.200,2.197,2.979
2.210,2.207,2.979
2.220,2.202,2.979
2.230,2.207,3.027
2.240,2.217,3.076
2.250,2.236,3.076
2.260,2.236,3.076
2.270,2.236,3.076
2.280,2.251,3.076
2.290,2.246,3.125
2.300,2.261,3.174
2.310,2.266,3.174
2.320,2.280,3.223
2.330,2.280,3.223
2.340,2.275,3.223
2.350,2.305,3.320
2.360,2.305,3.320
2.370,2.300,3.320
2.380,2.314,3.369
2.390,2.319,3.369
2.400,2.319,3.418
2.410,2.334,3.418
2.420,2.334,3.418
2.430,2.354,3.516
2.440,2.354,3.516
2.450,2.354,3.516
2.460,2.368,3.564
2.470,2.363,3.564
2.480,2.383,3.564
2.490,2.388,3.662
2.500,2.393,3.711
2.510,2.397,3.662
2.520,2.412,3.711
2.530,2.407,3.760
2.540,2.432,3.760
2.550,2.437,3.857
2.560,2.427,3.809
2.570,2.446,3.857
2.580,2.446,3.857
2.590,2.466,3.906
2.600,2.466,3.906
2.610,2.461,3.955
2.620,2.471,3.955
2.630,2.476,4.004
2.640,2.490,4.004
2.650,2.490,4.053
2.660,2.500,4.053
2.670,2.505,4.102
2.680,2.524,4.150
2.690,2.529,4.199
2.700,2.529,4.199
2.710,2.539,4.199
2.720,2.539,4.199
2.730,2.549,4.297
2.740,2.544,4.297
2.750,2.559,4.297
2.760,2.563,4.297
2.770,2.568,4.346
2.780,2.568,4.395
2.790,2.598,4.443
2.800,2.598,4.492
2.810,2.598,4.443
2.820,2.612,4.541
2.830,2.617,4.541
2.840,2.617,4.590
2.850,2.622,4.590
2.860,2.646,4.639
2.870,2.642,4.688
2.880,2.646,4.688
2.890,2.661,4.736
2.900,2.661,4.736
2.910,2.661,4.736
2.920,2.676,4.785
2.930,2.676,4.834
2.940,2.681,4.834
2.950,2.690,4.834
2.960,2.695,4.883
2.970,2.715,4.932
2.980,2.715,4.980
2.990,2.710,5.029
3.000,2.739,5.078
3.010,2.739,5.078
3.020,2.734,5.078
3.030,2.754,5.127
3.040,2.754,5.127
3.050,2.773,5.225
3.060,2.773,5.273
3.070,2.769,5.225
3.080,2.783,5.322
3.090,2.783,5.322
3.100,2.793,5.322
3.110,2.817,5.420
3.120,2.817,5.420
3.130,2.822,5.469
3.140,2.822,5.469
3.150,2.822,5.469
3.160,2.842,5.566
3.170,2.856,5.566
3.180,2.847,5.566
3.190,2.861,5.615
3.200,2.856,5.664
3.210,2.881,5.713
3.220,2.881,5.713
3.230,2.886,5.762
3.240,2.896,5.811
3.250,2.896,5.811
3.260,2.910,5.859
3.270,2.910,5.908
3.280,2.925,5.908
3.290,2.920,5.957
3.300,2.935,6.006
3.310,2.939,6.055
3.320,2.949,6.104
3.330,2.944,6.104
3.340,2.954,6.104
3.350,2.959,6.152
3.360,2.979,6.250
3.370,2.979,6.250
3.380,2.983,6.250
3.390,2.988,6.299
3.400,2.988,6.348
3.410,3.003,6.299
3.420,3.003,6.396
3.430,3.022,6.445
3.440,3.018,6.494
3.450,3.027,6.494
3.460,3.042,6.543
3.470,3.042,6.592
3.480,3.047,6.592
3.490,3.052,6.641
3.500,3.071,6.738
3.510,3.066,6.738
3.520,3.096,6.787
3.530,3.096,6.885
3.540,3.096,6.885
3.550,3.096,6.885
3.560,3.110,6.885
3.570,3.110,6.934
3.580,3.115,6.982
3.590,3.140,7.031
3.600,3.135,7.080
3.610,3.140,7.080
3.620,3.140,7.129
3.630,3.159,7.178
3.640,3.159,7.227
3.650,3.169,7.275
3.660,3.164,7.324
3.670,3.188,7.373
3.680,3.188,7.422
3.690,3.198,7.422
3.700,3.193,7.422
3.710,3.198,7.471
3.720,3.223,7.568
3.730,3.218,7.617
3.740,3.228,7.617
3.750,3.228,7.568
3.760,3.247,7.715
3.770,3.247,7.715
3.780,3.252,7.764
3.790,3.262,7.813
3.800,3.262,7.813
3.810,3.276,7.910
3.820,3.276,7.910
3.830,3.286,7.910
3.840,3.281,7.959
3.850,3.306,8.057
3.860,3.311,8.057
3.870,3.315,8.105
3.880,3.325,8.154
3.890,3.325,8.203
3.900,3.335,8.203
3.910,3.345,8.252
3.920,3.340,8.301
3.930,3.359,8.350
3.940,3.364,8.398
3.950,3.354,8.447
3.960,3.384,8.496
3.970,3.384,8.594
3.980,3.384,8.594
3.990,3.394,8.594
4.000,3.394,8.643
4.010,3.408,8.691
4.020,3.408,8.691
4.030,3.438,8.789
4.040,3.433,8.789
4.050,3.433,8.838
4.060,3.433,8.838
4.070,3.467,8.984
4.080,3.457,8.984
4.090,3.462,9.033
4.100,3.477,9.082
4.110,3.472,9.082
4.120,3.486,9.131
4.130,3.481,9.180
4.140,3.501,9.229
4.150,3.501,9.277
4.160,3.511,9.375
4.170,3.511,9.375
4.180,3.530,9.424
4.190,3.525,9.424
4.200,3.540,9.521
4.210,3.540,9.521
4.220,3.555,9.619
4.230,3.555,9.668
4.240,3.560,9.717
4.250,3.564,9.717
4.260,3.574,9.766
4.270,3.574,9.814
4.280,3.608,9.912
4.290,3.604,9.961
4.300,3.599,10.059
4.310,3.604,10.059
4.320,3.628,10.107
4.330,3.633,10.107
4.340,3.628,10.107
4.350,3.643,10.205
4.360,3.643,10.254
4.370,3.647,10.303
4.380,3.662,10.400
4.390,3.657,10.449
4.400,3.672,10.449
4.410,3.672,10.498
4.420,3.687,10.596
4.430,3.687,10.645
4.440,3.687,10.596
4.450,3.711,10.693
4.460,3.711,10.742
4.470,3.706,10.791
4.480,3.726,10.840
4.490,3.730,10.889
4.500,3.730,10.938
4.510,3.750,10.986
4.520,3.750,11.035
4.530,3.755,11.084
4.540,3.765,11.133
4.550,3.774,11.133
4.560,3.779,11.182
4.570,3.779,11.230
4.580,3.804,11.328
4.590,3.799,11.377
4.600,3.804,11.426
4.610,3.813,11.475
4.620,3.809,11.475
4.630,3.833,11.572
4.640,3.833,11.621
4.650,3.833,11.670
4.660,3.833,11.670
4.670,3.853,11.719
4.680,3.853,11.768
4.690,3.872,11.865
4.700,3.872,11.963
4.710,3.872,11.963
4.720,3.872,12.012
4.730,3.901,12.158
4.740,3.896,12.109
4.750,3.901,12.207
4.760,3.906,12.207
4.770,3.911,12.305
4.780,3.921,12.305
4.790,3.921,12.354
4.800,3.931,12.402
4.810,3.945,12.500
4.820,3.945,12.500
4.830,3.955,12.549
4.840,3.955,12.598
4.850,3.965,12.695
4.860,3.970,12.695
4.870,3.994,12.793
4.880,3.984,12.891
4.890,3.984,12.891
4.900,4.004,12.939
4.910,4.009,13.037
4.920,4.014,13.086
4.930,4.019,13.135
4.940,4.033,13.184
4.950,4.033,13.232
4.960,4.043,13.281
4.970,4.043,13.330
4.980,4.067,13.428
4.990,4.058,13.477
5.000,4.063,13.477
5.010,4.067,13.525
5.020,4.077,13.574
5.030,4.092,13.672
5.040,4.087,13.721
5.050,4.092,13.770
5.060,4.102,13.770
5.070,4.111,13.867
5.080,4.116,13.965
5.090,4.131,14.014
5.100,4.136,14.063
5.110,4.136,14.111
5.120,4.160,14.209
5.130,4.155,14.258
5.140,4.165,14.355
5.150,4.175,14.404
5.160,4.170,14.453
5.170,4.180,14.551
5.180,4.194,14.502
5.190,4.194,14.600
5.200,4.194,14.648
5.210,4.204,14.648
5.220,4.214,14.746
5.230,4.214,14.795
5.240,4.229,14.893
5.250,4.233,14.941
5.260,4.248,14.990
5.270,4.243,15.039
5.280,4.253,15.088
5.290,4.268,15.137
5.300,4.268,15.283
5.310,4.268,15.283
5.320,4.287,15.332
5.330,4.292,15.430
5.340,4.292,15.479
5.350,4.307,15.527
5.360,4.302,15.527
5.370,4.321,15.674
5.380,4.321,15.723
5.390,4.326,15.771
5.400,4.341,15.869
5.410,4.341,15.918
5.420,4.351,15.918
5.430,4.351,16.016
5.440,4.351,16.064
5.450,4.370,16.113
5.460,4.360,16.162
5.470,4.380,16.260
5.480,4.385,16.309
5.490,4.390,16.406
5.500,4.395,16.406
5.510,4.404,16.455
5.520,4.409,16.504
5.530,4.434,16.699
5.540,4.434,16.699
5.550,4.429,16.699
5.560,4.443,16.797
5.570,4.438,16.797
5.580,4.463,16.895
5.590,4.468,16.992
5.600,4.463,16.992
5.610,4.478,17.090
5.620,4.478,17.188
5.630,4.497,17.236
5.640,4.492,17.236
5.650,4.497,17.383
5.660,4.502,17.334
5.670,4.531,17.480
5.680,4.526,17.578
5.690,4.521,17.578
5.700,4.536,17.676
5.710,4.541,17.676
5.720,4.546,17.773
5.730,4.551,17.822
5.740,4.575,18.018
5.750,4.575,18.018
5.760,4.575,18.066
5.770,4.590,18.115
5.780,4.585,18.164
5.790,4.600,18.262
5.800,4.600,18.311
5.810,4.614,18.408
5.820,4.609,18.457
5.830,4.629,18.506
5.840,4.629,18.555
5.850,4.644,18.604
5.860,4.644,18.701
5.870,4.653,18.750
5.880,4.658,18.799
5.890,4.668,18.896
5.900,4.668,18.945
5.910,4.673,18.994
5.920,4.683,18.994
5.930,4.692,19.092
5.940,4.688,19.189
5.950,4.707,19.238
5.960,4.707,19.287
5.970,4.727,19.385
5.980,4.722,19.482
5.990,4.722,19.482
6.000,4.746,19.580
6.010,4.746,19.678
6.020,4.746,19.727
6.030,4.761,19.727
6.040,4.761,19.824
6.050,4.775,19.922
6.060,4.775,19.922
6.070,4.790,20.020
6.080,4.790,20.068
6.090,4.800,20.068
6.100,4.810,20.215
6.110,4.810,20.215
6.120,4.819,20.313
6.130,4.819,20.410
6.140,4.834,20.508
6.150,4.839,20.557
6.160,4.863,20.654
6.170,4.863,20.801
6.180,4.863,20.752
6.190,4.863,20.801
6.200,4.878,20.898
6.210,4.883,20.996
6.220,4.878,20.996
6.230,4.893,21.045
6.240,4.897,21.143
6.250,4.907,21.240
6.260,4.912,21.240
6.270,4.912,21.289
6.280,4.941,21.387
6.290,4.937,21.484
6.300,4.937,21.484
6.310,4.937,21.533
6.320,4.956,21.631
6.330,4.951,21.680
6.340,4.966,21.777
6.350,4.971,21.826
6.360,4.985,21.924
6.370,4.985,21.973
6.380,4.995,22.021
6.390,5.010,22.070
6.400,5.005,22.119
6.410,5.020,22.217
6.420,5.015,22.217
6.430,5.024,22.363
6.440,5.029,22.412
6.450,5.039,22.461
6.460,5.034,22.510
6.470,5.054,22.559
6.480,5.054,22.656
6.490,5.063,22.705
6.500,5.063,22.705
6.510,5.083,22.803
6.520,5.083,22.852
6.530,5.093,22.900
6.540,5.088,22.998
6.550,5.107,23.096
6.560,5.103,23.145
6.570,5.122,23.242
6.580,5.127,23.291
6.590,5.127,23.291
6.600,5.151,23.389
6.610,5.146,23.486
6.620,5.151,23.584
6.630,5.156,23.584
6.640,5.176,23.682
6.650,5.181,23.730
6.660,5.176,23.779
6.670,5.186,23.828
6.680,5.200,23.926
6.690,5.200,23.975
6.700,5.205,24.023
6.710,5.205,24.023
6.720,5.215,24.121
6.730,5.225,24.170
6.740,5.234,24.219
6.750,5.234,24.268
6.760,5.244,24.316
6.770,5.249,24.414
6.780,5.259,24.512
6.790,5.264,24.561
6.800,5.273,24.561
6.810,5.278,24.707
6.820,5.283,24.756
6.830,5.293,24.756
6.840,5.298,24.854
6.850,5.303,24.805
6.860,5.322,25.000
6.870,5.327,25.049
6.880,5.322,25.049
6.890,5.327,25.146
6.900,5.337,25.195
6.910,5.342,25.195
6.920,5.342,25.244
6.930,5.371,25.439
6.940,5.371,25.439
6.950,5.366,25.488
6.960,5.381,25.537
6.970,5.381,25.586
6.980,5.386,25.635
6.990,5.396,25.684
7.000,5.396,25.684
7.010,5.420,25.830
7.020,5.425,25.928
7.030,5.425,25.977
7.040,5.430,26.025
7.050,5.430,26.025
7.060,5.454,26.172
7.070,5.459,26.221
7.080,5.454,26.172
7.090,5.459,26.221
7.100,5.464,26.318
7.110,5.469,26.367
7.120,5.488,26.416
7.130,5.488,26.465
7.140,5.498,26.514
7.150,5.513,26.660
7.160,5.508,26.660
7.170,5.527,26.758
7.180,5.527,26.807
7.190,5.537,26.904
7.200,5.537,26.904
7.210,5.547,26.904
7.220,5.557,27.002
7.230,5.562,27.100
7.240,5.562,27.100
7.250,5.566,27.197
7.260,5.576,27.197
7.270,5.581,27.295
7.280,5.591,27.344
7.290,5.605,27.393
7.300,5.601,27.441
7.310,5.615,27.490
7.320,5.615,27.539
7.330,5.625,27.588
7.340,5.625,27.637
7.350,5.635,27.734
7.360,5.649,27.783
7.370,5.645,27.832
7.380,5.659,27.881
7.390,5.654,27.930
7.400,5.693,28.076
7.410,5.688,28.174
7.420,5.688,28.174
7.430,5.688,28.174
7.440,5.698,28.223
7.450,5.703,28.271
7.460,5.713,28.320
7.470,5.713,28.369
7.480,5.732,28.467
7.490,5.732,28.516
7.500,5.747,28.564
7.510,5.747,28.613
7.520,5.757,28.613
7.530,5.757,28.711
7.540,5.767,28.809
7.550,5.767,28.809
7.560,5.776,28.857
7.570,5.781,28.906
7.580,5.806,29.004
7.590,5.801,29.004
7.600,5.801,29.053
7.610,5.830,29.199
7.620,5.825,29.248
7.630,5.825,29.248
7.640,5.840,29.297
7.650,5.850,29.346
7.660,5.845,29.395
7.670,5.859,29.443
7.680,5.864,29.492
7.690,5.874,29.541
7.700,5.879,29.590
7.710,5.884,29.639
7.720,5.889,29.688
7.730,5.903,29.785
7.740,5.903,29.834
7.750,5.908,29.834
7.760,5.918,29.883
7.770,5.928,29.980
7.780,5.928,29.980
7.790,5.933,30.029
7.800,5.942,30.078
7.810,5.938,30.127
7.820,5.957,30.127
7.830,5.952,30.176
7.840,5.967,30.322
7.850,5.962,30.273
7.860,5.977,30.371
7.870,5.981,30.420
7.880,5.991,30.469
7.890,5.996,30.518
7.900,6.016,30.566
7.910,6.016,30.615
7.920,6.021,30.615
7.930,6.025,30.664
7.940,6.040,30.762
7.950,6.040,30.859
7.960,6.045,30.811
7.970,6.055,30.859
7.980,6.060,30.957
7.990,6.069,31.006
8.000,6.064,31.055
8.010,6.084,31.055
8.020,6.084,31.104
8.030,6.099,31.201
8.040,6.094,31.250
8.050,6.104,31.299
8.060,6.118,31.348
8.070,6.118,31.348
8.080,6.133,31.445
8.090,6.133,31.494
8.100,6.147,31.494
8.110,6.147,31.592
8.120,6.147,31.592
8.130,6.157,31.641
8.140,6.157,31.689
8.150,6.182,31.787
8.160,6.182,31.787
8.170,6.182,31.836
8.180,6.196,31.885
8.190,6.191,31.934
8.200,6.206,31.934
8.210,6.206,31.934
8.220,6.230,32.031
8.230,6.226,32.080
8.240,6.245,32.129
8.250,6.240,32.227
8.260,6.250,32.227
8.270,6.255,32.227
8.280,6.270,32.324
8.290,6.265,32.373
8.300,6.274,32.373
8.310,6.279,32.471
8.320,6.284,32.471
8.330,6.299,32.520
8.340,6.299,32.617
8.350,6.309,32.617
8.360,6.304,32.666
8.370,6.318,32.715
8.380,6.323,32.764
8.390,6.338,32.764
8.400,6.343,32.861
8.410,6.353,32.910
8.420,6.348,32.910
8.430,6.353,32.959
8.440,6.367,33.008
8.450,6.362,33.057
8.460,6.387,33.105
8.470,6.382,33.203
8.480,6.396,33.203
8.490,6.401,33.252
8.500,6.401,33.203
8.510,6.411,33.252
8.520,6.411,33.350
8.530,6.431,33.398
8.540,6.431,33.447
8.550,6.440,33.447
8.560,6.440,33.496
8.570,6.450,33.545
8.580,6.450,33.594
8.590,6.470,33.691
8.600,6.465,33.740
8.610,6.470,33.691
8.620,6.484,33.789
8.630,6.475,33.789
8.640,6.504,33.838
8.650,6.499,33.887
8.660,6.514,33.984
8.670,6.514,33.984
8.680,6.528,33.984
8.690,6.528,34.033
8.700,6.538,34.131
8.710,6.548,34.180
8.720,6.553,34.180
8.730,6.563,34.229
8.740,6.563,34.277
8.750,6.577,34.375
8.760,6.577,34.326
8.770,6.577,34.375
8.780,6.587,34.375
8.790,6.592,34.424
8.800,6.597,34.521
8.810,6.611,34.521
8.820,6.606,34.570
8.830,6.616,34.619
8.840,6.621,34.668
8.850,6.636,34.717
8.860,6.641,34.717
8.870,6.655,34.766
8.880,6.660,34.814
8.890,6.665,34.863
8.900,6.665,34.863
8.910,6.675,34.961
8.920,6.675,34.961
8.930,6.680,35.010
8.940,6.694,35.010
8.950,6.694,35.059
8.960,6.709,35.107
8.970,6.714,35.107
8.980,6.719,35.156
8.990,6.724,35.254
9.000,6.743,35.303
9.010,6.748,35.352
9.020,6.758,35.400
9.030,6.753,35.400
9.040,6.763,35.400
9.050,6.763,35.400
9.060,6.772,35.498
9.070,6.787,35.498
9.080,6.782,35.596
9.090,6.802,35.596
9.100,6.802,35.645
9.110,6.807,35.693
9.120,6.812,35.742
9.130,6.816,35.742
9.140,6.831,35.791
9.150,6.831,35.840
9.160,6.846,35.840
9.170,6.846,35.889
9.180,6.851,35.938
9.190,6.855,35.938
9.200,6.865,35.986
9.210,6.885,35.986
9.220,6.885,36.035
9.230,6.890,36.084
9.240,6.899,36.182
9.250,6.899,36.133
9.260,6.909,36.182
9.270,6.914,36.230
9.280,6.924,36.279
9.290,6.919,36.279
9.300,6.938,36.279
9.310,6.938,36.377
9.320,6.953,36.426
9.330,6.953,36.426
9.340,6.958,36.475
9.350,6.963,36.523
9.360,6.973,36.572
9.370,6.982,36.572
9.380,6.997,36.621
9.390,6.992,36.621
9.400,7.007,36.719
9.410,7.007,36.768
9.420,7.012,36.768
9.430,7.021,36.768
9.440,7.031,36.816
9.450,7.031,36.865
9.460,7.041,36.865
9.470,7.046,36.914
9.480,7.056,36.963
9.490,7.056,37.012
9.500,7.065,37.012
9.510,7.070,37.012
9.520,7.080,37.109
9.530,7.085,37.109
9.540,7.090,37.109
9.550,7.104,37.207
9.560,7.100,37.207
9.570,7.114,37.256
9.580,7.109,37.256
9.590,7.124,37.305
9.600,7.129,37.305
9.610,7.139,37.402
9.620,7.144,37.402
9.630,7.148,37.402
9.640,7.153,37.500
9.650,7.168,37.500
9.660,7.178,37.500
9.670,7.173,37.549
9.680,7.183,37.598
9.690,7.188,37.646
9.700,7.197,37.646
9.710,7.197,37.695
9.720,7.207,37.744
9.730,7.222,37.793
9.740,7.222,37.793
9.750,7.236,37.793
9.760,7.231,37.842
9.770,7.241,37.842
9.780,7.246,37.939
9.790,7.256,37.939
9.800,7.261,37.939
9.810,7.271,37.988
9.820,7.275,37.988
9.830,7.280,38.037
9.840,7.285,38.086
9.850,7.290,38.086
9.860,7.305,38.135
9.870,7.310,38.232
9.880,7.319,38.232
9.890,7.319,38.232
9.900,7.329,38.281
9.910,7.329,38.330
9.920,7.334,38.379
9.930,7.339,38.330
9.940,7.349,38.379
9.950,7.349,38.379
9.960,7.354,38.428
9.970,7.349,38.477
9.980,7.349,38.477
9.990,7.349,38.477
10.000,7.349,38.428
10.010,7.344,38.525
10.000,7.349,38.477
9.990,7.349,38.477
9.980,7.349,38.525
9.970,7.349,38.525
9.960,7.349,38.525
9.950,7.349,38.525
9.940,7.349,38.525
9.930,7.344,38.525
9.920,7.354,38.525
9.910,7.349,38.525
9.900,7.349,38.525
9.890,7.349,38.574
9.880,7.344,38.623
9.870,7.344,38.623
9.860,7.349,38.574
9.850,7.349,38.574
9.840,7.344,38.623
9.830,7.339,38.623
9.820,7.344,38.623
9.810,7.334,38.623
9.800,7.329,38.574
9.790,7.324,38.623
9.780,7.314,38.623
9.770,7.305,38.623
9.760,7.305,38.623
9.750,7.285,38.672
9.740,7.290,38.623
9.730,7.275,38.623
9.720,7.280,38.623
9.710,7.271,38.672
9.700,7.266,38.623
9.690,7.251,38.574
9.680,7.251,38.623
9.670,7.236,38.623
9.660,7.236,38.623
9.650,7.227,38.623
9.640,7.222,38.672
9.630,7.212,38.623
9.620,7.212,38.623
9.610,7.188,38.623
9.600,7.192,38.623
9.590,7.183,38.623
9.580,7.178,38.623
9.570,7.173,38.574
9.560,7.168,38.574
9.550,7.158,38.574
9.540,7.158,38.574
9.530,7.148,38.574
9.520,7.148,38.574
9.510,7.129,38.525
9.500,7.124,38.477
9.490,7.114,38.477
9.480,7.114,38.477
9.470,7.104,38.428
9.460,7.104,38.477
9.450,7.095,38.428
9.440,7.090,38.379
9.430,7.075,38.330
9.420,7.080,38.379
9.410,7.065,38.330
9.400,7.065,38.379
9.390,7.051,38.281
9.380,7.051,38.330
9.370,7.041,38.330
9.360,7.041,38.281
9.350,7.031,38.281
9.340,7.026,38.281
9.330,7.012,38.232
9.320,7.007,38.232
9.310,7.007,38.232
9.300,7.002,38.232
9.290,6.987,38.135
9.280,6.987,38.184
9.270,6.968,38.184
9.260,6.973,38.086
9.250,6.963,38.037
9.240,6.963,38.135
9.230,6.943,38.086
9.220,6.943,38.037
9.210,6.938,38.037
9.200,6.934,38.037
9.190,6.924,37.988
9.180,6.924,37.988
9.170,6.909,37.939
9.160,6.909,37.939
9.150,6.895,37.939
9.140,6.899,37.939
9.130,6.880,37.891
9.120,6.880,37.891
9.110,6.865,37.842
9.100,6.865,37.842
9.090,6.855,37.842
9.080,6.851,37.793
9.070,6.836,37.744
9.060,6.831,37.744
9.050,6.821,37.695
9.040,6.821,37.695
9.030,6.802,37.695
9.020,6.807,37.646
9.010,6.797,37.646
9.000,6.792,37.598
8.990,6.782,37.598
8.980,6.782,37.598
8.970,6.772,37.598
8.960,6.772,37.549
8.950,6.753,37.549
8.940,6.758,37.500
8.930,6.748,37.451
8.920,6.743,37.451
8.910,6.733,37.451
8.900,6.733,37.451
8.890,6.719,37.402
8.880,6.719,37.402
8.870,6.704,37.354
8.860,6.699,37.354
8.850,6.685,37.305
8.840,6.694,37.305
8.830,6.685,37.256
8.820,6.670,37.256
8.810,6.660,37.207
8.800,6.660,37.207
8.790,6.655,37.207
8.780,6.650,37.158
8.770,6.636,37.109
8.760,6.636,37.158
8.750,6.621,37.109
8.740,6.626,37.109
8.730,6.611,37.012
8.720,6.611,37.012
8.710,6.606,37.012
8.700,6.597,37.012
8.690,6.592,36.963
8.680,6.582,36.963
8.670,6.577,36.914
8.660,6.572,36.914
8.650,6.567,36.865
8.640,6.558,36.816
8.630,6.548,36.816
8.620,6.538,36.768
8.610,6.538,36.768
8.600,6.523,36.719
8.590,6.523,36.670
8.580,6.509,36.670
8.570,6.509,36.670
8.560,6.499,36.670
8.550,6.499,36.670
8.540,6.484,36.621
8.530,6.484,36.572
8.520,6.470,36.572
8.510,6.470,36.523
8.500,6.455,36.523
8.490,6.455,36.475
8.480,6.450,36.426
8.470,6.445,36.426
8.460,6.431,36.377
8.450,6.436,36.426
8.440,6.421,36.377
8.430,6.416,36.328
8.420,6.406,36.279
8.410,6.401,36.279
8.400,6.392,36.279
8.390,6.387,36.230
8.380,6.377,36.182
8.370,6.377,36.182
8.360,6.362,36.182
8.350,6.367,36.133
8.340,6.353,36.084
8.330,6.348,36.084
8.320,6.343,36.035
8.310,6.338,36.035
8.300,6.333,35.986
8.290,6.328,35.938
8.280,6.313,35.938
8.270,6.309,35.938
8.260,6.304,35.889
8.250,6.304,35.889
8.240,6.284,35.791
8.230,6.284,35.791
8.220,6.270,35.791
8.210,6.270,35.791
8.200,6.260,35.693
8.190,6.265,35.645
8.180,6.245,35.645
8.170,6.240,35.645
8.160,6.230,35.596
8.150,6.230,35.596
8.140,6.221,35.547
8.130,6.221,35.498
8.120,6.211,35.498
8.110,6.206,35.498
8.100,6.196,35.449
8.090,6.196,35.449
8.080,6.182,35.400
8.070,6.187,35.352
8.060,6.162,35.303
8.050,6.157,35.303
8.040,6.152,35.303
8.030,6.147,35.254
8.020,6.143,35.205
8.010,6.133,35.156
8.000,6.118,35.107
7.990,6.118,35.107
7.980,6.108,35.107
7.970,6.108,35.059
7.960,6.099,35.059
7.950,6.099,35.010
7.940,6.084,35.010
7.930,6.084,34.912
7.920,6.069,34.912
7.910,6.074,34.863
7.900,6.064,34.814
7.890,6.055,34.814
7.880,6.045,34.766
7.870,6.045,34.717
7.860,6.030,34.717
7.850,6.030,34.668
7.840,6.021,34.668
7.830,6.016,34.619
7.820,6.011,34.570
7.810,5.996,34.570
7.800,5.991,34.521
7.790,5.991,34.473
7.780,5.981,34.424
7.770,5.972,34.473
7.760,5.967,34.375
7.750,5.972,34.375
7.740,5.952,34.326
7.730,5.952,34.326
7.720,5.938,34.326
7.710,5.938,34.229
7.700,5.928,34.180
7.690,5.923,34.180
7.680,5.918,34.131
7.670,5.913,34.082
7.660,5.903,34.082
7.650,5.903,34.033
7.640,5.889,33.984
7.630,5.884,33.984
7.620,5.874,33.936
7.610,5.874,33.936
7.600,5.859,33.887
7.590,5.854,33.838
7.580,5.845,33.838
7.570,5.845,33.789
7.560,5.825,33.740
7.550,5.830,33.740
7.540,5.815,33.643
7.530,5.815,33.643
7.520,5.806,33.545
7.510,5.806,33.545
7.500,5.791,33.545
7.490,5.786,33.496
7.480,5.776,33.447
7.470,5.781,33.496
7.460,5.767,33.398
7.450,5.767,33.350
7.440,5.752,33.350
7.430,5.757,33.252
7.420,5.742,33.252
7.410,5.747,33.252
7.400,5.732,33.203
7.390,5.723,33.154
7.380,5.713,33.105
7.370,5.708,33.105
7.360,5.698,33.008
7.350,5.698,33.008
7.340,5.688,32.959
7.330,5.679,32.910
7.320,5.674,32.861
7.310,5.669,32.861
7.300,5.659,32.813
7.290,5.659,32.813
7.280,5.645,32.715
7.270,5.645,32.715
7.260,5.640,32.666
7.250,5.635,32.617
7.240,5.625,32.617
7.230,5.620,32.568
7.220,5.610,32.520
7.210,5.610,32.520
7.200,5.596,32.471
7.190,5.591,32.471
7.180,5.576,32.324
7.170,5.571,32.324
7.160,5.562,32.275
7.150,5.566,32.275
7.140,5.557,32.227
7.130,5.547,32.178
7.120,5.537,32.129
7.110,5.532,32.080
7.100,5.527,32.080
7.090,5.527,31.982
7.080,5.518,32.031
7.070,5.513,31.982
7.060,5.498,31.934
7.050,5.493,31.885
7.040,5.479,31.787
7.030,5.479,31.787
7.020,5.474,31.738
7.010,5.469,31.689
7.000,5.454,31.689
6.990,5.459,31.641
6.980,5.449,31.543
6.970,5.435,31.543
6.960,5.425,31.494
6.950,5.425,31.494
6.940,5.420,31.396
6.930,5.415,31.396
6.920,5.410,31.348
6.910,5.400,31.250
6.900,5.396,31.250
6.890,5.386,31.250
6.880,5.381,31.201
6.870,5.371,31.104
6.860,5.366,31.104
6.850,5.356,31.055
6.840,5.361,31.006
6.830,5.347,30.957
6.820,5.347,30.957
6.810,5.332,30.908
6.800,5.332,30.908
6.790,5.322,30.811
6.780,5.317,30.713
6.770,5.298,30.713
6.760,5.298,30.664
6.750,5.293,30.664
6.740,5.288,30.615
6.730,5.278,30.566
6.720,5.269,30.469
6.710,5.264,30.469
6.700,5.259,30.420
6.690,5.254,30.371
6.680,5.254,30.322
6.670,5.239,30.273
6.660,5.239,30.273
6.650,5.229,30.225
6.640,5.225,30.176
6.630,5.210,30.127
6.620,5.210,30.078
6.610,5.205,29.980
6.600,5.195,29.932
6.590,5.190,29.932
6.580,5.186,29.883
6.570,5.176,29.834
6.560,5.166,29.736
6.550,5.156,29.736
6.540,5.151,29.688
6.530,5.146,29.590
6.520,5.132,29.590
6.510,5.137,29.541
6.500,5.117,29.492
6.490,5.117,29.492
6.480,5.107,29.395
6.470,5.107,29.346
6.460,5.098,29.297
6.450,5.098,29.297
6.440,5.088,29.248
6.430,5.078,29.199
6.420,5.073,29.150
6.410,5.073,29.102
6.400,5.054,29.102
6.390,5.059,29.053
6.380,5.049,28.955
6.370,5.044,28.906
6.360,5.034,28.857
6.350,5.020,28.760
6.340,5.015,28.760
6.330,5.010,28.711
6.320,5.005,28.613
6.310,5.000,28.613
6.300,4.985,28.564
6.290,4.985,28.516
6.280,4.980,28.467
6.270,4.976,28.418
6.260,4.971,28.418
6.250,4.961,28.369
6.240,4.961,28.271
6.230,4.941,28.271
6.220,4.941,28.174
6.210,4.932,28.174
6.200,4.932,28.125
6.190,4.917,28.027
6.180,4.922,27.979
6.170,4.912,27.930
6.160,4.907,27.930
6.150,4.888,27.832
6.140,4.888,27.783
6.130,4.883,27.734
6.120,4.883,27.686
6.110,4.863,27.637
6.100,4.863,27.588
6.090,4.854,27.539
6.080,4.844,27.441
6.070,4.839,27.441
6.060,4.839,27.393
6.050,4.829,27.344
6.040,4.824,27.295
6.030,4.814,27.246
6.020,4.810,27.197
6.010,4.800,27.148
6.000,4.785,27.100
5.990,4.785,27.051
5.980,4.780,26.953
5.970,4.771,26.953
5.960,4.771,26.904
5.950,4.761,26.807
5.940,4.756,26.758
5.930,4.741,26.709
5.920,4.741,26.660
5.910,4.731,26.611
5.900,4.727,26.563
5.890,4.712,26.465
5.880,4.717,26.416
5.870,4.702,26.416
5.860,4.707,26.367
5.850,4.697,26.318
5.840,4.688,26.221
5.830,4.678,26.221
5.820,4.668,26.123
5.810,4.668,26.123
5.800,4.658,26.025
5.790,4.653,25.977
5.780,4.644,25.879
5.770,4.639,25.830
5.760,4.634,25.781
5.750,4.624,25.732
5.740,4.619,25.684
5.730,4.604,25.635
5.720,4.604,25.537
5.710,4.600,25.488
5.700,4.595,25.488
5.690,4.580,25.391
5.680,4.580,25.342
5.670,4.570,25.244
5.660,4.561,25.244
5.650,4.561,25.146
5.640,4.551,25.146
5.630,4.541,25.000
5.620,4.536,25.000
5.610,4.531,24.902
5.600,4.521,24.902
5.590,4.517,24.805
5.580,4.512,24.756
5.570,4.512,24.658
5.560,4.497,24.609
5.550,4.497,24.609
5.540,4.482,24.512
5.530,4.478,24.414
5.520,4.468,24.414
5.510,4.463,24.365
5.500,4.453,24.268
5.490,4.448,24.170
5.480,4.438,24.121
5.470,4.438,24.121
5.460,4.424,24.023
5.450,4.424,23.975
5.440,4.414,23.926
5.430,4.409,23.877
5.420,4.399,23.828
5.410,4.399,23.779
5.400,4.385,23.682
5.390,4.385,23.633
5.380,4.370,23.535
5.370,4.375,23.535
5.360,4.360,23.486
5.350,4.355,23.389
5.340,4.351,23.291
5.330,4.336,23.291
5.320,4.336,23.193
5.310,4.326,23.145
5.300,4.321,23.096
5.290,4.316,22.998
5.280,4.312,22.998
5.270,4.297,22.852
5.260,4.297,22.852
5.250,4.287,22.803
5.240,4.282,22.754
5.230,4.272,22.656
5.220,4.263,22.559
5.210,4.258,22.510
5.200,4.253,22.510
5.190,4.248,22.461
5.180,4.243,22.363
5.170,4.233,22.314
5.160,4.229,22.266
5.150,4.219,22.168
5.140,4.219,22.119
5.130,4.209,22.070
5.120,4.199,22.021
5.110,4.194,21.924
5.100,4.189,21.875
5.090,4.180,21.826
5.080,4.175,21.777
5.070,4.165,21.729
5.060,4.160,21.631
5.050,4.155,21.582
5.040,4.146,21.533
5.030,4.141,21.484
5.020,4.141,21.387
5.010,4.126,21.338
5.000,4.121,21.240
4.990,4.111,21.240
4.980,4.111,21.094
4.970,4.097,21.045
4.960,4.097,21.045
4.950,4.087,20.947
4.940,4.077,20.801
4.930,4.072,20.850
4.920,4.058,20.752
4.910,4.058,20.703
4.900,4.058,20.654
4.890,4.043,20.605
4.880,4.038,20.459
4.870,4.033,20.410
4.860,4.033,20.313
4.850,4.019,20.313
4.840,4.014,20.215
4.830,4.004,20.117
4.820,3.999,20.068
4.810,3.999,20.020
4.800,3.989,19.971
4.790,3.979,19.873
4.780,3.970,19.775
4.770,3.970,19.775
4.760,3.955,19.678
4.750,3.955,19.629
4.740,3.950,19.580
4.730,3.940,19.482
4.720,3.940,19.434
4.710,3.926,19.336
4.700,3.926,19.287
4.690,3.911,19.238
4.680,3.901,19.092
4.670,3.896,19.043
4.660,3.892,19.043
4.650,3.887,18.994
4.640,3.882,18.896
4.630,3.877,18.848
4.620,3.872,18.701
4.610,3.862,18.701
4.600,3.857,18.652
4.590,3.848,18.555
4.580,3.838,18.506
4.570,3.833,18.408
4.560,3.828,18.359
4.550,3.823,18.311
4.540,3.818,18.311
4.530,3.809,18.213
4.520,3.809,18.164
4.510,3.794,18.066
4.500,3.789,18.018
4.490,3.789,17.920
4.480,3.779,17.871
4.470,3.770,17.822
4.460,3.765,17.725
4.450,3.750,17.676
4.440,3.740,17.578
4.430,3.740,17.529
4.420,3.735,17.480
4.410,3.726,17.432
4.400,3.721,17.383
4.390,3.711,17.285
4.380,3.711,17.188
4.370,3.706,17.139
4.360,3.701,17.090
4.350,3.687,17.041
4.340,3.682,16.992
4.330,3.672,16.943
4.320,3.672,16.846
4.310,3.667,16.797
4.300,3.652,16.748
4.290,3.652,16.699
4.280,3.647,16.602
4.270,3.643,16.602
4.260,3.628,16.504
4.250,3.623,16.406
4.240,3.613,16.357
4.230,3.608,16.309
4.220,3.599,16.260
4.210,3.599,16.162
4.200,3.589,16.162
4.190,3.584,16.064
4.180,3.574,15.967
4.170,3.569,15.918
4.160,3.555,15.820
4.150,3.560,15.723
4.140,3.555,15.723
4.130,3.545,15.625
4.120,3.535,15.576
4.110,3.530,15.479
4.100,3.530,15.479
4.090,3.521,15.381
4.080,3.511,15.283
4.070,3.506,15.283
4.060,3.491,15.186
4.050,3.491,15.137
4.040,3.481,15.039
4.030,3.481,14.990
4.020,3.477,14.941
4.010,3.462,14.893
4.000,3.457,14.795
3.990,3.457,14.697
3.980,3.452,14.600
3.970,3.442,14.600
3.960,3.438,14.600
3.950,3.428,14.453
3.940,3.423,14.404
3.930,3.408,14.355
3.920,3.403,14.307
3.910,3.394,14.209
3.900,3.389,14.209
3.890,3.384,14.111
3.880,3.379,14.063
3.870,3.374,13.965
3.860,3.364,13.916
3.850,3.354,13.770
3.840,3.350,13.770
3.830,3.345,13.672
3.820,3.335,13.672
3.810,3.325,13.623
3.800,3.320,13.525
3.790,3.320,13.477
3.780,3.311,13.379
3.770,3.306,13.379
3.760,3.301,13.281
3.750,3.291,13.281
3.740,3.286,13.232
3.730,3.276,13.135
3.720,3.271,13.086
3.710,3.262,13.037
3.700,3.262,12.988
3.690,3.252,12.939
3.680,3.247,12.891
3.670,3.247,12.842
3.660,3.228,12.793
3.650,3.223,12.646
3.640,3.218,12.598
3.630,3.208,12.549
3.620,3.198,12.451
3.610,3.188,12.402
3.600,3.198,12.402
3.590,3.179,12.305
3.580,3.184,12.305
3.570,3.169,12.207
3.560,3.164,12.158
3.550,3.154,12.109
3.540,3.149,12.012
3.530,3.145,12.012
3.520,3.145,11.963
3.510,3.130,11.865
3.500,3.125,11.914
3.490,3.115,11.816
3.480,3.115,11.719
3.470,3.105,11.670
3.460,3.101,11.670
3.450,3.096,11.523
3.440,3.086,11.523
3.430,3.081,11.475
3.420,3.066,11.426
3.410,3.062,11.377
3.400,3.052,11.279
3.390,3.052,11.230
3.380,3.042,11.182
3.370,3.032,11.133
3.360,3.027,11.084
3.350,3.018,11.035
3.340,3.013,10.986
3.330,3.013,10.938
3.320,3.003,10.938
3.310,2.998,10.840
3.300,2.988,10.791
3.290,2.979,10.742
3.280,2.974,10.693
3.270,2.969,10.645
3.260,2.959,10.596
3.250,2.959,10.596
3.240,2.954,10.547
3.230,2.944,10.498
3.220,2.935,10.400
3.210,2.930,10.352
3.200,2.920,10.352
3.190,2.915,10.254
3.180,2.900,10.156
3.170,2.900,10.156
3.160,2.905,10.107
3.150,2.881,10.010
3.140,2.881,9.961
3.130,2.871,9.912
3.120,2.866,9.912
3.110,2.861,9.863
3.100,2.852,9.814
3.090,2.852,9.766
3.080,2.837,9.668
3.070,2.832,9.717
3.060,2.832,9.619
3.050,2.827,9.619
3.040,2.817,9.521
3.030,2.817,9.473
3.020,2.803,9.424
3.010,2.798,9.375
3.000,2.793,9.326
2.990,2.783,9.326
2.980,2.778,9.229
2.970,2.773,9.180
2.960,2.769,9.131
2.950,2.759,9.082
2.940,2.749,9.033
2.930,2.739,8.984
2.920,2.729,8.984
2.910,2.734,8.984
2.900,2.725,8.838
2.890,2.715,8.838
2.880,2.705,8.789
2.870,2.700,8.643
2.860,2.695,8.691
2.850,2.690,8.594
2.840,2.686,8.594
2.830,2.666,8.594
2.820,2.666,8.545
2.810,2.656,8.398
2.800,2.651,8.398
2.790,2.646,8.398
2.780,2.642,8.350
2.770,2.637,8.301
2.760,2.627,8.252
2.750,2.622,8.252
2.740,2.612,8.105
2.730,2.612,8.154
2.720,2.603,8.105
2.710,2.593,8.057
2.700,2.588,8.008
2.690,2.583,7.959
2.680,2.573,7.910
2.670,2.568,7.910
2.660,2.563,7.813
2.650,2.554,7.764
2.640,2.549,7.764
2.630,2.544,7.715
2.620,2.539,7.666
2.610,2.534,7.666
2.600,2.520,7.520
2.590,2.510,7.520
2.580,2.505,7.520
2.570,2.505,7.422
2.560,2.490,7.373
2.550,2.490,7.373
2.540,2.476,7.324
2.530,2.476,7.275
2.520,2.471,7.275
2.510,2.456,7.275
2.500,2.456,7.178
2.490,2.446,7.129
2.480,2.446,7.080
2.470,2.437,7.031
2.460,2.427,7.031
2.450,2.417,7.031
2.440,2.422,6.934
2.430,2.412,6.934
2.420,2.407,6.836
2.410,2.397,6.836
2.400,2.397,6.836
2.390,2.388,6.738
2.380,2.363,6.738
2.370,2.363,6.641
2.360,2.358,6.641
2.350,2.349,6.592
2.340,2.349,6.543
2.330,2.344,6.494
2.320,2.329,6.543
2.310,2.324,6.445
2.300,2.319,6.396
2.290,2.310,6.348
2.280,2.305,6.299
2.270,2.305,6.250
2.260,2.295,6.299
2.250,2.290,6.250
2.240,2.285,6.201
2.230,2.280,6.152
2.220,2.271,6.152
2.210,2.261,6.104
2.200,2.251,6.055
2.190,2.251,6.055
2.180,2.236,6.006
2.170,2.231,5.908
2.160,2.222,5.859
2.150,2.222,5.859
2.140,2.212,5.859
2.130,2.212,5.859
2.120,2.207,5.762
2.110,2.192,5.762
2.100,2.188,5.713
2.090,2.183,5.664
2.080,2.173,5.615
2.070,2.168,5.615
2.060,2.158,5.566
2.050,2.153,5.566
2.040,2.144,5.518
2.030,2.139,5.469
2.020,2.134,5.469
2.010,2.129,5.420
2.000,2.124,5.420
1.990,2.119,5.322
1.980,2.109,5.322
1.970,2.104,5.322
1.960,2.100,5.225
1.950,2.090,5.273
1.940,2.085,5.225
1.930,2.070,5.225
1.920,2.070,5.127
1.910,2.061,5.127
1.900,2.051,5.078
1.890,2.051,5.029
1.880,2.031,4.980
1.870,2.036,5.029
1.860,2.031,4.932
1.850,2.021,4.883
1.840,2.012,4.834
1.830,2.007,4.834
1.820,2.002,4.834
1.810,1.997,4.834
1.800,1.987,4.785
1.790,1.978,4.736
1.780,1.978,4.688
1.770,1.968,4.688
1.760,1.953,4.639
1.750,1.948,4.590
1.740,1.943,4.541
1.730,1.929,4.541
1.720,1.929,4.541
1.710,1.924,4.443
1.700,1.919,4.443
1.690,1.909,4.395
1.680,1.904,4.395
1.670,1.899,4.395
1.660,1.895,4.346
1.650,1.895,4.346
1.640,1.885,4.297
1.630,1.875,4.297
1.620,1.865,4.199
1.610,1.865,4.248
1.600,1.855,4.199
1.590,1.841,4.102
1.580,1.841,4.150
1.570,1.836,4.102
1.560,1.826,4.053
1.550,1.821,4.004
1.540,1.807,4.004
1.530,1.812,3.955
1.520,1.797,3.955
1.510,1.792,3.906
1.500,1.787,3.857
1.490,1.787,3.809
1.480,1.772,3.857
1.470,1.763,3.857
1.460,1.758,3.760
1.450,1.758,3.809
1.440,1.748,3.711
1.430,1.743,3.711
1.420,1.733,3.711
1.410,1.724,3.613
1.400,1.724,3.613
1.390,1.714,3.613
1.380,1.704,3.564
1.370,1.704,3.516
1.360,1.694,3.516
1.350,1.685,3.516
1.340,1.675,3.467
1.330,1.670,3.418
1.320,1.665,3.418
1.310,1.655,3.369
1.300,1.650,3.369
1.290,1.641,3.320
1.280,1.641,3.320
1.270,1.626,3.271
1.260,1.616,3.223
1.250,1.611,3.271
1.240,1.611,3.223
1.230,1.602,3.174
1.220,1.602,3.174
1.210,1.587,3.125
1.200,1.582,3.076
1.190,1.577,3.125
1.180,1.577,3.076
1.170,1.563,3.027
1.160,1.563,3.027
1.150,1.553,2.979
1.140,1.548,2.930
1.130,1.538,2.930
1.120,1.528,2.881
1.110,1.523,2.881
1.100,1.519,2.881
1.090,1.514,2.832
1.080,1.504,2.832
1.070,1.499,2.783
1.060,1.489,2.734
1.050,1.479,2.783
1.040,1.475,2.734
1.030,1.475,2.686
1.020,1.470,2.734
1.010,1.460,2.637
1.000,1.455,2.637
0.990,1.440,2.588
0.980,1.436,2.539
0.970,1.431,2.588
0.960,1.421,2.539
0.950,1.416,2.490
0.940,1.411,2.490
0.930,1.396,2.490
0.920,1.392,2.393
0.910,1.382,2.393
0.900,1.387,2.344
0.890,1.382,2.393
0.880,1.367,2.295
0.870,1.367,2.295
0.860,1.357,2.295
0.850,1.353,2.295
0.840,1.343,2.246
0.830,1.338,2.246
0.820,1.328,2.197
0.810,1.323,2.148
0.800,1.309,2.148
0.790,1.309,2.100
0.780,1.304,2.148
0.770,1.294,2.051
0.760,1.284,2.051
0.750,1.279,2.051
0.740,1.274,2.002
0.730,1.270,1.953
0.720,1.265,2.002
0.710,1.255,1.904
0.700,1.250,1.904
0.690,1.245,1.904
0.680,1.240,1.855
0.670,1.230,1.855
0.660,1.221,1.855
0.650,1.216,1.807
0.640,1.211,1.807
0.630,1.201,1.758
0.620,1.201,1.758
0.610,1.187,1.758
0.600,1.187,1.709
0.590,1.172,1.709
0.580,1.167,1.660
0.570,1.162,1.660
0.560,1.157,1.611
0.550,1.152,1.660
0.540,1.138,1.611
0.530,1.138,1.563
0.520,1.128,1.563
0.510,1.123,1.563
0.500,1.113,1.514
0.490,1.108,1.465
0.480,1.099,1.514
0.470,1.094,1.465
0.460,1.089,1.465
0.450,1.084,1.416
0.440,1.074,1.416
0.430,1.074,1.367
0.420,1.069,1.367
0.410,1.060,1.318
0.400,1.055,1.318
0.390,1.050,1.318
0.380,1.045,1.318
0.370,1.040,1.270
0.360,1.035,1.270
0.350,1.025,1.221
0.340,1.025,1.221
0.330,1.011,1.221
0.320,1.001,1.172
0.310,0.991,1.123
0.300,0.977,1.172
0.290,0.977,1.074
0.280,0.977,1.074
0.270,0.972,1.074
0.260,0.962,1.074
0.250,0.952,1.025
0.240,0.947,1.025
0.230,0.942,1.025
0.220,0.938,0.977
0.210,0.928,0.977
0.200,0.913,0.928
0.190,0.918,0.928
0.180,0.903,0.879
0.170,0.898,0.879
0.160,0.894,0.879
0.150,0.884,0.879
0.140,0.879,0.830
0.130,0.879,0.781
0.120,0.859,0.781
0.110,0.864,0.781
0.100,0.791,0.635
0.090,0.791,0.586
0.080,0.796,0.586
0.070,0.791,0.586
0.060,0.791,0.586
0.050,0.791,0.586
0.040,0.791,0.586
0.030,0.791,0.586
0.020,0.791,0.586
0.010,0.791,0.537
0.000,0.791,0.537
0.000,0.791,0.000
0.010,0.791,-0.049
0.020,0.796,-0.049
0.030,0.791,-0.049
0.040,0.791,-0.049
0.050,0.791,-0.049
0.060,0.791,-0.049
0.070,0.796,-0.049
0.080,0.786,-0.049
0.090,0.791,-0.049
0.100,0.786,-0.049
0.110,0.791,-0.049
0.120,0.791,-0.049
0.130,0.791,-0.049
0.140,0.791,-0.049
0.150,0.796,0.000
0.160,0.811,-0.049
0.170,0.811,-0.049
0.180,0.825,-0.049
0.190,0.830,-0.049
0.200,0.830,-0.049
0.210,0.859,0.000
0.220,0.869,-0.049
0.230,0.864,0.000
0.240,0.874,-0.049
0.250,0.874,0.000
0.260,0.889,-0.049
0.270,0.894,0.000
0.280,0.894,-0.049
0.290,0.908,0.049
0.300,0.903,0.000
0.310,0.913,-0.049
0.320,0.923,0.049
0.330,0.933,0.049
0.340,0.938,0.049
0.350,0.942,0.000
0.360,0.957,0.049
0.370,0.962,0.098
0.380,0.962,0.098
0.390,0.981,0.098
0.400,0.981,0.098
0.410,0.986,0.098
0.420,0.991,0.098
0.430,1.001,0.098
0.440,1.011,0.146
0.450,1.011,0.146
0.460,1.016,0.146
0.470,1.025,0.146
0.480,1.040,0.146
0.490,1.045,0.195
0.500,1.045,0.195
0.510,1.055,0.195
0.520,1.064,0.195
0.530,1.074,0.195
0.540,1.074,0.244
0.550,1.084,0.244
0.560,1.089,0.244
0.570,1.094,0.244
0.580,1.099,0.293
0.590,1.108,0.293
0.600,1.118,0.244
0.610,1.118,0.342
0.620,1.128,0.293
0.630,1.138,0.293
0.640,1.138,0.293
0.650,1.152,0.342
0.660,1.157,0.342
0.670,1.157,0.391
0.680,1.162,0.391
0.690,1.172,0.391
0.700,1.172,0.391
0.710,1.187,0.391
0.720,1.191,0.439
0.730,1.206,0.439
0.740,1.211,0.488
0.750,1.211,0.439
0.760,1.226,0.488
0.770,1.226,0.488
0.780,1.226,0.488
0.790,1.250,0.537
0.800,1.250,0.537
0.810,1.250,0.537
0.820,1.265,0.537
0.830,1.265,0.586
0.840,1.270,0.537
0.850,1.274,0.586
0.860,1.294,0.586
0.870,1.294,0.586
0.880,1.299,0.635
0.890,1.313,0.635
0.900,1.309,0.635
0.910,1.323,0.684
0.920,1.328,0.732
0.930,1.328,0.684
0.940,1.353,0.684
0.950,1.357,0.684
0.960,1.357,0.684
0.970,1.367,0.732
0.980,1.372,0.781
0.990,1.377,0.781
1.000,1.377,0.781
1.010,1.392,0.781
1.020,1.396,0.781
1.030,1.406,0.830
1.040,1.406,0.879
1.050,1.416,0.830
1.060,1.416,0.879
1.070,1.436,0.928
1.080,1.440,0.928
1.090,1.445,0.928
1.100,1.445,0.928
1.110,1.465,0.928
1.120,1.470,0.977
1.130,1.465,0.977
1.140,1.479,0.977
1.150,1.484,1.025
1.160,1.489,1.025
1.170,1.504,1.025
1.180,1.509,1.074
1.190,1.514,1.074
1.200,1.523,1.025
1.210,1.519,1.123
1.220,1.538,1.123
1.230,1.538,1.172
1.240,1.538,1.172
1.250,1.553,1.172
1.260,1.558,1.172
1.270,1.563,1.221
1.280,1.567,1.172
1.290,1.577,1.270
1.300,1.587,1.221
1.310,1.587,1.221
1.320,1.602,1.318
1.330,1.597,1.270
1.340,1.611,1.270
1.350,1.616,1.318
1.360,1.626,1.318
1.370,1.631,1.318
1.380,1.641,1.367
1.390,1.646,1.367
1.400,1.646,1.416
1.410,1.655,1.416
1.420,1.660,1.416
1.430,1.675,1.465
1.440,1.685,1.465
1.450,1.680,1.465
1.460,1.699,1.514
1.470,1.709,1.514
1.480,1.704,1.514
1.490,1.724,1.563
1.500,1.719,1.611
1.510,1.719,1.611
1.520,1.738,1.660
1.530,1.743,1.660
1.540,1.743,1.660
1.550,1.763,1.660
1.560,1.763,1.660
1.570,1.768,1.709
1.580,1.768,1.709
1.590,1.792,1.709
1.600,1.792,1.758
1.610,1.792,1.758
1.620,1.812,1.758
1.630,1.812,1.807
1.640,1.812,1.807
1.650,1.826,1.855
1.660,1.831,1.807
1.670,1.836,1.855
1.680,1.846,1.855
1.690,1.841,1.904
1.700,1.860,1.904
1.710,1.860,1.953
1.720,1.865,1.953
1.730,1.885,2.002
1.740,1.885,2.002
1.750,1.885,2.002
1.760,1.899,2.051
1.770,1.899,2.002
1.780,1.914,2.051
1.790,1.919,2.100
1.800,1.919,2.100
1.810,1.938,2.100
1.820,1.938,2.197
1.830,1.938,2.197
1.840,1.953,2.148
1.850,1.963,2.197
1.860,1.968,2.246
1.870,1.968,2.246
1.880,1.978,2.295
1.890,1.992,2.246
1.900,1.987,2.295
1.910,1.992,2.295
1.920,2.012,2.393
1.930,2.017,2.393
1.940,2.017,2.344
1.950,2.021,2.393
1.960,2.041,2.441
1.970,2.041,2.490
1.980,2.041,2.490
1.990,2.070,2.539
2.000,2.070,2.539
2.010,2.070,2.539
2.020,2.080,2.539
2.030,2.090,2.588
2.040,2.090,2.637
2.050,2.090,2.637
2.060,2.104,2.637
2.070,2.109,2.734
2.080,2.109,2.637
2.090,2.119,2.734
2.100,2.129,2.686
2.110,2.134,2.734
2.120,2.139,2.783
2.130,2.148,2.783
2.140,2.148,2.783
2.150,2.163,2.832
2.160,2.168,2.832
2.170,2.168,2.881
2.180,2.192,2.930
2.190,2.192,2.930
2.200,2.197,2.979
2.210,2.207,2.979
2.220,2.202,2.979
2.230,2.207,3.027
2.240,2.217,3.076
2.250,2.236,3.076
2.260,2.236,3.076
2.270,2.236,3.076
2.280,2.251,3.076
2.290,2.246,3.125
2.300,2.261,3.174
2.310,2.266,3.174
2.320,2.280,3.223
2.330,2.280,3.223
2.340,2.275,3.223
2.350,2.305,3.320
2.360,2.305,3.320
2.370,2.300,3.320
2.380,2.314,3.369
2.390,2.319,3.369
2.400,2.319,3.418
2.410,2.334,3.418
2.420,2.334,3.418
2.430,2.354,3.516
2.440,2.354,3.516
2.450,2.354,3.516
2.460,2.368,3.564
2.470,2.363,3.564
2.480,2.383,3.564
2.490,2.388,3.662
2.500,2.393,3.711
2.510,2.397,3.662
2.520,2.412,3.711
2.530,2.407,3.760
2.540,2.432,3.760
2.550,2.437,3.857
2.560,2.427,3.809
2.570,2.446,3.857
2.580,2.446,3.857
2.590,2.466,3.906
2.600,2.466,3.906
2.610,2.461,3.955
2.620,2.471,3.955
2.630,2.476,4.004
2.640,2.490,4.004
2.650,2.490,4.053
2.660,2.500,4.053
2.670,2.505,4.102
2.680,2.524,4.150
2.690,2.529,4.199
2.700,2.529,4.199
2.710,2.539,4.199
2.720,2.539,4.199
2.730,2.549,4.297
2.740,2.544,4.297
2.750,2.559,4.297
2.760,2.563,4.297
2.770,2.568,4.346
2.780,2.568,4.395
2.790,2.598,4.443
2.800,2.598,4.492
2.810,2.598,4.443
2.820,2.612,4.541
2.830,2.617,4.541
2.840,2.617,4.590
2.850,2.622,4.590
2.860,2.646,4.639
2.870,2.642,4.688
2.880,2.646,4.688
2.890,2.661,4.736
2.900,2.661,4.736
2.910,2.661,4.736
2.920,2.676,4.785
2.930,2.676,4.834
2.940,2.681,4.834
2.950,2.690,4.834
2.960,2.695,4.883
2.970,2.715,4.932
2.980,2.715,4.980
2.990,2.710,5.029
3.000,2.739,5.078
3.010,2.739,5.078
3.020,2.734,5.078
3.030,2.754,5.127
3.040,2.754,5.127
3.050,2.773,5.225
3.060,2.773,5.273
3.070,2.769,5.225
3.080,2.783,5.322
3.090,2.783,5.322
3.100,2.793,5.322
3.110,2.817,5.420
3.120,2.817,5.420
3.130,2.822,5.469
3.140,2.822,5.469
3.150,2.822,5.469
3.160,2.842,5.566
3.170,2.856,5.566
3.180,2.847,5.566
3.190,2.861,5.615
3.200,2.856,5.664
3.210,2.881,5.713
3.220,2.881,5.713
3.230,2.886,5.762
3.240,2.896,5.811
3.250,2.896,5.811
3.260,2.910,5.859
3.270,2.910,5.908
3.280,2.925,5.908
3.290,2.920,5.957
3.300,2.935,6.006
3.310,2.939,6.055
3.320,2.949,6.104
3.330,2.944,6.104
3.340,2.954,6.104
3.350,2.959,6.152
3.360,2.979,6.250
3.370,2.979,6.250
3.380,2.983,6.250
3.390,2.988,6.299
3.400,2.988,6.348
3.410,3.003,6.299
3.420,3.003,6.396
3.430,3.022,6.445
3.440,3.018,6.494
3.450,3.027,6.494
3.460,3.042,6.543
3.470,3.042,6.592
3.480,3.047,6.592
3.490,3.052,6.641
3.500,3.071,6.738
3.510,3.066,6.738
3.520,3.096,6.787
3.530,3.096,6.885
3.540,3.096,6.885
3.550,3.096,6.885
3.560,3.110,6.885
3.570,3.110,6.934
3.580,3.115,6.982
3.590,3.140,7.031
3.600,3.135,7.080
3.610,3.140,7.080
3.620,3.140,7.129
3.630,3.159,7.178
3.640,3.159,7.227
3.650,3.169,7.275
3.660,3.164,7.324
3.670,3.188,7.373
3.680,3.188,7.422
3.690,3.198,7.422
3.700,3.193,7.422
3.710,3.198,7.471
3.720,3.223,7.568
3.730,3.218,7.617
3.740,3.228,7.617
3.750,3.228,7.568
3.760,3.247,7.715
3.770,3.247,7.715
3.780,3.252,7.764
3.790,3.262,7.813
3.800,3.262,7.813
3.810,3.276,7.910
3.820,3.276,7.910
3.830,3.286,7.910
3.840,3.281,7.959
3.850,3.306,8.057
3.860,3.311,8.057
3.870,3.315,8.105
3.880,3.325,8.154
3.890,3.325,8.203
3.900,3.335,8.203
3.910,3.345,8.252
3.920,3.340,8.301
3.930,3.359,8.350
3.940,3.364,8.398
3.950,3.354,8.447
3.960,3.384,8.496
3.970,3.384,8.594
3.980,3.384,8.594
3.990,3.394,8.594
4.000,3.394,8.643
4.010,3.408,8.691
4.020,3.408,8.691
4.030,3.438,8.789
4.040,3.433,8.789
4.050,3.433,8.838
4.060,3.433,8.838
4.070,3.467,8.984
4.080,3.457,8.984
4.090,3.462,9.033
4.100,3.477,9.082
4.110,3.472,9.082
4.120,3.486,9.131
4.130,3.481,9.180
4.140,3.501,9.229
4.150,3.501,9.277
4.160,3.511,9.375
4.170,3.511,9.375
4.180,3.530,9.424
4.190,3.525,9.424
4.200,3.540,9.521
4.210,3.540,9.521
4.220,3.555,9.619
4.230,3.555,9.668
4.240,3.560,9.717
4.250,3.564,9.717
4.260,3.574,9.766
4.270,3.574,9.814
4.280,3.608,9.912
4.290,3.604,9.961
4.300,3.599,10.059
4.310,3.604,10.059
4.320,3.628,10.107
4.330,3.633,10.107
4.340,3.628,10.107
4.350,3.643,10.205
4.360,3.643,10.254
4.370,3.647,10.303
4.380,3.662,10.400
4.390,3.657,10.449
4.400,3.672,10.449
4.410,3.672,10.498
4.420,3.687,10.596
4.430,3.687,10.645
4.440,3.687,10.596
4.450,3.711,10.693
4.460,3.711,10.742
4.470,3.706,10.791
4.480,3.726,10.840
4.490,3.730,10.889
4.500,3.730,10.938
4.510,3.750,10.986
4.520,3.750,11.035
4.530,3.755,11.084
4.540,3.765,11.133
4.550,3.774,11.133
4.560,3.779,11.182
4.570,3.779,11.230
4.580,3.804,11.328
4.590,3.799,11.377
4.600,3.804,11.426
4.610,3.813,11.475
4.620,3.809,11.475
4.630,3.833,11.572
4.640,3.833,11.621
4.650,3.833,11.670
4.660,3.833,11.670
4.670,3.853,11.719
4.680,3.853,11.768
4.690,3.872,11.865
4.700,3.872,11.963
4.710,3.872,11.963
4.720,3.872,12.012
4.730,3.901,12.158
4.740,3.896,12.109
4.750,3.901,12.207
4.760,3.906,12.207
4.770,3.911,12.305
4.780,3.921,12.305
4.790,3.921,12.354
4.800,3.931,12.402
4.810,3.945,12.500
4.820,3.945,12.500
4.830,3.955,12.549
4.840,3.955,12.598
4.850,3.965,12.695
4.860,3.970,12.695
4.870,3.994,12.793
4.880,3.984,12.891
4.890,3.984,12.891
4.900,4.004,12.939
4.910,4.009,13.037
4.920,4.014,13.086
4.930,4.019,13.135
4.940,4.033,13.184
4.950,4.033,13.232
4.960,4.043,13.281
4.970,4.043,13.330
4.980,4.067,13.428
4.990,4.058,13.477
5.000,4.063,13.477
5.010,4.067,13.525
5.020,4.077,13.574
5.030,4.092,13.672
5.040,4.087,13.721
5.050,4.092,13.770
5.060,4.102,13.770
5.070,4.111,13.867
5.080,4.116,13.965
5.090,4.131,14.014
5.100,4.136,14.063
5.110,4.136,14.111
5.120,4.160,14.209
5.130,4.155,14.258
5.140,4.165,14.355
5.150,4.175,14.404
5.160,4.170,14.453
5.170,4.180,14.551
5.180,4.194,14.502
5.190,4.194,14.600
5.200,4.194,14.648
5.210,4.204,14.648
5.220,4.214,14.746
5.230,4.214,14.795
5.240,4.229,14.893
5.250,4.233,14.941
5.260,4.248,14.990
5.270,4.243,15.039
5.280,4.253,15.088
5.290,4.268,15.137
5.300,4.268,15.283
5.310,4.268,15.283
5.320,4.287,15.332
5.330,4.292,15.430
5.340,4.292,15.479
5.350,4.307,15.527
5.360,4.302,15.527
5.370,4.321,15.674
5.380,4.321,15.723
5.390,4.326,15.771
5.400,4.341,15.869
5.410,4.341,15.918
5.420,4.351,15.918
5.430,4.351,16.016
5.440,4.351,16.064
5.450,4.370,16.113
5.460,4.360,16.162
5.470,4.380,16.260
5.480,4.385,16.309
5.490,4.390,16.406
5.500,4.395,16.406
5.510,4.404,16.455
5.520,4.409,16.504
5.530,4.434,16.699
5.540,4.434,16.699
5.550,4.429,16.699
5.560,4.443,16.797
5.570,4.438,16.797
5.580,4.463,16.895
5.590,4.468,16.992
5.600,4.463,16.992
5.610,4.478,17.090
5.620,4.478,17.188
5.630,4.497,17.236
5.640,4.492,17.236
5.650,4.497,17.383
5.660,4.502,17.334
5.670,4.531,17.480
5.680,4.526,17.578
5.690,4.521,17.578
5.700,4.536,17.676
5.710,4.541,17.676
5.720,4.546,17.773
5.730,4.551,17.822
5.740,4.575,18.018
5.750,4.575,18.018
5.760,4.575,18.066
5.770,4.590,18.115
5.780,4.585,18.164
5.790,4.600,18.262
5.800,4.600,18.311
5.810,4.614,18.408
5.820,4.609,18.457
5.830,4.629,18.506
5.840,4.629,18.555
5.850,4.644,18.604
5.860,4.644,18.701
5.870,4.653,18.750
5.880,4.658,18.799
5.890,4.668,18.896
5.900,4.668,18.945
5.910,4.673,18.994
5.920,4.683,18.994
5.930,4.692,19.092
5.940,4.688,19.189
5.950,4.707,19.238
5.960,4.707,19.287
5.970,4.727,19.385
5.980,4.722,19.482
5.990,4.722,19.482
6.000,4.746,19.580
6.010,4.746,19.678
6.020,4.746,19.727
6.030,4.761,19.727
6.040,4.761,19.824
6.050,4.775,19.922
6.060,4.775,19.922
6.070,4.790,20.020
6.080,4.790,20.068
6.090,4.800,20.068
6.100,4.810,20.215
6.110,4.810,20.215
6.120,4.819,20.313
6.130,4.819,20.410
6.140,4.834,20.508
6.150,4.839,20.557
6.160,4.863,20.654
6.170,4.863,20.801
6.180,4.863,20.752
6.190,4.863,20.801
6.200,4.878,20.898
6.210,4.883,20.996
6.220,4.878,20.996
6.230,4.893,21.045
6.240,4.897,21.143
6.250,4.907,21.240
6.260,4.912,21.240
6.270,4.912,21.289
6.280,4.941,21.387
6.290,4.937,21.484
6.300,4.937,21.484
6.310,4.937,21.533
6.320,4.956,21.631
6.330,4.951,21.680
6.340,4.966,21.777
6.350,4.971,21.826
6.360,4.985,21.924
6.370,4.985,21.973
6.380,4.995,22.021
6.390,5.010,22.070
6.400,5.005,22.119
6.410,5.020,22.217
6.420,5.015,22.217
6.430,5.024,22.363
6.440,5.029,22.412
6.450,5.039,22.461
6.460,5.034,22.510
6.470,5.054,22.559
6.480,5.054,22.656
6.490,5.063,22.705
6.500,5.063,22.705
6.510,5.083,22.803
6.520,5.083,22.852
6.530,5.093,22.900
6.540,5.088,22.998
6.550,5.107,23.096
6.560,5.103,23.145
6.570,5.122,23.242
6.580,5.127,23.291
6.590,5.127,23.291
6.600,5.151,23.389
6.610,5.146,23.486
6.620,5.151,23.584
6.630,5.156,23.584
6.640,5.176,23.682
6.650,5.181,23.730
6.660,5.176,23.779
6.670,5.186,23.828
6.680,5.200,23.926
6.690,5.200,23.975
6.700,5.205,24.023
6.710,5.205,24.023
6.720,5.215,24.121
6.730,5.225,24.170
6.740,5.234,24.219
6.750,5.234,24.268
6.760,5.244,24.316
6.770,5.249,24.414
6.780,5.259,24.512
6.790,5.264,24.561
6.800,5.273,24.561
6.810,5.278,24.707
6.820,5.283,24.756
6.830,5.293,24.756
6.840,5.298,24.854
6.850,5.303,24.805
6.860,5.322,25.000
6.870,5.327,25.049
6.880,5.322,25.049
6.890,5.327,25.146
6.900,5.337,25.195
6.910,5.342,25.195
6.920,5.342,25.244
6.930,5.371,25.439
6.940,5.371,25.439
6.950,5.366,25.488
6.960,5.381,25.537
6.970,5.381,25.586
6.980,5.386,25.635
6.990,5.396,25.684
7.000,5.396,25.684
7.010,5.420,25.830
7.020,5.425,25.928
7.030,5.425,25.977
7.040,5.430,26.025
7.050,5.430,26.025
7.060,5.454,26.172
7.070,5.459,26.221
7.080,5.454,26.172
7.090,5.459,26.221
7.100,5.464,26.318
7.110,5.469,26.367
7.120,5.488,26.416
7.130,5.488,26.465
7.140,5.498,26.514
7.150,5.513,26.660
7.160,5.508,26.660
7.170,5.527,26.758
7.180,5.527,26.807
7.190,5.537,26.904
7.200,5.537,26.904
7.210,5.547,26.904
7.220,5.557,27.002
7.230,5.562,27.100
7.240,5.562,27.100
7.250,5.566,27.197
7.260,5.576,27.197
7.270,5.581,27.295
7.280,5.591,27.344
7.290,5.605,27.393
7.300,5.601,27.441
7.310,5.615,27.490
7.320,5.615,27.539
7.330,5.625,27.588
7.340,5.625,27.637
7.350,5.635,27.734
7.360,5.649,27.783
7.370,5.645,27.832
7.380,5.659,27.881
7.390,5.654,27.930
7.400,5.693,28.076
7.410,5.688,28.174
7.420,5.688,28.174
7.430,5.688,28.174
7.440,5.698,28.223
7.450,5.703,28.271
7.460,5.713,28.320
7.470,5.713,28.369
7.480,5.732,28.467
7.490,5.732,28.516
7.500,5.747,28.564
7.510,5.747,28.613
7.520,5.757,28.613
7.530,5.757,28.711
7.540,5.767,28.809
7.550,5.767,28.809
7.560,5.776,28.857
7.570,5.781,28.906
7.580,5.806,29.004
7.590,5.801,29.004
7.600,5.801,29.053
7.610,5.830,29.199
7.620,5.825,29.248
7.630,5.825,29.248
7.640,5.840,29.297
7.650,5.850,29.346
7.660,5.845,29.395
7.670,5.859,29.443
7.680,5.864,29.492
7.690,5.874,29.541
7.700,5.879,29.590
7.710,5.884,29.639
7.720,5.889,29.688
7.730,5.903,29.785
7.740,5.903,29.834
7.750,5.908,29.834
7.760,5.918,29.883
7.770,5.928,29.980
7.780,5.928,29.980
7.790,5.933,30.029
7.800,5.942,30.078
7.810,5.938,30.127
7.820,5.957,30.127
7.830,5.952,30.176
7.840,5.967,30.322
7.850,5.962,30.273
7.860,5.977,30.371
7.870,5.981,30.420
7.880,5.991,30.469
7.890,5.996,30.518
7.900,6.016,30.566
7.910,6.016,30.615
7.920,6.021,30.615
7.930,6.025,30.664
7.940,6.040,30.762
7.950,6.040,30.859
7.960,6.045,30.811
7.970,6.055,30.859
7.980,6.060,30.957
7.990,6.069,31.006
8.000,6.064,31.055
8.010,6.084,31.055
8.020,6.084,31.104
8.030,6.099,31.201
8.040,6.094,31.250
8.050,6.104,31.299
8.060,6.118,31.348
8.070,6.118,31.348
8.080,6.133,31.445
8.090,6.133,31.494
8.100,6.147,31.494
8.110,6.147,31.592
8.120,6.147,31.592
8.130,6.157,31.641
8.140,6.157,31.689
8.150,6.182,31.787
8.160,6.182,31.787
8.170,6.182,31.836
8.180,6.196,31.885
8.190,6.191,31.934
8.200,6.206,31.934
8.210,6.206,31.934
8.220,6.230,32.031
8.230,6.226,32.080
8.240,6.245,32.129
8.250,6.240,32.227
8.260,6.250,32.227
8.270,6.255,32.227
8.280,6.270,32.324
8.290,6.265,32.373
8.300,6.274,32.373
8.310,6.279,32.471
8.320,6.284,32.471
8.330,6.299,32.520
8.340,6.299,32.617
8.350,6.309,32.617
8.360,6.304,32.666
8.370,6.318,32.715
8.380,6.323,32.764
8.390,6.338,32.764
8.400,6.343,32.861
8.410,6.353,32.910
8.420,6.348,32.910
8.430,6.353,32.959
8.440,6.367,33.008
8.450,6.362,33.057
8.460,6.387,33.105
8.470,6.382,33.203
8.480,6.396,33.203
8.490,6.401,33.252
8.500,6.401,33.203
8.510,6.411,33.252
8.520,6.411,33.350
8.530,6.431,33.398
8.540,6.431,33.447
8.550,6.440,33.447
8.560,6.440,33.496
8.570,6.450,33.545
8.580,6.450,33.594
8.590,6.470,33.691
8.600,6.465,33.740
8.610,6.470,33.691
8.620,6.484,33.789
8.630,6.475,33.789
8.640,6.504,33.838
8.650,6.499,33.887
8.660,6.514,33.984
8.670,6.514,33.984
8.680,6.528,33.984
8.690,6.528,34.033
8.700,6.538,34.131
8.710,6.548,34.180
8.720,6.553,34.180
8.730,6.563,34.229
8.740,6.563,34.277
8.750,6.577,34.375
8.760,6.577,34.326
8.770,6.577,34.375
8.780,6.587,34.375
8.790,6.592,34.424
8.800,6.597,34.521
8.810,6.611,34.521
8.820,6.606,34.570
8.830,6.616,34.619
8.840,6.621,34.668
8.850,6.636,34.717
8.860,6.641,34.717
8.870,6.655,34.766
8.880,6.660,34.814
8.890,6.665,34.863
8.900,6.665,34.863
8.910,6.675,34.961
8.920,6.675,34.961
8.930,6.680,35.010
8.940,6.694,35.010
8.950,6.694,35.059
8.960,6.709,35.107
8.970,6.714,35.107
8.980,6.719,35.156
8.990,6.724,35.254
9.000,6.743,35.303
9.010,6.748,35.352
9.020,6.758,35.400
9.030,6.753,35.400
9.040,6.763,35.400
9.050,6.763,35.400
9.060,6.772,35.498
9.070,6.787,35.498
9.080,6.782,35.596
9.090,6.802,35.596
9.100,6.802,35.645
9.110,6.807,35.693
9.120,6.812,35.742
9.130,6.816,35.742
9.140,6.831,35.791
9.150,6.831,35.840
9.160,6.846,35.840
9.170,6.846,35.889
9.180,6.851,35.938
9.190,6.855,35.938
9.200,6.865,35.986
9.210,6.885,35.986
9.220,6.885,36.035
9.230,6.890,36.084
9.240,6.899,36.182
9.250,6.899,36.133
9.260,6.909,36.182
9.270,6.914,36.230
9.280,6.924,36.279
9.290,6.919,36.279
9.300,6.938,36.279
9.310,6.938,36.377
9.320,6.953,36.426
9.330,6.953,36.426
9.340,6.958,36.475
9.350,6.963,36.523
9.360,6.973,36.572
9.370,6.982,36.572
9.380,6.997,36.621
9.390,6.992,36.621
9.400,7.007,36.719
9.410,7.007,36.768
9.420,7.012,36.768
9.430,7.021,36.768
9.440,7.031,36.816
9.450,7.031,36.865
9.460,7.041,36.865
9.470,7.046,36.914
9.480,7.056,36.963
9.490,7.056,37.012
9.500,7.065,37.012
9.510,7.070,37.012
9.520,7.080,37.109
9.530,7.085,37.109
9.540,7.090,37.109
9.550,7.104,37.207
9.560,7.100,37.207
9.570,7.114,37.256
9.580,7.109,37.256
9.590,7.124,37.305
9.600,7.129,37.305
9.610,7.139,37.402
9.620,7.144,37.402
9.630,7.148,37.402
9.640,7.153,37.500
9.650,7.168,37.500
9.660,7.178,37.500
9.670,7.173,37.549
9.680,7.183,37.598
9.690,7.188,37.646
9.700,7.197,37.646
9.710,7.197,37.695
9.720,7.207,37.744
9.730,7.222,37.793
9.740,7.222,37.793
9.750,7.236,37.793
9.760,7.231,37.842
9.770,7.241,37.842
9.780,7.246,37.939
9.790,7.256,37.939
9.800,7.261,37.939
9.810,7.271,37.988
9.820,7.275,37.988
9.830,7.280,38.037
9.840,7.285,38.086
9.850,7.290,38.086
9.860,7.305,38.135
9.870,7.310,38.232
9.880,7.319,38.232
9.890,7.319,38.232
9.900,7.329,38.281
9.910,7.329,38.330
9.920,7.334,38.379
9.930,7.339,38.330
9.940,7.349,38.379
9.950,7.349,38.379
9.960,7.354,38.428
9.970,7.349,38.477
9.980,7.349,38.477
9.990,7.349,38.477
10.000,7.349,38.428
10.010,7.344,38.525
10.000,7.349,38.477
9.990,7.349,38.477
9.980,7.349,38.525
9.970,7.349,38.525
9.960,7.349,38.525
9.950,7.349,38.525
9.940,7.349,38.525
9.930,7.344,38.525
9.920,7.354,38.525
9.910,7.349,38.525
9.900,7.349,38.525
9.890,7.349,38.574
9.880,7.344,38.623
9.870,7.344,38.623
9.860,7.349,38.574
9.850,7.349,38.574
9.840,7.344,38.623
9.830,7.339,38.623
9.820,7.344,38.623
9.810,7.334,38.623
9.800,7.329,38.574
9.790,7.324,38.623
9.780,7.314,38.623
9.770,7.305,38.623
9.760,7.305,38.623
9.750,7.285,38.672
9.740,7.290,38.623
9.730,7.275,38.623
9.720,7.280,38.623
9.710,7.271,38.672
9.700,7.266,38.623
9.690,7.251,38.574
9.680,7.251,38.623
9.670,7.236,38.623
9.660,7.236,38.623
9.650,7.227,38.623
9.640,7.222,38.672
9.630,7.212,38.623
9.620,7.212,38.623
9.610,7.188,38.623
9.600,7.192,38.623
9.590,7.183,38.623
9.580,7.178,38.623
9.570,7.173,38.574
9.560,7.168,38.574
9.550,7.158,38.574
9.540,7.158,38.574
9.530,7.148,38.574
9.520,7.148,38.574
9.510,7.129,38.525
9.500,7.124,38.477
9.490,7.114,38.477
9.480,7.114,38.477
9.470,7.104,38.428
9.460,7.104,38.477
9.450,7.095,38.428
9.440,7.090,38.379
9.430,7.075,38.330
9.420,7.080,38.379
9.410,7.065,38.330
9.400,7.065,38.379
9.390,7.051,38.281
9.380,7.051,38.330
9.370,7.041,38.330
9.360,7.041,38.281
9.350,7.031,38.281
9.340,7.026,38.281
9.330,7.012,38.232
9.320,7.007,38.232
9.310,7.007,38.232
9.300,7.002,38.232
9.290,6.987,38.135
9.280,6.987,38.184
9.270,6.968,38.184
9.260,6.973,38.086
9.250,6.963,38.037
9.240,6.963,38.135
9.230,6.943,38.086
9.220,6.943,38.037
9.210,6.938,38.037
9.200,6.934,38.037
9.190,6.924,37.988
9.180,6.924,37.988
9.170,6.909,37.939
9.160,6.909,37.939
9.150,6.895,37.939
9.140,6.899,37.939
9.130,6.880,37.891
9.120,6.880,37.891
9.110,6.865,37.842
9.100,6.865,37.842
9.090,6.855,37.842
9.080,6.851,37.793
9.070,6.836,37.744
9.060,6.831,37.744
9.050,6.821,37.695
9.040,6.821,37.695
9.030,6.802,37.695
9.020,6.807,37.646
9.010,6.797,37.646
9.000,6.792,37.598
8.990,6.782,37.598
8.980,6.782,37.598
8.970,6.772,37.598
8.960,6.772,37.549
8.950,6.753,37.549
8.940,6.758,37.500
8.930,6.748,37.451
8.920,6.743,37.451
8.910,6.733,37.451
8.900,6.733,37.451
8.890,6.719,37.402
8.880,6.719,37.402
8.870,6.704,37.354
8.860,6.699,37.354
8.850,6.685,37.305
8.840,6.694,37.305
8.830,6.685,37.256
8.820,6.670,37.256
8.810,6.660,37.207
8.800,6.660,37.207
8.790,6.655,37.207
8.780,6.650,37.158
8.770,6.636,37.109
8.760,6.636,37.158
8.750,6.621,37.109
8.740,6.626,37.109
8.730,6.611,37.012
8.720,6.611,37.012
8.710,6.606,37.012
8.700,6.597,37.012
8.690,6.592,36.963
8.680,6.582,36.963
8.670,6.577,36.914
8.660,6.572,36.914
8.650,6.567,36.865
8.640,6.558,36.816
8.630,6.548,36.816
8.620,6.538,36.768
8.610,6.538,36.768
8.600,6.523,36.719
8.590,6.523,36.670
8.580,6.509,36.670
8.570,6.509,36.670
8.560,6.499,36.670
8.550,6.499,36.670
8.540,6.484,36.621
8.530,6.484,36.572
8.520,6.470,36.572
8.510,6.470,36.523
8.500,6.455,36.523
8.490,6.455,36.475
8.480,6.450,36.426
8.470,6.445,36.426
8.460,6.431,36.377
8.450,6.436,36.426
8.440,6.421,36.377
8.430,6.416,36.328
8.420,6.406,36.279
8.410,6.401,36.279
8.400,6.392,36.279
8.390,6.387,36.230
8.380,6.377,36.182
8.370,6.377,36.182
8.360,6.362,36.182
8.350,6.367,36.133
8.340,6.353,36.084
8.330,6.348,36.084
8.320,6.343,36.035
8.310,6.338,36.035
8.300,6.333,35.986
8.290,6.328,35.938
8.280,6.313,35.938
8.270,6.309,35.938
8.260,6.304,35.889
8.250,6.304,35.889
8.240,6.284,35.791
8.230,6.284,35.791
8.220,6.270,35.791
8.210,6.270,35.791
8.200,6.260,35.693
8.190,6.265,35.645
8.180,6.245,35.645
8.170,6.240,35.645
8.160,6.230,35.596
8.150,6.230,35.596
8.140,6.221,35.547
8.130,6.221,35.498
8.120,6.211,35.498
8.110,6.206,35.498
8.100,6.196,35.449
8.090,6.196,35.449
8.080,6.182,35.400
8.070,6.187,35.352
8.060,6.162,35.303
8.050,6.157,35.303
8.040,6.152,35.303
8.030,6.147,35.254
8.020,6.143,35.205
8.010,6.133,35.156
8.000,6.118,35.107
7.990,6.118,35.107
7.980,6.108,35.107
7.970,6.108,35.059
7.960,6.099,35.059
7.950,6.099,35.010
7.940,6.084,35.010
7.930,6.084,34.912
7.920,6.069,34.912
7.910,6.074,34.863
7.900,6.064,34.814
7.890,6.055,34.814
7.880,6.045,34.766
7.870,6.045,34.717
7.860,6.030,34.717
7.850,6.030,34.668
7.840,6.021,34.668
7.830,6.016,34.619
7.820,6.011,34.570
7.810,5.996,34.570
7.800,5.991,34.521
7.790,5.991,34.473
7.780,5.981,34.424
7.770,5.972,34.473
7.760,5.967,34.375
7.750,5.972,34.375
7.740,5.952,34.326
7.730,5.952,34.326
7.720,5.938,34.326
7.710,5.938,34.229
7.700,5.928,34.180
7.690,5.923,34.180
7.680,5.918,34.131
7.670,5.913,34.082
7.660,5.903,34.082
7.650,5.903,34.033
7.640,5.889,33.984
7.630,5.884,33.984
7.620,5.874,33.936
7.610,5.874,33.936
7.600,5.859,33.887
7.590,5.854,33.838
7.580,5.845,33.838
7.570,5.845,33.789
7.560,5.825,33.740
7.550,5.830,33.740
7.540,5.815,33.643
7.530,5.815,33.643
7.520,5.806,33.545
7.510,5.806,33.545
7.500,5.791,33.545
7.490,5.786,33.496
7.480,5.776,33.447
7.470,5.781,33.496
7.460,5.767,33.398
7.450,5.767,33.350
7.440,5.752,33.350
7.430,5.757,33.252
7.420,5.742,33.252
7.410,5.747,33.252
7.400,5.732,33.203
7.390,5.723,33.154
7.380,5.713,33.105
7.370,5.708,33.105
7.360,5.698,33.008
7.350,5.698,33.008
7.340,5.688,32.959
7.330,5.679,32.910
7.320,5.674,32.861
7.310,5.669,32.861
7.300,5.659,32.813
7.290,5.659,32.813
7.280,5.645,32.715
7.270,5.645,32.715
7.260,5.640,32.666
7.250,5.635,32.617
7.240,5.625,32.617
7.230,5.620,32.568
7.220,5.610,32.520
7.210,5.610,32.520
7.200,5.596,32.471
7.190,5.591,32.471
7.180,5.576,32.324
7.170,5.571,32.324
7.160,5.562,32.275
7.150,5.566,32.275
7.140,5.557,32.227
7.130,5.547,32.178
7.120,5.537,32.129
7.110,5.532,32.080
7.100,5.527,32.080
7.090,5.527,31.982
7.080,5.518,32.031
7.070,5.513,31.982
7.060,5.498,31.934
7.050,5.493,31.885
7.040,5.479,31.787
7.030,5.479,31.787
7.020,5.474,31.738
7.010,5.469,31.689
7.000,5.454,31.689
6.990,5.459,31.641
6.980,5.449,31.543
6.970,5.435,31.543
6.960,5.425,31.494
6.950,5.425,31.494
6.940,5.420,31.396
6.930,5.415,31.396
6.920,5.410,31.348
6.910,5.400,31.250
6.900,5.396,31.250
6.890,5.386,31.250
6.880,5.381,31.201
6.870,5.371,31.104
6.860,5.366,31.104
6.850,5.356,31.055
6.840,5.361,31.006
6.830,5.347,30.957
6.820,5.347,30.957
6.810,5.332,30.908
6.800,5.332,30.908
6.790,5.322,30.811
6.780,5.317,30.713
6.770,5.298,30.713
6.760,5.298,30.664
6.750,5.293,30.664
6.740,5.288,30.615
6.730,5.278,30.566
6.720,5.269,30.469
6.710,5.264,30.469
6.700,5.259,30.420
6.690,5.254,30.371
6.680,5.254,30.322
6.670,5.239,30.273
6.660,5.239,30.273
6.650,5.229,30.225
6.640,5.225,30.176
6.630,5.210,30.127
6.620,5.210,30.078
6.610,5.205,29.980
6.600,5.195,29.932
6.590,5.190,29.932
6.580,5.186,29.883
6.570,5.176,29.834
6.560,5.166,29.736
6.550,5.156,29.736
6.540,5.151,29.688
6.530,5.146,29.590
6.520,5.132,29.590
6.510,5.137,29.541
6.500,5.117,29.492
6.490,5.117,29.492
6.480,5.107,29.395
6.470,5.107,29.346
6.460,5.098,29.297
6.450,5.098,29.297
6.440,5.088,29.248
6.430,5.078,29.199
6.420,5.073,29.150
6.410,5.073,29.102
6.400,5.054,29.102
6.390,5.059,29.053
6.380,5.049,28.955
6.370,5.044,28.906
6.360,5.034,28.857
6.350,5.020,28.760
6.340,5.015,28.760
6.330,5.010,28.711
6.320,5.005,28.613
6.310,5.000,28.613
6.300,4.985,28.564
6.290,4.985,28.516
6.280,4.980,28.467
6.270,4.976,28.418
6.260,4.971,28.418
6.250,4.961,28.369
6.240,4.961,28.271
6.230,4.941,28.271
6.220,4.941,28.174
6.210,4.932,28.174
6.200,4.932,28.125
6.190,4.917,28.027
6.180,4.922,27.979
6.170,4.912,27.930
6.160,4.907,27.930
6.150,4.888,27.832
6.140,4.888,27.783
6.130,4.883,27.734
6.120,4.883,27.686
6.110,4.863,27.637
6.100,4.863,27.588
6.090,4.854,27.539
6.080,4.844,27.441
6.070,4.839,27.441
6.060,4.839,27.393
6.050,4.829,27.344
6.040,4.824,27.295
6.030,4.814,27.246
6.020,4.810,27.197
6.010,4.800,27.148
6.000,4.785,27.100
5.990,4.785,27.051
5.980,4.780,26.953
5.970,4.771,26.953
5.960,4.771,26.904
5.950,4.761,26.807
5.940,4.756,26.758
5.930,4.741,26.709
5.920,4.741,26.660
5.910,4.731,26.611
5.900,4.727,26.563
5.890,4.712,26.465
5.880,4.717,26.416
5.870,4.702,26.416
5.860,4.707,26.367
5.850,4.697,26.318
5.840,4.688,26.221
5.830,4.678,26.221
5.820,4.668,26.123
5.810,4.668,26.123
5.800,4.658,26.025
5.790,4.653,25.977
5.780,4.644,25.879
5.770,4.639,25.830
5.760,4.634,25.781
5.750,4.624,25.732
5.740,4.619,25.684
5.730,4.604,25.635
5.720,4.604,25.537
5.710,4.600,25.488
5.700,4.595,25.488
5.690,4.580,25.391
5.680,4.580,25.342
5.670,4.570,25.244
5.660,4.561,25.244
5.650,4.561,25.146
5.640,4.551,25.146
5.630,4.541,25.000
5.620,4.536,25.000
5.610,4.531,24.902
5.600,4.521,24.902
5.590,4.517,24.805
5.580,4.512,24.756
5.570,4.512,24.658
5.560,4.497,24.609
5.550,4.497,24.609
5.540,4.482,24.512
5.530,4.478,24.414
5.520,4.468,24.414
5.510,4.463,24.365
5.500,4.453,24.268
5.490,4.448,24.170
5.480,4.438,24.121
5.470,4.438,24.121
5.460,4.424,24.023
5.450,4.424,23.975
5.440,4.414,23.926
5.430,4.409,23.877
5.420,4.399,23.828
5.410,4.399,23.779
5.400,4.385,23.682
5.390,4.385,23.633
5.380,4.370,23.535
5.370,4.375,23.535
5.360,4.360,23.486
5.350,4.355,23.389
5.340,4.351,23.291
5.330,4.336,23.291
5.320,4.336,23.193
5.310,4.326,23.145
5.300,4.321,23.096
5.290,4.316,22.998
5.280,4.312,22.998
5.270,4.297,22.852
5.260,4.297,22.852
5.250,4.287,22.803
5.240,4.282,22.754
5.230,4.272,22.656
5.220,4.263,22.559
5.210,4.258,22.510
5.200,4.253,22.510
5.190,4.248,22.461
5.180,4.243,22.363
5.170,4.233,22.314
5.160,4.229,22.266
5.150,4.219,22.168
5.140,4.219,22.119
5.130,4.209,22.070
5.120,4.199,22.021
5.110,4.194,21.924
5.100,4.189,21.875
5.090,4.180,21.826
5.080,4.175,21.777
5.070,4.165,21.729
5.060,4.160,21.631
5.050,4.155,21.582
5.040,4.146,21.533
5.030,4.141,21.484
5.020,4.141,21.387
5.010,4.126,21.338
5.000,4.121,21.240
4.990,4.111,21.240
4.980,4.111,21.094
4.970,4.097,21.045
4.960,4.097,21.045
4.950,4.087,20.947
4.940,4.077,20.801
4.930,4.072,20.850
4.920,4.058,20.752
4.910,4.058,20.703
4.900,4.058,20.654
4.890,4.043,20.605
4.880,4.038,20.459
4.870,4.033,20.410
4.860,4.033,20.313
4.850,4.019,20.313
4.840,4.014,20.215
4.830,4.004,20.117
4.820,3.999,20.068
4.810,3.999,20.020
4.800,3.989,19.971
4.790,3.979,19.873
4.780,3.970,19.775
4.770,3.970,19.775
4.760,3.955,19.678
4.750,3.955,19.629
4.740,3.950,19.580
4.730,3.940,19.482
4.720,3.940,19.434
4.710,3.926,19.336
4.700,3.926,19.287
4.690,3.911,19.238
4.680,3.901,19.092
4.670,3.896,19.043
4.660,3.892,19.043
4.650,3.887,18.994
4.640,3.882,18.896
4.630,3.877,18.848
4.620,3.872,18.701
4.610,3.862,18.701
4.600,3.857,18.652
4.590,3.848,18.555
4.580,3.838,18.506
4.570,3.833,18.408
4.560,3.828,18.359
4.550,3.823,18.311
4.540,3.818,18.311
4.530,3.809,18.213
4.520,3.809,18.164
4.510,3.794,18.066
4.500,3.789,18.018
4.490,3.789,17.920
4.480,3.779,17.871
4.470,3.770,17.822
4.460,3.765,17.725
4.450,3.750,17.676
4.440,3.740,17.578
4.430,3.740,17.529
4.420,3.735,17.480
4.410,3.726,17.432
4.400,3.721,17.383
4.390,3.711,17.285
4.380,3.711,17.188
4.370,3.706,17.139
4.360,3.701,17.090
4.350,3.687,17.041
4.340,3.682,16.992
4.330,3.672,16.943
4.320,3.672,16.846
4.310,3.667,16.797
4.300,3.652,16.748
4.290,3.652,16.699
4.280,3.647,16.602
4.270,3.643,16.602
4.260,3.628,16.504
4.250,3.623,16.406
4.240,3.613,16.357
4.230,3.608,16.309
4.220,3.599,16.260
4.210,3.599,16.162
4.200,3.589,16.162
4.190,3.584,16.064
4.180,3.574,15.967
4.170,3.569,15.918
4.160,3.555,15.820
4.150,3.560,15.723
4.140,3.555,15.723
4.130,3.545,15.625
4.120,3.535,15.576
4.110,3.530,15.479
4.100,3.530,15.479
4.090,3.521,15.381
4.080,3.511,15.283
4.070,3.506,15.283
4.060,3.491,15.186
4.050,3.491,15.137
4.040,3.481,15.039
4.030,3.481,14.990
4.020,3.477,14.941
4.010,3.462,14.893
4.000,3.457,14.795
3.990,3.457,14.697
3.980,3.452,14.600
3.970,3.442,14.600
3.960,3.438,14.600
3.950,3.428,14.453
3.940,3.423,14.404
3.930,3.408,14.355
3.920,3.403,14.307
3.910,3.394,14.209
3.900,3.389,14.209
3.890,3.384,14.111
3.880,3.379,14.063
3.870,3.374,13.965
3.860,3.364,13.916
3.850,3.354,13.770
3.840,3.350,13.770
3.830,3.345,13.672
3.820,3.335,13.672
3.810,3.325,13.623
3.800,3.320,13.525
3.790,3.320,13.477
3.780,3.311,13.379
3.770,3.306,13.379
3.760,3.301,13.281
3.750,3.291,13.281
3.740,3.286,13.232
3.730,3.276,13.135
3.720,3.271,13.086
3.710,3.262,13.037
3.700,3.262,12.988
3.690,3.252,12.939
3.680,3.247,12.891
3.670,3.247,12.842
3.660,3.228,12.793
3.650,3.223,12.646
3.640,3.218,12.598
3.630,3.208,12.549
3.620,3.198,12.451
3.610,3.188,12.402
3.600,3.198,12.402
3.590,3.179,12.305
3.580,3.184,12.305
3.570,3.169,12.207
3.560,3.164,12.158
3.550,3.154,12.109
3.540,3.149,12.012
3.530,3.145,12.012
3.520,3.145,11.963
3.510,3.130,11.865
3.500,3.125,11.914
3.490,3.115,11.816
3.480,3.115,11.719
3.470,3.105,11.670
3.460,3.101,11.670
3.450,3.096,11.523
3.440,3.086,11.523
3.430,3.081,11.475
3.420,3.066,11.426
3.410,3.062,11.377
3.400,3.052,11.279
3.390,3.052,11.230
3.380,3.042,11.182
3.370,3.032,11.133
3.360,3.027,11.084
3.350,3.018,11.035
3.340,3.013,10.986
3.330,3.013,10.938
3.320,3.003,10.938
3.310,2.998,10.840
3.300,2.988,10.791
3.290,2.979,10.742
3.280,2.974,10.693
3.270,2.969,10.645
3.260,2.959,10.596
3.250,2.959,10.596
3.240,2.954,10.547
3.230,2.944,10.498
3.220,2.935,10.400
3.210,2.930,10.352
3.200,2.920,10.352
3.190,2.915,10.254
3.180,2.900,10.156
3.170,2.900,10.156
3.160,2.905,10.107
3.150,2.881,10.010
3.140,2.881,9.961
3.130,2.871,9.912
3.120,2.866,9.912
3.110,2.861,9.863
3.100,2.852,9.814
3.090,2.852,9.766
3.080,2.837,9.668
3.070,2.832,9.717
3.060,2.832,9.619
3.050,2.827,9.619
3.040,2.817,9.521
3.030,2.817,9.473
3.020,2.803,9.424
3.010,2.798,9.375
3.000,2.793,9.326
2.990,2.783,9.326
2.980,2.778,9.229
2.970,2.773,9.180
2.960,2.769,9.131
2.950,2.759,9.082
2.940,2.749,9.033
2.930,2.739,8.984
2.920,2.729,8.984
2.910,2.734,8.984
2.900,2.725,8.838
2.890,2.715,8.838
2.880,2.705,8.789
2.870,2.700,8.643
2.860,2.695,8.691
2.850,2.690,8.594
2.840,2.686,8.594
2.830,2.666,8.594
2.820,2.666,8.545
2.810,2.656,8.398
2.800,2.651,8.398
2.790,2.646,8.398
2.780,2.642,8.350
2.770,2.637,8.301
2.760,2.627,8.252
2.750,2.622,8.252
2.740,2.612,8.105
2.730,2.612,8.154
2.720,2.603,8.105
2.710,2.593,8.057
2.700,2.588,8.008
2.690,2.583,7.959
2.680,2.573,7.910
2.670,2.568,7.910
2.660,2.563,7.813
2.650,2.554,7.764
2.640,2.549,7.764
2.630,2.544,7.715
2.620,2.539,7.666
2.610,2.534,7.666
2.600,2.520,7.520
2.590,2.510,7.520
2.580,2.505,7.520
2.570,2.505,7.422
2.560,2.490,7.373
2.550,2.490,7.373
2.540,2.476,7.324
2.530,2.476,7.275
2.520,2.471,7.275
2.510,2.456,7.275
2.500,2.456,7.178
2.490,2.446,7.129
2.480,2.446,7.080
2.470,2.437,7.031
2.460,2.427,7.031
2.450,2.417,7.031
2.440,2.422,6.934
2.430,2.412,6.934
2.420,2.407,6.836
2.410,2.397,6.836
2.400,2.397,6.836
2.390,2.388,6.738
2.380,2.363,6.738
2.370,2.363,6.641
2.360,2.358,6.641
2.350,2.349,6.592
2.340,2.349,6.543
2.330,2.344,6.494
2.320,2.329,6.543
2.310,2.324,6.445
2.300,2.319,6.396
2.290,2.310,6.348
2.280,2.305,6.299
2.270,2.305,6.250
2.260,2.295,6.299
2.250,2.290,6.250
2.240,2.285,6.201
2.230,2.280,6.152
2.220,2.271,6.152
2.210,2.261,6.104
2.200,2.251,6.055
2.190,2.251,6.055
2.180,2.236,6.006
2.170,2.231,5.908
2.160,2.222,5.859
2.150,2.222,5.859
2.140,2.212,5.859
2.130,2.212,5.859
2.120,2.207,5.762
2.110,2.192,5.762
2.100,2.188,5.713
2.090,2.183,5.664
2.080,2.173,5.615
2.070,2.168,5.615
2.060,2.158,5.566
2.050,2.153,5.566
2.040,2.144,5.518
2.030,2.139,5.469
2.020,2.134,5.469
2.010,2.129,5.420
2.000,2.124,5.420
1.990,2.119,5.322
1.980,2.109,5.322
1.970,2.104,5.322
1.960,2.100,5.225
1.950,2.090,5.273
1.940,2.085,5.225
1.930,2.070,5.225
1.920,2.070,5.127
1.910,2.061,5.127
1.900,2.051,5.078
1.890,2.051,5.029
1.880,2.031,4.980
1.870,2.036,5.029
1.860,2.031,4.932
1.850,2.021,4.883
1.840,2.012,4.834
1.830,2.007,4.834
1.820,2.002,4.834
1.810,1.997,4.834
1.800,1.987,4.785
1.790,1.978,4.736
1.780,1.978,4.688
1.770,1.968,4.688
1.760,1.953,4.639
1.750,1.948,4.590
1.740,1.943,4.541
1.730,1.929,4.541
1.720,1.929,4.541
1.710,1.924,4.443
1.700,1.919,4.443
1.690,1.909,4.395
1.680,1.904,4.395
1.670,1.899,4.395
1.660,1.895,4.346
1.650,1.895,4.346
1.640,1.885,4.297
1.630,1.875,4.297
1.620,1.865,4.199
1.610,1.865,4.248
1.600,1.855,4.199
1.590,1.841,4.102
1.580,1.841,4.150
1.570,1.836,4.102
1.560,1.826,4.053
1.550,1.821,4.004
1.540,1.807,4.004
1.530,1.812,3.955
1.520,1.797,3.955
1.510,1.792,3.906
1.500,1.787,3.857
1.490,1.787,3.809
1.480,1.772,3.857
1.470,1.763,3.857
1.460,1.758,3.760
1.450,1.758,3.809
1.440,1.748,3.711
1.430,1.743,3.711
1.420,1.733,3.711
1.410,1.724,3.613
1.400,1.724,3.613
1.390,1.714,3.613
1.380,1.704,3.564
1.370,1.704,3.516
1.360,1.694,3.516
1.350,1.685,3.516
1.340,1.675,3.467
1.330,1.670,3.418
1.320,1.665,3.418
1.310,1.655,3.369
1.300,1.650,3.369
1.290,1.641,3.320
1.280,1.641,3.320
1.270,1.626,3.271
1.260,1.616,3.223
1.250,1.611,3.271
1.240,1.611,3.223
1.230,1.602,3.174
1.220,1.602,3.174
1.210,1.587,3.125
1.200,1.582,3.076
1.190,1.577,3.125
1.180,1.577,3.076
1.170,1.563,3.027
1.160,1.563,3.027
1.150,1.553,2.979
1.140,1.548,2.930
1.130,1.538,2.930
1.120,1.528,2.881
1.110,1.523,2.881
1.100,1.519,2.881
1.090,1.514,2.832
1.080,1.504,2.832
1.070,1.499,2.783
1.060,1.489,2.734
1.050,1.479,2.783
1.040,1.475,2.734
1.030,1.475,2.686
1.020,1.470,2.734
1.010,1.460,2.637
1.000,1.455,2.637
0.990,1.440,2.588
0.980,1.436,2.539
0.970,1.431,2.588
0.960,1.421,2.539
0.950,1.416,2.490
0.940,1.411,2.490
0.930,1.396,2.490
0.920,1.392,2.393
0.910,1.382,2.393
0.900,1.387,2.344
0.890,1.382,2.393
0.880,1.367,2.295
0.870,1.367,2.295
0.860,1.357,2.295
0.850,1.353,2.295
0.840,1.343,2.246
0.830,1.338,2.246
0.820,1.328,2.197
0.810,1.323,2.148
0.800,1.309,2.148
0.790,1.309,2.100
0.780,1.304,2.148
0.770,1.294,2.051
0.760,1.284,2.051
0.750,1.279,2.051
0.740,1.274,2.002
0.730,1.270,1.953
0.720,1.265,2.002
0.710,1.255,1.904
0.700,1.250,1.904
0.690,1.245,1.904
0.680,1.240,1.855
0.670,1.230,1.855
0.660,1.221,1.855
0.650,1.216,1.807
0.640,1.211,1.807
0.630,1.201,1.758
0.620,1.201,1.758
0.610,1.187,1.758
0.600,1.187,1.709
0.590,1.172,1.709
0.580,1.167,1.660
0.570,1.162,1.660
0.560,1.157,1.611
0.550,1.152,1.660
0.540,1.138,1.611
0.530,1.138,1.563
0.520,1.128,1.563
0.510,1.123,1.563
0.500,1.113,1.514
0.490,1.108,1.465
0.480,1.099,1.514
0.470,1.094,1.465
0.460,1.089,1.465
0.450,1.084,1.416
0.440,1.074,1.416
0.430,1.074,1.367
0.420,1.069,1.367
0.410,1.060,1.318
0.400,1.055,1.318
0.390,1.050,1.318
0.380,1.045,1.318
0.370,1.040,1.270
0.360,1.035,1.270
0.350,1.025,1.221
0.340,1.025,1.221
0.330,1.011,1.221
0.320,1.001,1.172
0.310,0.991,1.123
0.300,0.977,1.172
0.290,0.977,1.074
0.280,0.977,1.074
0.270,0.972,1.074
0.260,0.962,1.074
0.250,0.952,1.025
0.240,0.947,1.025
0.230,0.942,1.025
0.220,0.938,0.977
0.210,0.928,0.977
0.200,0.913,0.928
0.190,0.918,0.928
0.180,0.903,0.879
0.170,0.898,0.879
0.160,0.894,0.879
0.150,0.884,0.879
0.140,0.879,0.830
0.130,0.879,0.781
0.120,0.859,0.781
0.110,0.864,0.781
0.100,0.791,0.635
0.090,0.791,0.586
0.080,0.796,0.586
0.070,0.791,0.586
0.060,0.791,0.586
0.050,0.791,0.586
0.040,0.791,0.586
0.030,0.791,0.586
0.020,0.791,0.586
0.010,0.791,0.537
0.000,0.791,0.537
0.000,0.791,0.000
0.010,0.796,0.049
0.020,0.791,0.049
0.030,0.791,0.000
0.040,0.786,0.049
0.050,0.791,0.000
0.060,0.791,0.049
0.070,0.791,0.000
0.080,0.791,0.000
0.090,0.791,0.000
0.100,0.791,0.000
0.110,0.791,0.049
0.120,0.791,0.000
0.130,0.791,0.000
0.140,0.791,0.000
0.150,0.786,0.000
0.160,0.796,0.000
0.170,0.825,0.000
0.180,0.840,0.000
0.190,0.840,0.000
0.200,0.835,0.000
0.210,0.845,0.049
0.220,0.859,0.000
0.230,0.864,0.049
0.240,0.864,0.049
0.250,0.874,0.000
0.260,0.874,0.049
0.270,0.889,0.000
0.280,0.894,0.098
0.290,0.898,0.049
0.300,0.903,0.049
0.310,0.908,0.098
0.320,0.928,0.098
0.330,0.928,0.098
0.340,0.933,0.098
0.350,0.942,0.098
0.360,0.942,0.146
0.370,0.957,0.146
0.380,0.957,0.146
0.390,0.967,0.146
0.400,0.977,0.146
0.410,0.977,0.195
0.420,0.991,0.195
0.430,0.991,0.195
0.440,1.006,0.195
0.450,1.011,0.244
0.460,1.021,0.244
0.470,1.016,0.244
0.480,1.040,0.244
0.490,1.035,0.293
0.500,1.040,0.293
0.510,1.055,0.244
0.520,1.060,0.342
0.530,1.055,0.293
0.540,1.079,0.342
0.550,1.084,0.342
0.560,1.079,0.342
0.570,1.089,0.391
0.580,1.104,0.391
0.590,1.104,0.391
0.600,1.108,0.342
0.610,1.118,0.439
0.620,1.123,0.391
0.630,1.133,0.391
0.640,1.143,0.391
0.650,1.143,0.439
0.660,1.152,0.439
0.670,1.162,0.537
0.680,1.162,0.537
0.690,1.177,0.488
0.700,1.182,0.488
0.710,1.182,0.586
0.720,1.187,0.537
0.730,1.191,0.537
0.740,1.211,0.537
0.750,1.211,0.586
0.760,1.206,0.586
0.770,1.226,0.586
0.780,1.230,0.635
0.790,1.230,0.684
0.800,1.255,0.684
0.810,1.250,0.684
0.820,1.255,0.684
0.830,1.265,0.684
0.840,1.270,0.732
0.850,1.279,0.732
0.860,1.284,0.732
0.870,1.289,0.732
0.880,1.294,0.781
0.890,1.304,0.781
0.900,1.309,0.830
0.910,1.323,0.830
0.920,1.328,0.830
0.930,1.333,0.830
0.940,1.348,0.879
0.950,1.348,0.830
0.960,1.353,0.879
0.970,1.362,0.879
0.980,1.372,0.928
0.990,1.372,0.928
1.000,1.382,0.928
1.010,1.377,0.977
1.020,1.396,0.928
1.030,1.396,0.977
1.040,1.411,0.977
1.050,1.411,1.025
1.060,1.421,1.025
1.070,1.421,1.074
1.080,1.431,1.074
1.090,1.436,1.074
1.100,1.440,1.074
1.110,1.445,1.123
1.120,1.460,1.123
1.130,1.460,1.123
1.140,1.479,1.123
1.150,1.484,1.172
1.160,1.484,1.221
1.170,1.499,1.221
1.180,1.499,1.221
1.190,1.509,1.221
1.200,1.519,1.221
1.210,1.523,1.270
1.220,1.523,1.270
1.230,1.533,1.270
1.240,1.548,1.318
1.250,1.553,1.367
1.260,1.553,1.318
1.270,1.572,1.367
1.280,1.567,1.416
1.290,1.563,1.367
1.300,1.582,1.416
1.310,1.582,1.416
1.320,1.587,1.465
1.330,1.606,1.465
1.340,1.606,1.465
1.350,1.616,1.514
1.360,1.621,1.563
1.370,1.626,1.514
1.380,1.641,1.563
1.390,1.646,1.563
1.400,1.650,1.611
1.410,1.660,1.563
1.420,1.660,1.660
1.430,1.670,1.660
1.440,1.670,1.660
1.450,1.689,1.709
1.460,1.689,1.709
1.470,1.694,1.709
1.480,1.694,1.709
1.490,1.724,1.758
1.500,1.729,1.758
1.510,1.729,1.807
1.520,1.729,1.758
1.530,1.738,1.807
1.540,1.743,1.855
1.550,1.748,1.807
1.560,1.753,1.855
1.570,1.768,1.904
1.580,1.772,1.904
1.590,1.782,1.953
1.600,1.782,1.904
1.610,1.797,2.002
1.620,1.797,2.002
1.630,1.802,1.953
1.640,1.812,2.051
1.650,1.816,2.100
1.660,1.836,2.100
1.670,1.836,2.100
1.680,1.831,2.100
1.690,1.846,2.100
1.700,1.846,2.148
1.710,1.855,2.148
1.720,1.860,2.197
1.730,1.880,2.197
1.740,1.875,2.246
1.750,1.880,2.246
1.760,1.899,2.295
1.770,1.904,2.246
1.780,1.904,2.344
1.790,1.914,2.344
1.800,1.914,2.344
1.810,1.938,2.393
1.820,1.938,2.441
1.830,1.938,2.393
1.840,1.948,2.441
1.850,1.948,2.441
1.860,1.968,2.490
1.870,1.963,2.441
1.880,1.982,2.539
1.890,1.987,2.588
1.900,1.973,2.539
1.910,1.992,2.588
1.920,1.992,2.539
1.930,2.007,2.637
1.940,2.007,2.637
1.950,2.017,2.734
1.960,2.021,2.686
1.970,2.036,2.734
1.980,2.036,2.734
1.990,2.056,2.783
2.000,2.051,2.783
2.010,2.070,2.783
2.020,2.065,2.832
2.030,2.080,2.881
2.040,2.085,2.881
2.050,2.090,2.930
2.060,2.100,2.930
2.070,2.095,2.979
2.080,2.104,2.979
2.090,2.109,2.930
2.100,2.129,3.027
2.110,2.129,3.027
2.120,2.129,3.076
2.130,2.153,3.125
2.140,2.148,3.174
2.150,2.148,3.076
2.160,2.158,3.174
2.170,2.163,3.174
2.180,2.168,3.174
2.190,2.183,3.223
2.200,2.192,3.223
2.210,2.192,3.320
2.220,2.212,3.320
2.230,2.212,3.271
2.240,2.212,3.320
2.250,2.227,3.369
2.260,2.222,3.369
2.270,2.231,3.418
2.280,2.246,3.418
2.290,2.246,3.467
2.300,2.251,3.467
2.310,2.271,3.516
2.320,2.266,3.516
2.330,2.271,3.516
2.340,2.285,3.564
2.350,2.285,3.564
2.360,2.295,3.662
2.370,2.295,3.662
2.380,2.310,3.662
2.390,2.314,3.662
2.400,2.329,3.711
2.410,2.329,3.760
2.420,2.339,3.760
2.430,2.334,3.760
2.440,2.358,3.857
2.450,2.358,3.857
2.460,2.358,3.906
2.470,2.368,3.955
2.480,2.368,3.906
2.490,2.383,3.955
2.500,2.388,3.955
2.510,2.397,4.053
2.520,2.412,4.053
2.530,2.407,4.053
2.540,2.417,4.053
2.550,2.427,4.102
2.560,2.422,4.102
2.570,2.446,4.199
2.580,2.441,4.199
2.590,2.441,4.199
2.600,2.461,4.248
2.610,2.461,4.248
2.620,2.471,4.346
2.630,2.476,4.346
2.640,2.490,4.395
2.650,2.490,4.395
2.660,2.500,4.443
2.670,2.505,4.443
2.680,2.515,4.443
2.690,2.515,4.492
2.700,2.524,4.541
2.710,2.529,4.590
2.720,2.539,4.590
2.730,2.549,4.590
2.740,2.549,4.590
2.750,2.554,4.688
2.760,2.559,4.688
2.770,2.573,4.736
2.780,2.573,4.736
2.790,2.578,4.736
2.800,2.588,4.834
2.810,2.593,4.834
2.820,2.612,4.883
2.830,2.603,4.883
2.840,2.617,4.932
2.850,2.632,4.980
2.860,2.627,4.980
2.870,2.632,5.029
2.880,2.637,5.029
2.890,2.646,5.078
2.900,2.656,5.078
2.910,2.661,5.176
2.920,2.666,5.127
2.930,2.681,5.176
2.940,2.681,5.225
2.950,2.700,5.322
2.960,2.695,5.322
2.970,2.695,5.322
2.980,2.725,5.420
2.990,2.725,5.420
3.000,2.720,5.420
3.010,2.729,5.469
3.020,2.739,5.420
3.030,2.749,5.518
3.040,2.749,5.566
3.050,2.759,5.566
3.060,2.769,5.615
3.070,2.769,5.615
3.080,2.773,5.664
3.090,2.783,5.664
3.100,2.803,5.762
3.110,2.803,5.762
3.120,2.803,5.811
3.130,2.813,5.859
3.140,2.822,5.908
3.150,2.827,5.859
3.160,2.827,5.908
3.170,2.842,6.006
3.180,2.847,6.006
3.190,2.847,6.006
3.200,2.856,6.055
3.210,2.856,6.055
3.220,2.881,6.152
3.230,2.881,6.152
3.240,2.886,6.201
3.250,2.891,6.250
3.260,2.905,6.299
3.270,2.910,6.299
3.280,2.905,6.348
3.290,2.920,6.396
3.300,2.925,6.445
3.310,2.944,6.445
3.320,2.939,6.494
3.330,2.939,6.494
3.340,2.949,6.543
3.350,2.959,6.592
3.360,2.964,6.592
3.370,2.969,6.689
3.380,2.988,6.689
3.390,2.979,6.787
3.400,2.993,6.787
3.410,2.998,6.787
3.420,3.003,6.787
3.430,3.008,6.885
3.440,3.032,6.982
3.450,3.032,7.031
3.460,3.027,6.982
3.470,3.042,7.031
3.480,3.042,7.080
3.490,3.057,7.129
3.500,3.057,7.129
3.510,3.066,7.178
3.520,3.076,7.227
3.530,3.076,7.275
3.540,3.091,7.324
3.550,3.086,7.324
3.560,3.105,7.422
3.570,3.101,7.422
3.580,3.115,7.471
3.590,3.115,7.471
3.600,3.135,7.471
3.610,3.130,7.520
3.620,3.140,7.568
3.630,3.145,7.617
3.640,3.154,7.715
3.650,3.164,7.715
3.660,3.159,7.715
3.670,3.179,7.764
3.680,3.179,7.813
3.690,3.193,7.861
3.700,3.193,7.910
3.710,3.203,7.959
3.720,3.203,7.959
3.730,3.232,8.057
3.740,3.232,8.105
3.750,3.228,8.105
3.760,3.228,8.154
3.770,3.252,8.154
3.780,3.252,8.203
3.790,3.257,8.252
3.800,3.262,8.301
3.810,3.262,8.301
3.820,3.276,8.398
3.830,3.281,8.447
3.840,3.286,8.447
3.850,3.291,8.447
3.860,3.311,8.545
3.870,3.315,8.545
3.880,3.315,8.594
3.890,3.330,8.691
3.900,3.325,8.740
3.910,3.340,8.789
3.920,3.345,8.838
3.930,3.354,8.838
3.940,3.364,8.887
3.950,3.364,8.984
3.960,3.364,8.936
3.970,3.369,8.984
3.980,3.379,9.082
3.990,3.384,9.131
4.000,3.403,9.180
4.010,3.398,9.229
4.020,3.413,9.277
4.030,3.413,9.326
4.040,3.428,9.375
4.050,3.433,9.424
4.060,3.442,9.424
4.070,3.447,9.473
4.080,3.462,9.521
4.090,3.457,9.521
4.100,3.467,9.570
4.110,3.467,9.668
4.120,3.477,9.717
4.130,3.486,9.717
4.140,3.486,9.766
4.150,3.491,9.766
4.160,3.501,9.814
4.170,3.511,9.912
4.180,3.511,9.912
4.190,3.530,10.010
4.200,3.530,10.010
4.210,3.530,10.059
4.220,3.545,10.156
4.230,3.550,10.205
4.240,3.555,10.205
4.250,3.564,10.254
4.260,3.569,10.303
4.270,3.569,10.400
4.280,3.589,10.498
4.290,3.589,10.498
4.300,3.594,10.498
4.310,3.613,10.645
4.320,3.613,10.645
4.330,3.613,10.645
4.340,3.623,10.693
4.350,3.623,10.791
4.360,3.643,10.840
4.370,3.638,10.840
4.380,3.652,10.938
4.390,3.657,10.938
4.400,3.667,11.035
4.410,3.662,11.035
4.420,3.682,11.084
4.430,3.682,11.133
4.440,3.682,11.230
4.450,3.687,11.230
4.460,3.701,11.279
4.470,3.706,11.328
4.480,3.726,11.475
4.490,3.721,11.523
4.500,3.721,11.475
4.510,3.745,11.572
4.520,3.745,11.670
4.530,3.740,11.621
4.540,3.755,11.768
4.550,3.760,11.768
4.560,3.779,11.865
4.570,3.784,11.914
4.580,3.779,11.914
4.590,3.789,12.012
4.600,3.799,12.012
4.610,3.799,12.061
4.620,3.809,12.158
4.630,3.818,12.207
4.640,3.823,12.256
4.650,3.823,12.256
4.660,3.838,12.354
4.670,3.838,12.354
4.680,3.853,12.451
4.690,3.848,12.500
4.700,3.867,12.549
4.710,3.867,12.598
4.720,3.877,12.646
4.730,3.877,12.646
4.740,3.896,12.793
4.750,3.896,12.842
4.760,3.901,12.842
4.770,3.906,12.939
4.780,3.906,12.988
4.790,3.926,13.086
4.800,3.921,13.086
4.810,3.931,13.086
4.820,3.945,13.184
4.830,3.945,13.232
4.840,3.955,13.330
4.850,3.960,13.330
4.860,3.970,13.428
4.870,3.975,13.477
4.880,3.979,13.477
4.890,3.984,13.574
4.900,4.004,13.721
4.910,4.004,13.721
4.920,4.004,13.721
4.930,4.023,13.818
4.940,4.028,13.916
4.950,4.028,13.965
4.960,4.033,13.965
4.970,4.043,14.014
4.980,4.038,14.014
4.990,4.058,14.160
5.000,4.053,14.209
5.010,4.067,14.209
5.020,4.072,14.307
5.030,4.082,14.355
5.040,4.092,14.453
5.050,4.087,14.453
5.060,4.106,14.600
5.070,4.111,14.600
5.080,4.116,14.697
5.090,4.121,14.746
5.100,4.131,14.795
5.110,4.126,14.795
5.120,4.146,14.893
5.130,4.136,14.893
5.140,4.155,14.990
5.150,4.160,15.088
5.160,4.175,15.186
5.170,4.170,15.186
5.180,4.189,15.283
5.190,4.194,15.332
5.200,4.194,15.381
5.210,4.204,15.430
5.220,4.204,15.479
5.230,4.219,15.576
5.240,4.224,15.625
5.250,4.233,15.723
5.260,4.238,15.771
5.270,4.238,15.771
5.280,4.248,15.820
5.290,4.258,15.918
5.300,4.268,16.016
5.310,4.268,16.064
5.320,4.272,16.064
5.330,4.282,16.211
5.340,4.297,16.260
5.350,4.297,16.260
5.360,4.297,16.357
5.370,4.312,16.357
5.380,4.316,16.455
5.390,4.321,16.455
5.400,4.341,16.602
5.410,4.341,16.699
5.420,4.341,16.699
5.430,4.351,16.748
5.440,4.355,16.797
5.450,4.370,16.895
5.460,4.365,16.943
5.470,4.375,17.041
5.480,4.375,17.041
5.490,4.395,17.139
5.500,4.395,17.188
5.510,4.399,17.285
5.520,4.409,17.285
5.530,4.429,17.480
5.540,4.429,17.480
5.550,4.424,17.529
5.560,4.443,17.627
5.570,4.443,17.676
5.580,4.458,17.725
5.590,4.453,17.773
5.600,4.478,17.871
5.610,4.478,17.871
5.620,4.478,17.969
5.630,4.482,17.969
5.640,4.492,18.066
5.650,4.492,18.066
5.660,4.512,18.213
5.670,4.517,18.311
5.680,4.517,18.311
5.690,4.526,18.408
5.700,4.531,18.457
5.710,4.531,18.506
5.720,4.546,18.555
5.730,4.561,18.652
5.740,4.561,18.701
5.750,4.565,18.799
5.760,4.575,18.799
5.770,4.580,18.945
5.780,4.585,18.994
5.790,4.600,18.994
5.800,4.595,19.043
5.810,4.604,19.092
5.820,4.604,19.189
5.830,4.629,19.287
5.840,4.629,19.385
5.850,4.629,19.385
5.860,4.639,19.434
5.870,4.639,19.482
5.880,4.653,19.531
5.890,4.658,19.629
5.900,4.668,19.678
5.910,4.663,19.727
5.920,4.688,19.873
5.930,4.688,19.873
5.940,4.688,19.922
5.950,4.697,20.020
5.960,4.707,20.117
5.970,4.707,20.117
5.980,4.727,20.264
5.990,4.722,20.313
6.000,4.736,20.361
6.010,4.751,20.508
6.020,4.746,20.508
6.030,4.746,20.557
6.040,4.766,20.654
6.050,4.771,20.752
6.060,4.766,20.703
6.070,4.775,20.801
6.080,4.785,20.850
6.090,4.790,20.947
6.100,4.795,20.947
6.110,4.814,21.045
6.120,4.810,21.143
6.130,4.819,21.143
6.140,4.819,21.240
6.150,4.839,21.387
6.160,4.844,21.436
6.170,4.849,21.484
6.180,4.854,21.484
6.190,4.863,21.582
6.200,4.863,21.582
6.210,4.873,21.777
6.220,4.878,21.777
6.230,4.888,21.826
6.240,4.888,21.924
6.250,4.912,22.021
6.260,4.907,22.021
6.270,4.917,22.070
6.280,4.917,22.119
6.290,4.922,22.217
6.300,4.927,22.217
6.310,4.941,22.363
6.320,4.941,22.363
6.330,4.956,22.461
6.340,4.956,22.461
6.350,4.976,22.607
6.360,4.971,22.607
6.370,4.976,22.705
6.380,4.985,22.754
6.390,5.000,22.852
6.400,5.005,22.900
6.410,5.005,22.998
6.420,5.005,22.998
6.430,5.024,23.047
6.440,5.015,23.096
6.450,5.034,23.193
6.460,5.034,23.242
6.470,5.049,23.291
6.480,5.049,23.389
6.490,5.063,23.438
6.500,5.063,23.486
6.510,5.063,23.535
6.520,5.073,23.584
6.530,5.083,23.682
6.540,5.098,23.779
6.550,5.098,23.779
6.560,5.107,23.877
6.570,5.117,23.926
6.580,5.117,23.975
6.590,5.122,24.072
6.600,5.137,24.121
6.610,5.146,24.170
6.620,5.142,24.170
6.630,5.166,24.268
6.640,5.166,24.365
6.650,5.161,24.414
6.660,5.176,24.463
6.670,5.186,24.561
6.680,5.190,24.561
6.690,5.200,24.658
6.700,5.200,24.707
6.710,5.210,24.805
6.720,5.210,24.805
6.730,5.225,24.951
6.740,5.225,24.951
6.750,5.225,25.000
6.760,5.249,25.098
6.770,5.239,25.146
6.780,5.264,25.195
6.790,5.259,25.244
6.800,5.269,25.293
6.810,5.269,25.391
6.820,5.278,25.439
6.830,5.283,25.439
6.840,5.308,25.586
6.850,5.308,25.635
6.860,5.303,25.635
6.870,5.313,25.684
6.880,5.317,25.732
6.890,5.332,25.830
6.900,5.332,25.830
6.910,5.342,25.928
6.920,5.342,25.977
6.930,5.356,26.074
6.940,5.361,26.123
6.950,5.366,26.123
6.960,5.376,26.221
6.970,5.371,26.221
6.980,5.396,26.367
6.990,5.400,26.416
7.000,5.396,26.465
7.010,5.410,26.563
7.020,5.405,26.563
7.030,5.425,26.660
7.040,5.430,26.709
7.050,5.430,26.758
7.060,5.439,26.807
7.070,5.449,26.855
7.080,5.449,26.904
7.090,5.469,27.002
7.100,5.469,27.100
7.110,5.469,27.100
7.120,5.474,27.100
7.130,5.488,27.197
7.140,5.488,27.197
7.150,5.498,27.295
7.160,5.498,27.295
7.170,5.522,27.393
7.180,5.518,27.490
7.190,5.527,27.490
7.200,5.537,27.539
7.210,5.537,27.588
7.220,5.547,27.637
7.230,5.552,27.686
7.240,5.562,27.783
7.250,5.566,27.881
7.260,5.571,27.930
7.270,5.576,27.979
7.280,5.581,28.027
7.290,5.586,28.027
7.300,5.601,28.125
7.310,5.605,28.174
7.320,5.615,28.271
7.330,5.620,28.271
7.340,5.635,28.320
7.350,5.625,28.369
7.360,5.640,28.418
7.370,5.640,28.467
7.380,5.654,28.613
7.390,5.659,28.613
7.400,5.669,28.711
7.410,5.674,28.711
7.420,5.684,28.809
7.430,5.684,28.809
7.440,5.698,28.906
7.450,5.698,28.906
7.460,5.713,29.004
7.470,5.713,29.004
7.480,5.723,29.102
7.490,5.728,29.102
7.500,5.732,29.199
7.510,5.742,29.248
7.520,5.747,29.248
7.530,5.747,29.297
7.540,5.762,29.346
7.550,5.767,29.443
7.560,5.776,29.443
7.570,5.776,29.492
7.580,5.786,29.639
7.590,5.786,29.688
7.600,5.801,29.736
7.610,5.801,29.736
7.620,5.820,29.834
7.630,5.820,29.883
7.640,5.835,29.883
7.650,5.825,29.980
7.660,5.850,30.029
7.670,5.850,30.078
7.680,5.850,30.078
7.690,5.854,30.127
7.700,5.874,30.176
7.710,5.874,30.273
7.720,5.879,30.322
7.730,5.884,30.371
7.740,5.898,30.420
7.750,5.903,30.469
7.760,5.918,30.518
7.770,5.908,30.518
7.780,5.923,30.615
7.790,5.923,30.615
7.800,5.933,30.713
7.810,5.942,30.762
7.820,5.952,30.713
7.830,5.947,30.811
7.840,5.962,30.908
7.850,5.957,30.908
7.860,5.972,30.957
7.870,5.977,31.006
7.880,5.981,31.006
7.890,5.991,31.055
7.900,5.996,31.152
7.910,6.006,31.201
7.920,6.001,31.201
7.930,6.025,31.250
7.940,6.021,31.299
7.950,6.030,31.348
7.960,6.040,31.396
7.970,6.050,31.445
7.980,6.045,31.494
7.990,6.060,31.543
8.000,6.060,31.592
8.010,6.074,31.641
8.020,6.074,31.641
8.030,6.089,31.689
8.040,6.089,31.836
8.050,6.099,31.836
8.060,6.099,31.836
8.070,6.118,31.934
8.080,6.113,31.934
8.090,6.133,32.080
8.100,6.128,32.080
8.110,6.143,32.129
8.120,6.143,32.129
8.130,6.152,32.227
8.140,6.157,32.275
8.150,6.162,32.275
8.160,6.162,32.275
8.170,6.177,32.373
8.180,6.187,32.422
8.190,6.187,32.422
8.200,6.196,32.471
8.210,6.206,32.471
8.220,6.206,32.568
8.230,6.221,32.617
8.240,6.226,32.715
8.250,6.235,32.764
8.260,6.230,32.764
8.270,6.250,32.764
8.280,6.250,32.813
8.290,6.260,32.861
8.300,6.265,32.959
8.310,6.270,33.057
8.320,6.279,33.008
8.330,6.279,33.057
8.340,6.289,33.057
8.350,6.289,33.105
8.360,6.309,33.154
8.370,6.313,33.203
8.380,6.313,33.252
8.390,6.323,33.301
8.400,6.333,33.252
8.410,6.338,33.398
8.420,6.338,33.350
8.430,6.353,33.447
8.440,6.353,33.447
8.450,6.372,33.496
8.460,6.372,33.643
8.470,6.382,33.643
8.480,6.382,33.643
8.490,6.387,33.691
8.500,6.392,33.691
8.510,6.396,33.789
8.520,6.411,33.838
8.530,6.416,33.838
8.540,6.421,33.887
8.550,6.431,33.936
8.560,6.431,33.936
8.570,6.445,34.033
8.580,6.445,34.033
8.590,6.455,34.131
8.600,6.460,34.131
8.610,6.465,34.180
8.620,6.470,34.229
8.630,6.475,34.277
8.640,6.479,34.277
8.650,6.494,34.326
8.660,6.499,34.375
8.670,6.509,34.424
8.680,6.509,34.473
8.690,6.519,34.473
8.700,6.528,34.521
8.710,6.538,34.570
8.720,6.548,34.570
8.730,6.548,34.668
8.740,6.553,34.668
8.750,6.563,34.717
8.760,6.567,34.766
8.770,6.572,34.766
8.780,6.577,34.814
8.790,6.587,34.863
8.800,6.592,34.912
8.810,6.602,34.912
8.820,6.606,34.961
8.830,6.606,35.010
8.840,6.616,35.010
8.850,6.626,35.059
8.860,6.631,35.107
8.870,6.641,35.205
8.880,6.650,35.205
8.890,6.660,35.254
8.900,6.665,35.303
8.910,6.670,35.352
8.920,6.675,35.352
8.930,6.675,35.400
8.940,6.680,35.400
8.950,6.689,35.449
8.960,6.699,35.498
8.970,6.704,35.547
8.980,6.714,35.596
8.990,6.724,35.596
9.000,6.719,35.645
9.010,6.729,35.693
9.020,6.738,35.645
9.030,6.738,35.791
9.040,6.753,35.791
9.050,6.763,35.840
9.060,6.763,35.840
9.070,6.768,35.938
9.080,6.772,35.986
9.090,6.782,35.938
9.100,6.787,35.986
9.110,6.787,35.986
9.120,6.792,36.084
9.130,6.792,36.084
9.140,6.792,36.035
9.150,6.792,36.035
9.160,6.792,36.035
9.170,6.792,36.084
9.180,6.792,36.084
9.190,6.787,36.133
9.200,6.787,36.084
9.210,6.782,36.133
9.220,6.782,36.133
9.230,6.787,36.133
9.240,6.792,36.133
9.250,6.787,36.182
9.260,6.782,36.133
9.270,6.787,36.133
9.280,6.787,36.133
9.290,6.787,36.182
9.300,6.787,36.182
9.310,6.787,36.182
9.320,6.782,36.182
9.330,6.787,36.182
9.340,6.782,36.182
9.350,6.782,36.230
9.360,6.782,36.182
9.370,6.782,36.230
9.380,6.777,36.182
9.390,6.777,36.230
9.400,6.782,36.230
9.410,6.777,36.230
9.420,6.782,36.230
9.430,6.777,36.230
9.440,6.777,36.279
9.450,6.782,36.230
9.460,6.787,36.230
9.470,6.777,36.279
9.480,6.777,36.230
9.490,6.777,36.279
9.500,6.772,36.279
9.510,6.777,36.279
9.520,6.777,36.279
9.530,6.772,36.279
9.540,6.777,36.279
9.550,6.777,36.279
9.560,6.777,36.328
9.570,6.777,36.279
9.580,6.777,36.279
9.590,6.772,36.328
9.600,6.777,36.279
9.610,6.772,36.328
9.620,6.772,36.328
9.630,6.777,36.279
9.640,6.772,36.279
9.650,6.772,36.279
9.660,6.768,36.328
9.670,6.768,36.328
9.680,6.768,36.328
9.690,6.768,36.377
9.700,6.772,36.328
9.710,6.768,36.328
9.720,6.772,36.279
9.730,6.772,36.328
9.740,6.768,36.328
9.750,6.772,36.328
9.760,6.772,36.328
9.770,6.768,36.377
9.780,6.772,36.328
9.790,6.768,36.377
9.800,6.772,36.377
9.810,6.768,36.377
9.820,6.768,36.377
9.830,6.763,36.426
9.840,6.763,36.328
9.850,6.763,36.377
9.860,6.768,36.377
9.870,6.763,36.377
9.880,6.763,36.377
9.890,6.768,36.426
9.900,6.763,36.377
9.910,6.768,36.426
9.920,6.768,36.426
9.930,6.763,36.377
9.940,6.768,36.377
9.950,6.763,36.377
9.960,6.763,36.426
9.970,6.763,36.377
9.980,6.763,36.377
9.990,6.768,36.377
10.000,6.758,36.426
10.010,6.758,36.426
10.000,6.758,36.426
9.990,6.758,36.426
9.980,6.758,36.426
9.970,6.758,36.426
9.960,6.758,36.377
9.950,6.763,36.426
9.940,6.758,36.475
9.930,6.758,36.426
9.920,6.763,36.426
9.910,6.758,36.426
9.900,6.758,36.426
9.890,6.758,36.426
9.880,6.763,36.426
9.870,6.758,36.475
9.860,6.758,36.426
9.850,6.748,36.475
9.840,6.748,36.475
9.830,6.753,36.426
9.820,6.753,36.426
9.810,6.758,36.475
9.800,6.753,36.475
9.790,6.758,36.475
9.780,6.753,36.475
9.770,6.758,36.475
9.760,6.758,36.475
9.750,6.753,36.475
9.740,6.758,36.475
9.730,6.758,36.475
9.720,6.748,36.475
9.710,6.753,36.475
9.700,6.748,36.475
9.690,6.748,36.523
9.680,6.748,36.475
9.670,6.748,36.475
9.660,6.748,36.475
9.650,6.748,36.475
9.640,6.748,36.475
9.630,6.748,36.475
9.620,6.748,36.475
9.610,6.748,36.523
9.600,6.748,36.475
9.590,6.748,36.475
9.580,6.748,36.475
9.570,6.743,36.523
9.560,6.748,36.523
9.550,6.748,36.523
9.540,6.748,36.475
9.530,6.753,36.523
9.520,6.743,36.475
9.510,6.743,36.475
9.500,6.743,36.475
9.490,6.743,36.523
9.480,6.743,36.475
9.470,6.738,36.475
9.460,6.743,36.523
9.450,6.748,36.523
9.440,6.743,36.523
9.430,6.743,36.475
9.420,6.743,36.475
9.410,6.743,36.523
9.400,6.743,36.523
9.390,6.743,36.475
9.380,6.738,36.523
9.370,6.743,36.523
9.360,6.743,36.523
9.350,6.738,36.523
9.340,6.743,36.523
9.330,6.743,36.523
9.320,6.738,36.523
9.310,6.738,36.523
9.300,6.738,36.523
9.290,6.738,36.572
9.280,6.738,36.523
9.270,6.738,36.523
9.260,6.738,36.523
9.250,6.733,36.523
9.240,6.733,36.523
9.230,6.733,36.523
9.220,6.729,36.523
9.210,6.729,36.523
9.200,6.733,36.523
9.190,6.733,36.523
9.180,6.729,36.523
9.170,6.729,36.523
9.160,6.729,36.523
9.150,6.733,36.523
9.140,6.733,36.572
9.130,6.733,36.523
9.120,6.733,36.572
9.110,6.733,36.572
9.100,6.733,36.572
9.090,6.733,36.523
9.080,6.729,36.572
9.070,6.733,36.572
9.060,6.724,36.572
9.050,6.729,36.572
9.040,6.729,36.523
9.030,6.724,36.523
9.020,6.729,36.572
9.010,6.729,36.572
9.000,6.724,36.523
8.990,6.724,36.523
8.980,6.729,36.572
8.970,6.733,36.572
8.960,6.729,36.572
8.950,6.729,36.572
8.940,6.724,36.572
8.930,6.729,36.572
8.920,6.729,36.621
8.910,6.729,36.572
8.900,6.724,36.572
8.890,6.719,36.572
8.880,6.714,36.572
8.870,6.714,36.572
8.860,6.699,36.572
8.850,6.694,36.572
8.840,6.685,36.621
8.830,6.685,36.572
8.820,6.670,36.572
8.810,6.675,36.572
8.800,6.655,36.572
8.790,6.655,36.572
8.780,6.646,36.572
8.770,6.646,36.572
8.760,6.636,36.572
8.750,6.631,36.572
8.740,6.621,36.523
8.730,6.621,36.523
8.720,6.611,36.523
8.710,6.606,36.523
8.700,6.597,36.475
8.690,6.597,36.475
8.680,6.582,36.475
8.670,6.582,36.426
8.660,6.572,36.475
8.650,6.563,36.426
8.640,6.548,36.328
8.630,6.548,36.328
8.620,6.538,36.328
8.610,6.538,36.328
8.600,6.519,36.328
8.590,6.519,36.230
8.580,6.509,36.230
8.570,6.504,36.230
8.560,6.499,36.182
8.550,6.494,36.182
8.540,6.484,36.182
8.530,6.484,36.133
8.520,6.470,36.133
8.510,6.470,36.084
8.500,6.455,36.084
8.490,6.455,36.084
8.480,6.445,36.035
8.470,6.450,35.986
8.460,6.436,35.938
8.450,6.436,35.986
8.440,6.416,35.938
8.430,6.416,35.889
8.420,6.401,35.889
8.410,6.401,35.889
8.400,6.396,35.840
8.390,6.396,35.840
8.380,6.382,35.791
8.370,6.377,35.840
8.360,6.362,35.791
8.350,6.362,35.791
8.340,6.357,35.693
8.330,6.357,35.693
8.320,6.343,35.645
8.310,6.343,35.645
8.300,6.328,35.596
8.290,6.328,35.596
8.280,6.309,35.547
8.270,6.309,35.547
8.260,6.299,35.498
8.250,6.299,35.498
8.240,6.294,35.498
8.230,6.289,35.449
8.220,6.265,35.400
8.210,6.270,35.400
8.200,6.260,35.352
8.190,6.260,35.352
8.180,6.250,35.303
8.170,6.250,35.303
8.160,6.235,35.254
8.150,6.230,35.303
8.140,6.221,35.205
8.130,6.221,35.205
8.120,6.211,35.156
8.110,6.206,35.156
8.100,6.191,35.107
8.090,6.196,35.107
8.080,6.187,35.010
8.070,6.182,35.010
8.060,6.162,35.010
8.050,6.162,34.961
8.040,6.147,34.961
8.030,6.152,34.912
8.020,6.138,34.912
8.010,6.138,34.814
8.000,6.123,34.863
7.990,6.123,34.814
7.980,6.113,34.766
7.970,6.113,34.717
7.960,6.104,34.717
7.950,6.099,34.668
7.940,6.089,34.668
7.930,6.084,34.619
7.920,6.069,34.619
7.910,6.074,34.619
7.900,6.064,34.521
7.890,6.060,34.521
7.880,6.045,34.473
7.870,6.045,34.521
7.860,6.035,34.424
7.850,6.040,34.424
7.840,6.025,34.375
7.830,6.021,34.375
7.820,6.011,34.326
7.810,6.001,34.326
7.800,5.991,34.277
7.790,5.991,34.277
7.780,5.981,34.180
7.770,5.972,34.229
7.760,5.967,34.131
7.750,5.967,34.131
7.740,5.952,34.082
7.730,5.957,34.033
7.720,5.942,33.984
7.710,5.933,33.936
7.700,5.928,33.984
7.690,5.928,33.887
7.680,5.908,33.887
7.670,5.913,33.887
7.660,5.898,33.838
7.650,5.894,33.838
7.640,5.889,33.740
7.630,5.884,33.740
7.620,5.869,33.691
7.610,5.874,33.691
7.600,5.854,33.643
7.590,5.850,33.594
7.580,5.845,33.545
7.570,5.845,33.545
7.560,5.835,33.496
7.550,5.825,33.496
7.540,5.815,33.447
7.530,5.811,33.398
7.520,5.806,33.350
7.510,5.801,33.350
7.500,5.791,33.301
7.490,5.791,33.301
7.480,5.771,33.203
7.470,5.776,33.203
7.460,5.757,33.154
7.450,5.762,33.154
7.440,5.757,33.105
7.430,5.747,33.057
7.420,5.742,33.008
7.410,5.737,33.008
7.400,5.723,33.008
7.390,5.723,32.910
7.380,5.713,32.910
7.370,5.713,32.861
7.360,5.693,32.813
7.350,5.693,32.813
7.340,5.684,32.715
7.330,5.684,32.715
7.320,5.664,32.715
7.310,5.664,32.666
7.300,5.659,32.568
7.290,5.659,32.568
7.280,5.645,32.568
7.270,5.640,32.520
7.260,5.625,32.422
7.250,5.630,32.422
7.240,5.620,32.373
7.230,5.620,32.422
7.220,5.610,32.275
7.210,5.605,32.324
7.200,5.596,32.275
7.190,5.591,32.227
7.180,5.576,32.178
7.170,5.566,32.129
7.160,5.566,32.080
7.150,5.557,32.080
7.140,5.547,31.982
7.130,5.552,32.031
7.120,5.537,31.934
7.110,5.537,31.885
7.100,5.522,31.885
7.090,5.522,31.836
7.080,5.508,31.787
7.070,5.508,31.738
7.060,5.498,31.689
7.050,5.498,31.738
7.040,5.479,31.689
7.030,5.483,31.641
7.020,5.474,31.592
7.010,5.474,31.543
7.000,5.449,31.494
6.990,5.449,31.494
6.980,5.444,31.396
6.970,5.435,31.348
6.960,5.430,31.299
6.950,5.420,31.299
6.940,5.420,31.250
6.930,5.410,31.201
6.920,5.400,31.152
6.910,5.405,31.104
6.900,5.386,31.104
6.890,5.381,31.006
6.880,5.376,31.006
6.870,5.371,30.957
6.860,5.361,30.908
6.850,5.361,30.908
6.840,5.352,30.811
6.830,5.347,30.762
6.820,5.337,30.762
6.810,5.337,30.762
6.800,5.327,30.664
6.790,5.327,30.713
6.780,5.317,30.615
6.770,5.303,30.615
6.760,5.293,30.469
6.750,5.298,30.469
6.740,5.283,30.420
6.730,5.283,30.371
6.720,5.273,30.371
6.710,5.269,30.322
6.700,5.254,30.273
6.690,5.254,30.176
6.680,5.244,30.176
6.670,5.244,30.176
6.660,5.239,30.078
6.650,5.234,30.078
6.640,5.215,29.980
6.630,5.220,29.980
6.620,5.210,29.932
6.610,5.200,29.883
6.600,5.195,29.834
6.590,5.195,29.785
6.580,5.186,29.785
6.570,5.171,29.736
6.560,5.161,29.639
6.550,5.161,29.639
6.540,5.146,29.590
6.530,5.151,29.541
6.520,5.132,29.492
6.510,5.137,29.443
6.500,5.122,29.346
6.490,5.112,29.346
6.480,5.112,29.297
6.470,5.103,29.248
6.460,5.093,29.199
6.450,5.093,29.199
6.440,5.083,29.102
6.430,5.083,29.102
6.420,5.068,29.004
6.410,5.063,29.004
6.400,5.054,28.955
6.390,5.054,28.906
6.380,5.039,28.857
6.370,5.044,28.809
6.360,5.029,28.711
6.350,5.024,28.711
6.340,5.015,28.613
6.330,5.015,28.613
6.320,5.010,28.564
6.310,5.000,28.516
6.300,4.990,28.467
6.290,4.990,28.418
6.280,4.976,28.369
6.270,4.976,28.320
6.260,4.966,28.271
6.250,4.966,28.271
6.240,4.946,28.174
6.230,4.951,28.174
6.220,4.941,28.076
6.210,4.937,28.076
6.200,4.927,27.979
6.190,4.917,27.979
6.180,4.917,27.881
6.170,4.907,27.832
6.160,4.897,27.832
6.150,4.893,27.783
6.140,4.883,27.637
6.130,4.883,27.637
6.120,4.873,27.588
6.110,4.863,27.539
6.100,4.858,27.490
6.090,4.854,27.490
6.080,4.844,27.393
6.070,4.844,27.393
6.060,4.829,27.295
6.050,4.829,27.295
6.040,4.819,27.246
6.030,4.814,27.197
6.020,4.810,27.100
6.010,4.805,27.100
6.000,4.790,27.002
5.990,4.790,26.953
5.980,4.780,26.904
5.970,4.771,26.855
5.960,4.766,26.855
5.950,4.766,26.758
5.940,4.751,26.660
5.930,4.741,26.611
5.920,4.731,26.563
5.910,4.731,26.514
5.900,4.722,26.465
5.890,4.722,26.416
5.880,4.702,26.367
5.870,4.702,26.318
5.860,4.697,26.270
5.850,4.692,26.221
5.840,4.678,26.172
5.830,4.683,26.074
5.820,4.668,26.074
5.810,4.663,26.025
5.800,4.658,25.928
5.790,4.648,25.879
5.780,4.644,25.879
5.770,4.644,25.830
5.760,4.634,25.781
5.750,4.619,25.684
5.740,4.624,25.635
5.730,4.614,25.635
5.720,4.609,25.488
5.710,4.590,25.439
5.700,4.595,25.391
5.690,4.585,25.391
5.680,4.580,25.293
5.670,4.575,25.244
5.660,4.565,25.195
5.650,4.561,25.146
5.640,4.551,25.049
5.630,4.551,25.000
5.620,4.536,24.951
5.610,4.536,24.951
5.600,4.521,24.854
5.590,4.517,24.854
5.580,4.507,24.756
5.570,4.512,24.756
5.560,4.497,24.658
5.550,4.497,24.609
5.540,4.478,24.512
5.530,4.482,24.463
5.520,4.468,24.414
5.510,4.463,24.316
5.500,4.453,24.268
5.490,4.448,24.219
5.480,4.434,24.219
5.470,4.438,24.072
5.460,4.419,24.072
5.450,4.424,24.023
5.440,4.414,23.926
5.430,4.414,23.926
5.420,4.409,23.877
5.410,4.404,23.779
5.400,4.390,23.730
5.390,4.380,23.682
5.380,4.380,23.633
5.370,4.375,23.584
5.360,4.365,23.535
5.350,4.355,23.438
5.340,4.351,23.389
5.330,4.341,23.340
5.320,4.341,23.291
5.310,4.326,23.193
5.300,4.316,23.145
5.290,4.316,23.096
5.280,4.307,22.998
5.270,4.297,22.949
5.260,4.297,22.900
5.250,4.292,22.803
5.240,4.287,22.754
5.230,4.277,22.705
5.220,4.272,22.656
5.210,4.263,22.607
5.200,4.253,22.559
5.190,4.253,22.559
5.180,4.238,22.461
5.170,4.238,22.412
5.160,4.233,22.314
5.150,4.229,22.217
5.140,4.214,22.217
5.130,4.209,22.119
5.120,4.199,22.070
5.110,4.189,22.021
5.100,4.189,22.021
5.090,4.185,21.924
5.080,4.170,21.826
5.070,4.165,21.826
5.060,4.160,21.680
5.050,4.155,21.631
5.040,4.155,21.582
5.030,4.146,21.484
5.020,4.131,21.436
5.010,4.131,21.387
5.000,4.131,21.240
4.990,4.116,21.240
4.980,4.106,21.240
4.970,4.102,21.143
4.960,4.092,21.045
4.950,4.087,20.996
4.940,4.082,20.996
4.930,4.077,20.898
4.920,4.067,20.850
4.910,4.063,20.801
4.900,4.058,20.703
4.890,4.043,20.605
4.880,4.043,20.557
4.870,4.028,20.459
4.860,4.028,20.410
4.850,4.019,20.361
4.840,4.014,20.313
4.830,4.014,20.215
4.820,4.009,20.166
4.810,3.999,20.166
4.800,3.989,20.068
4.790,3.979,19.971
4.780,3.970,19.922
4.770,3.975,19.824
4.760,3.955,19.775
4.750,3.960,19.727
4.740,3.950,19.629
4.730,3.945,19.580
4.720,3.936,19.531
4.710,3.931,19.531
4.700,3.926,19.434
4.690,3.921,19.287
4.680,3.901,19.287
4.670,3.906,19.189
4.660,3.896,19.141
4.650,3.892,19.092
4.640,3.882,19.043
4.630,3.877,18.896
4.620,3.872,18.848
4.610,3.862,18.750
4.600,3.857,18.701
4.590,3.857,18.652
4.580,3.843,18.604
4.570,3.838,18.506
4.560,3.828,18.506
4.550,3.828,18.457
4.540,3.818,18.359
4.530,3.809,18.311
4.520,3.799,18.262
4.510,3.799,18.164
4.500,3.789,18.115
4.490,3.789,18.066
4.480,3.779,18.018
4.470,3.774,17.920
4.460,3.765,17.871
4.450,3.755,17.822
4.440,3.750,17.676
4.430,3.740,17.627
4.420,3.735,17.627
4.410,3.726,17.529
4.400,3.721,17.480
4.390,3.706,17.383
4.380,3.701,17.334
4.370,3.696,17.285
4.360,3.691,17.236
4.350,3.687,17.139
4.340,3.677,17.139
4.330,3.677,17.090
4.320,3.667,16.992
4.310,3.662,16.895
4.300,3.657,16.846
4.290,3.643,16.748
4.280,3.638,16.748
4.270,3.628,16.602
4.260,3.633,16.602
4.250,3.618,16.504
4.240,3.613,16.455
4.230,3.604,16.406
4.220,3.599,16.357
4.210,3.599,16.260
4.200,3.589,16.211
4.190,3.584,16.064
4.180,3.574,16.016
4.170,3.569,15.918
4.160,3.560,15.869
4.150,3.555,15.820
4.140,3.545,15.771
4.130,3.540,15.723
4.120,3.540,15.674
4.110,3.530,15.625
4.100,3.521,15.527
4.090,3.516,15.479
4.080,3.511,15.430
4.070,3.506,15.381
4.060,3.486,15.283
4.050,3.491,15.234
4.040,3.477,15.186
4.030,3.477,15.088
4.020,3.467,15.039
4.010,3.462,14.941
4.000,3.457,14.941
3.990,3.452,14.795
3.980,3.447,14.746
3.970,3.433,14.746
3.960,3.428,14.648
3.950,3.428,14.648
3.940,3.418,14.551
3.930,3.403,14.502
3.920,3.403,14.404
3.910,3.394,14.404
3.900,3.389,14.307
3.890,3.384,14.258
3.880,3.374,14.160
3.870,3.369,14.160
3.860,3.364,14.063
3.850,3.350,14.014
3.840,3.350,14.014
3.830,3.345,13.965
3.820,3.340,13.867
3.810,3.325,13.721
3.800,3.320,13.672
3.790,3.315,13.623
3.780,3.311,13.574
3.770,3.301,13.477
3.760,3.296,13.428
3.750,3.286,13.379
3.740,3.286,13.330
3.730,3.276,13.281
3.720,3.271,13.232
3.710,3.262,13.086
3.700,3.257,13.037
3.690,3.247,12.988
3.680,3.242,12.939
3.670,3.232,12.891
3.660,3.232,12.842
3.650,3.223,12.793
3.640,3.213,12.695
3.630,3.213,12.646
3.620,3.203,12.598
3.610,3.198,12.549
3.600,3.184,12.500
3.590,3.184,12.402
3.580,3.179,12.402
3.570,3.169,12.305
3.560,3.164,12.256
3.550,3.154,12.256
3.540,3.149,12.158
3.530,3.145,12.109
3.520,3.145,12.061
3.510,3.130,12.012
3.500,3.130,11.963
3.490,3.120,11.914
3.480,3.105,11.865
3.470,3.101,11.816
3.460,3.101,11.719
3.450,3.086,11.670
3.440,3.086,11.621
3.430,3.071,11.572
3.420,3.071,11.523
3.410,3.052,11.475
3.400,3.057,11.377
3.390,3.047,11.279
3.380,3.042,11.279
3.370,3.027,11.182
3.360,3.032,11.230
3.350,3.022,11.182
3.340,3.018,11.084
3.330,3.003,11.035
3.320,2.998,11.035
3.310,2.993,10.986
3.300,2.993,10.889
3.290,2.988,10.791
3.280,2.974,10.791
3.270,2.964,10.742
3.260,2.959,10.693
3.250,2.959,10.645
3.240,2.949,10.596
3.230,2.944,10.547
3.220,2.930,10.498
3.210,2.935,10.449
3.200,2.920,10.352
3.190,2.915,10.352
3.180,2.910,10.352
3.170,2.905,10.303
3.160,2.896,10.205
3.150,2.886,10.156
3.140,2.881,10.059
3.130,2.876,10.010
3.120,2.866,10.010
3.110,2.861,9.961
3.100,2.856,9.912
3.090,2.852,9.863
3.080,2.847,9.863
3.070,2.842,9.766
3.060,2.827,9.717
3.050,2.827,9.717
3.040,2.822,9.619
3.030,2.817,9.619
3.020,2.798,9.521
3.010,2.803,9.473
3.000,2.778,9.424
2.990,2.783,9.326
2.980,2.773,9.277
2.970,2.778,9.277
2.960,2.759,9.229
2.950,2.759,9.180
2.940,2.754,9.082
2.930,2.744,9.131
2.920,2.739,9.082
2.910,2.729,8.984
2.900,2.729,8.887
2.890,2.715,8.936
2.880,2.705,8.887
2.870,2.705,8.789
2.860,2.695,8.740
2.850,2.681,8.691
2.840,2.681,8.643
2.830,2.676,8.594
2.820,2.666,8.545
2.810,2.661,8.496
2.800,2.656,8.496
2.790,2.646,8.447
2.780,2.642,8.398
2.770,2.637,8.350
2.760,2.622,8.252
2.750,2.617,8.301
2.740,2.612,8.203
2.730,2.603,8.154
2.720,2.593,8.105
2.710,2.598,8.057
2.700,2.588,8.057
2.690,2.583,8.008
2.680,2.573,7.910
2.670,2.573,7.910
2.660,2.563,7.861
2.650,2.559,7.813
2.640,2.554,7.813
2.630,2.544,7.764
2.620,2.544,7.666
2.610,2.529,7.617
2.600,2.520,7.568
2.590,2.510,7.568
2.580,2.510,7.520
2.570,2.500,7.471
2.560,2.495,7.471
2.550,2.480,7.422
2.540,2.476,7.373
2.530,2.471,7.324
2.520,2.471,7.275
2.510,2.461,7.275
2.500,2.451,7.227
2.490,2.451,7.178
2.480,2.446,7.178
2.470,2.441,7.129
2.460,2.427,7.080
2.450,2.417,7.031
2.440,2.412,6.982
2.430,2.412,6.934
2.420,2.402,6.885
2.410,2.397,6.885
2.400,2.388,6.836
2.390,2.383,6.787
2.380,2.373,6.738
2.370,2.363,6.738
2.360,2.354,6.689
2.350,2.349,6.641
2.340,2.349,6.592
2.330,2.339,6.592
2.320,2.334,6.543
2.310,2.324,6.494
2.300,2.314,6.396
2.290,2.310,6.396
2.280,2.310,6.348
2.270,2.300,6.348
2.260,2.290,6.299
2.250,2.280,6.250
2.240,2.280,6.201
2.230,2.275,6.201
2.220,2.271,6.152
2.210,2.266,6.152
2.200,2.256,6.104
2.190,2.241,6.006
2.180,2.246,6.006
2.170,2.231,5.957
2.160,2.227,5.957
2.150,2.222,5.908
2.140,2.212,5.859
2.130,2.212,5.811
2.120,2.202,5.762
2.110,2.192,5.762
2.100,2.192,5.713
2.090,2.183,5.713
2.080,2.168,5.664
2.070,2.168,5.615
2.060,2.163,5.615
2.050,2.158,5.566
2.040,2.148,5.518
2.030,2.139,5.518
2.020,2.129,5.420
2.010,2.129,5.420
2.000,2.124,5.371
1.990,2.124,5.371
1.980,2.114,5.322
1.970,2.100,5.273
1.960,2.095,5.273
1.950,2.085,5.273
1.940,2.085,5.225
1.930,2.075,5.176
1.920,2.070,5.127
1.910,2.061,5.127
1.900,2.056,5.078
1.890,2.051,5.078
1.880,2.036,4.980
1.870,2.031,4.932
1.860,2.021,4.980
1.850,2.017,4.932
1.840,2.012,4.834
1.830,2.007,4.834
1.820,2.002,4.834
1.810,1.992,4.785
1.800,1.982,4.736
1.790,1.978,4.736
1.780,1.968,4.688
1.770,1.963,4.639
1.760,1.958,4.639
1.750,1.958,4.590
1.740,1.943,4.590
1.730,1.934,4.590
1.720,1.934,4.541
1.710,1.924,4.492
1.700,1.919,4.443
1.690,1.914,4.443
1.680,1.904,4.395
1.670,1.899,4.395
1.660,1.890,4.346
1.650,1.890,4.346
1.640,1.875,4.346
1.630,1.870,4.199
1.620,1.870,4.199
1.610,1.860,4.199
1.600,1.851,4.150
1.590,1.851,4.150
1.580,1.841,4.102
1.570,1.831,4.004
1.560,1.826,4.004
1.550,1.816,4.004
1.540,1.816,3.955
1.530,1.812,3.955
1.520,1.797,3.906
1.510,1.787,3.857
1.500,1.782,3.857
1.490,1.782,3.809
1.480,1.772,3.809
1.470,1.763,3.760
1.460,1.763,3.711
1.450,1.753,3.760
1.440,1.748,3.662
1.430,1.733,3.662
1.420,1.733,3.564
1.410,1.724,3.613
1.400,1.719,3.564
1.390,1.714,3.564
1.380,1.709,3.516
1.370,1.699,3.467
1.360,1.694,3.467
1.350,1.689,3.369
1.340,1.675,3.369
1.330,1.665,3.369
1.320,1.655,3.320
1.310,1.650,3.320
1.300,1.650,3.271
1.290,1.641,3.271
1.280,1.636,3.271
1.270,1.626,3.223
1.260,1.621,3.174
1.250,1.616,3.125
1.240,1.616,3.125
1.230,1.606,3.076
1.220,1.597,3.076
1.210,1.597,3.027
1.200,1.587,3.027
1.190,1.577,2.979
1.180,1.572,2.979
1.170,1.567,2.979
1.160,1.563,2.930
1.150,1.548,2.881
1.140,1.548,2.881
1.130,1.538,2.832
1.120,1.528,2.832
1.110,1.519,2.783
1.100,1.514,2.783
1.090,1.509,2.734
1.080,1.504,2.734
1.070,1.494,2.734
1.060,1.494,2.637
1.050,1.479,2.637
1.040,1.470,2.637
1.030,1.470,2.588
1.020,1.470,2.588
1.010,1.465,2.539
1.000,1.455,2.539
0.990,1.440,2.490
0.980,1.440,2.490
0.970,1.436,2.441
0.960,1.426,2.441
0.950,1.416,2.393
0.940,1.411,2.393
0.930,1.406,2.393
0.920,1.396,2.344
0.910,1.392,2.295
0.900,1.382,2.295
0.890,1.377,2.295
0.880,1.367,2.246
0.870,1.362,2.246
0.860,1.357,2.246
0.850,1.353,2.148
0.840,1.343,2.148
0.830,1.338,2.148
0.820,1.328,2.100
0.810,1.328,2.100
0.800,1.313,2.100
0.790,1.309,2.051
0.780,1.304,2.051
0.770,1.299,1.953
0.760,1.284,2.002
0.750,1.279,1.953
0.740,1.279,1.904
0.730,1.270,1.904
0.720,1.265,1.904
0.710,1.250,1.855
0.700,1.240,1.855
0.690,1.240,1.807
0.680,1.226,1.758
0.670,1.230,1.758
0.660,1.221,1.758
0.650,1.216,1.709
0.640,1.206,1.709
0.630,1.201,1.709
0.620,1.196,1.709
0.610,1.191,1.660
0.600,1.187,1.611
0.590,1.172,1.611
0.580,1.177,1.563
0.570,1.167,1.563
0.560,1.157,1.563
0.550,1.152,1.514
0.540,1.143,1.514
0.530,1.138,1.465
0.520,1.133,1.416
0.510,1.128,1.465
0.500,1.118,1.416
0.490,1.108,1.416
0.480,1.099,1.367
0.470,1.094,1.318
0.460,1.084,1.318
0.450,1.084,1.318
0.440,1.074,1.318
0.430,1.064,1.270
0.420,1.055,1.221
0.410,1.050,1.221
0.400,1.050,1.172
0.390,1.050,1.172
0.380,1.040,1.172
0.370,1.025,1.123
0.360,1.025,1.123
0.350,1.016,1.123
0.340,1.011,1.074
0.330,1.006,1.074
0.320,1.001,1.074
0.310,1.006,1.025
0.300,1.001,1.025
0.290,0.991,1.025
0.280,0.981,1.025
0.270,0.957,0.977
0.260,0.952,0.977
0.250,0.952,0.977
0.240,0.947,0.928
0.230,0.942,0.879
0.220,0.933,0.830
0.210,0.923,0.830
0.200,0.923,0.830
0.190,0.918,0.781
0.180,0.913,0.781
0.170,0.903,0.732
0.160,0.894,0.781
0.150,0.884,0.732
0.140,0.879,0.635
0.130,0.869,0.732
0.120,0.874,0.684
0.110,0.859,0.684
0.100,0.791,0.586
0.090,0.786,0.488
0.080,0.786,0.488
0.070,0.786,0.439
0.060,0.786,0.439
0.050,0.786,0.488
0.040,0.786,0.439
0.030,0.786,0.439
0.020,0.781,0.439
0.010,0.786,0.439
0.000,0.786,0.439
