analysis_name,hold_id,branch,n_samples,full_modal_n,is_full_hold,hold_duration_s,terminal_tail_n_samples,terminal_tail_start_s,u_previous_v,u_cmd_v,delta_u_v,abs_delta_u_v,voltage_bin_width_v,voltage_bin_lower_v,voltage_bin_upper_v,voltage_bin_center_v,voltage_bin,s_start_mm,s_terminal_mm,p_start_bar,p_terminal_bar,s_terminal_sd_mm,p_terminal_sd_bar,s_terminal_slope_mm_s,p_terminal_slope_bar_s,terminal_stable,eligible_for_repeatability,exclusion_reason,terminal_tail_fraction,min_repeats_per_bin,max_terminal_s_sd_mm,max_terminal_s_slope_mm_s,max_terminal_p_sd_bar,max_terminal_p_slope_bar_s
local_static_map_repeatability,1,start,1,400,FALSE,0.01,5,0,NA,0,NA,NA,0.1,0,0.1,0.05,"[0.00, 0.10)",-0,-0,-0.3,-0.3,NA,NA,NA,NA,FALSE,FALSE,startup_or_zero_command_hold,0.05,3,0.6,1.2,0.12,0.25
local_static_map_repeatability,2,up,400,400,TRUE,4,20,3.8000000000000003,0,4.074,4.074,4.074,0.1,4,4.1,4.05,"[4.00, 4.10)",-0.01,9.96,-0.3,2.1,0.010052493799000478,0,0.14436090225564413,-2.7822537020936368e-15,TRUE,TRUE,NA,0.05,3,0.6,1.2,0.12,0.25
local_static_map_repeatability,3,down,400,400,TRUE,4,20,3.8000000000000003,4.074,2.053,-2.021,2.021,0.1,2,2.1,2.05,"[2.00, 2.10)",9.98,4.26,2.1,0.88,0.007326950970650634,0,-0.07368421052631982,1.6517492293913453e-15,TRUE,TRUE,NA,0.05,3,0.6,1.2,0.12,0.25
local_static_map_repeatability,4,down,400,400,TRUE,4,20,3.8000000000000003,2.053,1.538,-0.5149999999999999,0.5149999999999999,0.1,1.5,1.6,1.55,"[1.50, 1.60)",4.26,2.92,0.88,0.58,0.004472135954999583,0,-0.019548872180450035,3.964709788945392e-16,TRUE,TRUE,NA,0.05,3,0.6,1.2,0.12,0.25
local_static_map_repeatability,5,up,400,400,TRUE,4,20,3.8000000000000003,1.538,2.58,1.042,1.042,0.1,2.5,2.6,2.55,"[2.50, 2.60)",2.92,5.02,0.58,1.2,0,0,1.0146574527673218e-15,-2.0395688429745824e-16,TRUE,TRUE,NA,0.05,3,0.6,1.2,0.12,0.25
local_static_map_repeatability,6,up,400,400,TRUE,4,20,3.8000000000000003,2.58,6.557,3.9770000000000003,3.9770000000000003,0.1,6.5,6.6,6.55,"[6.50, 6.60)",5.02,22.04,1.2,3.58,0.018209309360006132,0,0.29022556390974535,-2.5013092287083402e-15,TRUE,TRUE,NA,0.05,3,0.6,1.2,0.12,0.25
local_static_map_repeatability,7,down,400,400,TRUE,4,20,3.8000000000000003,6.557,5.764,-0.7930000000000001,0.7930000000000001,0.1,5.7,5.8,5.75,"[5.70, 5.80)",22.08,19.68,3.58,3.12,0,0,-1.5226096253797768e-14,4.187251461568364e-15,TRUE,TRUE,NA,0.05,3,0.6,1.2,0.12,0.25
local_static_map_repeatability,8,up,400,400,TRUE,4,20,3.8000000000000003,5.764,6.43,0.6659999999999995,0.6659999999999995,0.1,6.4,6.5,6.45,"[6.40, 6.50)",19.68,22.32,3.12,3.52,0.008885233166386196,0,0.11278195488721825,6.606996917565381e-15,TRUE,TRUE,NA,0.05,3,0.6,1.2,0.12,0.25
local_static_map_repeatability,9,up,400,400,TRUE,4,20,3.8000000000000003,6.43,7.088,0.6580000000000004,0.6580000000000004,0.1,7,7.1,7.05,"[7.00, 7.10)",22.32,25.770000000000003,3.52,3.9,0.010259783520851322,0,0.15037593984964817,-8.238376599396804e-15,TRUE,TRUE,NA,0.05,3,0.6,1.2,0.12,0.25
local_static_map_repeatability,10,down,400,400,TRUE,4,20,3.8000000000000003,7.088,6.548,-0.54,0.54,0.1,6.5,6.6,6.55,"[6.50, 6.60)",25.78,24.5,3.9,3.58,0,0,2.182394546539952e-14,-2.5013092287083402e-15,TRUE,TRUE,NA,0.05,3,0.6,1.2,0.12,0.25
local_static_map_repeatability,11,down,400,400,TRUE,4,20,3.8000000000000003,6.548,5.598,-0.9500000000000002,0.9500000000000002,0.1,5.5,5.6,5.55,"[5.50, 5.60)",24.5,20.48,3.58,3.02,0,0,-1.4862852073811393e-14,-9.334593163592112e-16,TRUE,TRUE,NA,0.05,3,0.6,1.2,0.12,0.25
local_static_map_repeatability,12,up,400,400,TRUE,4,20,3.8000000000000003,5.598,6.232,0.6340000000000003,0.6340000000000003,0.1,6.2,6.3,6.25,"[6.20, 6.30)",20.48,22.64,3.02,3.4,0,0,2.146198800439939e-14,-5.529170670335641e-16,TRUE,TRUE,NA,0.05,3,0.6,1.2,0.12,0.25
local_static_map_repeatability,13,down,400,400,TRUE,4,20,3.8000000000000003,6.232,4.968,-1.2640000000000002,1.2640000000000002,0.1,4.9,5,4.95,"[4.90, 5.00)",22.64,17.44,3.4,2.64,0.00978720969859165,0.008885233166386394,-0.1278195488722032,-0.007518796992482557,TRUE,TRUE,NA,0.05,3,0.6,1.2,0.12,0.25
local_static_map_repeatability,14,up,400,400,TRUE,4,20,3.8000000000000003,4.968,6.087,1.1189999999999998,1.1189999999999998,0.1,6,6.1,6.05,"[6.00, 6.10)",17.42,21.86,2.64,3.3,0,0,-2.538108507772819e-15,1.9393300381827775e-15,TRUE,TRUE,NA,0.05,3,0.6,1.2,0.12,0.25
local_static_map_repeatability,15,down,400,400,TRUE,4,20,3.8000000000000003,6.087,3.795,-2.292,2.292,0.1,3.7,3.8000000000000003,3.75,"[3.70, 3.80)",21.86,11.66,3.3,1.92,0.012311740225021586,0,-0.1804511278195445,-8.338615404188609e-16,TRUE,TRUE,NA,0.05,3,0.6,1.2,0.12,0.25
local_static_map_repeatability,16,up,400,400,TRUE,4,20,3.8000000000000003,3.795,4.877,1.0819999999999999,1.0819999999999999,0.1,4.800000000000001,4.9,4.8500000000000005,"[4.80, 4.90)",11.64,15.62,1.92,2.58,0,0,4.313304335378286e-15,1.813466974449467e-16,TRUE,TRUE,NA,0.05,3,0.6,1.2,0.12,0.25
local_static_map_repeatability,17,down,400,400,TRUE,4,20,3.8000000000000003,4.877,3.982,-0.8949999999999996,0.8949999999999996,0.1,3.9000000000000004,4,3.95,"[3.90, 4.00)",15.62,12.32,2.58,2.04,0.008885233166386196,0,-0.11278195488722213,3.788399816465446e-15,TRUE,TRUE,NA,0.05,3,0.6,1.2,0.12,0.25
local_static_map_repeatability,18,down,400,400,TRUE,4,20,3.8000000000000003,3.982,3.247,-0.7350000000000003,0.7350000000000003,0.1,3.2,3.3000000000000003,3.25,"[3.20, 3.30)",12.3,9.16,2.04,1.6,0.004472135954999484,0,-0.028571428571418426,-1.72099425159674e-16,TRUE,TRUE,NA,0.05,3,0.6,1.2,0.12,0.25
local_static_map_repeatability,19,down,400,400,TRUE,4,20,3.8000000000000003,3.247,2.857,-0.3899999999999997,0.3899999999999997,0.1,2.8000000000000003,2.9000000000000004,2.8500000000000005,"[2.80, 2.90)",9.14,7.54,1.6,1.36,0,0,1.3141492185911439e-14,8.837530027856732e-16,TRUE,TRUE,NA,0.05,3,0.6,1.2,0.12,0.25
local_static_map_repeatability,20,down,400,400,TRUE,4,20,3.8000000000000003,2.857,1.62,-1.237,1.237,0.1,1.6,1.7000000000000002,1.6500000000000001,"[1.60, 1.70)",7.54,3.64,1.36,0.62,0,0,-3.996657491838145e-15,3.3985293736662324e-17,TRUE,TRUE,NA,0.05,3,0.6,1.2,0.12,0.25
local_static_map_repeatability,21,up,400,400,TRUE,4,20,3.8000000000000003,1.62,4.532,2.912,2.912,0.1,4.5,4.6,4.55,"[4.50, 4.60)",3.64,12.9,0.62,2.36,0.006155870112510793,0,0.05413533834584623,-1.9486675542230184e-15,TRUE,TRUE,NA,0.05,3,0.6,1.2,0.12,0.25
local_static_map_repeatability,22,down,400,400,TRUE,4,20,3.8000000000000003,4.532,3.142,-1.3900000000000001,1.3900000000000001,0.1,3.1,3.2,3.1500000000000004,"[3.10, 3.20)",12.92,8.24,2.36,1.54,0.006155870112510793,0,-0.0511278195488676,5.442252411281146e-17,TRUE,TRUE,NA,0.05,3,0.6,1.2,0.12,0.25
local_static_map_repeatability,23,down,400,400,TRUE,4,20,3.8000000000000003,3.142,2.808,-0.3340000000000001,0.3340000000000001,0.1,2.8000000000000003,2.9000000000000004,2.8500000000000005,"[2.80, 2.90)",8.24,7.06,1.54,1.34,0,0,-1.5498163752484342e-14,-2.4242765177430167e-15,TRUE,TRUE,NA,0.05,3,0.6,1.2,0.12,0.25
local_static_map_repeatability,24,up,400,400,TRUE,4,20,3.8000000000000003,2.808,3.745,0.9370000000000003,0.9370000000000003,0.1,3.7,3.8000000000000003,3.75,"[3.70, 3.80)",7.06,9.7,1.34,1.9,0,0,1.3340136952695656e-14,-3.354121193755926e-16,TRUE,TRUE,NA,0.05,3,0.6,1.2,0.12,0.25
local_static_map_repeatability,25,down,400,400,TRUE,4,20,3.8000000000000003,3.745,3.212,-0.5329999999999999,0.5329999999999999,0.1,3.2,3.3000000000000003,3.25,"[3.20, 3.30)",9.7,8.32,1.9,1.58,0,0,1.0153933866570821e-15,1.595176309740914e-15,TRUE,TRUE,NA,0.05,3,0.6,1.2,0.12,0.25
local_static_map_repeatability,26,down,400,400,TRUE,4,20,3.8000000000000003,3.212,2.608,-0.6040000000000001,0.6040000000000001,0.1,2.6,2.7,2.6500000000000004,"[2.60, 2.70)",8.32,6.42,1.58,1.22,0.009403246919632345,0,-0.12631578947368266,5.664200085165929e-16,TRUE,TRUE,NA,0.05,3,0.6,1.2,0.12,0.25
local_static_map_repeatability,27,up,400,400,TRUE,4,20,3.8000000000000003,2.608,3.227,0.6189999999999998,0.6189999999999998,0.1,3.2,3.3000000000000003,3.25,"[3.20, 3.30)",6.4,7.82,1.22,1.58,0,0,6.1632002913056835e-15,1.595176309740914e-15,TRUE,TRUE,NA,0.05,3,0.6,1.2,0.12,0.25
local_static_map_repeatability,28,down,400,400,TRUE,4,20,3.8000000000000003,3.227,2.16,-1.0669999999999997,1.0669999999999997,0.1,2.1,2.2,2.1500000000000004,"[2.10, 2.20)",7.82,5,1.58,0.94,0,0,9.425594018665317e-15,8.151865083383783e-17,TRUE,TRUE,NA,0.05,3,0.6,1.2,0.12,0.25
local_static_map_repeatability,29,up,400,400,TRUE,4,20,3.8000000000000003,2.16,4.834,2.6739999999999995,2.6739999999999995,0.1,4.800000000000001,4.9,4.8500000000000005,"[4.80, 4.90)",4.98,14,0.94,2.54,0.010208355710680591,0,0.14887218045113093,-1.3594070881831554e-15,TRUE,TRUE,NA,0.05,3,0.6,1.2,0.12,0.25
local_static_map_repeatability,30,up,400,400,TRUE,4,20,3.8000000000000003,4.834,6.804,1.9700000000000006,1.9700000000000006,0.1,6.800000000000001,6.9,6.8500000000000005,"[6.80, 6.90)",14.02,24.4,2.54,3.74,0.011742858972249403,0,0.17293233082707002,-1.4135993416252085e-15,TRUE,TRUE,NA,0.05,3,0.6,1.2,0.12,0.25
local_static_map_repeatability,31,down,400,400,TRUE,4,20,3.8000000000000003,6.804,5.135,-1.6690000000000005,1.6690000000000005,0.1,5.1000000000000005,5.2,5.15,"[5.10, 5.20)",24.42,17.68,3.74,2.74,0,0,5.365131364796637e-15,1.2690565845280783e-15,TRUE,TRUE,NA,0.05,3,0.6,1.2,0.12,0.25
local_static_map_repeatability,32,up,400,400,TRUE,4,20,3.8000000000000003,5.135,6.906,1.771,1.771,0.1,6.9,7,6.95,"[6.90, 7.00)",17.68,25.3,2.74,3.8,0.010208355710680591,0,0.14887218045111858,-6.708242387511852e-16,TRUE,TRUE,NA,0.05,3,0.6,1.2,0.12,0.25
local_static_map_repeatability,33,down,400,400,TRUE,4,20,3.8000000000000003,6.906,4.717,-2.189,2.189,0.1,4.7,4.8,4.75,"[4.70, 4.80)",25.3,16.04,3.8,2.48,0.006155870112510793,0,-0.054135338345863086,1.359411749466493e-16,TRUE,TRUE,NA,0.05,3,0.6,1.2,0.12,0.25
local_static_map_repeatability,34,up,400,400,TRUE,4,20,3.8000000000000003,4.717,5.046,0.3290000000000006,0.3290000000000006,0.1,5,5.1,5.05,"[5.00, 5.10)",16.02,16.9,2.48,2.68,0,0,2.196747689605865e-14,-4.8485530354860335e-15,TRUE,TRUE,NA,0.05,3,0.6,1.2,0.12,0.25
local_static_map_repeatability,35,up,400,400,TRUE,4,20,3.8000000000000003,5.046,5.709,0.6629999999999994,0.6629999999999994,0.1,5.7,5.8,5.75,"[5.70, 5.80)",16.9,19.92,2.68,3.08,0,0,3.0743680294819027e-14,1.0884504822562292e-16,TRUE,TRUE,NA,0.05,3,0.6,1.2,0.12,0.25
local_static_map_repeatability,36,down,400,400,TRUE,4,20,3.8000000000000003,5.709,3.634,-2.0749999999999997,2.0749999999999997,0.1,3.6,3.7,3.6500000000000004,"[3.60, 3.70)",19.92,10.92,3.08,1.82,0.009176629354822274,0,-0.10827067669173711,-1.9983287459190724e-15,TRUE,TRUE,NA,0.05,3,0.6,1.2,0.12,0.25
local_static_map_repeatability,37,up,400,400,TRUE,4,20,3.8000000000000003,3.634,3.976,0.3420000000000001,0.3420000000000001,0.1,3.9000000000000004,4,3.95,"[3.90, 4.00)",10.9,11.72,1.82,2.04,0,0,1.0912616092192884e-14,3.788399816465446e-15,TRUE,TRUE,NA,0.05,3,0.6,1.2,0.12,0.25
local_static_map_repeatability,38,up,400,400,TRUE,4,20,3.8000000000000003,3.976,4.873,0.8970000000000002,0.8970000000000002,0.1,4.800000000000001,4.9,4.8500000000000005,"[4.80, 4.90)",11.72,15.36,2.04,2.58,0.007326950970650959,0,0.07669172932331439,1.813466974449467e-16,TRUE,TRUE,NA,0.05,3,0.6,1.2,0.12,0.25
local_static_map_repeatability,39,down,400,400,TRUE,4,20,3.8000000000000003,4.873,3.347,-1.5260000000000002,1.5260000000000002,0.1,3.3000000000000003,3.4000000000000004,3.3500000000000005,"[3.30, 3.40)",15.38,9.62,2.58,1.66,0.010208355710680591,0,-0.14887218045113798,7.204403085697546e-16,TRUE,TRUE,NA,0.05,3,0.6,1.2,0.12,0.25
local_static_map_repeatability,40,up,400,400,TRUE,4,20,3.8000000000000003,3.347,3.736,0.38900000000000023,0.38900000000000023,0.1,3.7,3.8000000000000003,3.75,"[3.70, 3.80)",9.6,10.52,1.66,1.88,0,0,-9.933471199503797e-15,1.6303730166767567e-16,TRUE,TRUE,NA,0.05,3,0.6,1.2,0.12,0.25
local_static_map_repeatability,41,down,400,400,TRUE,4,20,3.8000000000000003,3.736,2.013,-1.7230000000000003,1.7230000000000003,0.1,2,2.1,2.05,"[2.00, 2.10)",10.52,4.9,1.88,0.86,0.009787209698592083,0,-0.13684210526315557,-3.874539772800252e-16,TRUE,TRUE,NA,0.05,3,0.6,1.2,0.12,0.25
local_static_map_repeatability,42,up,400,400,TRUE,4,20,3.8000000000000003,2.013,4.638,2.625,2.625,0.1,4.6000000000000005,4.7,4.65,"[4.60, 4.70)",4.88,13.64,0.86,2.44,0,0,1.2616407179488661e-14,1.1328400170331857e-15,TRUE,TRUE,NA,0.05,3,0.6,1.2,0.12,0.25
local_static_map_repeatability,43,down,400,400,TRUE,4,20,3.8000000000000003,4.638,1.982,-2.6559999999999997,2.6559999999999997,0.1,1.9000000000000001,2,1.9500000000000002,"[1.90, 2.00)",13.66,4.76,2.44,0.84,0,0,-4.894233950532574e-15,7.454086006919028e-16,TRUE,TRUE,NA,0.05,3,0.6,1.2,0.12,0.25
local_static_map_repeatability,44,up,400,400,TRUE,4,20,3.8000000000000003,1.982,3.311,1.329,1.329,0.1,3.3000000000000003,3.4000000000000004,3.3500000000000005,"[3.30, 3.40)",4.76,8.14,0.84,1.62,0,0,-1.8119904453866093e-15,5.982774676543772e-16,TRUE,TRUE,NA,0.05,3,0.6,1.2,0.12,0.25
local_static_map_repeatability,45,down,400,400,TRUE,4,20,3.8000000000000003,3.311,2.371,-0.94,0.94,0.1,2.3000000000000003,2.4000000000000004,2.3500000000000005,"[2.30, 2.40)",8.14,5.68,1.62,1.08,0,0,-3.0454395647981488e-15,1.6676779589602378e-15,TRUE,TRUE,NA,0.05,3,0.6,1.2,0.12,0.25
local_static_map_repeatability,46,down,400,400,TRUE,4,20,3.8000000000000003,2.371,1.872,-0.4989999999999999,0.4989999999999999,0.1,1.8,1.9000000000000001,1.85,"[1.80, 1.90)",5.68,4.24,1.08,0.78,0,0,-6.5614062462738086e-15,1.046812865392091e-15,TRUE,TRUE,NA,0.05,3,0.6,1.2,0.12,0.25
local_static_map_repeatability,47,up,400,400,TRUE,4,20,3.8000000000000003,1.872,3.38,1.5079999999999998,1.5079999999999998,0.1,3.3000000000000003,3.4000000000000004,3.3500000000000005,"[3.30, 3.40)",4.24,8.1,0.78,1.68,0.00978720969859165,0,0.136842105263146,1.4908172013838055e-15,TRUE,TRUE,NA,0.05,3,0.6,1.2,0.12,0.25
local_static_map_repeatability,48,down,400,400,TRUE,4,20,3.8000000000000003,3.38,1.526,-1.8539999999999999,1.8539999999999999,0.1,1.5,1.6,1.55,"[1.50, 1.60)",8.12,3.28,1.68,0.56,0,0,-2.637525796203232e-15,9.698027153655102e-16,TRUE,TRUE,NA,0.05,3,0.6,1.2,0.12,0.25
local_static_map_repeatability,49,up,400,400,TRUE,4,20,3.8000000000000003,1.526,4.813,3.287,3.287,0.1,4.800000000000001,4.9,4.8500000000000005,"[4.80, 4.90)",3.28,13.92,0.56,2.54,0.010208355710680591,0,0.13082706766916577,-1.3594070881831554e-15,TRUE,TRUE,NA,0.05,3,0.6,1.2,0.12,0.25
local_static_map_repeatability,50,down,400,400,TRUE,4,20,3.8000000000000003,4.813,1.669,-3.1439999999999997,3.1439999999999997,0.1,1.6,1.7000000000000002,1.6500000000000001,"[1.60, 1.70)",13.94,3.68,2.54,0.65,0.004472135954999583,0.01025978352085155,-0.028571428571422752,0.15037593984962463,TRUE,TRUE,NA,0.05,3,0.6,1.2,0.12,0.25
local_static_map_repeatability,51,up,400,400,TRUE,4,20,3.8000000000000003,1.669,4.066,2.397,2.397,0.1,4,4.1,4.05,"[4.00, 4.10)",3.68,10.68,0.66,2.08,0.00978720969859165,0,0.13684210526316426,2.5384834666427053e-16,TRUE,TRUE,NA,0.05,3,0.6,1.2,0.12,0.25
local_static_map_repeatability,52,up,400,400,TRUE,4,20,3.8000000000000003,4.066,5.064,0.9980000000000002,0.9980000000000002,0.1,5,5.1,5.05,"[5.00, 5.10)",10.68,15.35,2.08,2.68,0.010259783520851322,0,0.1503759398495907,-4.8485530354860335e-15,TRUE,TRUE,NA,0.05,3,0.6,1.2,0.12,0.25
local_static_map_repeatability,53,down,400,400,TRUE,4,20,3.8000000000000003,5.064,2.014,-3.0500000000000003,3.0500000000000003,0.1,2,2.1,2.05,"[2.00, 2.10)",15.36,4.7,2.68,0.86,0.008885233166386591,0,-0.11278195488721915,-3.874539772800252e-16,TRUE,TRUE,NA,0.05,3,0.6,1.2,0.12,0.25
local_static_map_repeatability,54,up,400,400,TRUE,4,20,3.8000000000000003,2.014,2.705,0.6910000000000003,0.6910000000000003,0.1,2.7,2.8000000000000003,2.75,"[2.70, 2.80)",4.68,6.08,0.86,1.26,0,0,-2.863817474804959e-15,2.107173794144695e-15,TRUE,TRUE,NA,0.05,3,0.6,1.2,0.12,0.25
local_static_map_repeatability,55,up,400,400,TRUE,4,20,3.8000000000000003,2.705,4.668,1.963,1.963,0.1,4.6000000000000005,4.7,4.65,"[4.60, 4.70)",6.08,13.34,1.26,2.46,0.004472135954999484,0,0.02857142857139994,-1.903262031724721e-15,TRUE,TRUE,NA,0.05,3,0.6,1.2,0.12,0.25
local_static_map_repeatability,56,down,400,400,TRUE,4,20,3.8000000000000003,4.668,2.508,-2.16,2.16,0.1,2.5,2.6,2.55,"[2.50, 2.60)",13.36,6.1,2.46,1.16,0.009403246919632345,0,-0.12330827067668741,7.929419577890784e-16,TRUE,TRUE,NA,0.05,3,0.6,1.2,0.12,0.25
local_static_map_repeatability,57,down,400,400,TRUE,4,20,3.8000000000000003,2.508,2.133,-0.375,0.375,0.1,2.1,2.2,2.1500000000000004,"[2.10, 2.20)",6.08,4.9,1.16,0.94,0,0,-5.546198008410003e-15,8.151865083383783e-17,TRUE,TRUE,NA,0.05,3,0.6,1.2,0.12,0.25
local_static_map_repeatability,58,down,400,400,TRUE,4,20,3.8000000000000003,2.133,1.656,-0.4770000000000001,0.4770000000000001,0.1,1.6,1.7000000000000002,1.6500000000000001,"[1.60, 1.70)",4.9,3.55,0.94,0.64,0.01025978352085155,0,-0.11428571428571857,-4.64464127306606e-16,TRUE,TRUE,NA,0.05,3,0.6,1.2,0.12,0.25
local_static_map_repeatability,59,up,400,400,TRUE,4,20,3.8000000000000003,1.656,4.739,3.083,3.083,0.1,4.7,4.8,4.75,"[4.70, 4.80)",3.54,13.46,0.64,2.48,0.011239029738980586,0,0.15338345864664701,1.359411749466493e-16,TRUE,TRUE,NA,0.05,3,0.6,1.2,0.12,0.25
local_static_map_repeatability,60,up,400,400,TRUE,4,20,3.8000000000000003,4.739,5.423,0.6840000000000002,0.6840000000000002,0.1,5.4,5.5,5.45,"[5.40, 5.50)",13.48,17.18,2.5,2.9,0.010052493799000478,0,0.14436090225561896,2.0572372099003984e-15,TRUE,TRUE,NA,0.05,3,0.6,1.2,0.12,0.25
local_static_map_repeatability,61,down,400,400,TRUE,4,20,3.8000000000000003,5.423,4.433,-0.9900000000000002,0.9900000000000002,0.1,4.4,4.5,4.45,"[4.40, 4.50)",17.2,13.52,2.9,2.3,0,0,-2.0519091605678293e-14,-2.9909719188078527e-15,TRUE,TRUE,NA,0.05,3,0.6,1.2,0.12,0.25
local_static_map_repeatability,62,up,400,400,TRUE,4,20,3.8000000000000003,4.433,5.897,1.4640000000000004,1.4640000000000004,0.1,5.800000000000001,5.9,5.8500000000000005,"[5.80, 5.90)",13.52,19.94,2.3,3.18,0.009403246919632345,0.00615587011251093,0.12631578947370095,-0.04210526315789614,TRUE,TRUE,NA,0.05,3,0.6,1.2,0.12,0.25
local_static_map_repeatability,63,down,400,400,TRUE,4,20,3.8000000000000003,5.897,4.771,-1.1260000000000003,1.1260000000000003,0.1,4.7,4.8,4.75,"[4.70, 4.80)",19.96,15.56,3.18,2.5,0,0.010208355710680819,-2.6282243776649783e-14,0.03157894736842513,TRUE,TRUE,NA,0.05,3,0.6,1.2,0.12,0.25
local_static_map_repeatability,64,up,400,400,TRUE,4,20,3.8000000000000003,4.771,6.843,2.072,2.072,0.1,6.800000000000001,6.9,6.8500000000000005,"[6.80, 6.90)",15.56,24.96,2.52,3.76,0.014509525002199923,0,0.22556390977441435,3.2607460333535134e-16,TRUE,TRUE,NA,0.05,3,0.6,1.2,0.12,0.25
local_static_map_repeatability,65,down,400,400,TRUE,4,20,3.8000000000000003,6.843,4.691,-2.152,2.152,0.1,4.6000000000000005,4.7,4.65,"[4.60, 4.70)",24.98,15.78,3.76,2.46,0,0,-1.997551205468497e-14,-1.903262031724721e-15,TRUE,TRUE,NA,0.05,3,0.6,1.2,0.12,0.25
local_static_map_repeatability,66,up,400,400,TRUE,4,20,3.8000000000000003,4.691,6.694,2.003,2.003,0.1,6.6000000000000005,6.7,6.65,"[6.60, 6.70)",15.78,24.509999999999998,2.46,3.66,0.010259783520851322,0,0.15037593984965641,5.655503597977142e-15,TRUE,TRUE,NA,0.05,3,0.6,1.2,0.12,0.25
local_static_map_repeatability,67,up,400,400,TRUE,4,20,3.8000000000000003,6.694,7.136,0.44200000000000017,0.44200000000000017,0.1,7.1000000000000005,7.2,7.15,"[7.10, 7.20)",24.52,26.74,3.66,3.94,0.004472135955000279,0,0.028571428571453793,-4.159970186054063e-15,TRUE,TRUE,NA,0.05,3,0.6,1.2,0.12,0.25
local_static_map_repeatability,68,down,400,400,TRUE,4,20,3.8000000000000003,7.136,4.958,-2.178,2.178,0.1,4.9,5,4.95,"[4.90, 5.00)",26.76,17.66,3.94,2.62,0.004472135954999484,0,-0.028571428571434892,4.259753110787687e-15,TRUE,TRUE,NA,0.05,3,0.6,1.2,0.12,0.25
local_static_map_repeatability,69,down,400,400,TRUE,4,20,3.8000000000000003,4.958,3.767,-1.1910000000000003,1.1910000000000003,0.1,3.7,3.8000000000000003,3.75,"[3.70, 3.80)",17.64,11.74,2.62,1.92,0.007880689256523955,0,-0.08270676691728897,-8.338615404188609e-16,TRUE,TRUE,NA,0.05,3,0.6,1.2,0.12,0.25
local_static_map_repeatability,70,up,400,400,TRUE,4,20,3.8000000000000003,3.767,4.992,1.225,1.225,0.1,4.9,5,4.95,"[4.90, 5.00)",11.72,16.36,1.92,2.64,0.004472135954999484,0,0.028571428571406324,1.2236510620297808e-15,TRUE,TRUE,NA,0.05,3,0.6,1.2,0.12,0.25
local_static_map_repeatability,71,up,400,400,TRUE,4,20,3.8000000000000003,4.992,5.405,0.41300000000000026,0.41300000000000026,0.1,5.4,5.5,5.45,"[5.40, 5.50)",16.38,18.42,2.64,2.9,0,0.009787209698591866,-2.486717256724505e-14,0.10977443609022665,TRUE,TRUE,NA,0.05,3,0.6,1.2,0.12,0.25
local_static_map_repeatability,72,up,400,400,TRUE,4,20,3.8000000000000003,5.405,6.697,1.2919999999999998,1.2919999999999998,0.1,6.6000000000000005,6.7,6.65,"[6.60, 6.70)",18.42,24.84,2.88,3.68,0.008207826816681058,0,0.0962406015037565,1.0232359432363152e-14,TRUE,TRUE,NA,0.05,3,0.6,1.2,0.12,0.25
local_static_map_repeatability,73,down,400,400,TRUE,4,20,3.8000000000000003,6.697,5.66,-1.037,1.037,0.1,5.6000000000000005,5.7,5.65,"[5.60, 5.70)",24.86,21.1,3.68,3.04,0,0,-7.176381215010148e-15,-1.4319087374024795e-15,TRUE,TRUE,NA,0.05,3,0.6,1.2,0.12,0.25
local_static_map_repeatability,74,up,400,400,TRUE,4,20,3.8000000000000003,5.66,6.617,0.9569999999999999,0.9569999999999999,0.1,6.6000000000000005,6.7,6.65,"[6.60, 6.70)",21.1,24.74,3.04,3.62,0,0,2.4795045876895616e-14,1.5770971846344015e-15,TRUE,TRUE,NA,0.05,3,0.6,1.2,0.12,0.25
local_static_map_repeatability,75,down,400,400,TRUE,4,20,3.8000000000000003,6.617,4.189,-2.428,2.428,0.1,4.1000000000000005,4.2,4.15,"[4.10, 4.20)",24.74,14.04,3.62,2.16,0.00978720969859165,0,-0.13684210526315105,3.3353559179204757e-15,TRUE,TRUE,NA,0.05,3,0.6,1.2,0.12,0.25
local_static_map_repeatability,76,down,400,400,TRUE,4,20,3.8000000000000003,4.189,3.76,-0.42900000000000027,0.42900000000000027,0.1,3.7,3.8000000000000003,3.75,"[3.70, 3.80)",14.02,11.84,2.16,1.9,0.004472135954999484,0,-0.02857142857143119,-3.354121193755926e-16,TRUE,TRUE,NA,0.05,3,0.6,1.2,0.12,0.25
local_static_map_repeatability,77,up,400,400,TRUE,4,20,3.8000000000000003,3.76,6.139,2.3790000000000004,2.3790000000000004,0.1,6.1000000000000005,6.2,6.15,"[6.10, 6.20)",11.82,22.18,1.9,3.34,0.010208355710680591,0,0.1488721804511529,-1.5952214316183979e-15,TRUE,TRUE,NA,0.05,3,0.6,1.2,0.12,0.25
local_static_map_repeatability,78,down,400,400,TRUE,4,20,3.8000000000000003,6.139,3.239,-2.9000000000000004,2.9000000000000004,0.1,3.2,3.3000000000000003,3.25,"[3.20, 3.30)",22.2,9.66,3.34,1.6,0.009176629354822274,0,-0.10827067669171747,-1.72099425159674e-16,TRUE,TRUE,NA,0.05,3,0.6,1.2,0.12,0.25
local_static_map_repeatability,79,down,400,400,TRUE,4,20,3.8000000000000003,3.239,2.018,-1.221,1.221,0.1,2,2.1,2.05,"[2.00, 2.10)",9.64,5.14,1.6,0.86,0.008885233166386591,0,-0.11278195488721392,-3.874539772800252e-16,TRUE,TRUE,NA,0.05,3,0.6,1.2,0.12,0.25
local_static_map_repeatability,80,up,400,400,TRUE,4,20,3.8000000000000003,2.018,2.488,0.4700000000000002,0.4700000000000002,0.1,2.4000000000000004,2.5000000000000004,2.45,"[2.40, 2.50)",5.14,5.96,0.86,1.14,0,0,5.202184306883929e-15,-1.2462612488822926e-15,TRUE,TRUE,NA,0.05,3,0.6,1.2,0.12,0.25
local_static_map_repeatability,81,up,400,400,TRUE,4,20,3.8000000000000003,2.488,3.723,1.2349999999999999,1.2349999999999999,0.1,3.7,3.8000000000000003,3.75,"[3.70, 3.80)",5.96,9.9,1.14,1.88,0,0,-1.6421825011461796e-14,1.6303730166767567e-16,TRUE,TRUE,NA,0.05,3,0.6,1.2,0.12,0.25
local_static_map_repeatability,82,down,400,400,TRUE,4,20,3.8000000000000003,3.723,1.476,-2.247,2.247,0.1,1.4000000000000001,1.5000000000000002,1.4500000000000002,"[1.40, 1.50)",9.9,3.4,1.88,0.52,0.014653901941300942,0,-0.22556390977443902,6.346208666606763e-17,TRUE,TRUE,NA,0.05,3,0.6,1.2,0.12,0.25
local_static_map_repeatability,83,up,400,400,TRUE,4,20,3.8000000000000003,1.476,3.674,2.198,2.198,0.1,3.6,3.7,3.6500000000000004,"[3.60, 3.70)",3.4,9.44,0.52,1.84,0.004472135954999484,0,0.028571428571435343,5.116179716181576e-15,TRUE,TRUE,NA,0.05,3,0.6,1.2,0.12,0.25
local_static_map_repeatability,84,down,400,400,TRUE,4,20,3.8000000000000003,3.674,1.558,-2.1159999999999997,2.1159999999999997,0.1,1.5,1.6,1.55,"[1.50, 1.60)",9.44,3.5,1.84,0.58,0.010052493799000702,0.008885233166386345,-0.027067669172931255,0.11278195488721814,TRUE,TRUE,NA,0.05,3,0.6,1.2,0.12,0.25
local_static_map_repeatability,85,up,400,400,TRUE,4,20,3.8000000000000003,1.558,2.88,1.3219999999999998,1.3219999999999998,0.1,2.8000000000000003,2.9000000000000004,2.8500000000000005,"[2.80, 2.90)",3.52,6.58,0.58,1.38,0,0,-2.936319124024283e-15,-1.03328736297032e-15,TRUE,TRUE,NA,0.05,3,0.6,1.2,0.12,0.25
local_static_map_repeatability,86,up,400,400,TRUE,4,20,3.8000000000000003,2.88,4.185,1.3049999999999997,1.3049999999999997,0.1,4.1000000000000005,4.2,4.15,"[4.10, 4.20)",6.58,11.38,1.38,2.16,0,0,1.9222171176367834e-15,3.3353559179204757e-15,TRUE,TRUE,NA,0.05,3,0.6,1.2,0.12,0.25
local_static_map_repeatability,87,up,400,400,TRUE,4,20,3.8000000000000003,4.185,4.585,0.40000000000000036,0.40000000000000036,0.1,4.5,4.6,4.55,"[4.50, 4.60)",11.38,13.36,2.16,2.4,0,0,-6.3808857264735916e-15,-4.0791376859491647e-16,TRUE,TRUE,NA,0.05,3,0.6,1.2,0.12,0.25
local_static_map_repeatability,88,down,400,400,TRUE,4,20,3.8000000000000003,4.585,3.137,-1.448,1.448,0.1,3.1,3.2,3.1500000000000004,"[3.10, 3.20)",13.36,8.38,2.4,1.54,0.008885233166386985,0,-0.11278195488721225,5.442252411281146e-17,TRUE,TRUE,NA,0.05,3,0.6,1.2,0.12,0.25
local_static_map_repeatability,89,down,400,400,TRUE,4,20,3.8000000000000003,3.137,1.737,-1.4,1.4,0.1,1.7000000000000002,1.8000000000000003,1.7500000000000002,"[1.70, 1.80)",8.36,4.02,1.54,0.7,0,0,1.1596607512059694e-15,1.1373710787791849e-15,TRUE,TRUE,NA,0.05,3,0.6,1.2,0.12,0.25
local_static_map_repeatability,90,up,400,400,TRUE,4,20,3.8000000000000003,1.737,5.265,3.5279999999999996,3.5279999999999996,0.1,5.2,5.3,5.25,"[5.20, 5.30)",4.02,16.549999999999997,0.7,2.8,0.010259783520851322,0,0.15037593984959,4.5494843151167395e-15,TRUE,TRUE,NA,0.05,3,0.6,1.2,0.12,0.25
local_static_map_repeatability,91,up,400,400,TRUE,4,20,3.8000000000000003,5.265,6.372,1.1070000000000002,1.1070000000000002,0.1,6.300000000000001,6.4,6.3500000000000005,"[6.30, 6.40)",16.56,22.76,2.8,3.48,0.010208355710682404,0,0.14887218045117515,-5.084367378921277e-15,TRUE,TRUE,NA,0.05,3,0.6,1.2,0.12,0.25
local_static_map_repeatability,92,up,400,400,TRUE,4,20,3.8000000000000003,6.372,7.094,0.7220000000000004,0.7220000000000004,0.1,7,7.1,7.05,"[7.00, 7.10)",22.76,26.54,3.48,3.9,0.008885233166386196,0,0.11278195488724757,-8.238376599396804e-15,TRUE,TRUE,NA,0.05,3,0.6,1.2,0.12,0.25
local_static_map_repeatability,93,down,400,400,TRUE,4,20,3.8000000000000003,7.094,5.86,-1.234,1.234,0.1,5.800000000000001,5.9,5.8500000000000005,"[5.80, 5.90)",26.56,22.16,3.9,3.16,0.006155870112510793,0,-0.03007518796992192,3.190352619481828e-15,TRUE,TRUE,NA,0.05,3,0.6,1.2,0.12,0.25
local_static_map_repeatability,94,down,400,400,TRUE,4,20,3.8000000000000003,5.86,3.543,-2.317,2.317,0.1,3.5,3.6,3.55,"[3.50, 3.60)",22.14,10.72,3.16,1.78,0.008885233166386985,0,-0.1127819548872137,1.536222723882103e-15,TRUE,TRUE,NA,0.05,3,0.6,1.2,0.12,0.25
local_static_map_repeatability,95,up,400,400,TRUE,4,20,3.8000000000000003,3.543,5.734,2.191,2.191,0.1,5.7,5.8,5.75,"[5.70, 5.80)",10.7,20.06,1.78,3.08,0.008885233166386196,0,0.11278195488719955,1.0884504822562292e-16,TRUE,TRUE,NA,0.05,3,0.6,1.2,0.12,0.25
local_static_map_repeatability,96,up,400,400,TRUE,4,20,3.8000000000000003,5.734,6.482,0.7480000000000002,0.7480000000000002,0.1,6.4,6.5,6.45,"[6.40, 6.50)",20.08,23.98,3.08,3.54,0.007326950970650309,0,0.07669172932331074,-4.042063014336443e-15,TRUE,TRUE,NA,0.05,3,0.6,1.2,0.12,0.25
local_static_map_repeatability,97,down,400,400,TRUE,4,20,3.8000000000000003,6.482,5.133,-1.3490000000000002,1.3490000000000002,0.1,5.1000000000000005,5.2,5.15,"[5.10, 5.20)",23.98,18.52,3.54,2.72,0,0,1.9358333945562687e-14,1.7675060055713464e-15,TRUE,TRUE,NA,0.05,3,0.6,1.2,0.12,0.25
local_static_map_repeatability,98,up,400,400,TRUE,4,20,3.8000000000000003,5.133,6.325,1.1920000000000002,1.1920000000000002,0.1,6.300000000000001,6.4,6.3500000000000005,"[6.30, 6.40)",18.52,23.4,2.72,3.44,0.010052493799002263,0,0.1443609022556981,-1.5498159091201008e-15,TRUE,TRUE,NA,0.05,3,0.6,1.2,0.12,0.25
local_static_map_repeatability,99,up,400,400,TRUE,4,20,3.8000000000000003,6.325,7.037,0.7119999999999997,0.7119999999999997,0.1,7,7.1,7.05,"[7.00, 7.10)",23.42,26.74,3.44,3.88,0.007326950970650309,0.009787209698591866,0.07669172932337602,-0.02556390977442678,TRUE,TRUE,NA,0.05,3,0.6,1.2,0.12,0.25
local_static_map_repeatability,100,down,400,400,TRUE,4,20,3.8000000000000003,7.037,6.695,-0.34199999999999964,0.34199999999999964,0.1,6.6000000000000005,6.7,6.65,"[6.60, 6.70)",26.74,26.1,3.88,3.68,0,0.010052493799000702,-3.835322923977905e-14,0.14436090225564546,TRUE,TRUE,NA,0.05,3,0.6,1.2,0.12,0.25
local_static_map_repeatability,101,down,400,400,TRUE,4,20,3.8000000000000003,6.695,5.197,-1.4980000000000002,1.4980000000000002,0.1,5.1000000000000005,5.2,5.15,"[5.10, 5.20)",26.1,19.5,3.68,2.76,0.010052493799000478,0,-0.14436090225564682,-2.06657472594064e-15,TRUE,TRUE,NA,0.05,3,0.6,1.2,0.12,0.25
local_static_map_repeatability,102,down,400,400,TRUE,4,20,3.8000000000000003,5.197,2.105,-3.092,3.092,0.1,2.1,2.2,2.1500000000000004,"[2.10, 2.20)",19.48,5.66,2.76,0.92,0.004472135954999683,0,-0.028571428571424504,2.558089858090788e-15,TRUE,TRUE,NA,0.05,3,0.6,1.2,0.12,0.25
local_static_map_repeatability,103,up,400,400,TRUE,4,20,3.8000000000000003,2.105,3.017,0.9119999999999999,0.9119999999999999,0.1,3,3.1,3.05,"[3.00, 3.10)",5.64,7.82,0.92,1.46,0,0,6.1632002913056835e-15,7.7939389442856535e-16,TRUE,TRUE,NA,0.05,3,0.6,1.2,0.12,0.25
local_static_map_repeatability,104,up,400,400,TRUE,4,20,3.8000000000000003,3.017,4.766,1.749,1.749,0.1,4.7,4.8,4.75,"[4.70, 4.80)",7.82,14.96,1.46,2.5,0.00978720969859165,0,0.13684210526313667,4.7127970093326585e-15,TRUE,TRUE,NA,0.05,3,0.6,1.2,0.12,0.25
local_static_map_repeatability,105,down,400,400,TRUE,4,20,3.8000000000000003,4.766,2.528,-2.238,2.238,0.1,2.5,2.6,2.55,"[2.50, 2.60)",14.98,6.74,2.5,1.16,0.006155870112511066,0,-0.05413533834585881,7.929419577890784e-16,TRUE,TRUE,NA,0.05,3,0.6,1.2,0.12,0.25
local_static_map_repeatability,106,up,400,400,TRUE,4,20,3.8000000000000003,2.528,6.174,3.6460000000000004,3.6460000000000004,0.1,6.1000000000000005,6.2,6.15,"[6.10, 6.20)",6.72,22.16,1.16,3.36,0.012814465510343475,0,0.18947368421055674,2.981634402767611e-15,TRUE,TRUE,NA,0.05,3,0.6,1.2,0.12,0.25
local_static_map_repeatability,107,down,400,400,TRUE,4,20,3.8000000000000003,6.174,5.603,-0.5710000000000006,0.5710000000000006,0.1,5.6000000000000005,5.7,5.65,"[5.60, 5.70)",22.18,20.44,3.36,3.02,0,0,-8.191589452873955e-15,-9.334593163592112e-16,TRUE,TRUE,NA,0.05,3,0.6,1.2,0.12,0.25
local_static_map_repeatability,108,down,400,400,TRUE,4,20,3.8000000000000003,5.603,3.138,-2.465,2.465,0.1,3.1,3.2,3.1500000000000004,"[3.10, 3.20)",20.44,9.1,3.02,1.52,0.00978720969859165,0,-0.13684210526317467,-7.159543687012397e-16,TRUE,TRUE,NA,0.05,3,0.6,1.2,0.12,0.25
local_static_map_repeatability,109,up,400,400,TRUE,4,20,3.8000000000000003,3.138,5.269,2.1310000000000002,2.1310000000000002,0.1,5.2,5.3,5.25,"[5.20, 5.30)",9.1,17.72,1.52,2.8,0.006155870112510793,0,0.054135338345873085,4.5494843151167395e-15,TRUE,TRUE,NA,0.05,3,0.6,1.2,0.12,0.25
local_static_map_repeatability,110,up,400,400,TRUE,4,20,3.8000000000000003,5.269,6.536,1.2669999999999995,1.2669999999999995,0.1,6.5,6.6,6.55,"[6.50, 6.60)",17.74,24.3,2.8,3.58,0.009403246919632345,0,0.12631578947366545,-2.5013092287083402e-15,TRUE,TRUE,NA,0.05,3,0.6,1.2,0.12,0.25
local_static_map_repeatability,111,down,400,400,TRUE,4,20,3.8000000000000003,6.536,5.807,-0.7289999999999992,0.7289999999999992,0.1,5.800000000000001,5.9,5.8500000000000005,"[5.80, 5.90)",24.32,21.94,3.58,3.14,0,0,-1.3484399655961204e-14,1.151149412810457e-15,TRUE,TRUE,NA,0.05,3,0.6,1.2,0.12,0.25
local_static_map_repeatability,112,down,400,400,TRUE,4,20,3.8000000000000003,5.807,4.182,-1.625,1.625,0.1,4.1000000000000005,4.2,4.15,"[4.10, 4.20)",21.94,14,3.14,2.16,0,0,-2.2331267199858176e-14,3.3353559179204757e-15,TRUE,TRUE,NA,0.05,3,0.6,1.2,0.12,0.25
local_static_map_repeatability,113,up,400,400,TRUE,4,20,3.8000000000000003,4.182,6.503,2.3209999999999997,2.3209999999999997,0.1,6.5,6.6,6.55,"[6.50, 6.60)",13.98,24.28,2.16,3.54,0.008944271909998969,0,0.10526315789472937,-4.042063014336443e-15,TRUE,TRUE,NA,0.05,3,0.6,1.2,0.12,0.25
local_static_map_repeatability,114,down,400,400,TRUE,4,20,3.8000000000000003,6.503,6.118,-0.3849999999999998,0.3849999999999998,0.1,6.1000000000000005,6.2,6.15,"[6.10, 6.20)",24.3,23.36,3.54,3.32,0,0,1.2470302310857046e-14,1.4408806171395092e-15,TRUE,TRUE,NA,0.05,3,0.6,1.2,0.12,0.25
local_static_map_repeatability,115,down,400,400,TRUE,4,20,3.8000000000000003,6.118,4.213,-1.9050000000000002,1.9050000000000002,0.1,4.2,4.3,4.25,"[4.20, 4.30)",23.36,14.34,3.32,2.18,0.007326950970650309,0,-0.07669172932332423,-2.2383987585520707e-15,TRUE,TRUE,NA,0.05,3,0.6,1.2,0.12,0.25
local_static_map_repeatability,116,up,400,400,TRUE,4,20,3.8000000000000003,4.213,4.895,0.6819999999999995,0.6819999999999995,0.1,4.800000000000001,4.9,4.8500000000000005,"[4.80, 4.90)",14.34,16.68,2.18,2.58,0.010052493799000478,0,0.12330827067670756,1.813466974449467e-16,TRUE,TRUE,NA,0.05,3,0.6,1.2,0.12,0.25
local_static_map_repeatability,117,up,400,400,TRUE,4,20,3.8000000000000003,4.895,6.5,1.6050000000000004,1.6050000000000004,0.1,6.5,6.6,6.55,"[6.50, 6.60)",16.7,24.34,2.58,3.54,0.010052493799000478,0,0.14436090225564913,-4.042063014336443e-15,TRUE,TRUE,NA,0.05,3,0.6,1.2,0.12,0.25
local_static_map_repeatability,118,down,400,400,TRUE,4,20,3.8000000000000003,6.5,3.794,-2.706,2.706,0.1,3.7,3.8000000000000003,3.75,"[3.70, 3.80)",24.34,12.4,3.54,1.92,0.010208355710680591,0,-0.14887218045112444,-8.338615404188609e-16,TRUE,TRUE,NA,0.05,3,0.6,1.2,0.12,0.25
local_static_map_repeatability,119,up,400,400,TRUE,4,20,3.8000000000000003,3.794,6.99,3.196,3.196,0.1,6.9,7,6.95,"[6.90, 7.00)",12.38,26.58,1.92,3.84,0.00978720969859165,0,0.13684210526314577,-1.6677230808377218e-15,TRUE,TRUE,NA,0.05,3,0.6,1.2,0.12,0.25
local_static_map_repeatability,120,down,400,400,TRUE,4,20,3.8000000000000003,6.99,4.456,-2.534,2.534,0.1,4.4,4.5,4.45,"[4.40, 4.50)",26.6,15.6,3.84,2.32,0.00978720969859165,0,-0.13684210526317056,1.5858839155781569e-15,TRUE,TRUE,NA,0.05,3,0.6,1.2,0.12,0.25
local_static_map_repeatability,121,down,400,400,TRUE,4,20,3.8000000000000003,4.456,3.285,-1.1710000000000003,1.1710000000000003,0.1,3.2,3.3000000000000003,3.25,"[3.20, 3.30)",15.6,10.08,2.32,1.62,0.010208355710680591,0,-0.14887218045111,5.982774676543772e-16,TRUE,TRUE,NA,0.05,3,0.6,1.2,0.12,0.25
local_static_map_repeatability,122,down,400,400,TRUE,4,20,3.8000000000000003,3.285,2.259,-1.0260000000000002,1.0260000000000002,0.1,2.2,2.3000000000000003,2.25,"[2.20, 2.30)",10.08,6.12,1.62,1,0.006155870112510793,0,-0.05413533834586696,-1.4500329843864763e-16,TRUE,TRUE,NA,0.05,3,0.6,1.2,0.12,0.25
local_static_map_repeatability,123,up,400,400,TRUE,4,20,3.8000000000000003,2.259,3.012,0.7530000000000001,0.7530000000000001,0.1,3,3.1,3.05,"[3.00, 3.10)",6.12,7.86,1,1.46,0,0,1.5316911960077705e-14,7.7939389442856535e-16,TRUE,TRUE,NA,0.05,3,0.6,1.2,0.12,0.25
local_static_map_repeatability,124,down,400,400,TRUE,4,20,3.8000000000000003,3.012,2.319,-0.6930000000000001,0.6930000000000001,0.1,2.3000000000000003,2.4000000000000004,2.3500000000000005,"[2.30, 2.40)",7.86,6.04,1.46,1.04,0.008885233166386591,0,-0.11278195488722045,1.2692417333213526e-16,TRUE,TRUE,NA,0.05,3,0.6,1.2,0.12,0.25
local_static_map_repeatability,125,down,400,400,TRUE,4,20,3.8000000000000003,2.319,0.998,-1.321,1.321,0.1,0.9,1,0.95,"[0.90, 1.00)",6.02,2.38,1.04,0.26,0.01436369692919217,0.00820782681668124,-0.2225563909774426,-0.09624060150375978,TRUE,TRUE,NA,0.05,3,0.6,1.2,0.12,0.25
local_static_map_repeatability,126,up,400,400,TRUE,4,20,3.8000000000000003,0.998,2.439,1.441,1.441,0.1,2.4000000000000004,2.5000000000000004,2.45,"[2.40, 2.50)",2.36,5.36,0.24,1.1,0,0,-9.697106070972067e-15,-1.3684240897976695e-15,TRUE,TRUE,NA,0.05,3,0.6,1.2,0.12,0.25
local_static_map_repeatability,127,down,400,400,TRUE,4,20,3.8000000000000003,2.439,1.35,-1.089,1.089,0.1,1.3,1.4000000000000001,1.35,"[1.30, 1.40)",5.36,2.92,1.1,0.46,0.007326950970650471,0.010208355710680819,-0.07669172932330762,0.14887218045112927,TRUE,TRUE,NA,0.05,3,0.6,1.2,0.12,0.25
local_static_map_repeatability,128,up,400,400,TRUE,4,20,3.8000000000000003,1.35,2.591,1.241,1.241,0.1,2.5,2.6,2.55,"[2.50, 2.60)",2.92,5.64,0.46,1.2,0,0,3.026764532717666e-15,-2.0395688429745824e-16,TRUE,TRUE,NA,0.05,3,0.6,1.2,0.12,0.25
local_static_map_repeatability,129,down,400,400,TRUE,4,20,3.8000000000000003,2.591,1.149,-1.4420000000000002,1.4420000000000002,0.1,1.1,1.2000000000000002,1.1500000000000001,"[1.10, 1.20)",5.64,2.46,1.2,0.34,0.014509525002200246,0.010208355710680819,-0.22556390977443552,-0.14887218045112824,TRUE,TRUE,NA,0.05,3,0.6,1.2,0.12,0.25
local_static_map_repeatability,130,up,400,400,TRUE,4,20,3.8000000000000003,1.149,6.369,5.22,5.22,0.1,6.300000000000001,6.4,6.3500000000000005,"[6.30, 6.40)",2.44,22.62,0.32,3.46,0.015078740698500718,0,0.231578947368434,3.027039925265909e-15,TRUE,TRUE,NA,0.05,3,0.6,1.2,0.12,0.25
local_static_map_repeatability,131,down,400,400,TRUE,4,20,3.8000000000000003,6.369,4.273,-2.096,2.096,0.1,4.2,4.3,4.25,"[4.20, 4.30)",22.66,13.56,3.46,2.2,0,0,-5.691016158055376e-15,-2.736848179595339e-15,TRUE,TRUE,NA,0.05,3,0.6,1.2,0.12,0.25
local_static_map_repeatability,132,down,400,400,TRUE,4,20,3.8000000000000003,4.273,2.511,-1.7619999999999996,1.7619999999999996,0.1,2.5,2.6,2.55,"[2.50, 2.60)",13.56,6.46,2.2,1.16,0,0,-5.020927853193951e-15,7.929419577890784e-16,TRUE,TRUE,NA,0.05,3,0.6,1.2,0.12,0.25
local_static_map_repeatability,133,up,400,400,TRUE,4,20,3.8000000000000003,2.511,3.419,0.9079999999999999,0.9079999999999999,0.1,3.4000000000000004,3.5000000000000004,3.45,"[3.40, 3.50)",6.46,8.86,1.16,1.7,0,0,9.497544882788157e-15,-2.7645853351678203e-16,TRUE,TRUE,NA,0.05,3,0.6,1.2,0.12,0.25
local_static_map_repeatability,134,up,400,400,TRUE,4,20,3.8000000000000003,3.419,4.074,0.6549999999999998,0.6549999999999998,0.1,4,4.1,4.05,"[4.00, 4.10)",8.86,11.4,1.7,2.1,0,0,1.8887806828885176e-14,-2.7822537020936368e-15,TRUE,TRUE,NA,0.05,3,0.6,1.2,0.12,0.25
local_static_map_repeatability,135,down,400,400,TRUE,4,20,3.8000000000000003,4.074,1.595,-2.479,2.479,0.1,1.5,1.6,1.55,"[1.50, 1.60)",11.4,3.72,2.1,0.6,0.00820782681668124,0.010052493799000702,-0.09624060150375822,0.12030075187969871,TRUE,TRUE,NA,0.05,3,0.6,1.2,0.12,0.25
local_static_map_repeatability,136,up,400,400,TRUE,4,20,3.8000000000000003,1.595,2.495,0.9000000000000001,0.9000000000000001,0.1,2.4000000000000004,2.5000000000000004,2.45,"[2.40, 2.50)",3.72,5.56,0.6,1.14,0,0,1.0095867472320015e-14,-1.2462612488822926e-15,TRUE,TRUE,NA,0.05,3,0.6,1.2,0.12,0.25
local_static_map_repeatability,137,down,400,400,TRUE,4,20,3.8000000000000003,2.495,1.036,-1.459,1.459,0.1,1,1.1,1.05,"[1.00, 1.10)",5.56,2.26,1.14,0.28,0.011964860832322332,0.009403246919632553,-0.17744360902255388,-0.12631578947368452,TRUE,TRUE,NA,0.05,3,0.6,1.2,0.12,0.25
local_static_map_repeatability,138,up,400,400,TRUE,4,20,3.8000000000000003,1.036,3.329,2.293,2.293,0.1,3.3000000000000003,3.4000000000000004,3.3500000000000005,"[3.30, 3.40)",2.24,7.92,0.26,1.64,0.009403246919632345,0,0.12631578947368044,-1.318762898101616e-15,TRUE,TRUE,NA,0.05,3,0.6,1.2,0.12,0.25
local_static_map_repeatability,139,up,400,400,TRUE,4,20,3.8000000000000003,3.329,4.313,0.9839999999999995,0.9839999999999995,0.1,4.3,4.3999999999999995,4.35,"[4.30, 4.40)",7.92,11.98,1.64,2.24,0.008885233166386196,0,0.11278195488722084,3.879210861462041e-15,TRUE,TRUE,NA,0.05,3,0.6,1.2,0.12,0.25
local_static_map_repeatability,140,down,400,400,TRUE,4,20,3.8000000000000003,4.313,2.999,-1.3139999999999996,1.3139999999999996,0.1,2.9000000000000004,3.0000000000000004,2.95,"[2.90, 3.00)",11.98,7.74,2.24,1.44,0,0,8.156997975478757e-15,1.2778433154718337e-15,TRUE,TRUE,NA,0.05,3,0.6,1.2,0.12,0.25
local_static_map_repeatability,141,up,400,400,TRUE,4,20,3.8000000000000003,2.999,3.422,0.42300000000000004,0.42300000000000004,0.1,3.4000000000000004,3.5000000000000004,3.45,"[3.40, 3.50)",7.74,8.72,1.44,1.7,0,0,-8.953595034208283e-15,-2.7645853351678203e-16,TRUE,TRUE,NA,0.05,3,0.6,1.2,0.12,0.25
local_static_map_repeatability,142,up,400,400,TRUE,4,20,3.8000000000000003,3.422,5.661,2.2389999999999994,2.2389999999999994,0.1,5.6000000000000005,5.7,5.65,"[5.60, 5.70)",8.72,18.9,1.7,3.04,0.013917047478770395,0,0.2135338345864854,-1.4319087374024795e-15,TRUE,TRUE,NA,0.05,3,0.6,1.2,0.12,0.25
local_static_map_repeatability,143,up,400,400,TRUE,4,20,3.8000000000000003,5.661,6.664,1.0030000000000001,1.0030000000000001,0.1,6.6000000000000005,6.7,6.65,"[6.60, 6.70)",18.92,24.5,3.04,3.64,0.010052493799000478,0,0.14436090225566076,-3.996657491838145e-15,TRUE,TRUE,NA,0.05,3,0.6,1.2,0.12,0.25
local_static_map_repeatability,144,down,400,400,TRUE,4,20,3.8000000000000003,6.664,5.197,-1.4669999999999996,1.4669999999999996,0.1,5.1000000000000005,5.2,5.15,"[5.10, 5.20)",24.52,18.58,3.64,2.76,0,0,2.965266103587365e-14,-2.06657472594064e-15,TRUE,TRUE,NA,0.05,3,0.6,1.2,0.12,0.25
local_static_map_repeatability,145,down,400,400,TRUE,4,20,3.8000000000000003,5.197,4.519,-0.6779999999999999,0.6779999999999999,0.1,4.5,4.6,4.55,"[4.50, 4.60)",18.58,15.22,2.76,2.36,0.007326950970650959,0,-0.07368421052634326,-1.9486675542230184e-15,TRUE,TRUE,NA,0.05,3,0.6,1.2,0.12,0.25
local_static_map_repeatability,146,down,400,400,TRUE,4,20,3.8000000000000003,4.519,2.684,-1.835,1.835,0.1,2.6,2.7,2.6500000000000004,"[2.60, 2.70)",15.2,7.3100000000000005,2.36,1.26,0.010259783520851778,0,-0.15037593984963227,2.107173794144695e-15,TRUE,TRUE,NA,0.05,3,0.6,1.2,0.12,0.25
local_static_map_repeatability,147,down,400,400,TRUE,4,20,3.8000000000000003,2.684,1.147,-1.5370000000000001,1.5370000000000001,0.1,1.1,1.2000000000000002,1.1500000000000001,"[1.10, 1.20)",7.3,2.7,1.26,0.34,0.014653901941300942,0.008885233166386394,-0.2255639097744387,-0.1037593984962406,TRUE,TRUE,NA,0.05,3,0.6,1.2,0.12,0.25
local_static_map_repeatability,148,up,400,400,TRUE,4,20,3.8000000000000003,1.147,2.975,1.828,1.828,0.1,2.9000000000000004,3.0000000000000004,2.95,"[2.90, 3.00)",2.68,7,0.32,1.42,0,0,-1.1165633599929088e-14,-7.613598911995372e-16,TRUE,TRUE,NA,0.05,3,0.6,1.2,0.12,0.25
local_static_map_repeatability,149,down,400,400,TRUE,4,20,3.8000000000000003,2.975,2.144,-0.831,0.831,0.1,2.1,2.2,2.1500000000000004,"[2.10, 2.20)",7,5.02,1.42,0.94,0.007326950970650309,0,-0.05864661654134703,8.151865083383783e-17,TRUE,TRUE,NA,0.05,3,0.6,1.2,0.12,0.25
local_static_map_repeatability,150,up,400,400,TRUE,4,20,3.8000000000000003,2.144,4.894,2.75,2.75,0.1,4.800000000000001,4.9,4.8500000000000005,"[4.80, 4.90)",5,14.88,0.94,2.58,0.010052493799000478,0,0.14436090225565554,1.813466974449467e-16,TRUE,TRUE,NA,0.05,3,0.6,1.2,0.12,0.25
local_static_map_repeatability,151,down,400,400,TRUE,4,20,3.8000000000000003,4.894,2.64,-2.254,2.254,0.1,2.6,2.7,2.6500000000000004,"[2.60, 2.70)",14.9,6.78,2.58,1.24,0.009787209698592083,0,-0.13684210526317828,6.797058747332465e-17,TRUE,TRUE,NA,0.05,3,0.6,1.2,0.12,0.25
local_static_map_repeatability,152,up,400,400,TRUE,4,20,3.8000000000000003,2.64,4.746,2.1060000000000003,2.1060000000000003,0.1,4.7,4.8,4.75,"[4.70, 4.80)",6.76,14.3,1.24,2.5,0.007880689256524204,0,0.0827067669172804,4.7127970093326585e-15,TRUE,TRUE,NA,0.05,3,0.6,1.2,0.12,0.25
local_static_map_repeatability,153,down,400,400,TRUE,4,20,3.8000000000000003,4.746,3.911,-0.8350000000000004,0.8350000000000004,0.1,3.9000000000000004,4,3.95,"[3.90, 4.00)",14.32,11.5,2.5,2,0,0,1.3558377834243385e-14,-2.9000659687729526e-16,TRUE,TRUE,NA,0.05,3,0.6,1.2,0.12,0.25
local_static_map_repeatability,154,down,400,400,TRUE,4,20,3.8000000000000003,3.911,3.57,-0.3410000000000002,0.3410000000000002,0.1,3.5,3.6,3.55,"[3.50, 3.60)",11.5,10.14,2,1.8,0,0,-2.101997042263904e-15,1.0377733028388348e-15,TRUE,TRUE,NA,0.05,3,0.6,1.2,0.12,0.25
local_static_map_repeatability,155,down,400,400,TRUE,4,20,3.8000000000000003,3.57,2.654,-0.9159999999999999,0.9159999999999999,0.1,2.6,2.7,2.6500000000000004,"[2.60, 2.70)",10.14,6.92,1.8,1.24,0,0,6.054079850531818e-15,6.797058747332465e-17,TRUE,TRUE,NA,0.05,3,0.6,1.2,0.12,0.25
local_static_map_repeatability,156,up,400,400,TRUE,4,20,3.8000000000000003,2.654,4.631,1.9770000000000003,1.9770000000000003,0.1,4.6000000000000005,4.7,4.65,"[4.60, 4.70)",6.92,13.76,1.24,2.42,0.009403246919632345,0,0.12631578947368768,4.168942065791094e-15,TRUE,TRUE,NA,0.05,3,0.6,1.2,0.12,0.25
local_static_map_repeatability,157,up,400,400,TRUE,4,20,3.8000000000000003,4.631,6.647,2.016,2.016,0.1,6.6000000000000005,6.7,6.65,"[6.60, 6.70)",13.78,24.34,2.42,3.64,0.010052493799000478,0,0.14436090225564913,-3.996657491838145e-15,TRUE,TRUE,NA,0.05,3,0.6,1.2,0.12,0.25
local_static_map_repeatability,158,down,400,400,TRUE,4,20,3.8000000000000003,6.647,5.895,-0.7520000000000007,0.7520000000000007,0.1,5.800000000000001,5.9,5.8500000000000005,"[5.80, 5.90)",24.34,21.96,3.64,3.18,0,0,2.37824110770043e-14,-4.921054684705357e-15,TRUE,TRUE,NA,0.05,3,0.6,1.2,0.12,0.25
local_static_map_repeatability,159,down,400,400,TRUE,4,20,3.8000000000000003,5.895,3.254,-2.6409999999999996,2.6409999999999996,0.1,3.2,3.3000000000000003,3.25,"[3.20, 3.30)",21.96,9.5,3.18,1.6,0.010052493799000478,0,-0.14436090225563997,-1.72099425159674e-16,TRUE,TRUE,NA,0.05,3,0.6,1.2,0.12,0.25
local_static_map_repeatability,160,up,400,400,TRUE,4,20,3.8000000000000003,3.254,4.635,1.3809999999999998,1.3809999999999998,0.1,4.6000000000000005,4.7,4.65,"[4.60, 4.70)",9.5,14.46,1.6,2.42,0.006155870112510793,0,0.054135338345884035,4.168942065791094e-15,TRUE,TRUE,NA,0.05,3,0.6,1.2,0.12,0.25
local_static_map_repeatability,161,up,400,400,TRUE,4,20,3.8000000000000003,4.635,7.107,2.4720000000000004,2.4720000000000004,0.1,7.1000000000000005,7.2,7.15,"[7.10, 7.20)",14.48,26.82,2.42,3.92,0.012773327473169829,0,0.1909774436090052,6.489089745847761e-15,TRUE,TRUE,NA,0.05,3,0.6,1.2,0.12,0.25
local_static_map_repeatability,162,down,400,400,TRUE,4,20,3.8000000000000003,7.107,6.291,-0.8159999999999998,0.8159999999999998,0.1,6.2,6.3,6.25,"[6.20, 6.30)",26.84,24.38,3.92,3.42,0,0,1.914027821280823e-14,6.561591395067085e-15,TRUE,TRUE,NA,0.05,3,0.6,1.2,0.12,0.25
local_static_map_repeatability,163,up,400,400,TRUE,4,20,3.8000000000000003,6.291,7.061,0.7699999999999996,0.7699999999999996,0.1,7,7.1,7.05,"[7.00, 7.10)",24.38,27.12,3.42,3.88,0,0,-1.1382032316110751e-14,7.485988587934296e-15,TRUE,TRUE,NA,0.05,3,0.6,1.2,0.12,0.25
local_static_map_repeatability,164,down,400,400,TRUE,4,20,3.8000000000000003,7.061,6.049,-1.0119999999999996,1.0119999999999996,0.1,6,6.1,6.05,"[6.00, 6.10)",27.14,23.76,3.88,3.28,0,0,-6.451179574023635e-15,-2.637525796203232e-15,TRUE,TRUE,NA,0.05,3,0.6,1.2,0.12,0.25
local_static_map_repeatability,165,down,400,400,TRUE,4,20,3.8000000000000003,6.049,4.604,-1.4450000000000003,1.4450000000000003,0.1,4.6000000000000005,4.7,4.65,"[4.60, 4.70)",23.76,16.44,3.28,2.42,0.008207826816681058,0,-0.09624060150376644,4.168942065791094e-15,TRUE,TRUE,NA,0.05,3,0.6,1.2,0.12,0.25
local_static_map_repeatability,166,up,400,400,TRUE,4,20,3.8000000000000003,4.604,5.855,1.2510000000000003,1.2510000000000003,0.1,5.800000000000001,5.9,5.8500000000000005,"[5.80, 5.90)",16.42,21.62,2.42,3.16,0,0,1.4792012102448198e-14,3.190352619481828e-15,TRUE,TRUE,NA,0.05,3,0.6,1.2,0.12,0.25
local_static_map_repeatability,167,up,400,400,TRUE,4,20,3.8000000000000003,5.855,6.704,0.8489999999999993,0.8489999999999993,0.1,6.7,6.8,6.75,"[6.70, 6.80)",21.62,25.64,3.16,3.68,0.004472135954999484,0,0.028571428571413857,1.0232359432363152e-14,TRUE,TRUE,NA,0.05,3,0.6,1.2,0.12,0.25
local_static_map_repeatability,168,down,400,400,TRUE,4,20,3.8000000000000003,6.704,5.366,-1.338,1.338,0.1,5.300000000000001,5.4,5.3500000000000005,"[5.30, 5.40)",25.66,20.44,3.68,2.86,0.007326950970650309,0,-0.07669172932333937,-2.0211692034423423e-15,TRUE,TRUE,NA,0.05,3,0.6,1.2,0.12,0.25
local_static_map_repeatability,169,up,400,400,TRUE,4,20,3.8000000000000003,5.366,6.562,1.1960000000000006,1.1960000000000006,0.1,6.5,6.6,6.55,"[6.50, 6.60)",20.44,25.14,2.86,3.58,0.006155870112510793,0,0.05413533834584866,-2.5013092287083402e-15,TRUE,TRUE,NA,0.05,3,0.6,1.2,0.12,0.25
local_static_map_repeatability,170,down,400,400,TRUE,4,20,3.8000000000000003,6.562,3.384,-3.1780000000000004,3.1780000000000004,0.1,3.3000000000000003,3.4000000000000004,3.3500000000000005,"[3.30, 3.40)",25.14,10.7,3.58,1.68,0.010208355710681497,0,-0.14887218045112066,1.4908172013838055e-15,TRUE,TRUE,NA,0.05,3,0.6,1.2,0.12,0.25
local_static_map_repeatability,171,down,400,400,TRUE,4,20,3.8000000000000003,3.384,1.892,-1.492,1.492,0.1,1.8,1.9000000000000001,1.85,"[1.80, 1.90)",10.7,5.02,1.68,0.78,0,0,1.0146574527673218e-15,1.046812865392091e-15,TRUE,TRUE,NA,0.05,3,0.6,1.2,0.12,0.25
local_static_map_repeatability,172,up,400,400,TRUE,4,20,3.8000000000000003,1.892,2.57,0.6779999999999999,0.6779999999999999,0.1,2.5,2.6,2.55,"[2.50, 2.60)",5.02,6.38,0.78,1.18,0,0,2.0481750864084e-15,-9.743337771115092e-16,TRUE,TRUE,NA,0.05,3,0.6,1.2,0.12,0.25
local_static_map_repeatability,173,down,400,400,TRUE,4,20,3.8000000000000003,2.57,1.475,-1.0949999999999998,1.0949999999999998,0.1,1.4000000000000001,1.5000000000000002,1.4500000000000002,"[1.40, 1.50)",6.38,3.54,1.18,0.54,0,0.004472135954999583,-4.042063014336443e-15,0.028571428571429375,TRUE,TRUE,NA,0.05,3,0.6,1.2,0.12,0.25
local_static_map_repeatability,174,up,400,400,TRUE,4,20,3.8000000000000003,1.475,3.017,1.5419999999999998,1.5419999999999998,0.1,3,3.1,3.05,"[3.00, 3.10)",3.54,7.34,0.54,1.46,0,0,7.975375885485567e-15,7.7939389442856535e-16,TRUE,TRUE,NA,0.05,3,0.6,1.2,0.12,0.25
local_static_map_repeatability,175,down,400,400,TRUE,4,20,3.8000000000000003,3.017,1.37,-1.6469999999999998,1.6469999999999998,0.1,1.3,1.4000000000000001,1.35,"[1.30, 1.40)",7.34,3.16,1.46,0.46,0.012139539573337691,0,-0.17744360902255585,1.279044929045394e-15,TRUE,TRUE,NA,0.05,3,0.6,1.2,0.12,0.25
local_static_map_repeatability,176,up,400,400,TRUE,4,20,3.8000000000000003,1.37,4.529,3.159,3.159,0.1,4.5,4.6,4.55,"[4.50, 4.60)",3.16,13.32,0.46,2.36,0.009403246919632345,0,0.12631578947366978,-1.9486675542230184e-15,TRUE,TRUE,NA,0.05,3,0.6,1.2,0.12,0.25
local_static_map_repeatability,177,up,400,400,TRUE,4,20,3.8000000000000003,4.529,5.155,0.6260000000000003,0.6260000000000003,0.1,5.1000000000000005,5.2,5.15,"[5.10, 5.20)",13.32,16.74,2.36,2.74,0.008207826816681058,0,0.09624060150379223,1.2690565845280783e-15,TRUE,TRUE,NA,0.05,3,0.6,1.2,0.12,0.25
local_static_map_repeatability,178,up,400,400,TRUE,4,20,3.8000000000000003,5.155,6.139,0.984,0.984,0.1,6.1000000000000005,6.2,6.15,"[6.10, 6.20)",16.74,22.16,2.74,3.34,0.010052493799000478,0,0.14436090225565204,-1.5952214316183979e-15,TRUE,TRUE,NA,0.05,3,0.6,1.2,0.12,0.25
local_static_map_repeatability,179,down,400,400,TRUE,4,20,3.8000000000000003,6.139,3.521,-2.6180000000000003,2.6180000000000003,0.1,3.5,3.6,3.55,"[3.50, 3.60)",22.18,10.64,3.34,1.76,0.0061558701125113404,0,-0.05413533834588738,3.3034984587826906e-15,TRUE,TRUE,NA,0.05,3,0.6,1.2,0.12,0.25
local_static_map_repeatability,180,down,400,400,TRUE,4,20,3.8000000000000003,3.521,2.332,-1.189,1.189,0.1,2.3000000000000003,2.4000000000000004,2.3500000000000005,"[2.30, 2.40)",10.62,6.13,1.76,1.04,0.010259783520851322,0,-0.1503759398496215,1.2692417333213526e-16,TRUE,TRUE,NA,0.05,3,0.6,1.2,0.12,0.25
local_static_map_repeatability,181,up,400,400,TRUE,4,20,3.8000000000000003,2.332,4.883,2.551,2.551,0.1,4.800000000000001,4.9,4.8500000000000005,"[4.80, 4.90)",6.12,15.46,1.04,2.58,0.007326950970650959,0,0.07669172932333387,1.813466974449467e-16,TRUE,TRUE,NA,0.05,3,0.6,1.2,0.12,0.25
local_static_map_repeatability,182,up,400,400,TRUE,4,20,3.8000000000000003,4.883,5.752,0.8689999999999998,0.8689999999999998,0.1,5.7,5.8,5.75,"[5.70, 5.80)",15.46,20.18,2.58,3.1,0.009403246919632345,0,0.12631578947368974,-3.896043728176454e-16,TRUE,TRUE,NA,0.05,3,0.6,1.2,0.12,0.25
local_static_map_repeatability,183,down,400,400,TRUE,4,20,3.8000000000000003,5.752,3.005,-2.747,2.747,0.1,3,3.1,3.05,"[3.00, 3.10)",20.18,8.56,3.1,1.44,0.008207826816681788,0,-0.09624060150375388,1.2778433154718337e-15,TRUE,TRUE,NA,0.05,3,0.6,1.2,0.12,0.25
local_static_map_repeatability,184,up,400,400,TRUE,4,20,3.8000000000000003,3.005,4.278,1.2729999999999997,1.2729999999999997,0.1,4.2,4.3,4.25,"[4.20, 4.30)",8.54,12.86,1.44,2.22,0,0,1.906814219989212e-14,4.377660282505309e-15,TRUE,TRUE,NA,0.05,3,0.6,1.2,0.12,0.25
local_static_map_repeatability,185,down,400,400,TRUE,4,20,3.8000000000000003,4.278,3.262,-1.0159999999999996,1.0159999999999996,0.1,3.2,3.3000000000000003,3.25,"[3.20, 3.30)",12.86,9.38,2.22,1.6,0,0,1.2362834225372635e-14,-1.72099425159674e-16,TRUE,TRUE,NA,0.05,3,0.6,1.2,0.12,0.25
local_static_map_repeatability,186,up,400,400,TRUE,4,20,3.8000000000000003,3.262,5.748,2.486,2.486,0.1,5.7,5.8,5.75,"[5.70, 5.80)",9.38,20,1.6,3.1,0.00978720969859165,0,0.12481203007513815,-3.896043728176454e-16,TRUE,TRUE,NA,0.05,3,0.6,1.2,0.12,0.25
local_static_map_repeatability,187,up,400,400,TRUE,4,20,3.8000000000000003,5.748,6.379,0.6309999999999993,0.6309999999999993,0.1,6.300000000000001,6.4,6.3500000000000005,"[6.30, 6.40)",20.02,23.54,3.1,3.48,0.008885233166386196,0,0.11278195488721758,-5.084367378921277e-15,TRUE,TRUE,NA,0.05,3,0.6,1.2,0.12,0.25
local_static_map_repeatability,188,down,400,400,TRUE,4,20,3.8000000000000003,6.379,5.93,-0.44899999999999984,0.44899999999999984,0.1,5.9,6,5.95,"[5.90, 6.00)",23.56,22.36,3.48,3.2,0,0,2.2765916120154248e-14,-3.44198850319348e-16,TRUE,TRUE,NA,0.05,3,0.6,1.2,0.12,0.25
local_static_map_repeatability,189,up,400,400,TRUE,4,20,3.8000000000000003,5.93,6.511,0.5810000000000004,0.5810000000000004,0.1,6.5,6.6,6.55,"[6.50, 6.60)",22.36,24.56,3.2,3.56,0,0,3.211827255571048e-14,3.072445447764206e-15,TRUE,TRUE,NA,0.05,3,0.6,1.2,0.12,0.25
local_static_map_repeatability,190,down,400,400,TRUE,4,20,3.8000000000000003,6.511,4.701,-1.8100000000000005,1.8100000000000005,0.1,4.7,4.8,4.75,"[4.70, 4.80)",24.56,16.82,3.56,2.48,0.008885233166386196,0.009787209698591866,-0.11278195488721436,-0.04661654135338412,TRUE,TRUE,NA,0.05,3,0.6,1.2,0.12,0.25
local_static_map_repeatability,191,up,400,400,TRUE,4,20,3.8000000000000003,4.701,6.225,1.524,1.524,0.1,6.2,6.3,6.25,"[6.20, 6.30)",16.82,23.26,2.48,3.38,0.010052493799000478,0,0.14436090225560713,-5.129772901419573e-15,TRUE,TRUE,NA,0.05,3,0.6,1.2,0.12,0.25
local_static_map_repeatability,192,down,400,400,TRUE,4,20,3.8000000000000003,6.225,4.979,-1.2459999999999996,1.2459999999999996,0.1,4.9,5,4.95,"[4.90, 5.00)",23.28,18.26,3.38,2.64,0,0,-5.783561771817956e-16,1.2236510620297808e-15,TRUE,TRUE,NA,0.05,3,0.6,1.2,0.12,0.25
local_static_map_repeatability,193,down,400,400,TRUE,4,20,3.8000000000000003,4.979,4.508,-0.4710000000000001,0.4710000000000001,0.1,4.5,4.6,4.55,"[4.50, 4.60)",18.26,15.92,2.64,2.36,0,0,1.9974965930871827e-14,-1.9486675542230184e-15,TRUE,TRUE,NA,0.05,3,0.6,1.2,0.12,0.25
local_static_map_repeatability,194,down,400,400,TRUE,4,20,3.8000000000000003,4.508,3.35,-1.158,1.158,0.1,3.3000000000000003,3.4000000000000004,3.3500000000000005,"[3.30, 3.40)",15.92,10.36,2.36,1.66,0.008885233166386196,0,-0.11278195488721837,7.204403085697546e-16,TRUE,TRUE,NA,0.05,3,0.6,1.2,0.12,0.25
local_static_map_repeatability,195,up,400,400,TRUE,4,20,3.8000000000000003,3.35,4.87,1.52,1.52,0.1,4.800000000000001,4.9,4.8500000000000005,"[4.80, 4.90)",10.34,16.2,1.66,2.56,0,0,-1.2978910764301945e-14,-1.857856509226424e-15,TRUE,TRUE,NA,0.05,3,0.6,1.2,0.12,0.25
local_static_map_repeatability,196,down,400,400,TRUE,4,20,3.8000000000000003,4.87,2.487,-2.383,2.383,0.1,2.4000000000000004,2.5000000000000004,2.45,"[2.40, 2.50)",16.2,7,2.56,1.14,0.010208355710680591,0,-0.13082706766917698,-1.2462612488822926e-15,TRUE,TRUE,NA,0.05,3,0.6,1.2,0.12,0.25
local_static_map_repeatability,197,up,400,400,TRUE,4,20,3.8000000000000003,2.487,3.306,0.819,0.819,0.1,3.3000000000000003,3.4000000000000004,3.3500000000000005,"[3.30, 3.40)",6.98,9.06,1.14,1.62,0,0,3.680394034781645e-17,5.982774676543772e-16,TRUE,TRUE,NA,0.05,3,0.6,1.2,0.12,0.25
local_static_map_repeatability,198,up,400,400,TRUE,4,20,3.8000000000000003,3.306,5.232,1.9260000000000002,1.9260000000000002,0.1,5.2,5.3,5.25,"[5.20, 5.30)",9.06,17.56,1.62,2.78,0.007326950970650309,0,0.07669172932333386,5.0479337361600074e-15,TRUE,TRUE,NA,0.05,3,0.6,1.2,0.12,0.25
local_static_map_repeatability,199,down,400,400,TRUE,4,20,3.8000000000000003,5.232,4.821,-0.4110000000000005,0.4110000000000005,0.1,4.800000000000001,4.9,4.8500000000000005,"[4.80, 4.90)",17.56,16.38,2.78,2.54,0,0,-2.0302137443116805e-14,-1.3594070881831554e-15,TRUE,TRUE,NA,0.05,3,0.6,1.2,0.12,0.25
local_static_map_repeatability,200,down,400,400,TRUE,4,20,3.8000000000000003,4.821,1.221,-3.5999999999999996,3.5999999999999996,0.1,1.2000000000000002,1.3000000000000003,1.2500000000000002,"[1.20, 1.30)",16.38,3.24,2.54,0.4,0.01788854381999814,0.009403246919632553,-0.28571428571428076,-0.12631578947368438,TRUE,TRUE,NA,0.05,3,0.6,1.2,0.12,0.25
local_static_map_repeatability,201,up,400,400,TRUE,4,20,3.8000000000000003,1.221,2.054,0.8329999999999997,0.8329999999999997,0.1,2,2.1,2.05,"[2.00, 2.10)",3.22,4.66,0.38,0.88,0,0,-4.64011021132006e-15,1.6517492293913453e-15,TRUE,TRUE,NA,0.05,3,0.6,1.2,0.12,0.25
local_static_map_repeatability,202,up,400,400,TRUE,4,20,3.8000000000000003,2.054,3.953,1.899,1.899,0.1,3.9000000000000004,4,3.95,"[3.90, 4.00)",4.66,11,0.88,2.02,0.007326950970650309,0,0.07669172932331945,-3.326108645635202e-15,TRUE,TRUE,NA,0.05,3,0.6,1.2,0.12,0.25
local_static_map_repeatability,203,down,400,400,TRUE,4,20,3.8000000000000003,3.953,2.642,-1.311,1.311,0.1,2.6,2.7,2.6500000000000004,"[2.60, 2.70)",11,6.92,2.02,1.24,0,0,6.054079850531818e-15,6.797058747332465e-17,TRUE,TRUE,NA,0.05,3,0.6,1.2,0.12,0.25
local_static_map_repeatability,204,down,400,400,TRUE,4,20,3.8000000000000003,2.642,2.056,-0.5859999999999999,0.5859999999999999,0.1,2,2.1,2.05,"[2.00, 2.10)",6.92,5.1,1.24,0.88,0,0,9.171470279452803e-15,1.6517492293913453e-15,TRUE,TRUE,NA,0.05,3,0.6,1.2,0.12,0.25
local_static_map_repeatability,205,up,400,400,TRUE,4,20,3.8000000000000003,2.056,3.409,1.3529999999999998,1.3529999999999998,0.1,3.4000000000000004,3.5000000000000004,3.45,"[3.40, 3.50)",5.1,8.72,0.88,1.68,0,0,-8.953595034208283e-15,1.4908172013838055e-15,TRUE,TRUE,NA,0.05,3,0.6,1.2,0.12,0.25
local_static_map_repeatability,206,down,400,400,TRUE,4,20,3.8000000000000003,3.409,3.011,-0.3979999999999997,0.3979999999999997,0.1,3,3.1,3.05,"[3.00, 3.10)",8.72,7.84,1.68,1.46,0,0,1.2978179491695522e-14,7.7939389442856535e-16,TRUE,TRUE,NA,0.05,3,0.6,1.2,0.12,0.25
local_static_map_repeatability,207,up,400,400,TRUE,4,20,3.8000000000000003,3.011,6.479,3.468,3.468,0.1,6.4,6.5,6.45,"[6.40, 6.50)",7.84,23.59,1.46,3.54,0.012096106376587432,0,0.17894736842111222,-4.042063014336443e-15,TRUE,TRUE,NA,0.05,3,0.6,1.2,0.12,0.25
local_static_map_repeatability,208,down,400,400,TRUE,4,20,3.8000000000000003,6.479,3.911,-2.568,2.568,0.1,3.9000000000000004,4,3.95,"[3.90, 4.00)",23.62,12.22,3.54,2,0.0061558701125113404,0,-0.05413533834587437,-2.9000659687729526e-16,TRUE,TRUE,NA,0.05,3,0.6,1.2,0.12,0.25
local_static_map_repeatability,209,up,400,400,TRUE,4,20,3.8000000000000003,3.911,5.043,1.1320000000000001,1.1320000000000001,0.1,5,5.1,5.05,"[5.00, 5.10)",12.2,16.7,2,2.68,0.008885233166386196,0,0.11278195488722137,-4.8485530354860335e-15,TRUE,TRUE,NA,0.05,3,0.6,1.2,0.12,0.25
local_static_map_repeatability,210,down,400,400,TRUE,4,20,3.8000000000000003,5.043,2.68,-2.363,2.363,0.1,2.6,2.7,2.6500000000000004,"[2.60, 2.70)",16.7,7.4,2.68,1.26,0,0,-1.0984011509935898e-14,2.107173794144695e-15,TRUE,TRUE,NA,0.05,3,0.6,1.2,0.12,0.25
local_static_map_repeatability,211,up,400,400,TRUE,4,20,3.8000000000000003,2.68,5.458,2.778,2.778,0.1,5.4,5.5,5.45,"[5.40, 5.50)",7.4,18.54,1.26,2.92,0.008885233166386196,0,0.11278195488724535,1.5587877888571307e-15,TRUE,TRUE,NA,0.05,3,0.6,1.2,0.12,0.25
local_static_map_repeatability,212,down,400,400,TRUE,4,20,3.8000000000000003,5.458,3.392,-2.0660000000000003,2.0660000000000003,0.1,3.3000000000000003,3.4000000000000004,3.3500000000000005,"[3.30, 3.40)",18.54,10.06,2.92,1.68,0.007326950970650959,0,-0.07669172932331102,1.4908172013838055e-15,TRUE,TRUE,NA,0.05,3,0.6,1.2,0.12,0.25
local_static_map_repeatability,213,up,400,400,TRUE,4,20,3.8000000000000003,3.392,6.083,2.6910000000000003,2.6910000000000003,0.1,6,6.1,6.05,"[6.00, 6.10)",10.04,21.88,1.68,3.3,0.00978720969859165,0,0.13684210526315205,1.9393300381827775e-15,TRUE,TRUE,NA,0.05,3,0.6,1.2,0.12,0.25
local_static_map_repeatability,214,down,400,400,TRUE,4,20,3.8000000000000003,6.083,4.611,-1.4720000000000004,1.4720000000000004,0.1,4.6000000000000005,4.7,4.65,"[4.60, 4.70)",21.88,15.78,3.3,2.42,0.006155870112510793,0,-0.054135338345894374,4.168942065791094e-15,TRUE,TRUE,NA,0.05,3,0.6,1.2,0.12,0.25
local_static_map_repeatability,215,down,400,400,TRUE,4,20,3.8000000000000003,4.611,3.249,-1.3619999999999997,1.3619999999999997,0.1,3.2,3.3000000000000003,3.25,"[3.20, 3.30)",15.76,9.66,2.42,1.6,0.010052493799000478,0,-0.14436090225563916,-1.72099425159674e-16,TRUE,TRUE,NA,0.05,3,0.6,1.2,0.12,0.25
local_static_map_repeatability,216,down,400,400,TRUE,4,20,3.8000000000000003,3.249,2.191,-1.0580000000000003,1.0580000000000003,0.1,2.1,2.2,2.1500000000000004,"[2.10, 2.20)",9.64,5.82,1.6,0.96,0,0,1.3779016327537009e-15,-4.1693077020943045e-16,TRUE,TRUE,NA,0.05,3,0.6,1.2,0.12,0.25
local_static_map_repeatability,217,up,400,400,TRUE,4,20,3.8000000000000003,2.191,3.666,1.475,1.475,0.1,3.6,3.7,3.6500000000000004,"[3.60, 3.70)",5.82,10.08,0.96,1.84,0,0,1.685739035315756e-14,5.116179716181576e-15,TRUE,TRUE,NA,0.05,3,0.6,1.2,0.12,0.25
local_static_map_repeatability,218,up,400,400,TRUE,4,20,3.8000000000000003,3.666,4.37,0.7040000000000002,0.7040000000000002,0.1,4.3,4.3999999999999995,4.35,"[4.30, 4.40)",10.08,13.08,1.84,2.26,0,0,6.2717699469830635e-15,5.435795509933227e-16,TRUE,TRUE,NA,0.05,3,0.6,1.2,0.12,0.25
local_static_map_repeatability,219,up,400,400,TRUE,4,20,3.8000000000000003,4.37,6.832,2.4619999999999997,2.4619999999999997,0.1,6.800000000000001,6.9,6.8500000000000005,"[6.80, 6.90)",13.08,25.6,2.26,3.74,0.010462967275613145,0,0.14135338345866116,-1.4135993416252085e-15,TRUE,TRUE,NA,0.05,3,0.6,1.2,0.12,0.25
local_static_map_repeatability,220,down,400,400,TRUE,4,20,3.8000000000000003,6.832,4.033,-2.7989999999999995,2.7989999999999995,0.1,4,4.1,4.05,"[4.00, 4.10)",25.62,13.12,3.74,2.06,0.008207826816681058,0,-0.09624060150373892,7.522977677075389e-16,TRUE,TRUE,NA,0.05,3,0.6,1.2,0.12,0.25
local_static_map_repeatability,221,up,400,400,TRUE,4,20,3.8000000000000003,4.033,5.537,1.5039999999999996,1.5039999999999996,0.1,5.5,5.6,5.55,"[5.50, 5.60)",13.1,19.44,2.06,2.96,0.004472135954999484,0,0.028571428571425403,-1.975763680944045e-15,TRUE,TRUE,NA,0.05,3,0.6,1.2,0.12,0.25
local_static_map_repeatability,222,down,400,400,TRUE,4,20,3.8000000000000003,5.537,4.609,-0.9279999999999999,0.9279999999999999,0.1,4.6000000000000005,4.7,4.65,"[4.60, 4.70)",19.46,15.86,2.96,2.42,0,0,1.863313230457618e-14,4.168942065791094e-15,TRUE,TRUE,NA,0.05,3,0.6,1.2,0.12,0.25
local_static_map_repeatability,223,down,400,400,TRUE,4,20,3.8000000000000003,4.609,3.002,-1.6070000000000002,1.6070000000000002,0.1,3,3.1,3.05,"[3.00, 3.10)",15.86,8.8,2.42,1.46,0.010208355710680976,0,-0.13082706766917152,7.7939389442856535e-16,TRUE,TRUE,NA,0.05,3,0.6,1.2,0.12,0.25
local_static_map_repeatability,224,up,400,400,TRUE,4,20,3.8000000000000003,3.002,4.167,1.165,1.165,0.1,4.1000000000000005,4.2,4.15,"[4.10, 4.20)",8.78,12.6,1.46,2.14,0,0,-2.0666649696956084e-15,3.8338053389637436e-15,TRUE,TRUE,NA,0.05,3,0.6,1.2,0.12,0.25
local_static_map_repeatability,225,down,400,400,TRUE,4,20,3.8000000000000003,4.167,2.027,-2.1399999999999997,2.1399999999999997,0.1,2,2.1,2.05,"[2.00, 2.10)",12.6,5.36,2.14,0.86,0,0,-9.697106070972067e-15,-3.874539772800252e-16,TRUE,TRUE,NA,0.05,3,0.6,1.2,0.12,0.25
local_static_map_repeatability,226,up,400,400,TRUE,4,20,3.8000000000000003,2.027,2.766,0.7389999999999999,0.7389999999999999,0.1,2.7,2.8000000000000003,2.75,"[2.70, 2.80)",5.36,6.96,0.86,1.3,0,0,-1.0168734757842554e-14,2.3791012659154783e-15,TRUE,TRUE,NA,0.05,3,0.6,1.2,0.12,0.25
local_static_map_repeatability,227,up,400,400,TRUE,4,20,3.8000000000000003,2.766,3.729,0.9630000000000001,0.9630000000000001,0.1,3.7,3.8000000000000003,3.75,"[3.70, 3.80)",6.96,10.22,1.3,1.88,0,0,-4.095794726436977e-15,1.6303730166767567e-16,TRUE,TRUE,NA,0.05,3,0.6,1.2,0.12,0.25
local_static_map_repeatability,228,down,400,400,TRUE,4,20,3.8000000000000003,3.729,1.839,-1.8900000000000001,1.8900000000000001,0.1,1.8,1.9000000000000001,1.85,"[1.80, 1.90)",10.22,4.64,1.88,0.76,0.006155870112510793,0,0.012030075187977239,-3.5797718435061987e-16,TRUE,TRUE,NA,0.05,3,0.6,1.2,0.12,0.25
local_static_map_repeatability,229,up,400,400,TRUE,4,20,3.8000000000000003,1.839,3.687,1.8479999999999999,1.8479999999999999,0.1,3.6,3.7,3.6500000000000004,"[3.60, 3.70)",4.64,9.88,0.76,1.86,0,0,7.215027320724033e-15,2.080077667423669e-15,TRUE,TRUE,NA,0.05,3,0.6,1.2,0.12,0.25
local_static_map_repeatability,230,up,400,400,TRUE,4,20,3.8000000000000003,3.687,4.864,1.177,1.177,0.1,4.800000000000001,4.9,4.8500000000000005,"[4.80, 4.90)",9.88,15.2,1.86,2.56,0.0061558701125113404,0,0.05413533834585715,-1.857856509226424e-15,TRUE,TRUE,NA,0.05,3,0.6,1.2,0.12,0.25
local_static_map_repeatability,231,down,400,400,TRUE,4,20,3.8000000000000003,4.864,3.535,-1.3289999999999997,1.3289999999999997,0.1,3.5,3.6,3.55,"[3.50, 3.60)",15.22,10.34,2.56,1.78,0,0,-2.610244520688931e-15,1.536222723882103e-15,TRUE,TRUE,NA,0.05,3,0.6,1.2,0.12,0.25
local_static_map_repeatability,232,down,400,400,TRUE,4,20,3.8000000000000003,3.535,1.488,-2.047,2.047,0.1,1.4000000000000001,1.5000000000000002,1.4500000000000002,"[1.40, 1.50)",10.34,3.66,1.78,0.52,0.009787209698591866,0.009403246919632553,-0.1368421052631539,0.12631578947368471,TRUE,TRUE,NA,0.05,3,0.6,1.2,0.12,0.25
local_static_map_repeatability,233,up,400,400,TRUE,4,20,3.8000000000000003,1.488,3.586,2.098,2.098,0.1,3.5,3.6,3.55,"[3.50, 3.60)",3.66,9.42,0.54,1.8,0,0,-4.459038906423357e-15,1.0377733028388348e-15,TRUE,TRUE,NA,0.05,3,0.6,1.2,0.12,0.25
local_static_map_repeatability,234,up,400,400,TRUE,4,20,3.8000000000000003,3.586,4.577,0.9910000000000001,0.9910000000000001,0.1,4.5,4.6,4.55,"[4.50, 4.60)",9.42,13.74,1.8,2.4,0.007326950970650309,0,0.07669172932328772,-4.0791376859491647e-16,TRUE,TRUE,NA,0.05,3,0.6,1.2,0.12,0.25
local_static_map_repeatability,235,up,400,400,TRUE,4,20,3.8000000000000003,4.577,6.065,1.4880000000000004,1.4880000000000004,0.1,6,6.1,6.05,"[6.00, 6.10)",13.74,21.58,2.4,3.28,0.014327007988228838,0,0.22105263157900196,-2.637525796203232e-15,TRUE,TRUE,NA,0.05,3,0.6,1.2,0.12,0.25
local_static_map_repeatability,236,down,400,400,TRUE,4,20,3.8000000000000003,6.065,3.758,-2.3070000000000004,2.3070000000000004,0.1,3.7,3.8000000000000003,3.75,"[3.70, 3.80)",21.6,11.6,3.28,1.9,0.004472135954999484,0,-0.028571428571415057,-3.354121193755926e-16,TRUE,TRUE,NA,0.05,3,0.6,1.2,0.12,0.25
local_static_map_repeatability,237,up,400,400,TRUE,4,20,3.8000000000000003,3.758,4.521,0.7629999999999999,0.7629999999999999,0.1,4.5,4.6,4.55,"[4.50, 4.60)",11.58,14.18,1.9,2.36,0,0,7.973376539026247e-16,-1.9486675542230184e-15,TRUE,TRUE,NA,0.05,3,0.6,1.2,0.12,0.25
local_static_map_repeatability,238,down,400,400,TRUE,4,20,3.8000000000000003,4.521,1.094,-3.4269999999999996,3.4269999999999996,0.1,1,1.1,1.05,"[1.00, 1.10)",14.18,2.86,2.36,0.32,0.01701392618446803,0,-0.2691729323308292,-2.32232063653303e-16,TRUE,TRUE,NA,0.05,3,0.6,1.2,0.12,0.25
local_static_map_repeatability,239,up,400,400,TRUE,4,20,3.8000000000000003,1.094,2.668,1.574,1.574,0.1,2.6,2.7,2.6500000000000004,"[2.60, 2.70)",2.84,6.26,0.32,1.24,0,0,-3.6433642761267637e-17,6.797058747332465e-17,TRUE,TRUE,NA,0.05,3,0.6,1.2,0.12,0.25
local_static_map_repeatability,240,down,400,400,TRUE,4,20,3.8000000000000003,2.668,1.722,-0.9460000000000002,0.9460000000000002,0.1,1.7000000000000002,1.8000000000000003,1.7500000000000002,"[1.70, 1.80)",6.26,4.04,1.24,0.68,0,0,-6.652217291270404e-15,4.418765013928366e-16,TRUE,TRUE,NA,0.05,3,0.6,1.2,0.12,0.25
local_static_map_repeatability,241,up,400,400,TRUE,4,20,3.8000000000000003,1.722,3.866,2.144,2.144,0.1,3.8000000000000003,3.9000000000000004,3.8500000000000005,"[3.80, 3.90)",4.04,10.36,0.68,1.96,0,0,4.2047346797009065e-15,3.2445448729238806e-15,TRUE,TRUE,NA,0.05,3,0.6,1.2,0.12,0.25
local_static_map_repeatability,242,up,400,400,TRUE,4,20,3.8000000000000003,3.866,7.121,3.2550000000000003,3.2550000000000003,0.1,7.1000000000000005,7.2,7.15,"[7.10, 7.20)",10.38,26.72,1.96,3.92,0.013917047478768891,0,0.21353383458650135,6.489089745847761e-15,TRUE,TRUE,NA,0.05,3,0.6,1.2,0.12,0.25
local_static_map_repeatability,243,down,400,400,TRUE,4,20,3.8000000000000003,7.121,5.146,-1.9750000000000005,1.9750000000000005,0.1,5.1000000000000005,5.2,5.15,"[5.10, 5.20)",26.74,18.6,3.92,2.74,0,0,-1.1889178224342805e-14,1.2690565845280783e-15,TRUE,TRUE,NA,0.05,3,0.6,1.2,0.12,0.25
local_static_map_repeatability,244,up,400,400,TRUE,4,20,3.8000000000000003,5.146,5.738,0.5920000000000005,0.5920000000000005,0.1,5.7,5.8,5.75,"[5.70, 5.80)",18.6,20.84,2.74,3.1,0,0.008885233166386394,-2.9509305431441115e-14,0.04360902255639568,TRUE,TRUE,NA,0.05,3,0.6,1.2,0.12,0.25
local_static_map_repeatability,245,down,400,400,TRUE,4,20,3.8000000000000003,5.738,3.24,-2.498,2.498,0.1,3.2,3.3000000000000003,3.25,"[3.20, 3.30)",20.84,9.64,3.1,1.6,0.008207826816681058,0,-0.09624060150375309,-1.72099425159674e-16,TRUE,TRUE,NA,0.05,3,0.6,1.2,0.12,0.25
local_static_map_repeatability,246,up,400,400,TRUE,4,20,3.8000000000000003,3.24,4.02,0.7799999999999994,0.7799999999999994,0.1,4,4.1,4.05,"[4.00, 4.10)",9.64,12,1.6,2.06,0,0,8.410570929594785e-15,7.522977677075389e-16,TRUE,TRUE,NA,0.05,3,0.6,1.2,0.12,0.25
local_static_map_repeatability,247,down,400,400,TRUE,4,20,3.8000000000000003,4.02,2.722,-1.2979999999999996,1.2979999999999996,0.1,2.7,2.8000000000000003,2.75,"[2.70, 2.80)",12,7.54,2.06,1.28,0.010052493799000478,0,-0.14135338345863815,-9.28928254613212e-16,TRUE,TRUE,NA,0.05,3,0.6,1.2,0.12,0.25
local_static_map_repeatability,248,up,400,400,TRUE,4,20,3.8000000000000003,2.722,3.869,1.1470000000000002,1.1470000000000002,0.1,3.8000000000000003,3.9000000000000004,3.8500000000000005,"[3.80, 3.90)",7.54,11.02,1.28,1.96,0,0,-4.930667593293843e-15,3.2445448729238806e-15,TRUE,TRUE,NA,0.05,3,0.6,1.2,0.12,0.25
local_static_map_repeatability,249,up,400,400,TRUE,4,20,3.8000000000000003,3.869,5.813,1.9439999999999995,1.9439999999999995,0.1,5.800000000000001,5.9,5.8500000000000005,"[5.80, 5.90)",11.02,20.4,1.96,3.14,0.009403246919634015,0,0.12631578947369762,1.151149412810457e-15,TRUE,TRUE,NA,0.05,3,0.6,1.2,0.12,0.25
local_static_map_repeatability,250,down,400,400,TRUE,4,20,3.8000000000000003,5.813,4.76,-1.053,1.053,0.1,4.7,4.8,4.75,"[4.70, 4.80)",20.42,16.38,3.14,2.5,0.008207826816681058,0,-0.06015037593987006,4.7127970093326585e-15,TRUE,TRUE,NA,0.05,3,0.6,1.2,0.12,0.25
local_static_map_repeatability,251,up,400,400,TRUE,4,20,3.8000000000000003,4.76,5.305,0.5449999999999999,0.5449999999999999,0.1,5.300000000000001,5.4,5.3500000000000005,"[5.30, 5.40)",16.36,18.36,2.5,2.82,0,0,2.3345929313908836e-14,1.513382266358833e-15,TRUE,TRUE,NA,0.05,3,0.6,1.2,0.12,0.25
local_static_map_repeatability,252,down,400,400,TRUE,4,20,3.8000000000000003,5.305,4.299,-1.0059999999999993,1.0059999999999993,0.1,4.2,4.3,4.25,"[4.20, 4.30)",18.36,14.34,2.82,2.22,0.006155870112510793,0,-0.05413533834588774,4.377660282505309e-15,TRUE,TRUE,NA,0.05,3,0.6,1.2,0.12,0.25
local_static_map_repeatability,253,up,400,400,TRUE,4,20,3.8000000000000003,4.299,6.02,1.7209999999999992,1.7209999999999992,0.1,6,6.1,6.05,"[6.00, 6.10)",14.32,21.82,2.22,3.26,0.008885233166386196,0,0.11278195488723348,2.9362288802693145e-15,TRUE,TRUE,NA,0.05,3,0.6,1.2,0.12,0.25
local_static_map_repeatability,254,down,400,400,TRUE,4,20,3.8000000000000003,6.02,5.32,-0.6999999999999993,0.6999999999999993,0.1,5.300000000000001,5.4,5.3500000000000005,"[5.30, 5.40)",21.82,19.44,3.26,2.84,0,0,-1.8197196665293863e-14,-1.5227197823990744e-15,TRUE,TRUE,NA,0.05,3,0.6,1.2,0.12,0.25
local_static_map_repeatability,255,down,400,400,TRUE,4,20,3.8000000000000003,5.32,1.853,-3.4670000000000005,3.4670000000000005,0.1,1.8,1.9000000000000001,1.85,"[1.80, 1.90)",19.44,4.98,2.84,0.74,0.008207826816681058,0.010052493799000702,-0.09624060150375863,0.14436090225563933,TRUE,TRUE,NA,0.05,3,0.6,1.2,0.12,0.25
local_static_map_repeatability,256,up,400,400,TRUE,4,20,3.8000000000000003,1.853,2.93,1.0770000000000002,1.0770000000000002,0.1,2.9000000000000004,3.0000000000000004,2.95,"[2.90, 3.00)",4.98,7.56,0.76,1.4,0,0,1.9956471386301275e-14,2.2747421575583698e-15,TRUE,TRUE,NA,0.05,3,0.6,1.2,0.12,0.25
local_static_map_repeatability,257,up,400,400,TRUE,4,20,3.8000000000000003,2.93,3.378,0.44799999999999995,0.44799999999999995,0.1,3.3000000000000003,3.4000000000000004,3.3500000000000005,"[3.30, 3.40)",7.56,9.02,1.4,1.68,0,0.00615587011251093,-4.640660996416547e-15,-0.030075187969924293,TRUE,TRUE,NA,0.05,3,0.6,1.2,0.12,0.25
local_static_map_repeatability,258,down,400,400,TRUE,4,20,3.8000000000000003,3.378,2.955,-0.42300000000000004,0.42300000000000004,0.1,2.9000000000000004,3.0000000000000004,2.95,"[2.90, 3.00)",9.02,7.98,1.68,1.42,0,0,-7.975005587899018e-15,-7.613598911995372e-16,TRUE,TRUE,NA,0.05,3,0.6,1.2,0.12,0.25
local_static_map_repeatability,259,up,400,400,TRUE,4,20,3.8000000000000003,2.955,3.836,0.8809999999999998,0.8809999999999998,0.1,3.8000000000000003,3.9000000000000004,3.8500000000000005,"[3.80, 3.90)",7.98,10.68,1.42,1.94,0.006155870112510793,0,0.05413533834587063,3.742994293967148e-15,TRUE,TRUE,NA,0.05,3,0.6,1.2,0.12,0.25
local_static_map_repeatability,260,down,400,400,TRUE,4,20,3.8000000000000003,3.836,2.859,-0.9769999999999999,0.9769999999999999,0.1,2.8000000000000003,2.9000000000000004,2.8500000000000005,"[2.80, 2.90)",10.7,7.74,1.94,1.36,0,0,8.156997975478757e-15,8.837530027856732e-16,TRUE,TRUE,NA,0.05,3,0.6,1.2,0.12,0.25
local_static_map_repeatability,261,up,400,400,TRUE,4,20,3.8000000000000003,2.859,4.677,1.8179999999999996,1.8179999999999996,0.1,4.6000000000000005,4.7,4.65,"[4.60, 4.70)",7.74,14.38,1.36,2.46,0.004472135954999484,0,0.02556390977442214,-1.903262031724721e-15,TRUE,TRUE,NA,0.05,3,0.6,1.2,0.12,0.25
local_static_map_repeatability,262,down,400,400,TRUE,4,20,3.8000000000000003,4.677,3.083,-1.5939999999999994,1.5939999999999994,0.1,3,3.1,3.05,"[3.00, 3.10)",14.4,8.68,2.46,1.5,0.00978720969859165,0,-0.13684210526314583,1.051321366199348e-15,TRUE,TRUE,NA,0.05,3,0.6,1.2,0.12,0.25
local_static_map_repeatability,263,up,400,400,TRUE,4,20,3.8000000000000003,3.083,6.464,3.3810000000000002,3.3810000000000002,0.1,6.4,6.5,6.45,"[6.40, 6.50)",8.66,23.68,1.5,3.52,0.014653901941300618,0,0.22556390977441793,6.606996917565381e-15,TRUE,TRUE,NA,0.05,3,0.6,1.2,0.12,0.25
local_static_map_repeatability,264,down,400,400,TRUE,4,20,3.8000000000000003,6.464,4.909,-1.5550000000000006,1.5550000000000006,0.1,4.9,5,4.95,"[4.90, 5.00)",23.7,17.3,3.52,2.6,0.007326950970650309,0.009403246919632553,-0.06466165413534013,0.10827067669173364,TRUE,TRUE,NA,0.05,3,0.6,1.2,0.12,0.25
local_static_map_repeatability,265,down,400,400,TRUE,4,20,3.8000000000000003,4.909,2.443,-2.4659999999999997,2.4659999999999997,0.1,2.4000000000000004,2.5000000000000004,2.45,"[2.40, 2.50)",17.28,6.75,2.6,1.1,0.010259783520851322,0,-0.15037593984960426,-1.3684240897976695e-15,TRUE,TRUE,NA,0.05,3,0.6,1.2,0.12,0.25
local_static_map_repeatability,266,up,400,400,TRUE,4,20,3.8000000000000003,2.443,3.279,0.8359999999999999,0.8359999999999999,0.1,3.2,3.3000000000000003,3.25,"[3.20, 3.30)",6.74,8.84,1.1,1.6,0.007326950970650309,0.010208355710680819,0.0015037593984927441,-0.1157894736842101,TRUE,TRUE,NA,0.05,3,0.6,1.2,0.12,0.25
local_static_map_repeatability,267,up,400,400,TRUE,4,20,3.8000000000000003,3.279,6.119,2.84,2.84,0.1,6.1000000000000005,6.2,6.15,"[6.10, 6.20)",8.82,22.009999999999998,1.6,3.32,0.010259783520851322,0,0.15037593984965175,1.4408806171395092e-15,TRUE,TRUE,NA,0.05,3,0.6,1.2,0.12,0.25
local_static_map_repeatability,268,up,400,400,TRUE,4,20,3.8000000000000003,6.119,6.684,0.5650000000000004,0.5650000000000004,0.1,6.6000000000000005,6.7,6.65,"[6.60, 6.70)",22.02,25.18,3.32,3.66,0.008885233166386196,0,0.11278195488719131,5.655503597977142e-15,TRUE,TRUE,NA,0.05,3,0.6,1.2,0.12,0.25
local_static_map_repeatability,269,down,400,400,TRUE,4,20,3.8000000000000003,6.684,5.961,-0.7229999999999999,0.7229999999999999,0.1,5.9,6,5.95,"[5.90, 6.00)",25.2,22.92,3.66,3.22,0,0,-1.431611330725782e-16,4.232656984066661e-15,TRUE,TRUE,NA,0.05,3,0.6,1.2,0.12,0.25
local_static_map_repeatability,270,down,400,400,TRUE,4,20,3.8000000000000003,5.961,4.917,-1.0440000000000005,1.0440000000000005,0.1,4.9,5,4.95,"[4.90, 5.00)",22.92,17.92,3.22,2.6,0.010208355710680591,0,-0.148872180451106,4.758202531830957e-15,TRUE,TRUE,NA,0.05,3,0.6,1.2,0.12,0.25
local_static_map_repeatability,271,down,400,400,TRUE,4,20,3.8000000000000003,4.917,3.482,-1.4349999999999996,1.4349999999999996,0.1,3.4000000000000004,3.5000000000000004,3.45,"[3.40, 3.50)",17.92,10.9,2.6,1.72,0.007326950970650309,0.004472135954999583,-0.07669172932330909,0.013533834586464575,TRUE,TRUE,NA,0.05,3,0.6,1.2,0.12,0.25
local_static_map_repeatability,272,up,400,400,TRUE,4,20,3.8000000000000003,3.482,5.276,1.7939999999999996,1.7939999999999996,0.1,5.2,5.3,5.25,"[5.20, 5.30)",10.88,18.24,1.72,2.8,0,0,-1.994017998211668e-14,4.5494843151167395e-15,TRUE,TRUE,NA,0.05,3,0.6,1.2,0.12,0.25
local_static_map_repeatability,273,down,400,400,TRUE,4,20,3.8000000000000003,5.276,4.214,-1.0619999999999994,1.0619999999999994,0.1,4.2,4.3,4.25,"[4.20, 4.30)",18.24,14.06,2.8,2.18,0,0,9.462397959013134e-15,-2.2383987585520707e-15,TRUE,TRUE,NA,0.05,3,0.6,1.2,0.12,0.25
local_static_map_repeatability,274,up,400,400,TRUE,4,20,3.8000000000000003,4.214,4.68,0.4659999999999993,0.4659999999999993,0.1,4.6000000000000005,4.7,4.65,"[4.60, 4.70)",14.06,15.54,2.18,2.46,0,0,-1.3994119002165752e-14,-1.903262031724721e-15,TRUE,TRUE,NA,0.05,3,0.6,1.2,0.12,0.25
local_static_map_repeatability,275,down,400,400,TRUE,4,20,3.8000000000000003,4.68,3.708,-0.9719999999999995,0.9719999999999995,0.1,3.7,3.8000000000000003,3.75,"[3.70, 3.80)",15.54,11.8,2.46,1.88,0,0,8.91881840801981e-15,1.6303730166767567e-16,TRUE,TRUE,NA,0.05,3,0.6,1.2,0.12,0.25
local_static_map_repeatability,276,up,400,400,TRUE,4,20,3.8000000000000003,3.708,5.964,2.2560000000000002,2.2560000000000002,0.1,5.9,6,5.95,"[5.90, 6.00)",11.8,21.6,1.88,3.22,0.007326950970651611,0,0.0766917293233357,4.232656984066661e-15,TRUE,TRUE,NA,0.05,3,0.6,1.2,0.12,0.25
local_static_map_repeatability,277,up,400,400,TRUE,4,20,3.8000000000000003,5.964,7.177,1.2129999999999992,1.2129999999999992,0.1,7.1000000000000005,7.2,7.15,"[7.10, 7.20)",21.62,27.62,3.22,3.96,0.00978720969859165,0,0.13684210526311089,4.168856483319462e-16,TRUE,TRUE,NA,0.05,3,0.6,1.2,0.12,0.25
local_static_map_repeatability,278,down,400,400,TRUE,4,20,3.8000000000000003,7.177,6.741,-0.43599999999999994,0.43599999999999994,0.1,6.7,6.8,6.75,"[6.70, 6.80)",27.62,26.68,3.96,3.7,0,0,-4.6692950875443975e-14,-5.492005754967949e-15,TRUE,TRUE,NA,0.05,3,0.6,1.2,0.12,0.25
local_static_map_repeatability,279,down,400,400,TRUE,4,20,3.8000000000000003,6.741,3.082,-3.659,3.659,0.1,3,3.1,3.05,"[3.00, 3.10)",26.68,9.58,3.7,1.5,0.012773327473169829,0,-0.19097744360901392,1.051321366199348e-15,TRUE,TRUE,NA,0.05,3,0.6,1.2,0.12,0.25
local_static_map_repeatability,280,up,400,400,TRUE,4,20,3.8000000000000003,3.082,3.964,0.8820000000000001,0.8820000000000001,0.1,3.9000000000000004,4,3.95,"[3.90, 4.00)",9.56,12.24,1.5,2.02,0,0,2.4291778770755646e-15,-3.326108645635202e-15,TRUE,TRUE,NA,0.05,3,0.6,1.2,0.12,0.25
local_static_map_repeatability,281,up,400,400,TRUE,4,20,3.8000000000000003,3.964,5.461,1.4970000000000003,1.4970000000000003,0.1,5.4,5.5,5.45,"[5.40, 5.50)",12.24,19.26,2.02,2.92,0,0,-1.0873969986478995e-14,1.5587877888571307e-15,TRUE,TRUE,NA,0.05,3,0.6,1.2,0.12,0.25
local_static_map_repeatability,282,up,400,400,TRUE,4,20,3.8000000000000003,5.461,6.662,1.2009999999999996,1.2009999999999996,0.1,6.6000000000000005,6.7,6.65,"[6.60, 6.70)",19.26,25.44,2.92,3.64,0.006155870112510793,0,0.05413533834584406,-3.996657491838145e-15,TRUE,TRUE,NA,0.05,3,0.6,1.2,0.12,0.25
local_static_map_repeatability,283,down,400,400,TRUE,4,20,3.8000000000000003,6.662,4.878,-1.7839999999999998,1.7839999999999998,0.1,4.800000000000001,4.9,4.8500000000000005,"[4.80, 4.90)",25.44,17.92,3.64,2.58,0.004472135955000279,0,-0.028571428571418558,1.813466974449467e-16,TRUE,TRUE,NA,0.05,3,0.6,1.2,0.12,0.25
local_static_map_repeatability,284,down,400,400,TRUE,4,20,3.8000000000000003,4.878,2.766,-2.112,2.112,0.1,2.7,2.8000000000000003,2.75,"[2.70, 2.80)",17.9,8.28,2.58,1.3,0.008885233166386985,0,-0.11278195488723866,2.3791012659154783e-15,TRUE,TRUE,NA,0.05,3,0.6,1.2,0.12,0.25
local_static_map_repeatability,285,up,400,400,TRUE,4,20,3.8000000000000003,2.766,4.098,1.3319999999999999,1.3319999999999999,0.1,4,4.1,4.05,"[4.00, 4.10)",8.28,12.62,1.3,2.1,0,0,4.748314230694229e-15,-2.7822537020936368e-15,TRUE,TRUE,NA,0.05,3,0.6,1.2,0.12,0.25
local_static_map_repeatability,286,up,400,400,TRUE,4,20,3.8000000000000003,4.098,4.992,0.8940000000000001,0.8940000000000001,0.1,4.9,5,4.95,"[4.90, 5.00)",12.62,16.82,2.1,2.64,0.006155870112510793,0,0.0541353383458488,1.2236510620297808e-15,TRUE,TRUE,NA,0.05,3,0.6,1.2,0.12,0.25
local_static_map_repeatability,287,down,400,400,TRUE,4,20,3.8000000000000003,4.992,3.513,-1.479,1.479,0.1,3.5,3.6,3.55,"[3.50, 3.60)",16.84,10.98,2.64,1.74,0.009403246919632345,0,-0.126315789473682,-2.5421836894606384e-15,TRUE,TRUE,NA,0.05,3,0.6,1.2,0.12,0.25
local_static_map_repeatability,288,down,400,400,TRUE,4,20,3.8000000000000003,3.513,2.88,-0.633,0.633,0.1,2.8000000000000003,2.9000000000000004,2.8500000000000005,"[2.80, 2.90)",10.96,8.46,1.74,1.38,0,0,2.066465035049677e-14,-1.03328736297032e-15,TRUE,TRUE,NA,0.05,3,0.6,1.2,0.12,0.25
local_static_map_repeatability,289,down,400,400,TRUE,4,20,3.8000000000000003,2.88,2.208,-0.6719999999999997,0.6719999999999997,0.1,2.2,2.3000000000000003,2.25,"[2.20, 2.30)",8.46,6.029999999999999,1.38,0.98,0.010259783520851778,0,-0.1503759398496302,1.6222724364619403e-15,TRUE,TRUE,NA,0.05,3,0.6,1.2,0.12,0.25
local_static_map_repeatability,290,up,400,400,TRUE,4,20,3.8000000000000003,2.208,3.49,1.282,1.282,0.1,3.4000000000000004,3.5000000000000004,3.45,"[3.40, 3.50)",6.02,9.62,0.98,1.74,0,0,-4.967286384848383e-15,-2.5421836894606384e-15,TRUE,TRUE,NA,0.05,3,0.6,1.2,0.12,0.25
local_static_map_repeatability,291,down,400,400,TRUE,4,20,3.8000000000000003,3.49,2.801,-0.6890000000000001,0.6890000000000001,0.1,2.8000000000000003,2.9000000000000004,2.8500000000000005,"[2.80, 2.90)",9.62,7.74,1.74,1.32,0,0,8.156997975478757e-15,6.118255310148904e-16,TRUE,TRUE,NA,0.05,3,0.6,1.2,0.12,0.25
local_static_map_repeatability,292,up,400,400,TRUE,4,20,3.8000000000000003,2.801,4.716,1.915,1.915,0.1,4.7,4.8,4.75,"[4.70, 4.80)",7.74,14.83,1.32,2.48,0.010259783520851322,0,0.15037593984962958,1.359411749466493e-16,TRUE,TRUE,NA,0.05,3,0.6,1.2,0.12,0.25
local_static_map_repeatability,293,down,400,400,TRUE,4,20,3.8000000000000003,4.716,1.357,-3.359,3.359,0.1,1.3,1.4000000000000001,1.35,"[1.30, 1.40)",14.84,3.5700000000000003,2.48,0.46,0.019973666874689117,0,-0.32330827067669443,1.279044929045394e-15,TRUE,TRUE,NA,0.05,3,0.6,1.2,0.12,0.25
local_static_map_repeatability,294,up,400,400,TRUE,4,20,3.8000000000000003,1.357,4.376,3.019,3.019,0.1,4.3,4.3999999999999995,4.35,"[4.30, 4.40)",3.54,13.06,0.46,2.28,0.009787209698592519,0.00615587011251093,0.13684210526318452,-0.042105263157895687,TRUE,TRUE,NA,0.05,3,0.6,1.2,0.12,0.25
local_static_map_repeatability,295,up,400,400,TRUE,4,20,3.8000000000000003,4.376,5.301,0.9249999999999998,0.9249999999999998,0.1,5.300000000000001,5.4,5.3500000000000005,"[5.30, 5.40)",13.06,17.82,2.28,2.82,0.008885233166386196,0,0.11278195488719349,1.513382266358833e-15,TRUE,TRUE,NA,0.05,3,0.6,1.2,0.12,0.25
local_static_map_repeatability,296,up,400,400,TRUE,4,20,3.8000000000000003,5.301,6.369,1.0679999999999996,1.0679999999999996,0.1,6.300000000000001,6.4,6.3500000000000005,"[6.30, 6.40)",17.82,23.6,2.82,3.46,0.010052493799000478,0,0.14436090225567705,3.027039925265909e-15,TRUE,TRUE,NA,0.05,3,0.6,1.2,0.12,0.25
local_static_map_repeatability,297,down,400,400,TRUE,4,20,3.8000000000000003,6.369,4.443,-1.9260000000000002,1.9260000000000002,0.1,4.4,4.5,4.45,"[4.40, 4.50)",23.62,15.26,3.46,2.3,0.008885233166386196,0.00820782681668124,-0.11278195488721378,0.081203007518801,TRUE,TRUE,NA,0.05,3,0.6,1.2,0.12,0.25
local_static_map_repeatability,298,down,400,400,TRUE,4,20,3.8000000000000003,4.443,3.489,-0.9539999999999997,0.9539999999999997,0.1,3.4000000000000004,3.5000000000000004,3.45,"[3.40, 3.50)",15.24,10.86,2.3,1.74,0.007326950970650309,0,-0.07669172932332394,-2.5421836894606384e-15,TRUE,TRUE,NA,0.05,3,0.6,1.2,0.12,0.25
local_static_map_repeatability,299,down,400,400,TRUE,4,20,3.8000000000000003,3.489,1.879,-1.6099999999999999,1.6099999999999999,0.1,1.8,1.9000000000000001,1.85,"[1.80, 1.90)",10.84,5.02,1.74,0.78,0,0,1.0146574527673218e-15,1.046812865392091e-15,TRUE,TRUE,NA,0.05,3,0.6,1.2,0.12,0.25
local_static_map_repeatability,300,down,400,400,TRUE,4,20,3.8000000000000003,1.879,1.057,-0.8220000000000001,0.8220000000000001,0.1,1,1.1,1.05,"[1.00, 1.10)",5.02,2.6900000000000004,0.78,0.28,0.013611140947574424,0,-0.20451127819549025,4.849013576827551e-16,TRUE,TRUE,NA,0.05,3,0.6,1.2,0.12,0.25
local_static_map_repeatability,301,up,400,400,TRUE,4,20,3.8000000000000003,1.057,2.524,1.467,1.467,0.1,2.5,2.6,2.55,"[2.50, 2.60)",2.66,5.86,0.28,1.16,0,0,5.456308046096442e-15,7.929419577890784e-16,TRUE,TRUE,NA,0.05,3,0.6,1.2,0.12,0.25
local_static_map_repeatability,302,up,400,400,TRUE,4,20,3.8000000000000003,2.524,3.222,0.698,0.698,0.1,3.2,3.3000000000000003,3.25,"[3.20, 3.30)",5.86,8.12,1.16,1.58,0.007326950970650959,0,0.07669172932332138,1.595176309740914e-15,TRUE,TRUE,NA,0.05,3,0.6,1.2,0.12,0.25
local_static_map_repeatability,303,down,400,400,TRUE,4,20,3.8000000000000003,3.222,2.092,-1.13,1.13,0.1,2,2.1,2.05,"[2.00, 2.10)",8.14,5.18,1.58,0.92,0,0,2.1023673398504532e-15,2.558089858090788e-15,TRUE,TRUE,NA,0.05,3,0.6,1.2,0.12,0.25
local_static_map_repeatability,304,up,400,400,TRUE,4,20,3.8000000000000003,2.092,3.204,1.112,1.112,0.1,3.2,3.3000000000000003,3.25,"[3.20, 3.30)",5.18,8,0.92,1.56,0,0,-1.160026387509181e-15,2.093625730784182e-15,TRUE,TRUE,NA,0.05,3,0.6,1.2,0.12,0.25
local_static_map_repeatability,305,down,400,400,TRUE,4,20,3.8000000000000003,3.204,2.628,-0.5760000000000001,0.5760000000000001,0.1,2.6,2.7,2.6500000000000004,"[2.60, 2.70)",8,6.66,1.56,1.22,0,0,-4.9301168081973545e-15,5.664200085165929e-16,TRUE,TRUE,NA,0.05,3,0.6,1.2,0.12,0.25
local_static_map_repeatability,306,down,400,400,TRUE,4,20,3.8000000000000003,2.628,1.346,-1.282,1.282,0.1,1.3,1.4000000000000001,1.35,"[1.30, 1.40)",6.66,3.16,1.22,0.44,0.012139539573337691,0,-0.17744360902255585,8.258746146956727e-16,TRUE,TRUE,NA,0.05,3,0.6,1.2,0.12,0.25
local_static_map_repeatability,307,up,400,400,TRUE,4,20,3.8000000000000003,1.346,3.159,1.8129999999999997,1.8129999999999997,0.1,3.1,3.2,3.1500000000000004,"[3.10, 3.20)",3.16,7.68,0.44,1.54,0,0,-3.3354461616754436e-15,5.442252411281146e-17,TRUE,TRUE,NA,0.05,3,0.6,1.2,0.12,0.25
local_static_map_repeatability,308,down,400,400,TRUE,4,20,3.8000000000000003,3.159,1.422,-1.7369999999999999,1.7369999999999999,0.1,1.4000000000000001,1.5000000000000002,1.4500000000000002,"[1.40, 1.50)",7.68,3.28,1.54,0.48,0.010052493799000702,0.00820782681668124,-0.14436090225564038,0.09624060150375931,TRUE,TRUE,NA,0.05,3,0.6,1.2,0.12,0.25
local_static_map_repeatability,309,up,400,400,TRUE,4,20,3.8000000000000003,1.422,2.678,1.256,1.256,0.1,2.6,2.7,2.6500000000000004,"[2.60, 2.70)",3.28,6.08,0.5,1.24,0,0,-2.863817474804959e-15,6.797058747332465e-17,TRUE,TRUE,NA,0.05,3,0.6,1.2,0.12,0.25
local_static_map_repeatability,310,up,400,400,TRUE,4,20,3.8000000000000003,2.678,4.415,1.737,1.737,0.1,4.4,4.5,4.45,"[4.40, 4.50)",6.08,12.66,1.24,2.3,0.010052493799000478,0.010052493799000702,0.14436090225564285,0.13233082706766736,TRUE,TRUE,NA,0.05,3,0.6,1.2,0.12,0.25
local_static_map_repeatability,311,down,400,400,TRUE,4,20,3.8000000000000003,4.415,3.673,-0.742,0.742,0.1,3.6,3.7,3.6500000000000004,"[3.60, 3.70)",12.66,10.42,2.3,1.86,0,0,-1.4754652715720558e-14,2.080077667423669e-15,TRUE,TRUE,NA,0.05,3,0.6,1.2,0.12,0.25
local_static_map_repeatability,312,down,400,400,TRUE,4,20,3.8000000000000003,3.673,3.159,-0.5140000000000002,0.5140000000000002,0.1,3.1,3.2,3.1500000000000004,"[3.10, 3.20)",10.42,8.6,1.86,1.54,0,0,-1.1637262286799574e-14,5.442252411281146e-17,TRUE,TRUE,NA,0.05,3,0.6,1.2,0.12,0.25
local_static_map_repeatability,313,down,400,400,TRUE,4,20,3.8000000000000003,3.159,1.929,-1.2299999999999998,1.2299999999999998,0.1,1.9000000000000001,2,1.9500000000000002,"[1.90, 2.00)",8.6,4.74,1.54,0.8,0,0,3.516702615365422e-15,-8.6049712579837e-17,TRUE,TRUE,NA,0.05,3,0.6,1.2,0.12,0.25
local_static_map_repeatability,314,up,400,400,TRUE,4,20,3.8000000000000003,1.929,3.461,1.5319999999999998,1.5319999999999998,0.1,3.4000000000000004,3.5000000000000004,3.45,"[3.40, 3.50)",4.74,8.86,0.8,1.72,0.008207826816681058,0,0.08421052631579598,-7.749079545600504e-16,TRUE,TRUE,NA,0.05,3,0.6,1.2,0.12,0.25
local_static_map_repeatability,315,up,400,400,TRUE,4,20,3.8000000000000003,3.461,5.081,1.6200000000000006,1.6200000000000006,0.1,5,5.1,5.05,"[5.00, 5.10)",8.86,16.08,1.72,2.7,0.010208355710682404,0,0.14887218045118258,4.803608054329254e-15,TRUE,TRUE,NA,0.05,3,0.6,1.2,0.12,0.25
local_static_map_repeatability,316,down,400,400,TRUE,4,20,3.8000000000000003,5.081,3.055,-2.0260000000000002,2.0260000000000002,0.1,3,3.1,3.05,"[3.00, 3.10)",16.1,8.44,2.7,1.48,0.010208355710680591,0,-0.14887218045112033,-9.878818404720225e-16,TRUE,TRUE,NA,0.05,3,0.6,1.2,0.12,0.25
local_static_map_repeatability,317,down,400,400,TRUE,4,20,3.8000000000000003,3.055,1.1,-1.955,1.955,0.1,1.1,1.2000000000000002,1.1500000000000001,"[1.10, 1.20)",8.42,2.71,1.48,0.32,0.013764944032233719,0.009403246919632553,-0.2075187969924791,-0.12631578947368488,TRUE,TRUE,NA,0.05,3,0.6,1.2,0.12,0.25
local_static_map_repeatability,318,up,400,400,TRUE,4,20,3.8000000000000003,1.1,3.539,2.439,2.439,0.1,3.5,3.6,3.55,"[3.50, 3.60)",2.68,9.07,0.3,1.76,0.010259783520851322,0,0.15037593984962444,3.3034984587826906e-15,TRUE,TRUE,NA,0.05,3,0.6,1.2,0.12,0.25
local_static_map_repeatability,319,up,400,400,TRUE,4,20,3.8000000000000003,3.539,5.957,2.4179999999999997,2.4179999999999997,0.1,5.9,6,5.95,"[5.90, 6.00)",9.08,20.74,1.76,3.22,0.010208355710682404,0,0.14887218045118294,4.232656984066661e-15,TRUE,TRUE,NA,0.05,3,0.6,1.2,0.12,0.25
local_static_map_repeatability,320,down,400,400,TRUE,4,20,3.8000000000000003,5.957,4.438,-1.5190000000000001,1.5190000000000001,0.1,4.4,4.5,4.45,"[4.40, 4.50)",20.76,14.5,3.22,2.3,0,0,2.3273978449785998e-14,-2.9909719188078527e-15,TRUE,TRUE,NA,0.05,3,0.6,1.2,0.12,0.25
local_static_map_repeatability,321,up,400,400,TRUE,4,20,3.8000000000000003,4.438,5.369,0.931,0.931,0.1,5.300000000000001,5.4,5.3500000000000005,"[5.30, 5.40)",14.5,18.3,2.3,2.86,0.007326950970650309,0,0.07669172932332394,-2.0211692034423423e-15,TRUE,TRUE,NA,0.05,3,0.6,1.2,0.12,0.25
local_static_map_repeatability,322,up,400,400,TRUE,4,20,3.8000000000000003,5.369,6.426,1.0570000000000004,1.0570000000000004,0.1,6.4,6.5,6.45,"[6.40, 6.50)",18.3,23.74,2.86,3.5,0.007326950970650309,0,0.07669172932330534,-5.582816799964544e-15,TRUE,TRUE,NA,0.05,3,0.6,1.2,0.12,0.25
local_static_map_repeatability,323,down,400,400,TRUE,4,20,3.8000000000000003,6.426,5.053,-1.3730000000000002,1.3730000000000002,0.1,5,5.1,5.05,"[5.00, 5.10)",23.76,18.18,3.5,2.68,0.009403246919632345,0,-0.09924812030077819,-4.8485530354860335e-15,TRUE,TRUE,NA,0.05,3,0.6,1.2,0.12,0.25
local_static_map_repeatability,324,up,400,400,TRUE,4,20,3.8000000000000003,5.053,6.371,1.3180000000000005,1.3180000000000005,0.1,6.300000000000001,6.4,6.3500000000000005,"[6.30, 6.40)",18.18,23.76,2.68,3.48,0.008885233166387774,0,0.10977443609024114,-5.084367378921277e-15,TRUE,TRUE,NA,0.05,3,0.6,1.2,0.12,0.25
local_static_map_repeatability,325,down,400,400,TRUE,4,20,3.8000000000000003,6.371,5.712,-0.6590000000000007,0.6590000000000007,0.1,5.7,5.8,5.75,"[5.70, 5.80)",23.76,21.66,3.48,3.08,0,0,-1.2180471540206347e-14,1.0884504822562292e-16,TRUE,TRUE,NA,0.05,3,0.6,1.2,0.12,0.25
local_static_map_repeatability,326,up,400,400,TRUE,4,20,3.8000000000000003,5.712,6.12,0.40800000000000036,0.40800000000000036,0.1,6.1000000000000005,6.2,6.15,"[6.10, 6.20)",21.66,22.92,3.08,3.32,0,0,-1.431611330725782e-16,1.4408806171395092e-15,TRUE,TRUE,NA,0.05,3,0.6,1.2,0.12,0.25
local_static_map_repeatability,327,down,400,400,TRUE,4,20,3.8000000000000003,6.12,4.814,-1.306,1.306,0.1,4.800000000000001,4.9,4.8500000000000005,"[4.80, 4.90)",22.92,17.52,3.32,2.54,0.008885233166386196,0,-0.11278195488720305,-1.3594070881831554e-15,TRUE,TRUE,NA,0.05,3,0.6,1.2,0.12,0.25
local_static_map_repeatability,328,up,400,400,TRUE,4,20,3.8000000000000003,4.814,5.665,0.851,0.851,0.1,5.6000000000000005,5.7,5.65,"[5.60, 5.70)",17.5,20.74,2.54,3.04,0,0,5.0738380489330956e-15,-1.4319087374024795e-15,TRUE,TRUE,NA,0.05,3,0.6,1.2,0.12,0.25
local_static_map_repeatability,329,down,400,400,TRUE,4,20,3.8000000000000003,5.665,3.32,-2.345,2.345,0.1,3.3000000000000003,3.4000000000000004,3.3500000000000005,"[3.30, 3.40)",20.74,10.4,3.04,1.64,0.011050125029061416,0,-0.15037593984961306,-1.318762898101616e-15,TRUE,TRUE,NA,0.05,3,0.6,1.2,0.12,0.25
local_static_map_repeatability,330,up,400,400,TRUE,4,20,3.8000000000000003,3.32,4.585,1.2650000000000001,1.2650000000000001,0.1,4.5,4.6,4.55,"[4.50, 4.60)",10.38,14.96,1.64,2.4,0,0,-5.654397366500834e-15,-4.0791376859491647e-16,TRUE,TRUE,NA,0.05,3,0.6,1.2,0.12,0.25
local_static_map_repeatability,331,up,400,400,TRUE,4,20,3.8000000000000003,4.585,6.474,1.8890000000000002,1.8890000000000002,0.1,6.4,6.5,6.45,"[6.40, 6.50)",14.96,24.32,2.4,3.5300000000000002,0.010052493799000478,0.01025978352085155,0.14436090225564774,4.030989485939378e-15,TRUE,TRUE,NA,0.05,3,0.6,1.2,0.12,0.25
local_static_map_repeatability,332,down,400,400,TRUE,4,20,3.8000000000000003,6.474,4.679,-1.795,1.795,0.1,4.6000000000000005,4.7,4.65,"[4.60, 4.70)",24.34,16.72,3.54,2.46,0.006155870112510793,0,-0.05413533834583382,-1.903262031724721e-15,TRUE,TRUE,NA,0.05,3,0.6,1.2,0.12,0.25
local_static_map_repeatability,333,down,400,400,TRUE,4,20,3.8000000000000003,4.679,4.239,-0.4400000000000004,0.4400000000000004,0.1,4.2,4.3,4.25,"[4.20, 4.30)",16.72,14.51,2.46,2.18,0.010259783520851322,0,-0.15037593984959438,-2.2383987585520707e-15,TRUE,TRUE,NA,0.05,3,0.6,1.2,0.12,0.25
local_static_map_repeatability,334,up,400,400,TRUE,4,20,3.8000000000000003,4.239,6.171,1.9320000000000004,1.9320000000000004,0.1,6.1000000000000005,6.2,6.15,"[6.10, 6.20)",14.5,22.96,2.18,3.36,0.008207826816681058,0,0.09624060150377979,2.981634402767611e-15,TRUE,TRUE,NA,0.05,3,0.6,1.2,0.12,0.25
local_static_map_repeatability,335,down,400,400,TRUE,4,20,3.8000000000000003,6.171,3.256,-2.9150000000000005,2.9150000000000005,0.1,3.2,3.3000000000000003,3.25,"[3.20, 3.30)",22.98,10.22,3.36,1.6,0.009787209698592298,0,-0.12481203007518599,-1.72099425159674e-16,TRUE,TRUE,NA,0.05,3,0.6,1.2,0.12,0.25
local_static_map_repeatability,336,down,400,400,TRUE,4,20,3.8000000000000003,3.256,2.693,-0.5629999999999997,0.5629999999999997,0.1,2.6,2.7,2.6500000000000004,"[2.60, 2.70)",10.2,7.8,1.6,1.26,0.008885233166386591,0,-0.11278195488722836,2.107173794144695e-15,TRUE,TRUE,NA,0.05,3,0.6,1.2,0.12,0.25
local_static_map_repeatability,337,up,400,400,TRUE,4,20,3.8000000000000003,2.693,4.104,1.411,1.411,0.1,4.1000000000000005,4.2,4.15,"[4.10, 4.20)",7.8,12.46,1.26,2.12,0.0061558701125113404,0,0.054135338345874834,-3.2807031231369043e-15,TRUE,TRUE,NA,0.05,3,0.6,1.2,0.12,0.25
local_static_map_repeatability,338,down,400,400,TRUE,4,20,3.8000000000000003,4.104,3.465,-0.6390000000000002,0.6390000000000002,0.1,3.4000000000000004,3.5000000000000004,3.45,"[3.40, 3.50)",12.46,10.46,2.12,1.72,0.010052493799000478,0,-0.14436090225563344,-7.749079545600504e-16,TRUE,TRUE,NA,0.05,3,0.6,1.2,0.12,0.25
local_static_map_repeatability,339,down,400,400,TRUE,4,20,3.8000000000000003,3.465,3.093,-0.3719999999999999,0.3719999999999999,0.1,3,3.1,3.05,"[3.00, 3.10)",10.46,9.02,1.72,1.5,0,0,-4.640660996416547e-15,1.051321366199348e-15,TRUE,TRUE,NA,0.05,3,0.6,1.2,0.12,0.25
local_static_map_repeatability,340,up,400,400,TRUE,4,20,3.8000000000000003,3.093,6.517,3.4240000000000004,3.4240000000000004,0.1,6.5,6.6,6.55,"[6.50, 6.60)",9.02,24.26,1.5,3.56,0.014327007988228252,0,0.22105263157893468,3.072445447764206e-15,TRUE,TRUE,NA,0.05,3,0.6,1.2,0.12,0.25
local_static_map_repeatability,341,down,400,400,TRUE,4,20,3.8000000000000003,6.517,5.832,-0.6850000000000005,0.6850000000000005,0.1,5.800000000000001,5.9,5.8500000000000005,"[5.80, 5.90)",24.28,22.16,3.56,3.14,0,0,1.3123553087720717e-14,1.151149412810457e-15,TRUE,TRUE,NA,0.05,3,0.6,1.2,0.12,0.25
local_static_map_repeatability,342,down,400,400,TRUE,4,20,3.8000000000000003,5.832,4.794,-1.0380000000000003,1.0380000000000003,0.1,4.7,4.8,4.75,"[4.70, 4.80)",22.16,17.28,3.14,2.52,0.010208355710680591,0,-0.14887218045113063,4.21434758828939e-15,TRUE,TRUE,NA,0.05,3,0.6,1.2,0.12,0.25
local_static_map_repeatability,343,down,400,400,TRUE,4,20,3.8000000000000003,4.794,2.414,-2.3799999999999994,2.3799999999999994,0.1,2.4000000000000004,2.5000000000000004,2.45,"[2.40, 2.50)",17.28,6.94,2.52,1.1,0.009403246919632763,0,-0.12631578947367725,-1.3684240897976695e-15,TRUE,TRUE,NA,0.05,3,0.6,1.2,0.12,0.25
local_static_map_repeatability,344,down,400,400,TRUE,4,20,3.8000000000000003,2.414,1.128,-1.2860000000000003,1.2860000000000003,0.1,1.1,1.2000000000000002,1.1500000000000001,"[1.10, 1.20)",6.92,3,1.1,0.32,0.015355437918998304,0,-0.2406015037593983,-2.32232063653303e-16,TRUE,TRUE,NA,0.05,3,0.6,1.2,0.12,0.25
local_static_map_repeatability,345,up,400,400,TRUE,4,20,3.8000000000000003,1.128,2.69,1.562,1.562,0.1,2.6,2.7,2.6500000000000004,"[2.60, 2.70)",2.96,6.54,0.32,1.26,0,0,3.1358849734915318e-15,2.107173794144695e-15,TRUE,TRUE,NA,0.05,3,0.6,1.2,0.12,0.25
local_static_map_repeatability,346,down,400,400,TRUE,4,20,3.8000000000000003,2.69,1.398,-1.292,1.292,0.1,1.3,1.4000000000000001,1.35,"[1.30, 1.40)",6.54,3.36,1.26,0.46,0.009403246919632553,0.010208355710680789,-0.12631578947368338,0.14887218045112666,TRUE,TRUE,NA,0.05,3,0.6,1.2,0.12,0.25
local_static_map_repeatability,347,up,400,400,TRUE,4,20,3.8000000000000003,1.398,3.47,2.072,2.072,0.1,3.4000000000000004,3.5000000000000004,3.45,"[3.40, 3.50)",3.36,9.02,0.48,1.72,0,0,-4.640660996416547e-15,-7.749079545600504e-16,TRUE,TRUE,NA,0.05,3,0.6,1.2,0.12,0.25
local_static_map_repeatability,348,down,400,400,TRUE,4,20,3.8000000000000003,3.47,1.596,-1.874,1.874,0.1,1.5,1.6,1.55,"[1.50, 1.60)",9.02,3.86,1.72,0.6,0.004472135954999583,0,0.02857142857143082,-1.0197844214872912e-16,TRUE,TRUE,NA,0.05,3,0.6,1.2,0.12,0.25
local_static_map_repeatability,349,up,400,400,TRUE,4,20,3.8000000000000003,1.596,2.814,1.218,1.218,0.1,2.8000000000000003,2.9000000000000004,2.8500000000000005,"[2.80, 2.90)",3.86,6.7,0.6,1.32,0,0,4.223594860574663e-15,6.118255310148904e-16,TRUE,TRUE,NA,0.05,3,0.6,1.2,0.12,0.25
local_static_map_repeatability,350,up,400,400,TRUE,4,20,3.8000000000000003,2.814,3.763,0.9489999999999998,0.9489999999999998,0.1,3.7,3.8000000000000003,3.75,"[3.70, 3.80)",6.7,10.1,1.32,1.9,0.010052493799000478,0,0.14436090225564702,-3.354121193755926e-16,TRUE,TRUE,NA,0.05,3,0.6,1.2,0.12,0.25
local_static_map_repeatability,351,up,400,400,TRUE,4,20,3.8000000000000003,3.763,5.391,1.6280000000000001,1.6280000000000001,0.1,5.300000000000001,5.4,5.3500000000000005,"[5.30, 5.40)",10.1,18,1.9,2.88,0.008885233166386196,0,0.1127819548871862,2.5556866309436675e-15,TRUE,TRUE,NA,0.05,3,0.6,1.2,0.12,0.25
local_static_map_repeatability,352,up,400,400,TRUE,4,20,3.8000000000000003,5.391,6.863,1.4720000000000004,1.4720000000000004,0.1,6.800000000000001,6.9,6.8500000000000005,"[6.80, 6.90)",18,25.92,2.88,3.76,0.011239029738981086,0,0.1533834586466603,3.2607460333535134e-16,TRUE,TRUE,NA,0.05,3,0.6,1.2,0.12,0.25
local_static_map_repeatability,353,down,400,400,TRUE,4,20,3.8000000000000003,6.863,5.013,-1.8500000000000005,1.8500000000000005,0.1,5,5.1,5.05,"[5.00, 5.10)",25.94,18.18,3.76,2.66,0,0,-3.023450707242763e-14,-4.350103614442765e-15,TRUE,TRUE,NA,0.05,3,0.6,1.2,0.12,0.25
local_static_map_repeatability,354,up,400,400,TRUE,4,20,3.8000000000000003,5.013,6.202,1.189,1.189,0.1,6.2,6.3,6.25,"[6.20, 6.30)",18.18,23.2,2.66,3.38,0.007326950970650309,0,0.07669172932332735,-5.129772901419573e-15,TRUE,TRUE,NA,0.05,3,0.6,1.2,0.12,0.25
local_static_map_repeatability,355,down,400,400,TRUE,4,20,3.8000000000000003,6.202,4.808,-1.3940000000000001,1.3940000000000001,0.1,4.800000000000001,4.9,4.8500000000000005,"[4.80, 4.90)",23.2,17.42,3.38,2.54,0,0,-1.457155875794785e-14,-1.3594070881831554e-15,TRUE,TRUE,NA,0.05,3,0.6,1.2,0.12,0.25
local_static_map_repeatability,356,up,400,400,TRUE,4,20,3.8000000000000003,4.808,5.236,0.42799999999999994,0.42799999999999994,0.1,5.2,5.3,5.25,"[5.20, 5.30)",17.42,18.76,2.54,2.78,0,0,2.472566845074527e-14,5.0479337361600074e-15,TRUE,TRUE,NA,0.05,3,0.6,1.2,0.12,0.25
local_static_map_repeatability,357,down,400,400,TRUE,4,20,3.8000000000000003,5.236,3.576,-1.6599999999999997,1.6599999999999997,0.1,3.5,3.6,3.55,"[3.50, 3.60)",18.76,11.41,2.78,1.8,0.010259783520851322,0,-0.15037593984960887,1.0377733028388348e-15,TRUE,TRUE,NA,0.05,3,0.6,1.2,0.12,0.25
local_static_map_repeatability,358,down,400,400,TRUE,4,20,3.8000000000000003,3.576,2.148,-1.428,1.428,0.1,2.1,2.2,2.1500000000000004,"[2.10, 2.20)",11.4,5.9,1.8,0.94,0.010052493799000925,0,-0.1443609022556427,8.151865083383783e-17,TRUE,TRUE,NA,0.05,3,0.6,1.2,0.12,0.25
local_static_map_repeatability,359,up,400,400,TRUE,4,20,3.8000000000000003,2.148,2.632,0.484,0.484,0.1,2.6,2.7,2.6500000000000004,"[2.60, 2.70)",5.88,6.8,0.94,1.22,0,0,-1.1058341340671281e-15,5.664200085165929e-16,TRUE,TRUE,NA,0.05,3,0.6,1.2,0.12,0.25
local_static_map_repeatability,360,up,400,400,TRUE,4,20,3.8000000000000003,2.632,3.551,0.919,0.919,0.1,3.5,3.6,3.55,"[3.50, 3.60)",6.8,9.74,1.22,1.78,0,0,-2.2836191322570935e-15,1.536222723882103e-15,TRUE,TRUE,NA,0.05,3,0.6,1.2,0.12,0.25
local_static_map_repeatability,361,up,400,400,TRUE,4,20,3.8000000000000003,3.551,4.994,1.4429999999999996,1.4429999999999996,0.1,4.9,5,4.95,"[4.90, 5.00)",9.74,16.3,1.78,2.64,0.010052493799000478,0,0.14436090225565226,1.2236510620297808e-15,TRUE,TRUE,NA,0.05,3,0.6,1.2,0.12,0.25
local_static_map_repeatability,362,down,400,400,TRUE,4,20,3.8000000000000003,4.994,1.289,-3.705,3.705,0.1,1.2000000000000002,1.3000000000000003,1.2500000000000002,"[1.20, 1.30)",16.32,3.42,2.64,0.42,0.015727950313140997,0,-0.24511278195488304,3.727043003459514e-16,TRUE,TRUE,NA,0.05,3,0.6,1.2,0.12,0.25
local_static_map_repeatability,363,up,400,400,TRUE,4,20,3.8000000000000003,1.289,3.277,1.9880000000000002,1.9880000000000002,0.1,3.2,3.3000000000000003,3.25,"[3.20, 3.30)",3.38,8.5,0.42,1.6,0.006155870112510793,0,0.0541353383458568,-1.72099425159674e-16,TRUE,TRUE,NA,0.05,3,0.6,1.2,0.12,0.25
local_static_map_repeatability,364,down,400,400,TRUE,4,20,3.8000000000000003,3.277,2.652,-0.625,0.625,0.1,2.6,2.7,2.6500000000000004,"[2.60, 2.70)",8.5,6.92,1.6,1.24,0,0,6.054079850531818e-15,6.797058747332465e-17,TRUE,TRUE,NA,0.05,3,0.6,1.2,0.12,0.25
local_static_map_repeatability,365,down,400,400,TRUE,4,20,3.8000000000000003,2.652,1.878,-0.7740000000000002,0.7740000000000002,0.1,1.8,1.9000000000000001,1.85,"[1.80, 1.90)",6.92,4.68,1.24,0.78,0,0,7.250174244499054e-15,1.046812865392091e-15,TRUE,TRUE,NA,0.05,3,0.6,1.2,0.12,0.25
local_static_map_repeatability,366,up,400,400,TRUE,4,20,3.8000000000000003,1.878,3.166,1.288,1.288,0.1,3.1,3.2,3.1500000000000004,"[3.10, 3.20)",4.68,7.92,0.78,1.54,0.009403246919632763,0,0.12631578947369154,5.442252411281146e-17,TRUE,TRUE,NA,0.05,3,0.6,1.2,0.12,0.25
local_static_map_repeatability,367,up,400,400,TRUE,4,20,3.8000000000000003,3.166,4.543,1.3770000000000002,1.3770000000000002,0.1,4.5,4.6,4.55,"[4.50, 4.60)",7.94,13.62,1.54,2.38,0.008207826816681788,0.010208355710680819,0.09624060150377381,0.04962406015037406,TRUE,TRUE,NA,0.05,3,0.6,1.2,0.12,0.25
local_static_map_repeatability,368,up,400,400,TRUE,4,20,3.8000000000000003,4.543,5.68,1.1369999999999996,1.1369999999999996,0.1,5.6000000000000005,5.7,5.65,"[5.60, 5.70)",13.64,19.68,2.36,3.06,0.01209610637658573,0,0.1729323308270545,6.072944692688911e-16,TRUE,TRUE,NA,0.05,3,0.6,1.2,0.12,0.25
local_static_map_repeatability,369,down,400,400,TRUE,4,20,3.8000000000000003,5.68,4.249,-1.431,1.431,0.1,4.2,4.3,4.25,"[4.20, 4.30)",19.7,13.82,3.06,2.2,0,0,-4.857430010184758e-15,-2.736848179595339e-15,TRUE,TRUE,NA,0.05,3,0.6,1.2,0.12,0.25
local_static_map_repeatability,370,down,400,400,TRUE,4,20,3.8000000000000003,4.249,2.158,-2.0909999999999997,2.0909999999999997,0.1,2.1,2.2,2.1500000000000004,"[2.10, 2.20)",13.82,5.76,2.2,0.94,0,0,5.111373261887335e-15,8.151865083383783e-17,TRUE,TRUE,NA,0.05,3,0.6,1.2,0.12,0.25
local_static_map_repeatability,371,down,400,400,TRUE,4,20,3.8000000000000003,2.158,1.348,-0.8099999999999998,0.8099999999999998,0.1,1.3,1.4000000000000001,1.35,"[1.30, 1.40)",5.76,3.3,0.94,0.44,0.009787209698591866,0,-0.13684210526315516,8.258746146956727e-16,TRUE,TRUE,NA,0.05,3,0.6,1.2,0.12,0.25
local_static_map_repeatability,372,up,400,400,TRUE,4,20,3.8000000000000003,1.348,2.506,1.1579999999999997,1.1579999999999997,0.1,2.5,2.6,2.55,"[2.50, 2.60)",3.3,5.82,0.44,1.14,0,0,1.3779016327537009e-15,-1.2462612488822926e-15,TRUE,TRUE,NA,0.05,3,0.6,1.2,0.12,0.25
local_static_map_repeatability,373,up,400,400,TRUE,4,20,3.8000000000000003,2.506,4.019,1.5130000000000003,1.5130000000000003,0.1,4,4.1,4.05,"[4.00, 4.10)",5.82,11.18,1.14,2.06,0.009403246919632345,0,0.12631578947369512,7.522977677075389e-16,TRUE,TRUE,NA,0.05,3,0.6,1.2,0.12,0.25
local_static_map_repeatability,374,up,400,400,TRUE,4,20,3.8000000000000003,4.019,6.183,2.1639999999999997,2.1639999999999997,0.1,6.1000000000000005,6.2,6.15,"[6.10, 6.20)",11.2,22.22,2.06,3.36,0.013726654823064902,0,0.2090225563910021,2.981634402767611e-15,TRUE,TRUE,NA,0.05,3,0.6,1.2,0.12,0.25
local_static_map_repeatability,375,down,400,400,TRUE,4,20,3.8000000000000003,6.183,4.186,-1.9969999999999999,1.9969999999999999,0.1,4.1000000000000005,4.2,4.15,"[4.10, 4.20)",22.24,13.6,3.36,2.16,0,0,-2.2116682681342562e-15,3.3353559179204757e-15,TRUE,TRUE,NA,0.05,3,0.6,1.2,0.12,0.25
local_static_map_repeatability,376,up,400,400,TRUE,4,20,3.8000000000000003,4.186,5.208,1.0220000000000002,1.0220000000000002,0.1,5.2,5.3,5.25,"[5.20, 5.30)",13.6,17.72,2.16,2.78,0.010208355710680591,0.008885233166386394,0.14887218045115605,0.025563909774441382,TRUE,TRUE,NA,0.05,3,0.6,1.2,0.12,0.25
local_static_map_repeatability,377,down,400,400,TRUE,4,20,3.8000000000000003,5.208,1.199,-4.009,4.009,0.1,1.1,1.2000000000000002,1.1500000000000001,"[1.10, 1.20)",17.72,3.22,2.78,0.38,0.016254554017744994,0,-0.2571428571428567,-1.7898859217530994e-16,TRUE,TRUE,NA,0.05,3,0.6,1.2,0.12,0.25
local_static_map_repeatability,378,up,400,400,TRUE,4,20,3.8000000000000003,1.199,2.478,1.2790000000000001,1.2790000000000001,0.1,2.4000000000000004,2.5000000000000004,2.45,"[2.40, 2.50)",3.2,5.84,0.38,1.12,0,0,3.1175755777142614e-15,1.9396054307310205e-15,TRUE,TRUE,NA,0.05,3,0.6,1.2,0.12,0.25
local_static_map_repeatability,379,up,400,400,TRUE,4,20,3.8000000000000003,2.478,2.843,0.36499999999999977,0.36499999999999977,0.1,2.8000000000000003,2.9000000000000004,2.8500000000000005,"[2.80, 2.90)",5.84,6.9,1.12,1.34,0,0,-5.836204605287297e-15,-2.4242765177430167e-15,TRUE,TRUE,NA,0.05,3,0.6,1.2,0.12,0.25
local_static_map_repeatability,380,up,400,400,TRUE,4,20,3.8000000000000003,2.843,5.022,2.1790000000000003,2.1790000000000003,0.1,5,5.1,5.05,"[5.00, 5.10)",6.9,16.06,1.34,2.66,0.011239029738980088,0,0.1533834586466317,-4.350103614442765e-15,TRUE,TRUE,NA,0.05,3,0.6,1.2,0.12,0.25
local_static_map_repeatability,381,down,400,400,TRUE,4,20,3.8000000000000003,5.022,3.479,-1.5430000000000001,1.5430000000000001,0.1,3.4000000000000004,3.5000000000000004,3.45,"[3.40, 3.50)",16.08,10.18,2.66,1.72,0,0.00615587011251093,1.1527961358515771e-14,-1.1201570224878774e-15,TRUE,TRUE,NA,0.05,3,0.6,1.2,0.12,0.25
local_static_map_repeatability,382,down,400,400,TRUE,4,20,3.8000000000000003,3.479,2.633,-0.8460000000000001,0.8460000000000001,0.1,2.6,2.7,2.6500000000000004,"[2.60, 2.70)",10.18,7.08,1.72,1.22,0.006155870112510793,0,-0.054135338345876256,5.664200085165929e-16,TRUE,TRUE,NA,0.05,3,0.6,1.2,0.12,0.25
local_static_map_repeatability,383,down,400,400,TRUE,4,20,3.8000000000000003,2.633,0.961,-1.6720000000000002,1.6720000000000002,0.1,0.9,1,0.95,"[0.90, 1.00)",7.08,2.46,1.22,0.24,0.012773327473170113,0.0073269509706504615,-0.19097744360902183,-0.0766917293233079,TRUE,TRUE,NA,0.05,3,0.6,1.2,0.12,0.25
local_static_map_repeatability,384,up,400,400,TRUE,4,20,3.8000000000000003,0.961,2.499,1.5380000000000003,1.5380000000000003,0.1,2.4000000000000004,2.5000000000000004,2.45,"[2.40, 2.50)",2.44,5.66,0.22,1.14,0,0,5.365497001099848e-15,-1.2462612488822926e-15,TRUE,TRUE,NA,0.05,3,0.6,1.2,0.12,0.25
local_static_map_repeatability,385,down,400,400,TRUE,4,20,3.8000000000000003,2.499,1.097,-1.4020000000000001,1.4020000000000001,0.1,1,1.1,1.05,"[1.00, 1.10)",5.66,2.56,1.14,0.3,0.014509525002200246,0,-0.2255639097744355,-5.098922107436456e-17,TRUE,TRUE,NA,0.05,3,0.6,1.2,0.12,0.25
local_static_map_repeatability,386,up,400,400,TRUE,4,20,3.8000000000000003,1.097,2.806,1.709,1.709,0.1,2.8000000000000003,2.9000000000000004,2.8500000000000005,"[2.80, 2.90)",2.54,6.42,0.3,1.32,0,0,1.1201886755180418e-14,6.118255310148904e-16,TRUE,TRUE,NA,0.05,3,0.6,1.2,0.12,0.25
local_static_map_repeatability,387,up,400,400,TRUE,4,20,3.8000000000000003,2.806,3.869,1.0630000000000002,1.0630000000000002,0.1,3.8000000000000003,3.9000000000000004,3.8500000000000005,"[3.80, 3.90)",6.42,10.3,1.32,1.96,0.004472135954999881,0,0.028571428571457346,3.2445448729238806e-15,TRUE,TRUE,NA,0.05,3,0.6,1.2,0.12,0.25
local_static_map_repeatability,388,down,400,400,TRUE,4,20,3.8000000000000003,3.869,3.128,-0.7410000000000001,0.7410000000000001,0.1,3.1,3.2,3.1500000000000004,"[3.10, 3.20)",10.3,8.28,1.96,1.52,0,0,-1.3812682060965839e-14,-7.159543687012397e-16,TRUE,TRUE,NA,0.05,3,0.6,1.2,0.12,0.25
local_static_map_repeatability,389,up,400,400,TRUE,4,20,3.8000000000000003,3.128,3.739,0.6109999999999998,0.6109999999999998,0.1,3.7,3.8000000000000003,3.75,"[3.70, 3.80)",8.28,10,1.52,1.88,0,0,1.8851188037330634e-14,1.6303730166767567e-16,TRUE,TRUE,NA,0.05,3,0.6,1.2,0.12,0.25
local_static_map_repeatability,390,up,400,400,TRUE,4,20,3.8000000000000003,3.739,5.037,1.298,1.298,0.1,5,5.1,5.05,"[5.00, 5.10)",10,15.96,1.88,2.66,0.008207826816681058,0,0.09624060150374286,-4.350103614442765e-15,TRUE,TRUE,NA,0.05,3,0.6,1.2,0.12,0.25
local_static_map_repeatability,391,down,400,400,TRUE,4,20,3.8000000000000003,5.037,1.769,-3.268,3.268,0.1,1.7000000000000002,1.8000000000000003,1.7500000000000002,"[1.70, 1.80)",15.98,4.38,2.66,0.7,0.009403246919632763,0.008207826816681195,-0.12631578947368557,0.07218045112781982,TRUE,TRUE,NA,0.05,3,0.6,1.2,0.12,0.25
local_static_map_repeatability,392,up,400,400,TRUE,4,20,3.8000000000000003,1.769,5.359,3.59,3.59,0.1,5.300000000000001,5.4,5.3500000000000005,"[5.30, 5.40)",4.38,17.62,0.7,2.86,0.011002392084403383,0,0.15488721804509806,-2.0211692034423423e-15,TRUE,TRUE,NA,0.05,3,0.6,1.2,0.12,0.25
local_static_map_repeatability,393,up,400,400,TRUE,4,20,3.8000000000000003,5.359,7.144,1.7850000000000001,1.7850000000000001,0.1,7.1000000000000005,7.2,7.15,"[7.10, 7.20)",17.64,27.1,2.86,3.94,0.015183093090325934,0.004472135954999583,0.23909774436086553,0.028571428571423755,TRUE,TRUE,NA,0.05,3,0.6,1.2,0.12,0.25
local_static_map_repeatability,394,down,400,400,TRUE,4,20,3.8000000000000003,7.144,6.255,-0.8890000000000002,0.8890000000000002,0.1,6.2,6.3,6.25,"[6.20, 6.30)",27.12,24.36,3.94,3.4,0,0,2.17468850155984e-15,-5.529170670335641e-16,TRUE,TRUE,NA,0.05,3,0.6,1.2,0.12,0.25
local_static_map_repeatability,395,down,400,400,TRUE,4,20,3.8000000000000003,6.255,5.335,-0.9199999999999999,0.9199999999999999,0.1,5.300000000000001,5.4,5.3500000000000005,"[5.30, 5.40)",24.36,20.1,3.4,2.84,0,0,3.119232594287056e-15,-1.5227197823990744e-15,TRUE,TRUE,NA,0.05,3,0.6,1.2,0.12,0.25
local_static_map_repeatability,396,down,400,400,TRUE,4,20,3.8000000000000003,5.335,4.538,-0.7969999999999997,0.7969999999999997,0.1,4.5,4.6,4.55,"[4.50, 4.60)",20.1,15.94,2.84,2.36,0.007326950970650959,0,-0.0766917293232773,-1.9486675542230184e-15,TRUE,TRUE,NA,0.05,3,0.6,1.2,0.12,0.25
local_static_map_repeatability,397,down,400,400,TRUE,4,20,3.8000000000000003,4.538,1.04,-3.498,3.498,0.1,1,1.1,1.05,"[1.00, 1.10)",15.94,2.9,2.36,0.3,0.01436369692919217,0.008207826816681217,-0.22255639097743993,-0.0962406015037586,TRUE,TRUE,NA,0.05,3,0.6,1.2,0.12,0.25
local_static_map_repeatability,398,up,400,400,TRUE,4,20,3.8000000000000003,1.04,1.852,0.812,0.812,0.1,1.8,1.9000000000000001,1.85,"[1.80, 1.90)",2.88,4.14,0.28,0.74,0,0,-6.906341030482919e-15,-4.939409202360112e-16,TRUE,TRUE,NA,0.05,3,0.6,1.2,0.12,0.25
local_static_map_repeatability,399,up,400,400,TRUE,4,20,3.8000000000000003,1.852,2.19,0.33799999999999986,0.33799999999999986,0.1,2.1,2.2,2.1500000000000004,"[2.10, 2.20)",4.14,4.88,0.74,0.96,0,0,2.2656800340663714e-15,-4.1693077020943045e-16,TRUE,TRUE,NA,0.05,3,0.6,1.2,0.12,0.25
local_static_map_repeatability,400,down,400,400,TRUE,4,20,3.8000000000000003,2.19,1.524,-0.6659999999999999,0.6659999999999999,0.1,1.5,1.6,1.55,"[1.50, 1.60)",4.88,3.48,0.96,0.56,0,0,-5.084367378921277e-15,9.698027153655102e-16,TRUE,TRUE,NA,0.05,3,0.6,1.2,0.12,0.25
local_static_map_repeatability,401,up,400,400,TRUE,4,20,3.8000000000000003,1.524,4.019,2.495,2.495,0.1,4,4.1,4.05,"[4.00, 4.10)",3.48,11.02,0.56,2.06,0.004472135954999484,0,0.02857142857140775,7.522977677075389e-16,TRUE,TRUE,NA,0.05,3,0.6,1.2,0.12,0.25
local_static_map_repeatability,402,down,400,400,TRUE,4,20,3.8000000000000003,4.019,2.64,-1.379,1.379,0.1,2.6,2.7,2.6500000000000004,"[2.60, 2.70)",11.02,6.8,2.06,1.24,0,0,-1.1058341340671281e-15,6.797058747332465e-17,TRUE,TRUE,NA,0.05,3,0.6,1.2,0.12,0.25
local_static_map_repeatability,403,up,400,400,TRUE,4,20,3.8000000000000003,2.64,3.666,1.0259999999999998,1.0259999999999998,0.1,3.6,3.7,3.6500000000000004,"[3.60, 3.70)",6.8,9.75,1.24,1.84,0.010259783520851322,0,0.1503759398496323,5.116179716181576e-15,TRUE,TRUE,NA,0.05,3,0.6,1.2,0.12,0.25
local_static_map_repeatability,404,down,400,400,TRUE,4,20,3.8000000000000003,3.666,2.392,-1.274,1.274,0.1,2.3000000000000003,2.4000000000000004,2.3500000000000005,"[2.30, 2.40)",9.76,6.1,1.84,1.08,0.010208355710680591,0,-0.14887218045112394,1.6676779589602378e-15,TRUE,TRUE,NA,0.05,3,0.6,1.2,0.12,0.25
local_static_map_repeatability,405,down,400,400,TRUE,4,20,3.8000000000000003,2.392,1.232,-1.16,1.16,0.1,1.2000000000000002,1.3000000000000003,1.2500000000000002,"[1.20, 1.30)",6.08,2.88,1.08,0.36,0.01341640786499875,0.009787209698591866,-0.20300751879699175,-0.13684210526315801,TRUE,TRUE,NA,0.05,3,0.6,1.2,0.12,0.25
local_static_map_repeatability,406,up,400,400,TRUE,4,20,3.8000000000000003,1.232,2.9,1.668,1.668,0.1,2.9000000000000004,3.0000000000000004,2.95,"[2.90, 3.00)",2.86,6.78,0.36,1.38,0,0,-2.845508079027688e-15,-1.03328736297032e-15,TRUE,TRUE,NA,0.05,3,0.6,1.2,0.12,0.25
local_static_map_repeatability,407,down,400,400,TRUE,4,20,3.8000000000000003,2.9,2.442,-0.45799999999999974,0.45799999999999974,0.1,2.4000000000000004,2.5000000000000004,2.45,"[2.40, 2.50)",6.78,5.86,1.38,1.12,0,0,5.456308046096442e-15,1.9396054307310205e-15,TRUE,TRUE,NA,0.05,3,0.6,1.2,0.12,0.25
local_static_map_repeatability,408,up,400,400,TRUE,4,20,3.8000000000000003,2.442,6.015,3.5729999999999995,3.5729999999999995,0.1,6,6.1,6.05,"[6.00, 6.10)",5.86,21.02,1.12,3.26,0.013416407864998451,0,0.20300751879699488,2.9362288802693145e-15,TRUE,TRUE,NA,0.05,3,0.6,1.2,0.12,0.25
local_static_map_repeatability,409,down,400,400,TRUE,4,20,3.8000000000000003,6.015,4.508,-1.5069999999999997,1.5069999999999997,0.1,4.5,4.6,4.55,"[4.50, 4.60)",21.04,14.84,3.26,2.34,0.008885233166386196,0,-0.10375939849622313,3.625087122249527e-15,TRUE,TRUE,NA,0.05,3,0.6,1.2,0.12,0.25
local_static_map_repeatability,410,up,400,400,TRUE,4,20,3.8000000000000003,4.508,5.182,0.6740000000000004,0.6740000000000004,0.1,5.1000000000000005,5.2,5.15,"[5.10, 5.20)",14.82,17.44,2.34,2.76,0.010052493799000478,0,0.144360902255621,-2.06657472594064e-15,TRUE,TRUE,NA,0.05,3,0.6,1.2,0.12,0.25
local_static_map_repeatability,411,up,400,400,TRUE,4,20,3.8000000000000003,5.182,6.529,1.3469999999999995,1.3469999999999995,0.1,6.5,6.6,6.55,"[6.50, 6.60)",17.46,24.3,2.76,3.56,0.007880689256523955,0,0.08270676691729856,3.072445447764206e-15,TRUE,TRUE,NA,0.05,3,0.6,1.2,0.12,0.25
local_static_map_repeatability,412,down,400,400,TRUE,4,20,3.8000000000000003,6.529,5.722,-0.8069999999999995,0.8069999999999995,0.1,5.7,5.8,5.75,"[5.70, 5.80)",24.32,21.62,3.56,3.08,0,0,1.4792012102448198e-14,1.0884504822562292e-16,TRUE,TRUE,NA,0.05,3,0.6,1.2,0.12,0.25
local_static_map_repeatability,413,up,400,400,TRUE,4,20,3.8000000000000003,5.722,6.523,0.8009999999999993,0.8009999999999993,0.1,6.5,6.6,6.55,"[6.50, 6.60)",21.62,24.7,3.08,3.56,0.004472135954999484,0,0.028571428571434,3.072445447764206e-15,TRUE,TRUE,NA,0.05,3,0.6,1.2,0.12,0.25
local_static_map_repeatability,414,down,400,400,TRUE,4,20,3.8000000000000003,6.523,5.664,-0.859,0.859,0.1,5.6000000000000005,5.7,5.65,"[5.60, 5.70)",24.7,21.72,3.56,3.04,0,0,-2.2187365471612502e-14,-1.4319087374024795e-15,TRUE,TRUE,NA,0.05,3,0.6,1.2,0.12,0.25
local_static_map_repeatability,415,up,400,400,TRUE,4,20,3.8000000000000003,5.664,6.681,1.0170000000000003,1.0170000000000003,0.1,6.6000000000000005,6.7,6.65,"[6.60, 6.70)",21.72,25.62,3.04,3.66,0.010208355710680591,0,0.1488721804510903,5.655503597977142e-15,TRUE,TRUE,NA,0.05,3,0.6,1.2,0.12,0.25
local_static_map_repeatability,416,down,400,400,TRUE,4,20,3.8000000000000003,6.681,6.085,-0.5960000000000001,0.5960000000000001,0.1,6,6.1,6.05,"[6.00, 6.10)",25.62,23.88,3.66,3.3,0,0,-4.676618845855306e-14,1.9393300381827775e-15,TRUE,TRUE,NA,0.05,3,0.6,1.2,0.12,0.25
local_static_map_repeatability,417,down,400,400,TRUE,4,20,3.8000000000000003,6.085,5.194,-0.891,0.891,0.1,5.1000000000000005,5.2,5.15,"[5.10, 5.20)",23.88,19.78,3.3,2.76,0.004472135954999484,0,-0.028571428571411747,-2.06657472594064e-15,TRUE,TRUE,NA,0.05,3,0.6,1.2,0.12,0.25
local_static_map_repeatability,418,up,400,400,TRUE,4,20,3.8000000000000003,5.194,6.788,1.5940000000000003,1.5940000000000003,0.1,6.7,6.8,6.75,"[6.70, 6.80)",19.78,26.22,2.76,3.72,0.009403246919632345,0,0.12631578947365577,4.160155334847338e-15,TRUE,TRUE,NA,0.05,3,0.6,1.2,0.12,0.25
local_static_map_repeatability,419,down,400,400,TRUE,4,20,3.8000000000000003,6.788,6.386,-0.40200000000000014,0.40200000000000014,0.1,6.300000000000001,6.4,6.3500000000000005,"[6.30, 6.40)",26.24,25.3,3.72,3.48,0,0,-1.841525239804832e-14,-5.084367378921277e-15,TRUE,TRUE,NA,0.05,3,0.6,1.2,0.12,0.25
local_static_map_repeatability,420,up,400,400,TRUE,4,20,3.8000000000000003,6.386,7.029,0.6429999999999998,0.6429999999999998,0.1,7,7.1,7.05,"[7.00, 7.10)",25.3,27.52,3.48,3.86,0,0,-1.2398527272960806e-14,2.909132753548288e-15,TRUE,TRUE,NA,0.05,3,0.6,1.2,0.12,0.25
local_static_map_repeatability,421,down,400,400,TRUE,4,20,3.8000000000000003,7.029,6.245,-0.7839999999999998,0.7839999999999998,0.1,6.2,6.3,6.25,"[6.20, 6.30)",27.52,25.16,3.86,3.4,0,0,2.53793268154622e-15,-5.529170670335641e-16,TRUE,TRUE,NA,0.05,3,0.6,1.2,0.12,0.25
local_static_map_repeatability,422,up,400,400,TRUE,4,20,3.8000000000000003,6.245,6.781,0.5359999999999996,0.5359999999999996,0.1,6.7,6.8,6.75,"[6.70, 6.80)",25.16,26.76,3.4,3.72,0.008885233166387774,0,0.10375939849624478,4.160155334847338e-15,TRUE,TRUE,NA,0.05,3,0.6,1.2,0.12,0.25
local_static_map_repeatability,423,down,400,400,TRUE,4,20,3.8000000000000003,6.781,5.245,-1.5359999999999996,1.5359999999999996,0.1,5.2,5.3,5.25,"[5.20, 5.30)",26.76,20.62,3.72,2.78,0.004472135954999484,0.00615587011251093,-0.02857142857143835,-0.012030075187963974,TRUE,TRUE,NA,0.05,3,0.6,1.2,0.12,0.25
local_static_map_repeatability,424,down,400,400,TRUE,4,20,3.8000000000000003,5.245,2.299,-2.946,2.946,0.1,2.2,2.3000000000000003,2.25,"[2.20, 2.30)",20.62,6.76,2.78,1.02,0.010208355710681044,0,-0.1488721804511406,1.894199908232723e-15,TRUE,TRUE,NA,0.05,3,0.6,1.2,0.12,0.25
local_static_map_repeatability,425,up,400,400,TRUE,4,20,3.8000000000000003,2.299,3.124,0.8250000000000002,0.8250000000000002,0.1,3.1,3.2,3.1500000000000004,"[3.10, 3.20)",6.76,8.8,1.02,1.52,0,0,-1.0947392718381356e-14,-7.159543687012397e-16,TRUE,TRUE,NA,0.05,3,0.6,1.2,0.12,0.25
local_static_map_repeatability,426,down,400,400,TRUE,4,20,3.8000000000000003,3.124,2.532,-0.5920000000000001,0.5920000000000001,0.1,2.5,2.6,2.55,"[2.50, 2.60)",8.8,7.08,1.52,1.16,0.010052493799000925,0,-0.1443609022556603,7.929419577890784e-16,TRUE,TRUE,NA,0.05,3,0.6,1.2,0.12,0.25
local_static_map_repeatability,427,up,400,400,TRUE,4,20,3.8000000000000003,2.532,3.653,1.121,1.121,0.1,3.6,3.7,3.6500000000000004,"[3.60, 3.70)",7.06,10.42,1.16,1.84,0,0,-1.4754652715720558e-14,5.116179716181576e-15,TRUE,TRUE,NA,0.05,3,0.6,1.2,0.12,0.25
local_static_map_repeatability,428,up,400,400,TRUE,4,20,3.8000000000000003,3.653,5.793,2.14,2.14,0.1,5.7,5.8,5.75,"[5.70, 5.80)",10.42,20.88,1.84,3.12,0.00978720969859165,0,0.12481203007516578,4.187251461568364e-15,TRUE,TRUE,NA,0.05,3,0.6,1.2,0.12,0.25
local_static_map_repeatability,429,up,400,400,TRUE,4,20,3.8000000000000003,5.793,6.363,0.5700000000000003,0.5700000000000003,0.1,6.300000000000001,6.4,6.3500000000000005,"[6.30, 6.40)",20.9,24.12,3.12,3.46,0.010052493799000478,0,0.1443609022556225,3.027039925265909e-15,TRUE,TRUE,NA,0.05,3,0.6,1.2,0.12,0.25
local_static_map_repeatability,430,down,400,400,TRUE,4,20,3.8000000000000003,6.363,2.751,-3.6120000000000005,3.6120000000000005,0.1,2.7,2.8000000000000003,2.75,"[2.70, 2.80)",24.12,8.14,3.46,1.3,0.00940324691963318,0,-0.12631578947369954,2.3791012659154783e-15,TRUE,TRUE,NA,0.05,3,0.6,1.2,0.12,0.25
local_static_map_repeatability,431,up,400,400,TRUE,4,20,3.8000000000000003,2.751,4.976,2.225,2.225,0.1,4.9,5,4.95,"[4.90, 5.00)",8.12,16.86,1.3,2.62,0.008885233166386196,0,0.11278195488722075,4.259753110787687e-15,TRUE,TRUE,NA,0.05,3,0.6,1.2,0.12,0.25
local_static_map_repeatability,432,down,400,400,TRUE,4,20,3.8000000000000003,4.976,3.489,-1.487,1.487,0.1,3.4000000000000004,3.5000000000000004,3.45,"[3.40, 3.50)",16.88,10.86,2.62,1.74,0.004472135954999881,0,-0.028571428571433934,-2.5421836894606384e-15,TRUE,TRUE,NA,0.05,3,0.6,1.2,0.12,0.25
local_static_map_repeatability,433,up,400,400,TRUE,4,20,3.8000000000000003,3.489,4.377,0.8879999999999999,0.8879999999999999,0.1,4.3,4.3999999999999995,4.35,"[4.30, 4.40)",10.86,13.96,1.74,2.28,0,0,-5.5093940680621855e-15,-2.492522497764585e-15,TRUE,TRUE,NA,0.05,3,0.6,1.2,0.12,0.25
local_static_map_repeatability,434,up,400,400,TRUE,4,20,3.8000000000000003,4.377,4.869,0.492,0.492,0.1,4.800000000000001,4.9,4.8500000000000005,"[4.80, 4.90)",13.96,16.3,2.28,2.56,0,0,1.3341608820475176e-14,-1.857856509226424e-15,TRUE,TRUE,NA,0.05,3,0.6,1.2,0.12,0.25
local_static_map_repeatability,435,up,400,400,TRUE,4,20,3.8000000000000003,4.869,6.096,1.2270000000000003,1.2270000000000003,0.1,6,6.1,6.05,"[6.00, 6.10)",16.3,22.66,2.56,3.3,0.010208355710680591,0,0.14887218045111453,1.9393300381827775e-15,TRUE,TRUE,NA,0.05,3,0.6,1.2,0.12,0.25
local_static_map_repeatability,436,down,400,400,TRUE,4,20,3.8000000000000003,6.096,5.382,-0.7140000000000004,0.7140000000000004,0.1,5.300000000000001,5.4,5.3500000000000005,"[5.30, 5.40)",22.66,20.2,3.3,2.88,0,0,2.7043518085377685e-14,2.5556866309436675e-15,TRUE,TRUE,NA,0.05,3,0.6,1.2,0.12,0.25
local_static_map_repeatability,437,up,400,400,TRUE,4,20,3.8000000000000003,5.382,6.359,0.9770000000000003,0.9770000000000003,0.1,6.300000000000001,6.4,6.3500000000000005,"[6.30, 6.40)",20.2,24.22,2.88,3.46,0.010208355710680591,0,0.14887218045116019,3.027039925265909e-15,TRUE,TRUE,NA,0.05,3,0.6,1.2,0.12,0.25
local_static_map_repeatability,438,down,400,400,TRUE,4,20,3.8000000000000003,6.359,5.452,-0.907,0.907,0.1,5.4,5.5,5.45,"[5.40, 5.50)",24.22,20.94,3.46,2.92,0,0,1.711243517505311e-14,1.5587877888571307e-15,TRUE,TRUE,NA,0.05,3,0.6,1.2,0.12,0.25
local_static_map_repeatability,439,down,400,400,TRUE,4,20,3.8000000000000003,5.452,1.328,-4.124,4.124,0.1,1.3,1.4000000000000001,1.35,"[1.30, 1.40)",20.94,3.88,2.92,0.46,0.021980852911951412,0.00615587011251093,-0.3563909774436121,-0.05413533834586377,TRUE,TRUE,NA,0.05,3,0.6,1.2,0.12,0.25
local_static_map_repeatability,440,up,400,400,TRUE,4,20,3.8000000000000003,1.328,2.17,0.8419999999999999,0.8419999999999999,0.1,2.1,2.2,2.1500000000000004,"[2.10, 2.20)",3.84,5.38,0.44,0.94,0,0,2.1931783848470483e-15,8.151865083383783e-17,TRUE,TRUE,NA,0.05,3,0.6,1.2,0.12,0.25
local_static_map_repeatability,441,up,400,400,TRUE,4,20,3.8000000000000003,2.17,5.983,3.8129999999999997,3.8129999999999997,0.1,5.9,6,5.95,"[5.90, 6.00)",5.38,21.84,0.94,3.24,0.010052493799000478,0,0.14436090225560383,1.1965549353087544e-15,TRUE,TRUE,NA,0.05,3,0.6,1.2,0.12,0.25
local_static_map_repeatability,442,down,400,400,TRUE,4,20,3.8000000000000003,5.983,4.644,-1.3389999999999995,1.3389999999999995,0.1,4.6000000000000005,4.7,4.65,"[4.60, 4.70)",21.84,16.36,3.24,2.44,0.006155870112510793,0,-0.05413533834588006,1.1328400170331857e-15,TRUE,TRUE,NA,0.05,3,0.6,1.2,0.12,0.25
local_static_map_repeatability,443,up,400,400,TRUE,4,20,3.8000000000000003,4.644,5.699,1.0549999999999997,1.0549999999999997,0.1,5.6000000000000005,5.7,5.65,"[5.60, 5.70)",16.36,20.8,2.44,3.06,0.006155870112510793,0,0.05413533834587187,6.072944692688911e-16,TRUE,TRUE,NA,0.05,3,0.6,1.2,0.12,0.25
local_static_map_repeatability,444,up,400,400,TRUE,4,20,3.8000000000000003,5.699,6.785,1.0860000000000003,1.0860000000000003,0.1,6.7,6.8,6.75,"[6.70, 6.80)",20.82,26.22,3.06,3.72,0.008885233166386196,0,0.11278195488721494,4.160155334847338e-15,TRUE,TRUE,NA,0.05,3,0.6,1.2,0.12,0.25
local_static_map_repeatability,445,down,400,400,TRUE,4,20,3.8000000000000003,6.785,5.429,-1.3559999999999999,1.3559999999999999,0.1,5.4,5.5,5.45,"[5.40, 5.50)",26.24,21,3.72,2.9,0,0,2.7406762265364064e-14,2.0572372099003984e-15,TRUE,TRUE,NA,0.05,3,0.6,1.2,0.12,0.25
local_static_map_repeatability,446,up,400,400,TRUE,4,20,3.8000000000000003,5.429,6.727,1.298,1.298,0.1,6.7,6.8,6.75,"[6.70, 6.80)",21,26.18,2.9,3.68,0.007326950970650309,0,0.07669172932336266,1.0232359432363152e-14,TRUE,TRUE,NA,0.05,3,0.6,1.2,0.12,0.25
local_static_map_repeatability,447,down,400,400,TRUE,4,20,3.8000000000000003,6.727,6.024,-0.7030000000000003,0.7030000000000003,0.1,6,6.1,6.05,"[6.00, 6.10)",26.2,24.02,3.68,3.26,0,0,1.3485510548720851e-14,2.9362288802693145e-15,TRUE,TRUE,NA,0.05,3,0.6,1.2,0.12,0.25
local_static_map_repeatability,448,down,400,400,TRUE,4,20,3.8000000000000003,6.024,5.124,-0.9000000000000004,0.9000000000000004,0.1,5.1000000000000005,5.2,5.15,"[5.10, 5.20)",24.02,19.8,3.26,2.72,0.007326950970650309,0,-0.07669172932334373,1.7675060055713464e-15,TRUE,TRUE,NA,0.05,3,0.6,1.2,0.12,0.25
local_static_map_repeatability,449,down,400,400,TRUE,4,20,3.8000000000000003,5.124,2.788,-2.336,2.336,0.1,2.7,2.8000000000000003,2.75,"[2.70, 2.80)",19.8,8.56,2.72,1.32,0.009403246919632345,0,-0.12631578947366431,6.118255310148904e-16,TRUE,TRUE,NA,0.05,3,0.6,1.2,0.12,0.25
local_static_map_repeatability,450,down,400,400,TRUE,4,20,3.8000000000000003,2.788,1.848,-0.9399999999999997,0.9399999999999997,0.1,1.8,1.9000000000000001,1.85,"[1.80, 1.90)",8.56,5.14,1.32,0.74,0.007326950970650634,0,-0.07669172932330438,-4.939409202360112e-16,TRUE,TRUE,NA,0.05,3,0.6,1.2,0.12,0.25
local_static_map_repeatability,451,down,400,400,TRUE,4,20,3.8000000000000003,1.848,1.222,-0.6260000000000001,0.6260000000000001,0.1,1.2000000000000002,1.3000000000000003,1.2500000000000002,"[1.20, 1.30)",5.14,3.22,0.74,0.36,0.016254554017744994,0,-0.2571428571428567,3.1946082886795844e-16,TRUE,TRUE,NA,0.05,3,0.6,1.2,0.12,0.25
local_static_map_repeatability,452,up,400,400,TRUE,4,20,3.8000000000000003,1.222,2.038,0.8159999999999998,0.8159999999999998,0.1,2,2.1,2.05,"[2.00, 2.10)",3.2,4.74,0.36,0.86,0,0,3.516702615365422e-15,-3.874539772800252e-16,TRUE,TRUE,NA,0.05,3,0.6,1.2,0.12,0.25
local_static_map_repeatability,453,down,400,400,TRUE,4,20,3.8000000000000003,2.038,1.273,-0.7649999999999999,0.7649999999999999,0.1,1.2000000000000002,1.3000000000000003,1.2500000000000002,"[1.20, 1.30)",4.74,3.1,0.86,0.4,0.010208355710680819,0.00615587011251093,-0.14887218045112643,0.006015037593985275,TRUE,TRUE,NA,0.05,3,0.6,1.2,0.12,0.25
local_static_map_repeatability,454,up,400,400,TRUE,4,20,3.8000000000000003,1.273,3.485,2.2119999999999997,2.2119999999999997,0.1,3.4000000000000004,3.5000000000000004,3.45,"[3.40, 3.50)",3.1,9.18,0.4,1.72,0,0,1.1672964656954418e-14,-7.749079545600504e-16,TRUE,TRUE,NA,0.05,3,0.6,1.2,0.12,0.25
local_static_map_repeatability,455,up,400,400,TRUE,4,20,3.8000000000000003,3.485,3.975,0.4900000000000002,0.4900000000000002,0.1,3.9000000000000004,4,3.95,"[3.90, 4.00)",9.18,11.34,1.72,2.02,0,0,-1.2905858329986136e-14,-3.326108645635202e-15,TRUE,TRUE,NA,0.05,3,0.6,1.2,0.12,0.25
local_static_map_repeatability,456,up,400,400,TRUE,4,20,3.8000000000000003,3.975,6.43,2.4549999999999996,2.4549999999999996,0.1,6.4,6.5,6.45,"[6.40, 6.50)",11.34,23.98,2.02,3.5,0.010208355710680591,0,0.1488721804511227,-5.582816799964544e-15,TRUE,TRUE,NA,0.05,3,0.6,1.2,0.12,0.25
local_static_map_repeatability,457,up,400,400,TRUE,4,20,3.8000000000000003,6.43,6.946,0.516,0.516,0.1,6.9,7,6.95,"[6.90, 7.00)",24,26.88,3.5,3.82,0.00978720969859165,0,0.13684210526320206,3.906031595634824e-15,TRUE,TRUE,NA,0.05,3,0.6,1.2,0.12,0.25
local_static_map_repeatability,458,down,400,400,TRUE,4,20,3.8000000000000003,6.946,4.178,-2.768,2.768,0.1,4.1000000000000005,4.2,4.15,"[4.10, 4.20)",26.88,14.4,3.82,2.16,0.007326950970650309,0,-0.07669172932330454,3.3353559179204757e-15,TRUE,TRUE,NA,0.05,3,0.6,1.2,0.12,0.25
local_static_map_repeatability,459,up,400,400,TRUE,4,20,3.8000000000000003,4.178,4.764,0.5860000000000003,0.5860000000000003,0.1,4.7,4.8,4.75,"[4.70, 4.80)",14.38,16.42,2.16,2.5,0,0,-4.275944948650647e-15,4.7127970093326585e-15,TRUE,TRUE,NA,0.05,3,0.6,1.2,0.12,0.25
local_static_map_repeatability,460,down,400,400,TRUE,4,20,3.8000000000000003,4.764,1.94,-2.8240000000000003,2.8240000000000003,0.1,1.9000000000000001,2,1.9500000000000002,"[1.90, 2.00)",16.42,5.32,2.5,0.8,0,0,-8.70020722888553e-15,-8.6049712579837e-17,TRUE,TRUE,NA,0.05,3,0.6,1.2,0.12,0.25
local_static_map_repeatability,461,down,400,400,TRUE,4,20,3.8000000000000003,1.94,1.303,-0.637,0.637,0.1,1.3,1.4000000000000001,1.35,"[1.30, 1.40)",5.32,3.34,0.8,0.42,0.01105012502906166,0.010052493799000674,-0.1233082706766948,0.04812030075187993,TRUE,TRUE,NA,0.05,3,0.6,1.2,0.12,0.25
local_static_map_repeatability,462,up,400,400,TRUE,4,20,3.8000000000000003,1.303,1.656,0.353,0.353,0.1,1.6,1.7000000000000002,1.6500000000000001,"[1.60, 1.70)",3.32,3.82,0.42,0.64,0,0.007326950970650471,3.906031595634824e-15,-0.031578947368421664,TRUE,TRUE,NA,0.05,3,0.6,1.2,0.12,0.25
local_static_map_repeatability,463,up,400,400,TRUE,4,20,3.8000000000000003,1.656,3.77,2.114,2.114,0.1,3.7,3.8000000000000003,3.75,"[3.70, 3.80)",3.82,10.38,0.64,1.9,0.009787209698592519,0,0.13684210526317692,-3.354121193755926e-16,TRUE,TRUE,NA,0.05,3,0.6,1.2,0.12,0.25
local_static_map_repeatability,464,down,400,400,TRUE,4,20,3.8000000000000003,3.77,2.805,-0.9649999999999999,0.9649999999999999,0.1,2.8000000000000003,2.9000000000000004,2.8500000000000005,"[2.80, 2.90)",10.38,7.54,1.9,1.32,0.006155870112511066,0,-0.05413533834585396,6.118255310148904e-16,TRUE,TRUE,NA,0.05,3,0.6,1.2,0.12,0.25
local_static_map_repeatability,465,down,400,400,TRUE,4,20,3.8000000000000003,2.805,2.026,-0.7790000000000004,0.7790000000000004,0.1,2,2.1,2.05,"[2.00, 2.10)",7.52,5.12,1.32,0.86,0.008207826816681058,0,-0.08421052631579526,-3.874539772800252e-16,TRUE,TRUE,NA,0.05,3,0.6,1.2,0.12,0.25
local_static_map_repeatability,466,up,400,400,TRUE,4,20,3.8000000000000003,2.026,3.118,1.092,1.092,0.1,3.1,3.2,3.1500000000000004,"[3.10, 3.20)",5.12,7.92,0.86,1.52,0,0,8.337712966638924e-16,-7.159543687012397e-16,TRUE,TRUE,NA,0.05,3,0.6,1.2,0.12,0.25
local_static_map_repeatability,467,down,400,400,TRUE,4,20,3.8000000000000003,3.118,1.423,-1.6949999999999998,1.6949999999999998,0.1,1.4000000000000001,1.5000000000000002,1.4500000000000002,"[1.40, 1.50)",7.92,3.46,1.52,0.48,0.010052493799000702,0,-0.14436090225563986,-2.0846538510471523e-16,TRUE,TRUE,NA,0.05,3,0.6,1.2,0.12,0.25
local_static_map_repeatability,468,up,400,400,TRUE,4,20,3.8000000000000003,1.423,4.642,3.2190000000000003,3.2190000000000003,0.1,4.6000000000000005,4.7,4.65,"[4.60, 4.70)",3.46,14.12,0.48,2.44,0.010052493799001371,0,0.1443609022556346,1.1328400170331857e-15,TRUE,TRUE,NA,0.05,3,0.6,1.2,0.12,0.25
local_static_map_repeatability,469,down,400,400,TRUE,4,20,3.8000000000000003,4.642,1.53,-3.112,3.112,0.1,1.5,1.6,1.55,"[1.50, 1.60)",14.14,3.82,2.44,0.56,0.015078740698501052,0.010052493799000702,-0.23157894736842102,-0.11428571428571402,TRUE,TRUE,NA,0.05,3,0.6,1.2,0.12,0.25
local_static_map_repeatability,470,up,400,400,TRUE,4,20,3.8000000000000003,1.53,2.071,0.5410000000000001,0.5410000000000001,0.1,2,2.1,2.05,"[2.00, 2.10)",3.78,4.72,0.54,0.88,0,0,-3.897335108446037e-15,1.6517492293913453e-15,TRUE,TRUE,NA,0.05,3,0.6,1.2,0.12,0.25
local_static_map_repeatability,471,up,400,400,TRUE,4,20,3.8000000000000003,2.071,6.291,4.220000000000001,4.220000000000001,0.1,6.2,6.3,6.25,"[6.20, 6.30)",4.72,22.82,0.88,3.42,0.015894388284780184,0,0.25263157894736726,6.561591395067085e-15,TRUE,TRUE,NA,0.05,3,0.6,1.2,0.12,0.25
local_static_map_repeatability,472,down,400,400,TRUE,4,20,3.8000000000000003,6.291,5.09,-1.2010000000000005,1.2010000000000005,0.1,5,5.1,5.05,"[5.00, 5.10)",22.84,18.18,3.42,2.7,0,0,-3.023450707242763e-14,4.803608054329254e-15,TRUE,TRUE,NA,0.05,3,0.6,1.2,0.12,0.25
local_static_map_repeatability,473,up,400,400,TRUE,4,20,3.8000000000000003,5.09,6.888,1.798,1.798,0.1,6.800000000000001,6.9,6.8500000000000005,"[6.80, 6.90)",18.18,26.34,2.7,3.78,0.010208355710680591,0,0.14887218045112804,9.978235693150637e-15,TRUE,TRUE,NA,0.05,3,0.6,1.2,0.12,0.25
local_static_map_repeatability,474,down,400,400,TRUE,4,20,3.8000000000000003,6.888,5.744,-1.1440000000000001,1.1440000000000001,0.1,5.7,5.8,5.75,"[5.70, 5.80)",26.36,22.22,3.78,3.1,0,0,2.3417880178031668e-14,-3.896043728176454e-16,TRUE,TRUE,NA,0.05,3,0.6,1.2,0.12,0.25
local_static_map_repeatability,475,up,400,400,TRUE,4,20,3.8000000000000003,5.744,6.992,1.2480000000000002,1.2480000000000002,0.1,6.9,7,6.95,"[6.90, 7.00)",22.22,27.18,3.1,3.84,0,0,3.9514736817634423e-14,-1.6677230808377218e-15,TRUE,TRUE,NA,0.05,3,0.6,1.2,0.12,0.25
local_static_map_repeatability,476,down,400,400,TRUE,4,20,3.8000000000000003,6.992,4.727,-2.2649999999999997,2.2649999999999997,0.1,4.7,4.8,4.75,"[4.70, 4.80)",27.18,17.47,3.84,2.48,0.010259783520851322,0,-0.15037593984961858,1.359411749466493e-16,TRUE,TRUE,NA,0.05,3,0.6,1.2,0.12,0.25
local_static_map_repeatability,477,up,400,400,TRUE,4,20,3.8000000000000003,4.727,7.012,2.2849999999999993,2.2849999999999993,0.1,7,7.1,7.05,"[7.00, 7.10)",17.46,27.34,2.48,3.86,0,0,-5.075300594145941e-15,2.909132753548288e-15,TRUE,TRUE,NA,0.05,3,0.6,1.2,0.12,0.25
local_static_map_repeatability,478,down,400,400,TRUE,4,20,3.8000000000000003,7.012,6.1,-0.9119999999999999,0.9119999999999999,0.1,6.1000000000000005,6.2,6.15,"[6.10, 6.20)",27.34,24.42,3.86,3.3,0,0,1.4865249685557283e-14,1.9393300381827775e-15,TRUE,TRUE,NA,0.05,3,0.6,1.2,0.12,0.25
local_static_map_repeatability,479,up,400,400,TRUE,4,20,3.8000000000000003,6.1,7.17,1.0700000000000003,1.0700000000000003,0.1,7.1000000000000005,7.2,7.15,"[7.10, 7.20)",24.42,28.24,3.3,3.94,0.007326950970651611,0.00820782681668124,0.07669172932330787,-0.024060150375946998,TRUE,TRUE,NA,0.05,3,0.6,1.2,0.12,0.25
local_static_map_repeatability,480,down,400,400,TRUE,4,20,3.8000000000000003,7.17,5.136,-2.034,2.034,0.1,5.1000000000000005,5.2,5.15,"[5.10, 5.20)",28.26,20.06,3.94,2.72,0.004472135954999484,0,-0.028571428571435745,1.7675060055713464e-15,TRUE,TRUE,NA,0.05,3,0.6,1.2,0.12,0.25
local_static_map_repeatability,481,down,400,400,TRUE,4,20,3.8000000000000003,5.136,3.955,-1.181,1.181,0.1,3.9000000000000004,4,3.95,"[3.90, 4.00)",20.06,13.8,2.72,2.02,0.00978720969859165,0,-0.13684210526314927,-3.326108645635202e-15,TRUE,TRUE,NA,0.05,3,0.6,1.2,0.12,0.25
local_static_map_repeatability,482,down,400,400,TRUE,4,20,3.8000000000000003,3.955,2.61,-1.3450000000000002,1.3450000000000002,0.1,2.6,2.7,2.6500000000000004,"[2.60, 2.70)",13.8,7.74,2.02,1.2,0.010052493799000478,0,-0.14436090225562528,-2.0395688429745824e-16,TRUE,TRUE,NA,0.05,3,0.6,1.2,0.12,0.25
local_static_map_repeatability,483,up,400,400,TRUE,4,20,3.8000000000000003,2.61,3.773,1.1630000000000003,1.1630000000000003,0.1,3.7,3.8000000000000003,3.75,"[3.70, 3.80)",7.74,11.36,1.2,1.9,0,0,-6.0908791295962975e-15,-3.354121193755926e-16,TRUE,TRUE,NA,0.05,3,0.6,1.2,0.12,0.25
local_static_map_repeatability,484,down,400,400,TRUE,4,20,3.8000000000000003,3.773,2.244,-1.529,1.529,0.1,2.2,2.3000000000000003,2.25,"[2.20, 2.30)",11.36,6.3,1.9,0.98,0.010052493799000478,0,-0.14436090225563997,1.6222724364619403e-15,TRUE,TRUE,NA,0.05,3,0.6,1.2,0.12,0.25
local_static_map_repeatability,485,up,400,400,TRUE,4,20,3.8000000000000003,2.244,4.081,1.8370000000000002,1.8370000000000002,0.1,4,4.1,4.05,"[4.00, 4.10)",6.28,12.32,0.98,2.1,0.009403246919632345,0,0.12631578947368008,-2.7822537020936368e-15,TRUE,TRUE,NA,0.05,3,0.6,1.2,0.12,0.25
local_static_map_repeatability,486,up,400,400,TRUE,4,20,3.8000000000000003,4.081,6.484,2.4029999999999996,2.4029999999999996,0.1,6.4,6.5,6.45,"[6.40, 6.50)",12.32,24.61,2.1,3.54,0.010259783520851322,0,0.15037593984962183,-4.042063014336443e-15,TRUE,TRUE,NA,0.05,3,0.6,1.2,0.12,0.25
local_static_map_repeatability,487,down,400,400,TRUE,4,20,3.8000000000000003,6.484,1.828,-4.656,4.656,0.1,1.8,1.9000000000000001,1.85,"[1.80, 1.90)",24.62,5.09,3.54,0.72,0.0229415733870563,0.009403246919632553,-0.375939849624066,-0.12631578947368313,TRUE,TRUE,NA,0.05,3,0.6,1.2,0.12,0.25
local_static_map_repeatability,488,up,400,400,TRUE,4,20,3.8000000000000003,1.828,2.959,1.131,1.131,0.1,2.9000000000000004,3.0000000000000004,2.95,"[2.90, 3.00)",5.06,7.84,0.72,1.42,0,0,1.2978179491695522e-14,-7.613598911995372e-16,TRUE,TRUE,NA,0.05,3,0.6,1.2,0.12,0.25
local_static_map_repeatability,489,up,400,400,TRUE,4,20,3.8000000000000003,2.959,4.144,1.185,1.185,0.1,4.1000000000000005,4.2,4.15,"[4.10, 4.20)",7.84,12.46,1.42,2.14,0.010208355710680591,0,0.13984962406015544,3.8338053389637436e-15,TRUE,TRUE,NA,0.05,3,0.6,1.2,0.12,0.25
local_static_map_repeatability,490,down,400,400,TRUE,4,20,3.8000000000000003,4.144,3.342,-0.802,0.802,0.1,3.3000000000000003,3.4000000000000004,3.3500000000000005,"[3.30, 3.40)",12.48,9.84,2.14,1.64,0.006155870112510793,0,-0.04210526315789052,-1.318762898101616e-15,TRUE,TRUE,NA,0.05,3,0.6,1.2,0.12,0.25
local_static_map_repeatability,491,up,400,400,TRUE,4,20,3.8000000000000003,3.342,4.742,1.4,1.4,0.1,4.7,4.8,4.75,"[4.70, 4.80)",9.84,15.32,1.64,2.48,0.007326950970650309,0,0.07669172932329255,1.359411749466493e-16,TRUE,TRUE,NA,0.05,3,0.6,1.2,0.12,0.25
local_static_map_repeatability,492,down,400,400,TRUE,4,20,3.8000000000000003,4.742,3.773,-0.9689999999999999,0.9689999999999999,0.1,3.7,3.8000000000000003,3.75,"[3.70, 3.80)",15.34,11.8,2.48,1.9,0,0,8.91881840801981e-15,-3.354121193755926e-16,TRUE,TRUE,NA,0.05,3,0.6,1.2,0.12,0.25
local_static_map_repeatability,493,up,400,400,TRUE,4,20,3.8000000000000003,3.773,5.635,1.8619999999999997,1.8619999999999997,0.1,5.6000000000000005,5.7,5.65,"[5.60, 5.70)",11.8,20.06,1.9,3.02,0.009403246919632345,0,0.12631578947368094,-9.334593163592112e-16,TRUE,TRUE,NA,0.05,3,0.6,1.2,0.12,0.25
local_static_map_repeatability,494,up,400,400,TRUE,4,20,3.8000000000000003,5.635,6.643,1.008,1.008,0.1,6.6000000000000005,6.7,6.65,"[6.60, 6.70)",20.08,25.48,3.02,3.64,0.008207826816681058,0,0.09624060150376083,-3.996657491838145e-15,TRUE,TRUE,NA,0.05,3,0.6,1.2,0.12,0.25
local_static_map_repeatability,495,down,400,400,TRUE,4,20,3.8000000000000003,6.643,2.833,-3.8099999999999996,3.8099999999999996,0.1,2.8000000000000003,2.9000000000000004,2.8500000000000005,"[2.80, 2.90)",25.48,8.52,3.64,1.34,0.010052493799000478,0,-0.14436090225564857,-2.4242765177430167e-15,TRUE,TRUE,NA,0.05,3,0.6,1.2,0.12,0.25
local_static_map_repeatability,496,up,400,400,TRUE,4,20,3.8000000000000003,2.833,4.832,1.9989999999999997,1.9989999999999997,0.1,4.800000000000001,4.9,4.8500000000000005,"[4.80, 4.90)",8.5,16.2,1.34,2.54,0,0,-1.2978910764301945e-14,-1.3594070881831554e-15,TRUE,TRUE,NA,0.05,3,0.6,1.2,0.12,0.25
local_static_map_repeatability,497,down,400,400,TRUE,4,20,3.8000000000000003,4.832,2.48,-2.352,2.352,0.1,2.4000000000000004,2.5000000000000004,2.45,"[2.40, 2.50)",16.2,7.13,2.54,1.12,0.010259783520851322,0,-0.15037593984962164,1.9396054307310205e-15,TRUE,TRUE,NA,0.05,3,0.6,1.2,0.12,0.25
local_static_map_repeatability,498,up,400,400,TRUE,4,20,3.8000000000000003,2.48,3.272,0.7919999999999998,0.7919999999999998,0.1,3.2,3.3000000000000003,3.25,"[3.20, 3.30)",7.12,9.16,1.12,1.6,0.006155870112510793,0,5.550678427730356e-15,-1.72099425159674e-16,TRUE,TRUE,NA,0.05,3,0.6,1.2,0.12,0.25
local_static_map_repeatability,499,down,400,400,TRUE,4,20,3.8000000000000003,3.272,0.994,-2.2779999999999996,2.2779999999999996,0.1,0.9,1,0.95,"[0.90, 1.00)",9.16,2.78,1.6,0.26,0.014653901941300942,0,-0.22556390977443894,3.1731043333033816e-17,TRUE,TRUE,NA,0.05,3,0.6,1.2,0.12,0.25
local_static_map_repeatability,500,up,400,400,TRUE,4,20,3.8000000000000003,0.994,2.309,1.3150000000000002,1.3150000000000002,0.1,2.3000000000000003,2.4000000000000004,2.3500000000000005,"[2.30, 2.40)",2.74,5.42,0.26,1.02,0,0,-3.879025712668767e-15,1.894199908232723e-15,TRUE,TRUE,NA,0.05,3,0.6,1.2,0.12,0.25
local_static_map_repeatability,501,up,400,400,TRUE,4,20,3.8000000000000003,2.309,6.624,4.3149999999999995,4.3149999999999995,0.1,6.6000000000000005,6.7,6.65,"[6.60, 6.70)",5.42,24.88,1.02,3.62,0.015355437918997962,0,0.24060150375938877,1.5770971846344015e-15,TRUE,TRUE,NA,0.05,3,0.6,1.2,0.12,0.25
local_static_map_repeatability,502,down,400,400,TRUE,4,20,3.8000000000000003,6.624,4.212,-2.412,2.412,0.1,4.2,4.3,4.25,"[4.20, 4.30)",24.9,14.16,3.62,2.18,0,0,-1.616825205734577e-14,-2.2383987585520707e-15,TRUE,TRUE,NA,0.05,3,0.6,1.2,0.12,0.25
local_static_map_repeatability,503,down,400,400,TRUE,4,20,3.8000000000000003,4.212,3.376,-0.8359999999999999,0.8359999999999999,0.1,3.3000000000000003,3.4000000000000004,3.3500000000000005,"[3.30, 3.40)",14.16,10.32,2.18,1.66,0,0,7.253867897797868e-16,7.204403085697546e-16,TRUE,TRUE,NA,0.05,3,0.6,1.2,0.12,0.25
local_static_map_repeatability,504,down,400,400,TRUE,4,20,3.8000000000000003,3.376,2.877,-0.4990000000000001,0.4990000000000001,0.1,2.8000000000000003,2.9000000000000004,2.8500000000000005,"[2.80, 2.90)",10.32,8.28,1.66,1.36,0,0,-1.3812682060965839e-14,8.837530027856732e-16,TRUE,TRUE,NA,0.05,3,0.6,1.2,0.12,0.25
local_static_map_repeatability,505,down,400,400,TRUE,4,20,3.8000000000000003,2.877,1.866,-1.0109999999999997,1.0109999999999997,0.1,1.8,1.9000000000000001,1.85,"[1.80, 1.90)",8.28,4.92,1.36,0.76,0.006155870112510793,0,-0.05413533834586805,-3.5797718435061987e-16,TRUE,TRUE,NA,0.05,3,0.6,1.2,0.12,0.25
local_static_map_repeatability,506,up,400,400,TRUE,4,20,3.8000000000000003,1.866,2.732,0.8660000000000001,0.8660000000000001,0.1,2.7,2.8000000000000003,2.75,"[2.70, 2.80)",4.9,6.9,0.76,1.28,0.004472135954999683,0,0.025563909774440424,-9.28928254613212e-16,TRUE,TRUE,NA,0.05,3,0.6,1.2,0.12,0.25
local_static_map_repeatability,507,up,400,400,TRUE,4,20,3.8000000000000003,2.732,3.377,0.6449999999999996,0.6449999999999996,0.1,3.3000000000000003,3.4000000000000004,3.3500000000000005,"[3.30, 3.40)",6.9,9.02,1.28,1.66,0,0,-4.640660996416547e-15,7.204403085697546e-16,TRUE,TRUE,NA,0.05,3,0.6,1.2,0.12,0.25
local_static_map_repeatability,508,up,400,400,TRUE,4,20,3.8000000000000003,3.377,4.639,1.2620000000000005,1.2620000000000005,0.1,4.6000000000000005,4.7,4.65,"[4.60, 4.70)",9.02,14.51,1.66,2.44,0.010259783520851322,0,0.15037593984965789,1.1328400170331857e-15,TRUE,TRUE,NA,0.05,3,0.6,1.2,0.12,0.25
local_static_map_repeatability,509,down,400,400,TRUE,4,20,3.8000000000000003,4.639,3.067,-1.572,1.572,0.1,3,3.1,3.05,"[3.00, 3.10)",14.52,8.78,2.44,1.48,0,0,2.1641953077819786e-14,-9.878818404720225e-16,TRUE,TRUE,NA,0.05,3,0.6,1.2,0.12,0.25
local_static_map_repeatability,510,up,400,400,TRUE,4,20,3.8000000000000003,3.067,6.295,3.2279999999999998,3.2279999999999998,0.1,6.2,6.3,6.25,"[6.20, 6.30)",8.78,23.22,1.48,3.42,0.01209610637658573,0,0.17293233082708281,6.561591395067085e-15,TRUE,TRUE,NA,0.05,3,0.6,1.2,0.12,0.25
local_static_map_repeatability,511,down,400,400,TRUE,4,20,3.8000000000000003,6.295,3.121,-3.174,3.174,0.1,3.1,3.2,3.1500000000000004,"[3.10, 3.20)",23.24,9.28,3.42,1.52,0.008885233166386985,0,-0.1127819548872185,-7.159543687012397e-16,TRUE,TRUE,NA,0.05,3,0.6,1.2,0.12,0.25
local_static_map_repeatability,512,up,400,400,TRUE,4,20,3.8000000000000003,3.121,5.545,2.424,2.424,0.1,5.5,5.6,5.55,"[5.50, 5.60)",9.28,19.56,1.52,2.98,0.008944271909998969,0,0.10526315789475689,2.6010921534419644e-15,TRUE,TRUE,NA,0.05,3,0.6,1.2,0.12,0.25
local_static_map_repeatability,513,down,400,400,TRUE,4,20,3.8000000000000003,5.545,3.217,-2.328,2.328,0.1,3.2,3.3000000000000003,3.25,"[3.20, 3.30)",19.58,9.74,2.98,1.58,0.010052493799000478,0,-0.1443609022556412,1.595176309740914e-15,TRUE,TRUE,NA,0.05,3,0.6,1.2,0.12,0.25
local_static_map_repeatability,514,up,400,400,TRUE,4,20,3.8000000000000003,3.217,4.421,1.2040000000000002,1.2040000000000002,0.1,4.4,4.5,4.45,"[4.40, 4.50)",9.72,14,1.58,2.3,0.006155870112510793,0,0.05413533834585091,-2.9909719188078527e-15,TRUE,TRUE,NA,0.05,3,0.6,1.2,0.12,0.25
local_static_map_repeatability,515,down,400,400,TRUE,4,20,3.8000000000000003,4.421,2.152,-2.269,2.269,0.1,2.1,2.2,2.1500000000000004,"[2.10, 2.20)",14,5.94,2.3,0.94,0.006155870112511066,0.007326950970650431,-0.05413533834586365,0.01654135338345851,TRUE,TRUE,NA,0.05,3,0.6,1.2,0.12,0.25
local_static_map_repeatability,516,down,400,400,TRUE,4,20,3.8000000000000003,2.152,0.956,-1.1960000000000002,1.1960000000000002,0.1,0.9,1,0.95,"[0.90, 1.00)",5.92,2.58,0.94,0.22,0.013726654823065206,0.00820782681668123,-0.20300751879699455,-0.09624060150375889,TRUE,TRUE,NA,0.05,3,0.6,1.2,0.12,0.25
local_static_map_repeatability,517,up,400,400,TRUE,4,20,3.8000000000000003,0.956,3.664,2.708,2.708,0.1,3.6,3.7,3.6500000000000004,"[3.60, 3.70)",2.56,9.96,0.22,1.84,0.004472135954999484,0,0.028571428571438656,5.116179716181576e-15,TRUE,TRUE,NA,0.05,3,0.6,1.2,0.12,0.25
local_static_map_repeatability,518,up,400,400,TRUE,4,20,3.8000000000000003,3.664,5.312,1.6480000000000001,1.6480000000000001,0.1,5.300000000000001,5.4,5.3500000000000005,"[5.30, 5.40)",9.98,17.94,1.84,2.84,0.009403246919632345,0,0.12631578947372155,-1.5227197823990744e-15,TRUE,TRUE,NA,0.05,3,0.6,1.2,0.12,0.25
local_static_map_repeatability,519,down,400,400,TRUE,4,20,3.8000000000000003,5.312,3.85,-1.4620000000000002,1.4620000000000002,0.1,3.8000000000000003,3.9000000000000004,3.8500000000000005,"[3.80, 3.90)",17.96,12.08,2.84,1.96,0,0,-3.733837265436845e-15,3.2445448729238806e-15,TRUE,TRUE,NA,0.05,3,0.6,1.2,0.12,0.25
local_static_map_repeatability,520,up,400,400,TRUE,4,20,3.8000000000000003,3.85,5.274,1.424,1.424,0.1,5.2,5.3,5.25,"[5.20, 5.30)",12.08,18,1.96,2.8,0.006155870112510793,0,0.054135338345851484,4.5494843151167395e-15,TRUE,TRUE,NA,0.05,3,0.6,1.2,0.12,0.25
local_static_map_repeatability,521,down,400,400,TRUE,4,20,3.8000000000000003,5.274,3.974,-1.2999999999999998,1.2999999999999998,0.1,3.9000000000000004,4,3.95,"[3.90, 4.00)",18.02,12.84,2.8,2.02,0.004472135954999484,0,-0.02857142857141104,-3.326108645635202e-15,TRUE,TRUE,NA,0.05,3,0.6,1.2,0.12,0.25
local_static_map_repeatability,522,up,400,400,TRUE,4,20,3.8000000000000003,3.974,5.734,1.7599999999999998,1.7599999999999998,0.1,5.7,5.8,5.75,"[5.70, 5.80)",12.82,20.5,2.02,3.08,0.009403246919632345,0,0.12631578947366146,1.0884504822562292e-16,TRUE,TRUE,NA,0.05,3,0.6,1.2,0.12,0.25
local_static_map_repeatability,523,down,400,400,TRUE,4,20,3.8000000000000003,5.734,4.907,-0.827,0.827,0.1,4.9,5,4.95,"[4.90, 5.00)",20.5,17.46,3.08,2.58,0,0,-9.416003571681748e-16,1.813466974449467e-16,TRUE,TRUE,NA,0.05,3,0.6,1.2,0.12,0.25
local_static_map_repeatability,524,down,400,400,TRUE,4,20,3.8000000000000003,4.907,3.044,-1.863,1.863,0.1,3,3.1,3.05,"[3.00, 3.10)",17.46,9.18,2.58,1.47,0.008885233166386196,0.01025978352085155,-0.11278195488721089,0.15037593984962339,TRUE,TRUE,NA,0.05,3,0.6,1.2,0.12,0.25
local_static_map_repeatability,525,up,400,400,TRUE,4,20,3.8000000000000003,3.044,4.131,1.0870000000000002,1.0870000000000002,0.1,4.1000000000000005,4.2,4.15,"[4.10, 4.20)",9.16,12.78,1.48,2.12,0.00978720969859165,0,0.12781954887217117,-3.2807031231369043e-15,TRUE,TRUE,NA,0.05,3,0.6,1.2,0.12,0.25
local_static_map_repeatability,526,down,400,400,TRUE,4,20,3.8000000000000003,4.131,2.982,-1.149,1.149,0.1,2.9000000000000004,3.0000000000000004,2.95,"[2.90, 3.00)",12.78,8.8,2.12,1.42,0,0.007326950970650471,-1.0947392718381356e-14,0.07669172932330906,TRUE,TRUE,NA,0.05,3,0.6,1.2,0.12,0.25
local_static_map_repeatability,527,up,400,400,TRUE,4,20,3.8000000000000003,2.982,4.708,1.726,1.726,0.1,4.7,4.8,4.75,"[4.70, 4.80)",8.8,15.2,1.44,2.46,0.007326950970650309,0.010052493799000702,0.07669172932328788,0.015037593984961888,TRUE,TRUE,NA,0.05,3,0.6,1.2,0.12,0.25
local_static_map_repeatability,528,down,400,400,TRUE,4,20,3.8000000000000003,4.708,3.028,-1.6800000000000002,1.6800000000000002,0.1,3,3.1,3.05,"[3.00, 3.10)",15.2,8.96,2.46,1.46,0.009403246919632345,0,-0.11428571428571478,7.7939389442856535e-16,TRUE,TRUE,NA,0.05,3,0.6,1.2,0.12,0.25
local_static_map_repeatability,529,up,400,400,TRUE,4,20,3.8000000000000003,3.028,4.001,0.9730000000000003,0.9730000000000003,0.1,4,4.1,4.05,"[4.00, 4.10)",8.96,12.04,1.46,2.04,0,0,-1.856191271305976e-14,3.788399816465446e-15,TRUE,TRUE,NA,0.05,3,0.6,1.2,0.12,0.25
local_static_map_repeatability,530,down,400,400,TRUE,4,20,3.8000000000000003,4.001,1.786,-2.2150000000000003,2.2150000000000003,0.1,1.7000000000000002,1.8000000000000003,1.7500000000000002,"[1.70, 1.80)",12.04,4.82,2.04,0.72,0.007326950970650634,0.010052493799000702,-0.07669172932332052,0.06315789473684277,TRUE,TRUE,NA,0.05,3,0.6,1.2,0.12,0.25
local_static_map_repeatability,531,up,400,400,TRUE,4,20,3.8000000000000003,1.786,3.547,1.7610000000000001,1.7610000000000001,0.1,3.5,3.6,3.55,"[3.50, 3.60)",4.8,9.8,0.72,1.78,0,0,-1.1092396016820006e-14,1.536222723882103e-15,TRUE,TRUE,NA,0.05,3,0.6,1.2,0.12,0.25
local_static_map_repeatability,532,down,400,400,TRUE,4,20,3.8000000000000003,3.547,1.907,-1.6400000000000001,1.6400000000000001,0.1,1.9000000000000001,2,1.9500000000000002,"[1.90, 2.00)",9.8,5.02,1.78,0.78,0.006155870112510793,0,-0.054135338345858146,1.046812865392091e-15,TRUE,TRUE,NA,0.05,3,0.6,1.2,0.12,0.25
local_static_map_repeatability,533,up,400,400,TRUE,4,20,3.8000000000000003,1.907,3.602,1.6949999999999998,1.6949999999999998,0.1,3.6,3.7,3.6500000000000004,"[3.60, 3.70)",5,9.88,0.78,1.8,0.008885233166386985,0,0.11278195488723206,1.0377733028388348e-15,TRUE,TRUE,NA,0.05,3,0.6,1.2,0.12,0.25
local_static_map_repeatability,534,down,400,400,TRUE,4,20,3.8000000000000003,3.602,1.655,-1.9469999999999998,1.9469999999999998,0.1,1.6,1.7000000000000002,1.6500000000000001,"[1.60, 1.70)",9.88,4.26,1.8,0.64,0,0,2.535729541160275e-16,-4.64464127306606e-16,TRUE,TRUE,NA,0.05,3,0.6,1.2,0.12,0.25
local_static_map_repeatability,535,up,400,400,TRUE,4,20,3.8000000000000003,1.655,3.291,1.636,1.636,0.1,3.2,3.3000000000000003,3.25,"[3.20, 3.30)",4.26,8.58,0.64,1.62,0.007326950970650309,0,0.06466165413535332,5.982774676543772e-16,TRUE,TRUE,NA,0.05,3,0.6,1.2,0.12,0.25
local_static_map_repeatability,536,down,400,400,TRUE,4,20,3.8000000000000003,3.291,2.628,-0.6629999999999998,0.6629999999999998,0.1,2.6,2.7,2.6500000000000004,"[2.60, 2.70)",8.58,6.92,1.62,1.22,0.007326950970650309,0,-0.022556390977443237,5.664200085165929e-16,TRUE,TRUE,NA,0.05,3,0.6,1.2,0.12,0.25
local_static_map_repeatability,537,down,400,400,TRUE,4,20,3.8000000000000003,2.628,1.115,-1.5130000000000001,1.5130000000000001,0.1,1.1,1.2000000000000002,1.1500000000000001,"[1.10, 1.20)",6.92,2.84,1.22,0.32,0.015355437918998304,0,-0.24060150375939818,-2.32232063653303e-16,TRUE,TRUE,NA,0.05,3,0.6,1.2,0.12,0.25
local_static_map_repeatability,538,up,400,400,TRUE,4,20,3.8000000000000003,1.115,5.628,4.513,4.513,0.1,5.6000000000000005,5.7,5.65,"[5.60, 5.70)",2.82,19.22,0.3,3.02,0.013138933706635447,0,0.19849624060147084,-9.334593163592112e-16,TRUE,TRUE,NA,0.05,3,0.6,1.2,0.12,0.25
local_static_map_repeatability,539,down,400,400,TRUE,4,20,3.8000000000000003,5.628,3.928,-1.7000000000000002,1.7000000000000002,0.1,3.9000000000000004,4,3.95,"[3.90, 4.00)",19.24,12.26,3.02,2,0,0,-9.064534333931532e-16,-2.9000659687729526e-16,TRUE,TRUE,NA,0.05,3,0.6,1.2,0.12,0.25
local_static_map_repeatability,540,down,400,400,TRUE,4,20,3.8000000000000003,3.928,2.046,-1.8820000000000001,1.8820000000000001,0.1,2,2.1,2.05,"[2.00, 2.10)",12.26,5.38,2,0.86,0,0,2.1931783848470483e-15,-3.874539772800252e-16,TRUE,TRUE,NA,0.05,3,0.6,1.2,0.12,0.25
local_static_map_repeatability,541,down,400,400,TRUE,4,20,3.8000000000000003,2.046,1.3,-0.7459999999999998,0.7459999999999998,0.1,1.3,1.4000000000000001,1.35,"[1.30, 1.40)",5.38,3.2,0.86,0.4,0.010208355710680819,0.00978720969859184,-0.14887218045112385,0.1368421052631583,TRUE,TRUE,NA,0.05,3,0.6,1.2,0.12,0.25
local_static_map_repeatability,542,up,400,400,TRUE,4,20,3.8000000000000003,1.3,2.215,0.9149999999999998,0.9149999999999998,0.1,2.2,2.3000000000000003,2.25,"[2.20, 2.30)",3.2,5.04,0.42,0.96,0,0,8.42869517657878e-15,-4.1693077020943045e-16,TRUE,TRUE,NA,0.05,3,0.6,1.2,0.12,0.25
local_static_map_repeatability,543,up,400,400,TRUE,4,20,3.8000000000000003,2.215,2.592,0.3770000000000002,0.3770000000000002,0.1,2.5,2.6,2.55,"[2.50, 2.60)",5.04,6.06,0.96,1.2,0,0,1.0023365823100693e-14,-2.0395688429745824e-16,TRUE,TRUE,NA,0.05,3,0.6,1.2,0.12,0.25
local_static_map_repeatability,544,up,400,400,TRUE,4,20,3.8000000000000003,2.592,3.147,0.5549999999999997,0.5549999999999997,0.1,3.1,3.2,3.1500000000000004,"[3.10, 3.20)",6.06,7.84,1.2,1.54,0,0,1.2978179491695522e-14,5.442252411281146e-17,TRUE,TRUE,NA,0.05,3,0.6,1.2,0.12,0.25
local_static_map_repeatability,545,down,400,400,TRUE,4,20,3.8000000000000003,3.147,2.36,-0.7869999999999999,0.7869999999999999,0.1,2.3000000000000003,2.4000000000000004,2.3500000000000005,"[2.30, 2.40)",7.84,5.9,1.54,1.06,0.004472135954999683,0,-0.01954887218044768,-1.6403515615684521e-15,TRUE,TRUE,NA,0.05,3,0.6,1.2,0.12,0.25
local_static_map_repeatability,546,up,400,400,TRUE,4,20,3.8000000000000003,2.36,4.838,2.478,2.478,0.1,4.800000000000001,4.9,4.8500000000000005,"[4.80, 4.90)",5.9,15,1.06,2.54,0.008207826816681058,0,0.09624060150376677,-1.3594070881831554e-15,TRUE,TRUE,NA,0.05,3,0.6,1.2,0.12,0.25
local_static_map_repeatability,547,up,400,400,TRUE,4,20,3.8000000000000003,4.838,5.63,0.7919999999999998,0.7919999999999998,0.1,5.6000000000000005,5.7,5.65,"[5.60, 5.70)",15.02,19.44,2.54,3.02,0.00978720969859165,0,0.13684210526314441,-9.334593163592112e-16,TRUE,TRUE,NA,0.05,3,0.6,1.2,0.12,0.25
local_static_map_repeatability,548,up,400,400,TRUE,4,20,3.8000000000000003,5.63,6.782,1.1520000000000001,1.1520000000000001,0.1,6.7,6.8,6.75,"[6.70, 6.80)",19.46,25.7,3.02,3.72,0.011050125029061416,0,0.15037593984962125,4.160155334847338e-15,TRUE,TRUE,NA,0.05,3,0.6,1.2,0.12,0.25
local_static_map_repeatability,549,down,400,400,TRUE,4,20,3.8000000000000003,6.782,5.902,-0.8799999999999999,0.8799999999999999,0.1,5.9,6,5.95,"[5.90, 6.00)",25.72,22.76,3.72,3.18,0,0.00615587011251093,3.844434235273567e-15,-0.04210526315789614,TRUE,TRUE,NA,0.05,3,0.6,1.2,0.12,0.25
local_static_map_repeatability,550,down,400,400,TRUE,4,20,3.8000000000000003,5.902,4.78,-1.1219999999999999,1.1219999999999999,0.1,4.7,4.8,4.75,"[4.70, 4.80)",22.76,17.26,3.18,2.52,0.007326950970650309,0,-0.07669172932330116,4.21434758828939e-15,TRUE,TRUE,NA,0.05,3,0.6,1.2,0.12,0.25
local_static_map_repeatability,551,up,400,400,TRUE,4,20,3.8000000000000003,4.78,5.579,0.7989999999999995,0.7989999999999995,0.1,5.5,5.6,5.55,"[5.50, 5.60)",17.26,20.4,2.52,3,0,0,3.668588111781121e-14,2.102642732398696e-15,TRUE,TRUE,NA,0.05,3,0.6,1.2,0.12,0.25
local_static_map_repeatability,552,down,400,400,TRUE,4,20,3.8000000000000003,5.579,4.157,-1.4219999999999997,1.4219999999999997,0.1,4.1000000000000005,4.2,4.15,"[4.10, 4.20)",20.4,14.22,3,2.14,0.008885233166386985,0,-0.11278195488721929,3.8338053389637436e-15,TRUE,TRUE,NA,0.05,3,0.6,1.2,0.12,0.25
local_static_map_repeatability,553,up,400,400,TRUE,4,20,3.8000000000000003,4.157,4.987,0.8300000000000001,0.8300000000000001,0.1,4.9,5,4.95,"[4.90, 5.00)",14.2,17.32,2.14,2.64,0.009403246919632345,0,0.04511278195489831,1.2236510620297808e-15,TRUE,TRUE,NA,0.05,3,0.6,1.2,0.12,0.25
local_static_map_repeatability,554,up,400,400,TRUE,4,20,3.8000000000000003,4.987,6.896,1.9089999999999998,1.9089999999999998,0.1,6.800000000000001,6.9,6.8500000000000005,"[6.80, 6.90)",17.32,26.54,2.64,3.78,0.007880689256523955,0,0.08270676691728092,9.978235693150637e-15,TRUE,TRUE,NA,0.05,3,0.6,1.2,0.12,0.25
local_static_map_repeatability,555,down,400,400,TRUE,4,20,3.8000000000000003,6.896,5.723,-1.173,1.173,0.1,5.7,5.8,5.75,"[5.70, 5.80)",26.56,22.33,3.78,3.08,0.010259783520851322,0,-0.14736842105263642,1.0884504822562292e-16,TRUE,TRUE,NA,0.05,3,0.6,1.2,0.12,0.25
local_static_map_repeatability,556,up,400,400,TRUE,4,20,3.8000000000000003,5.723,6.767,1.0440000000000005,1.0440000000000005,0.1,6.7,6.8,6.75,"[6.70, 6.80)",22.32,26.34,3.08,3.7,0,0.007326950970650471,2.5521534236868373e-14,0.02255639097743957,TRUE,TRUE,NA,0.05,3,0.6,1.2,0.12,0.25
local_static_map_repeatability,557,down,400,400,TRUE,4,20,3.8000000000000003,6.767,4.994,-1.7730000000000006,1.7730000000000006,0.1,4.9,5,4.95,"[4.90, 5.00)",26.34,19,3.7,2.64,0,0,-1.290567318119286e-14,1.2236510620297808e-15,TRUE,TRUE,NA,0.05,3,0.6,1.2,0.12,0.25
local_static_map_repeatability,558,down,400,400,TRUE,4,20,3.8000000000000003,4.994,3.266,-1.7279999999999998,1.7279999999999998,0.1,3.2,3.3000000000000003,3.25,"[3.20, 3.30)",18.98,10.47,2.64,1.6,0.010259783520851322,0,-0.15037593984961753,-1.72099425159674e-16,TRUE,TRUE,NA,0.05,3,0.6,1.2,0.12,0.25
local_static_map_repeatability,559,down,400,400,TRUE,4,20,3.8000000000000003,3.266,1.465,-1.801,1.801,0.1,1.4000000000000001,1.5000000000000002,1.4500000000000002,"[1.40, 1.50)",10.46,4.04,1.6,0.5,0.017501879598308432,0.00615587011251093,-0.27518796992481603,-0.054135338345864904,TRUE,TRUE,NA,0.05,3,0.6,1.2,0.12,0.25
local_static_map_repeatability,560,down,400,400,TRUE,4,20,3.8000000000000003,1.465,0.997,-0.4680000000000001,0.4680000000000001,0.1,0.9,1,0.95,"[0.90, 1.00)",4.02,2.66,0.5,0.24,0.014509525002200246,0,-0.22556390977443544,-1.0423269255235761e-16,TRUE,TRUE,NA,0.05,3,0.6,1.2,0.12,0.25
local_static_map_repeatability,561,up,400,400,TRUE,4,20,3.8000000000000003,0.997,3.15,2.153,2.153,0.1,3.1,3.2,3.1500000000000004,"[3.10, 3.20)",2.64,8.12,0.22,1.54,0,0,3.2552381823886553e-16,5.442252411281146e-17,TRUE,TRUE,NA,0.05,3,0.6,1.2,0.12,0.25
local_static_map_repeatability,562,down,400,400,TRUE,4,20,3.8000000000000003,3.15,2.503,-0.6469999999999998,0.6469999999999998,0.1,2.5,2.6,2.55,"[2.50, 2.60)",8.12,6.54,1.54,1.16,0,0.009403246919632553,3.1358849734915318e-15,0.036090225563911664,TRUE,TRUE,NA,0.05,3,0.6,1.2,0.12,0.25
local_static_map_repeatability,563,down,400,400,TRUE,4,20,3.8000000000000003,2.503,1.634,-0.8690000000000002,0.8690000000000002,0.1,1.6,1.7000000000000002,1.6500000000000001,"[1.60, 1.70)",6.54,4.08,1.16,0.62,0,0,7.576799632930892e-15,3.3985293736662324e-17,TRUE,TRUE,NA,0.05,3,0.6,1.2,0.12,0.25
local_static_map_repeatability,564,up,400,400,TRUE,4,20,3.8000000000000003,1.634,2.37,0.7360000000000002,0.7360000000000002,0.1,2.3000000000000003,2.4000000000000004,2.3500000000000005,"[2.30, 2.40)",4.08,5.56,0.62,1.06,0,0,1.0095867472320015e-14,-1.6403515615684521e-15,TRUE,TRUE,NA,0.05,3,0.6,1.2,0.12,0.25
local_static_map_repeatability,565,down,400,400,TRUE,4,20,3.8000000000000003,2.37,1.114,-1.256,1.256,0.1,1.1,1.2000000000000002,1.1500000000000001,"[1.10, 1.20)",5.56,2.74,1.06,0.3,0.015183093090324803,0.010052493799000702,-0.239097744360899,-0.14436090225563974,TRUE,TRUE,NA,0.05,3,0.6,1.2,0.12,0.25
local_static_map_repeatability,566,up,400,400,TRUE,4,20,3.8000000000000003,1.114,2.483,1.369,1.369,0.1,2.4000000000000004,2.5000000000000004,2.45,"[2.40, 2.50)",2.72,5.64,0.3,1.12,0.009403246919632763,0,0.09924812030076083,1.9396054307310205e-15,TRUE,TRUE,NA,0.05,3,0.6,1.2,0.12,0.25
local_static_map_repeatability,567,up,400,400,TRUE,4,20,3.8000000000000003,2.483,2.867,0.3839999999999999,0.3839999999999999,0.1,2.8000000000000003,2.9000000000000004,2.8500000000000005,"[2.80, 2.90)",5.66,6.86,1.12,1.36,0,0,-9.914611018630038e-15,8.837530027856732e-16,TRUE,TRUE,NA,0.05,3,0.6,1.2,0.12,0.25
local_static_map_repeatability,568,up,400,400,TRUE,4,20,3.8000000000000003,2.867,6.352,3.4850000000000003,3.4850000000000003,0.1,6.300000000000001,6.4,6.3500000000000005,"[6.30, 6.40)",6.86,23.24,1.36,3.46,0.013138933706636186,0,0.19849624060149867,3.027039925265909e-15,TRUE,TRUE,NA,0.05,3,0.6,1.2,0.12,0.25
local_static_map_repeatability,569,down,400,400,TRUE,4,20,3.8000000000000003,6.352,3.979,-2.373,2.373,0.1,3.9000000000000004,4,3.95,"[3.90, 4.00)",23.26,12.74,3.46,2.04,0.010052493799000478,0,-0.14436090225563145,3.788399816465446e-15,TRUE,TRUE,NA,0.05,3,0.6,1.2,0.12,0.25
local_static_map_repeatability,570,up,400,400,TRUE,4,20,3.8000000000000003,3.979,4.487,0.508,0.508,0.1,4.4,4.5,4.45,"[4.40, 4.50)",12.72,14.42,2.04,2.34,0,0,4.966555112241961e-15,3.625087122249527e-15,TRUE,TRUE,NA,0.05,3,0.6,1.2,0.12,0.25
local_static_map_repeatability,571,down,400,400,TRUE,4,20,3.8000000000000003,4.487,3.402,-1.085,1.085,0.1,3.4000000000000004,3.5000000000000004,3.45,"[3.40, 3.50)",14.42,10.28,2.34,1.68,0.004472135954999881,0,-0.02857142857141664,1.4908172013838055e-15,TRUE,TRUE,NA,0.05,3,0.6,1.2,0.12,0.25
local_static_map_repeatability,572,down,400,400,TRUE,4,20,3.8000000000000003,3.402,2.476,-0.9260000000000002,0.9260000000000002,0.1,2.4000000000000004,2.5000000000000004,2.45,"[2.40, 2.50)",10.28,6.78,1.68,1.12,0.009787209698592083,0,-0.13684210526317828,1.9396054307310205e-15,TRUE,TRUE,NA,0.05,3,0.6,1.2,0.12,0.25
local_static_map_repeatability,573,down,400,400,TRUE,4,20,3.8000000000000003,2.476,1.36,-1.1159999999999999,1.1159999999999999,0.1,1.3,1.4000000000000001,1.35,"[1.30, 1.40)",6.76,3.42,1.12,0.44,0.00820782681668124,0.009403246919632553,-0.09624060150375328,0.12631578947368519,TRUE,TRUE,NA,0.05,3,0.6,1.2,0.12,0.25
local_static_map_repeatability,574,up,400,400,TRUE,4,20,3.8000000000000003,1.36,1.724,0.3639999999999999,0.3639999999999999,0.1,1.7000000000000002,1.8000000000000003,1.7500000000000002,"[1.70, 1.80)",3.42,3.94,0.46,0.68,0,0,-4.159970186054063e-15,4.418765013928366e-16,TRUE,TRUE,NA,0.05,3,0.6,1.2,0.12,0.25
local_static_map_repeatability,575,up,400,400,TRUE,4,20,3.8000000000000003,1.724,2.754,1.03,1.03,0.1,2.7,2.8000000000000003,2.75,"[2.70, 2.80)",3.94,6.56,0.68,1.3,0,0,-5.275051592406464e-15,2.3791012659154783e-15,TRUE,TRUE,NA,0.05,3,0.6,1.2,0.12,0.25
local_static_map_repeatability,576,down,400,400,TRUE,4,20,3.8000000000000003,2.754,1.602,-1.152,1.152,0.1,1.6,1.7000000000000002,1.6500000000000001,"[1.60, 1.70)",6.56,3.82,1.3,0.6,0.009403246919632553,0,-0.018045112781953313,-1.0197844214872912e-16,TRUE,TRUE,NA,0.05,3,0.6,1.2,0.12,0.25
local_static_map_repeatability,577,up,400,400,TRUE,4,20,3.8000000000000003,1.602,3.06,1.458,1.458,0.1,3,3.1,3.05,"[3.00, 3.10)",3.82,7.46,0.6,1.48,0,0,1.5135289870084515e-14,-9.878818404720225e-16,TRUE,TRUE,NA,0.05,3,0.6,1.2,0.12,0.25
local_static_map_repeatability,578,up,400,400,TRUE,4,20,3.8000000000000003,3.06,5.106,2.046,2.046,0.1,5.1000000000000005,5.2,5.15,"[5.10, 5.20)",7.46,16.46,1.48,2.72,0.011742858972247746,0.00615587011251093,0.16691729323308488,0.04210526315789552,TRUE,TRUE,NA,0.05,3,0.6,1.2,0.12,0.25
local_static_map_repeatability,579,down,400,400,TRUE,4,20,3.8000000000000003,5.106,2.877,-2.229,2.229,0.1,2.8000000000000003,2.9000000000000004,2.8500000000000005,"[2.80, 2.90)",16.48,7.9,2.72,1.36,0,0,-5.981207903725946e-15,8.837530027856732e-16,TRUE,TRUE,NA,0.05,3,0.6,1.2,0.12,0.25
local_static_map_repeatability,580,down,400,400,TRUE,4,20,3.8000000000000003,2.877,2.516,-0.36099999999999977,0.36099999999999977,0.1,2.5,2.6,2.55,"[2.50, 2.60)",7.9,6.62,1.36,1.16,0.009787209698592083,0,-0.1248120300751939,7.929419577890784e-16,TRUE,TRUE,NA,0.05,3,0.6,1.2,0.12,0.25
local_static_map_repeatability,581,down,400,400,TRUE,4,20,3.8000000000000003,2.516,0.963,-1.553,1.553,0.1,0.9,1,0.95,"[0.90, 1.00)",6.6,2.46,1.16,0.24,0.013726654823065206,0.0073269509706504615,-0.20902255639097628,-0.0766917293233079,TRUE,TRUE,NA,0.05,3,0.6,1.2,0.12,0.25
local_static_map_repeatability,582,up,400,400,TRUE,4,20,3.8000000000000003,0.963,1.748,0.785,0.785,0.1,1.7000000000000002,1.8000000000000003,1.7500000000000002,"[1.70, 1.80)",2.44,3.7,0.22,0.68,0,0,-5.492005754967949e-15,4.418765013928366e-16,TRUE,TRUE,NA,0.05,3,0.6,1.2,0.12,0.25
local_static_map_repeatability,583,up,400,400,TRUE,4,20,3.8000000000000003,1.748,3.313,1.5650000000000002,1.5650000000000002,0.1,3.3000000000000003,3.4000000000000004,3.3500000000000005,"[3.30, 3.40)",3.7,8.24,0.68,1.64,0,0,3.0091910708301555e-15,-1.318762898101616e-15,TRUE,TRUE,NA,0.05,3,0.6,1.2,0.12,0.25
local_static_map_repeatability,584,down,400,400,TRUE,4,20,3.8000000000000003,3.313,1.17,-2.1430000000000002,2.1430000000000002,0.1,1.1,1.2000000000000002,1.1500000000000001,"[1.10, 1.20)",8.24,2.8,1.64,0.34,0.015183093090324978,0,-0.2390977443608982,2.209382506964183e-16,TRUE,TRUE,NA,0.05,3,0.6,1.2,0.12,0.25
local_static_map_repeatability,585,up,400,400,TRUE,4,20,3.8000000000000003,1.17,2.724,1.5540000000000003,1.5540000000000003,0.1,2.7,2.8000000000000003,2.75,"[2.70, 2.80)",2.78,6.24,0.34,1.28,0.006155870112510793,0,0.054135338345857396,-9.28928254613212e-16,TRUE,TRUE,NA,0.05,3,0.6,1.2,0.12,0.25
local_static_map_repeatability,586,up,400,400,TRUE,4,20,3.8000000000000003,2.724,4.153,1.4289999999999994,1.4289999999999994,0.1,4.1000000000000005,4.2,4.15,"[4.10, 4.20)",6.26,11.56,1.28,2.14,0.010052493799000478,0,0.14436090225564366,3.8338053389637436e-15,TRUE,TRUE,NA,0.05,3,0.6,1.2,0.12,0.25
local_static_map_repeatability,587,down,400,400,TRUE,4,20,3.8000000000000003,4.153,3.076,-1.0769999999999995,1.0769999999999995,0.1,3,3.1,3.05,"[3.00, 3.10)",11.58,8.24,2.14,1.48,0.004472135954999484,0,-0.028571428571420282,-9.878818404720225e-16,TRUE,TRUE,NA,0.05,3,0.6,1.2,0.12,0.25
local_static_map_repeatability,588,up,400,400,TRUE,4,20,3.8000000000000003,3.076,4.754,1.6779999999999995,1.6779999999999995,0.1,4.7,4.8,4.75,"[4.70, 4.80)",8.22,14.6,1.48,2.5,0.006155870112510793,0,0.054135338345872044,4.7127970093326585e-15,TRUE,TRUE,NA,0.05,3,0.6,1.2,0.12,0.25
local_static_map_repeatability,589,up,400,400,TRUE,4,20,3.8000000000000003,4.754,5.964,1.2100000000000009,1.2100000000000009,0.1,5.9,6,5.95,"[5.90, 6.00)",14.62,21.18,2.5,3.22,0.011002392084403383,0,0.15488721804511651,4.232656984066661e-15,TRUE,TRUE,NA,0.05,3,0.6,1.2,0.12,0.25
local_static_map_repeatability,590,down,400,400,TRUE,4,20,3.8000000000000003,5.964,1.528,-4.436,4.436,0.1,1.5,1.6,1.55,"[1.50, 1.60)",21.2,3.98,3.22,0.56,0.019358120830939712,0,-0.30977443609022465,9.698027153655102e-16,TRUE,TRUE,NA,0.05,3,0.6,1.2,0.12,0.25
local_static_map_repeatability,591,up,400,400,TRUE,4,20,3.8000000000000003,1.528,2.476,0.948,0.948,0.1,2.4000000000000004,2.5000000000000004,2.45,"[2.40, 2.50)",3.94,5.88,0.56,1.12,0,0,-2.9546285198015537e-15,1.9396054307310205e-15,TRUE,TRUE,NA,0.05,3,0.6,1.2,0.12,0.25
local_static_map_repeatability,592,up,400,400,TRUE,4,20,3.8000000000000003,2.476,4.512,2.0359999999999996,2.0359999999999996,0.1,4.5,4.6,4.55,"[4.50, 4.60)",5.88,13.56,1.12,2.36,0.009787209698592519,0,0.13684210526315904,-1.9486675542230184e-15,TRUE,TRUE,NA,0.05,3,0.6,1.2,0.12,0.25
local_static_map_repeatability,593,up,400,400,TRUE,4,20,3.8000000000000003,4.512,6.755,2.2430000000000003,2.2430000000000003,0.1,6.7,6.8,6.75,"[6.70, 6.80)",13.56,25.36,2.36,3.7,0.014903196407411575,0,0.23308270676692078,-5.492005754967949e-15,TRUE,TRUE,NA,0.05,3,0.6,1.2,0.12,0.25
local_static_map_repeatability,594,down,400,400,TRUE,4,20,3.8000000000000003,6.755,3.456,-3.299,3.299,0.1,3.4000000000000004,3.5000000000000004,3.45,"[3.40, 3.50)",25.38,10.52,3.7,1.72,0.010208355710680591,0,-0.14887218045110234,-7.749079545600504e-16,TRUE,TRUE,NA,0.05,3,0.6,1.2,0.12,0.25
local_static_map_repeatability,595,down,400,400,TRUE,4,20,3.8000000000000003,3.456,2.968,-0.488,0.488,0.1,2.9000000000000004,3.0000000000000004,2.95,"[2.90, 3.00)",10.5,8.46,1.72,1.42,0.00940324691963318,0,-0.1263157894736872,-7.613598911995372e-16,TRUE,TRUE,NA,0.05,3,0.6,1.2,0.12,0.25
local_static_map_repeatability,596,down,400,400,TRUE,4,20,3.8000000000000003,2.968,1.709,-1.259,1.259,0.1,1.7000000000000002,1.8000000000000003,1.7500000000000002,"[1.70, 1.80)",8.44,4.36,1.42,0.66,0,0,-4.4767975171041415e-15,3.059127655074452e-16,TRUE,TRUE,NA,0.05,3,0.6,1.2,0.12,0.25
local_static_map_repeatability,597,up,400,400,TRUE,4,20,3.8000000000000003,1.709,2.441,0.7319999999999998,0.7319999999999998,0.1,2.4000000000000004,2.5000000000000004,2.45,"[2.40, 2.50)",4.36,5.84,0.66,1.1,0,0,3.1175755777142614e-15,-1.3684240897976695e-15,TRUE,TRUE,NA,0.05,3,0.6,1.2,0.12,0.25
local_static_map_repeatability,598,up,400,400,TRUE,4,20,3.8000000000000003,2.441,4.126,1.6850000000000005,1.6850000000000005,0.1,4.1000000000000005,4.2,4.15,"[4.10, 4.20)",5.84,11.8,1.1,2.12,0.0061558701125113404,0,0.05413533834586367,-3.2807031231369043e-15,TRUE,TRUE,NA,0.05,3,0.6,1.2,0.12,0.25
local_static_map_repeatability,599,down,400,400,TRUE,4,20,3.8000000000000003,4.126,3.093,-1.0330000000000004,1.0330000000000004,0.1,3,3.1,3.05,"[3.00, 3.10)",11.8,8.52,2.12,1.5,0,0,5.07145908232055e-16,1.051321366199348e-15,TRUE,TRUE,NA,0.05,3,0.6,1.2,0.12,0.25
local_static_map_repeatability,600,up,400,400,TRUE,4,20,3.8000000000000003,3.093,4.574,1.4809999999999999,1.4809999999999999,0.1,4.5,4.6,4.55,"[4.50, 4.60)",8.52,13.98,1.5,2.4,0.009403246919632345,0,0.12631578947368102,-4.0791376859491647e-16,TRUE,TRUE,NA,0.05,3,0.6,1.2,0.12,0.25
local_static_map_repeatability,601,up,400,400,TRUE,4,20,3.8000000000000003,4.574,6.126,1.5520000000000005,1.5520000000000005,0.1,6.1000000000000005,6.2,6.15,"[6.10, 6.20)",13.98,22.22,2.4,3.32,0.010208355710680591,0,0.14887218045114012,1.4408806171395092e-15,TRUE,TRUE,NA,0.05,3,0.6,1.2,0.12,0.25
local_static_map_repeatability,602,down,400,400,TRUE,4,20,3.8000000000000003,6.126,4.58,-1.5460000000000003,1.5460000000000003,0.1,4.5,4.6,4.55,"[4.50, 4.60)",22.22,15.7,3.32,2.4,0,0,2.2620727672922325e-14,-4.0791376859491647e-16,TRUE,TRUE,NA,0.05,3,0.6,1.2,0.12,0.25
local_static_map_repeatability,603,up,400,400,TRUE,4,20,3.8000000000000003,4.58,5.437,0.8570000000000002,0.8570000000000002,0.1,5.4,5.5,5.45,"[5.40, 5.50)",15.7,19.18,2.4,2.92,0.010208355710680591,0.00615587011251093,0.1488721804511574,-0.024060150375939254,TRUE,TRUE,NA,0.05,3,0.6,1.2,0.12,0.25
local_static_map_repeatability,604,down,400,400,TRUE,4,20,3.8000000000000003,5.437,4.159,-1.2780000000000005,1.2780000000000005,0.1,4.1000000000000005,4.2,4.15,"[4.10, 4.20)",19.18,13.88,2.92,2.14,0.010208355710681497,0,-0.1488721804511336,3.8338053389637436e-15,TRUE,TRUE,NA,0.05,3,0.6,1.2,0.12,0.25
local_static_map_repeatability,605,up,400,400,TRUE,4,20,3.8000000000000003,4.159,5.398,1.2389999999999999,1.2389999999999999,0.1,5.300000000000001,5.4,5.3500000000000005,"[5.30, 5.40)",13.86,18.96,2.14,2.88,0,0,1.4066810461461688e-14,2.5556866309436675e-15,TRUE,TRUE,NA,0.05,3,0.6,1.2,0.12,0.25
local_static_map_repeatability,606,down,400,400,TRUE,4,20,3.8000000000000003,5.398,2.964,-2.4339999999999997,2.4339999999999997,0.1,2.9000000000000004,3.0000000000000004,2.95,"[2.90, 3.00)",18.96,8.8,2.88,1.42,0.008944271909999532,0,-0.10225563909774178,-7.613598911995372e-16,TRUE,TRUE,NA,0.05,3,0.6,1.2,0.12,0.25
local_static_map_repeatability,607,up,400,400,TRUE,4,20,3.8000000000000003,2.964,5.226,2.262,2.262,0.1,5.2,5.3,5.25,"[5.20, 5.30)",8.78,17.86,1.42,2.78,0.009403246919632345,0,0.12631578947369188,5.0479337361600074e-15,TRUE,TRUE,NA,0.05,3,0.6,1.2,0.12,0.25
local_static_map_repeatability,608,down,400,400,TRUE,4,20,3.8000000000000003,5.226,2.209,-3.017,3.017,0.1,2.2,2.3000000000000003,2.25,"[2.20, 2.30)",17.88,6.12,2.78,0.96,0.010208355710680591,0,-0.14887218045112569,-4.1693077020943045e-16,TRUE,TRUE,NA,0.05,3,0.6,1.2,0.12,0.25
local_static_map_repeatability,609,up,400,400,TRUE,4,20,3.8000000000000003,2.209,3.602,1.3929999999999998,1.3929999999999998,0.1,3.6,3.7,3.6500000000000004,"[3.60, 3.70)",6.12,10.18,0.96,1.8,0,0,1.1527961358515771e-14,1.0377733028388348e-15,TRUE,TRUE,NA,0.05,3,0.6,1.2,0.12,0.25
local_static_map_repeatability,610,up,400,400,TRUE,4,20,3.8000000000000003,3.602,4.367,0.7650000000000001,0.7650000000000001,0.1,4.3,4.3999999999999995,4.35,"[4.30, 4.40)",10.18,13.42,1.8,2.26,0,0,5.111558410680608e-15,5.435795509933227e-16,TRUE,TRUE,NA,0.05,3,0.6,1.2,0.12,0.25
local_static_map_repeatability,611,down,400,400,TRUE,4,20,3.8000000000000003,4.367,2.853,-1.5139999999999998,1.5139999999999998,0.1,2.8000000000000003,2.9000000000000004,2.8500000000000005,"[2.80, 2.90)",13.42,8.12,2.26,1.36,0.009403246919632345,0,-0.1263157894736935,8.837530027856732e-16,TRUE,TRUE,NA,0.05,3,0.6,1.2,0.12,0.25
local_static_map_repeatability,612,up,400,400,TRUE,4,20,3.8000000000000003,2.853,4.883,2.03,2.03,0.1,4.800000000000001,4.9,4.8500000000000005,"[4.80, 4.90)",8.1,15.82,1.36,2.58,0.009403246919632345,0,0.12631578947368466,1.813466974449467e-16,TRUE,TRUE,NA,0.05,3,0.6,1.2,0.12,0.25
local_static_map_repeatability,613,up,400,400,TRUE,4,20,3.8000000000000003,4.883,6.583,1.7000000000000002,1.7000000000000002,0.1,6.5,6.6,6.55,"[6.50, 6.60)",15.82,24.78,2.58,3.6,0.011002392084403383,0,0.15488721804511693,2.0755466056776696e-15,TRUE,TRUE,NA,0.05,3,0.6,1.2,0.12,0.25
local_static_map_repeatability,614,down,400,400,TRUE,4,20,3.8000000000000003,6.583,5.625,-0.9580000000000002,0.9580000000000002,0.1,5.6000000000000005,5.7,5.65,"[5.60, 5.70)",24.8,21.38,3.6,3.02,0.008885233166386196,0,-0.07368421052629825,-9.334593163592112e-16,TRUE,TRUE,NA,0.05,3,0.6,1.2,0.12,0.25
local_static_map_repeatability,615,down,400,400,TRUE,4,20,3.8000000000000003,5.625,4.064,-1.561,1.561,0.1,4,4.1,4.05,"[4.00, 4.10)",21.38,13.7,3.02,2.08,0.008207826816681058,0,-0.0962406015037359,2.5384834666427053e-16,TRUE,TRUE,NA,0.05,3,0.6,1.2,0.12,0.25
local_static_map_repeatability,616,down,400,400,TRUE,4,20,3.8000000000000003,4.064,2.308,-1.7560000000000002,1.7560000000000002,0.1,2.3000000000000003,2.4000000000000004,2.3500000000000005,"[2.30, 2.40)",13.68,6.54,2.08,1.02,0.010052493799000478,0,-0.14436090225563541,1.894199908232723e-15,TRUE,TRUE,NA,0.05,3,0.6,1.2,0.12,0.25
local_static_map_repeatability,617,up,400,400,TRUE,4,20,3.8000000000000003,2.308,5.341,3.0330000000000004,3.0330000000000004,0.1,5.300000000000001,5.4,5.3500000000000005,"[5.30, 5.40)",6.54,18.46,1.02,2.86,0.00978720969859165,0.007326950970650471,0.13684210526314664,0.025563909774432698,TRUE,TRUE,NA,0.05,3,0.6,1.2,0.12,0.25
local_static_map_repeatability,618,up,400,400,TRUE,4,20,3.8000000000000003,5.341,6.762,1.4209999999999994,1.4209999999999994,0.1,6.7,6.8,6.75,"[6.70, 6.80)",18.46,25.9,2.86,3.7,0.008207826816681058,0,0.0962406015037565,-5.492005754967949e-15,TRUE,TRUE,NA,0.05,3,0.6,1.2,0.12,0.25
local_static_map_repeatability,619,down,400,400,TRUE,4,20,3.8000000000000003,6.762,5.715,-1.0469999999999997,1.0469999999999997,0.1,5.7,5.8,5.75,"[5.70, 5.80)",25.92,22.14,3.7,3.08,0.006155870112510793,0,-0.05413533834584664,1.0884504822562292e-16,TRUE,TRUE,NA,0.05,3,0.6,1.2,0.12,0.25
local_static_map_repeatability,620,down,400,400,TRUE,4,20,3.8000000000000003,5.715,4.581,-1.1339999999999995,1.1339999999999995,0.1,4.5,4.6,4.55,"[4.50, 4.60)",22.14,16.5,3.08,2.4,0.009403246919632345,0,-0.12631578947367697,-4.0791376859491647e-16,TRUE,TRUE,NA,0.05,3,0.6,1.2,0.12,0.25
local_static_map_repeatability,621,down,400,400,TRUE,4,20,3.8000000000000003,4.581,2.659,-1.9220000000000006,1.9220000000000006,0.1,2.6,2.7,2.6500000000000004,"[2.60, 2.70)",16.5,7.9,2.4,1.24,0.009403246919632763,0,-0.1263157894736967,6.797058747332465e-17,TRUE,TRUE,NA,0.05,3,0.6,1.2,0.12,0.25
local_static_map_repeatability,622,up,400,400,TRUE,4,20,3.8000000000000003,2.659,3.266,0.6070000000000002,0.6070000000000002,0.1,3.2,3.3000000000000003,3.25,"[3.20, 3.30)",7.88,9.38,1.24,1.6,0,0,1.2362834225372635e-14,-1.72099425159674e-16,TRUE,TRUE,NA,0.05,3,0.6,1.2,0.12,0.25
local_static_map_repeatability,623,up,400,400,TRUE,4,20,3.8000000000000003,3.266,4.14,0.8739999999999997,0.8739999999999997,0.1,4.1000000000000005,4.2,4.15,"[4.10, 4.20)",9.38,12.72,1.6,2.14,0.0061558701125113404,0,0.05413533834585537,3.8338053389637436e-15,TRUE,TRUE,NA,0.05,3,0.6,1.2,0.12,0.25
local_static_map_repeatability,624,up,400,400,TRUE,4,20,3.8000000000000003,4.14,5.108,0.968,0.968,0.1,5.1000000000000005,5.2,5.15,"[5.10, 5.20)",12.72,17.4,2.14,2.72,0,0.010208355710680819,-1.363216154116562e-14,0.10075187969925312,TRUE,TRUE,NA,0.05,3,0.6,1.2,0.12,0.25
local_static_map_repeatability,625,down,400,400,TRUE,4,20,3.8000000000000003,5.108,4.227,-0.8809999999999993,0.8809999999999993,0.1,4.2,4.3,4.25,"[4.20, 4.30)",17.4,14.1,2.7,2.18,0,0,3.324296687065137e-14,-2.2383987585520707e-15,TRUE,TRUE,NA,0.05,3,0.6,1.2,0.12,0.25
local_static_map_repeatability,626,down,400,400,TRUE,4,20,3.8000000000000003,4.227,3.458,-0.7690000000000001,0.7690000000000001,0.1,3.4000000000000004,3.5000000000000004,3.45,"[3.40, 3.50)",14.1,10.78,2.18,1.72,0,0,1.0507254592253779e-15,-7.749079545600504e-16,TRUE,TRUE,NA,0.05,3,0.6,1.2,0.12,0.25
local_static_map_repeatability,627,up,400,400,TRUE,4,20,3.8000000000000003,3.458,3.784,0.3259999999999996,0.3259999999999996,0.1,3.7,3.8000000000000003,3.75,"[3.70, 3.80)",10.78,11.56,1.72,1.92,0,0,-5.401009561178081e-15,-8.338615404188609e-16,TRUE,TRUE,NA,0.05,3,0.6,1.2,0.12,0.25
local_static_map_repeatability,628,up,400,400,TRUE,4,20,3.8000000000000003,3.784,5.442,1.6580000000000004,1.6580000000000004,0.1,5.4,5.5,5.45,"[5.40, 5.50)",11.56,19.04,1.92,2.92,0.010052493799000478,0.00820782681668124,0.14436090225563966,-0.012030075187967698,TRUE,TRUE,NA,0.05,3,0.6,1.2,0.12,0.25
local_static_map_repeatability,629,down,400,400,TRUE,4,20,3.8000000000000003,5.442,4.441,-1.0010000000000003,1.0010000000000003,0.1,4.4,4.5,4.45,"[4.40, 4.50)",19.06,15.2,2.92,2.3,0,0,-2.683296955004741e-15,-2.9909719188078527e-15,TRUE,TRUE,NA,0.05,3,0.6,1.2,0.12,0.25
local_static_map_repeatability,630,down,400,400,TRUE,4,20,3.8000000000000003,4.441,1.612,-2.8289999999999997,2.8289999999999997,0.1,1.6,1.7000000000000002,1.6500000000000001,"[1.60, 1.70)",15.2,4.49,2.3,0.6,0.021026299321513692,0,-0.34285714285714014,-1.0197844214872912e-16,TRUE,TRUE,NA,0.05,3,0.6,1.2,0.12,0.25
local_static_map_repeatability,631,up,400,400,TRUE,4,20,3.8000000000000003,1.612,3.464,1.8519999999999999,1.8519999999999999,0.1,3.4000000000000004,3.5000000000000004,3.45,"[3.40, 3.50)",4.46,9.64,0.6,1.72,0.00978720969859165,0,0.09473684210526163,-7.749079545600504e-16,TRUE,TRUE,NA,0.05,3,0.6,1.2,0.12,0.25
local_static_map_repeatability,632,down,400,400,TRUE,4,20,3.8000000000000003,3.464,2.3,-1.1640000000000001,1.1640000000000001,0.1,2.3000000000000003,2.4000000000000004,2.3500000000000005,"[2.30, 2.40)",9.64,6.26,1.72,1.02,0.010208355710680591,0,-0.14887218045112285,1.894199908232723e-15,TRUE,TRUE,NA,0.05,3,0.6,1.2,0.12,0.25
local_static_map_repeatability,633,up,400,400,TRUE,4,20,3.8000000000000003,2.3,5.993,3.6930000000000005,3.6930000000000005,0.1,5.9,6,5.95,"[5.90, 6.00)",6.24,21.64,1.02,3.24,0.010208355710680591,0,0.14887218045110792,1.1965549353087544e-15,TRUE,TRUE,NA,0.05,3,0.6,1.2,0.12,0.25
local_static_map_repeatability,634,down,400,400,TRUE,4,20,3.8000000000000003,5.993,1.136,-4.857,4.857,0.1,1.1,1.2000000000000002,1.1500000000000001,"[1.10, 1.20)",21.64,3.26,3.24,0.34,0.01701392618446789,0.008207826816681217,-0.2691729323308266,-0.09624060150375885,TRUE,TRUE,NA,0.05,3,0.6,1.2,0.12,0.25
local_static_map_repeatability,635,up,400,400,TRUE,4,20,3.8000000000000003,1.136,2.487,1.3510000000000002,1.3510000000000002,0.1,2.4000000000000004,2.5000000000000004,2.45,"[2.40, 2.50)",3.24,6.06,0.34,1.12,0,0,1.0023365823100693e-14,1.9396054307310205e-15,TRUE,TRUE,NA,0.05,3,0.6,1.2,0.12,0.25
local_static_map_repeatability,636,down,400,400,TRUE,4,20,3.8000000000000003,2.487,1.408,-1.0790000000000002,1.0790000000000002,0.1,1.4000000000000001,1.5000000000000002,1.4500000000000002,"[1.40, 1.50)",6.06,3.5,1.12,0.48,0,0,-5.582816799964544e-15,-2.0846538510471523e-16,TRUE,TRUE,NA,0.05,3,0.6,1.2,0.12,0.25
local_static_map_repeatability,637,up,400,400,TRUE,4,20,3.8000000000000003,1.408,2.717,1.3090000000000002,1.3090000000000002,0.1,2.7,2.8000000000000003,2.75,"[2.70, 2.80)",3.5,6.54,0.48,1.28,0,0,3.1358849734915318e-15,-9.28928254613212e-16,TRUE,TRUE,NA,0.05,3,0.6,1.2,0.12,0.25
local_static_map_repeatability,638,up,400,400,TRUE,4,20,3.8000000000000003,2.717,6.165,3.448,3.448,0.1,6.1000000000000005,6.2,6.15,"[6.10, 6.20)",6.54,22.34,1.28,3.36,0.01436369692919185,0,0.22255639097744429,2.981634402767611e-15,TRUE,TRUE,NA,0.05,3,0.6,1.2,0.12,0.25
local_static_map_repeatability,639,down,400,400,TRUE,4,20,3.8000000000000003,6.165,1.843,-4.322,4.322,0.1,1.8,1.9000000000000001,1.85,"[1.80, 1.90)",22.36,4.86,3.36,0.74,0.01572795031314105,0,-0.24511278195488717,-4.939409202360112e-16,TRUE,TRUE,NA,0.05,3,0.6,1.2,0.12,0.25
local_static_map_repeatability,640,up,400,400,TRUE,4,20,3.8000000000000003,1.843,4.187,2.3440000000000003,2.3440000000000003,0.1,4.1000000000000005,4.2,4.15,"[4.10, 4.20)",4.84,12.42,0.74,2.16,0,0,5.256561709119256e-15,3.3353559179204757e-15,TRUE,TRUE,NA,0.05,3,0.6,1.2,0.12,0.25
local_static_map_repeatability,641,up,400,400,TRUE,4,20,3.8000000000000003,4.187,5.2,1.013,1.013,0.1,5.2,5.3,5.25,"[5.20, 5.30)",12.42,17.52,2.16,2.76,0.008207826816681058,0,0.09624060150377567,-2.06657472594064e-15,TRUE,TRUE,NA,0.05,3,0.6,1.2,0.12,0.25
local_static_map_repeatability,642,up,400,400,TRUE,4,20,3.8000000000000003,5.2,6.588,1.388,1.388,0.1,6.5,6.6,6.55,"[6.50, 6.60)",17.52,24.88,2.76,3.6,0.010208355710680591,0,0.14887218045112666,2.0755466056776696e-15,TRUE,TRUE,NA,0.05,3,0.6,1.2,0.12,0.25
local_static_map_repeatability,643,down,400,400,TRUE,4,20,3.8000000000000003,6.588,4.608,-1.9800000000000004,1.9800000000000004,0.1,4.6000000000000005,4.7,4.65,"[4.60, 4.70)",24.9,16.32,3.6,2.42,0,0,3.030719853172357e-14,4.168942065791094e-15,TRUE,TRUE,NA,0.05,3,0.6,1.2,0.12,0.25
local_static_map_repeatability,644,up,400,400,TRUE,4,20,3.8000000000000003,4.608,5.064,0.4560000000000004,0.4560000000000004,0.1,5,5.1,5.05,"[5.00, 5.10)",16.32,17.82,2.42,2.68,0.010208355710680591,0,0.10676691729321336,-4.8485530354860335e-15,TRUE,TRUE,NA,0.05,3,0.6,1.2,0.12,0.25
local_static_map_repeatability,645,down,400,400,TRUE,4,20,3.8000000000000003,5.064,3.955,-1.109,1.109,0.1,3.9000000000000004,4,3.95,"[3.90, 4.00)",17.84,13.16,2.68,2.02,0.010208355710680591,0,-0.14887218045113274,-3.326108645635202e-15,TRUE,TRUE,NA,0.05,3,0.6,1.2,0.12,0.25
local_static_map_repeatability,646,down,400,400,TRUE,4,20,3.8000000000000003,3.955,3.407,-0.548,0.548,0.1,3.4000000000000004,3.5000000000000004,3.45,"[3.40, 3.50)",13.16,10.64,2.02,1.68,0,0,-1.740041445777106e-14,1.4908172013838055e-15,TRUE,TRUE,NA,0.05,3,0.6,1.2,0.12,0.25
local_static_map_repeatability,647,down,400,400,TRUE,4,20,3.8000000000000003,3.407,2.791,-0.6160000000000001,0.6160000000000001,0.1,2.7,2.8000000000000003,2.75,"[2.70, 2.80)",10.64,8.14,1.68,1.32,0.007326950970650959,0,-0.07669172932332287,6.118255310148904e-16,TRUE,TRUE,NA,0.05,3,0.6,1.2,0.12,0.25
local_static_map_repeatability,648,down,400,400,TRUE,4,20,3.8000000000000003,2.791,1.29,-1.501,1.501,0.1,1.2000000000000002,1.3000000000000003,1.2500000000000002,"[1.20, 1.30)",8.12,3.44,1.32,0.4,0.01576137851304826,0.00888523316638637,-0.24962406015036903,-0.11278195488721796,TRUE,TRUE,NA,0.05,3,0.6,1.2,0.12,0.25
local_static_map_repeatability,649,up,400,400,TRUE,4,20,3.8000000000000003,1.29,4.994,3.7039999999999997,3.7039999999999997,0.1,4.9,5,4.95,"[4.90, 5.00)",3.42,16.36,0.4,2.64,0.00978720969859165,0,0.13684210526314092,1.2236510620297808e-15,TRUE,TRUE,NA,0.05,3,0.6,1.2,0.12,0.25
local_static_map_repeatability,650,down,400,400,TRUE,4,20,3.8000000000000003,4.994,3.752,-1.242,1.242,0.1,3.7,3.8000000000000003,3.75,"[3.70, 3.80)",16.38,11.64,2.64,1.9,0,0,2.7558032655074018e-15,-3.354121193755926e-16,TRUE,TRUE,NA,0.05,3,0.6,1.2,0.12,0.25
local_static_map_repeatability,651,up,400,400,TRUE,4,20,3.8000000000000003,3.752,4.445,0.6930000000000005,0.6930000000000005,0.1,4.4,4.5,4.45,"[4.40, 4.50)",11.64,14.06,1.9,2.3,0.00978720969859165,0,0.0827067669173187,-2.9909719188078527e-15,TRUE,TRUE,NA,0.05,3,0.6,1.2,0.12,0.25
local_static_map_repeatability,652,down,400,400,TRUE,4,20,3.8000000000000003,4.445,2.478,-1.967,1.967,0.1,2.4000000000000004,2.5000000000000004,2.45,"[2.40, 2.50)",14.08,6.96,2.3,1.12,0.007326950970650634,0,-0.07669172932331766,1.9396054307310205e-15,TRUE,TRUE,NA,0.05,3,0.6,1.2,0.12,0.25
local_static_map_repeatability,653,up,400,400,TRUE,4,20,3.8000000000000003,2.478,3.255,0.7769999999999997,0.7769999999999997,0.1,3.2,3.3000000000000003,3.25,"[3.20, 3.30)",6.96,8.95,1.12,1.6,0.010259783520852233,0,0.11428571428572755,-1.72099425159674e-16,TRUE,TRUE,NA,0.05,3,0.6,1.2,0.12,0.25
local_static_map_repeatability,654,up,400,400,TRUE,4,20,3.8000000000000003,3.255,5.278,2.0229999999999997,2.0229999999999997,0.1,5.2,5.3,5.25,"[5.20, 5.30)",8.96,17.86,1.6,2.8,0.010052493799000478,0,0.14436090225563694,4.5494843151167395e-15,TRUE,TRUE,NA,0.05,3,0.6,1.2,0.12,0.25
local_static_map_repeatability,655,down,400,400,TRUE,4,20,3.8000000000000003,5.278,4.206,-1.0719999999999992,1.0719999999999992,0.1,4.2,4.3,4.25,"[4.20, 4.30)",17.88,13.76,2.8,2.18,0.006155870112510793,0.009403246919632553,-0.054135338345879455,0.07218045112781973,TRUE,TRUE,NA,0.05,3,0.6,1.2,0.12,0.25
local_static_map_repeatability,656,up,400,400,TRUE,4,20,3.8000000000000003,4.206,6.294,2.087999999999999,2.087999999999999,0.1,6.2,6.3,6.25,"[6.20, 6.30)",13.76,23.42,2.18,3.42,0.009787209698593388,0,0.13684210526319673,6.561591395067085e-15,TRUE,TRUE,NA,0.05,3,0.6,1.2,0.12,0.25
local_static_map_repeatability,657,down,400,400,TRUE,4,20,3.8000000000000003,6.294,5.974,-0.3199999999999994,0.3199999999999994,0.1,5.9,6,5.95,"[5.90, 6.00)",23.42,22.74,3.42,3.24,0,0,4.7838314520558e-15,1.1965549353087544e-15,TRUE,TRUE,NA,0.05,3,0.6,1.2,0.12,0.25
local_static_map_repeatability,658,down,400,400,TRUE,4,20,3.8000000000000003,5.974,5.133,-0.8410000000000002,0.8410000000000002,0.1,5.1000000000000005,5.2,5.15,"[5.10, 5.20)",22.74,19.1,3.24,2.72,0,0,-6.886374618132852e-15,1.7675060055713464e-15,TRUE,TRUE,NA,0.05,3,0.6,1.2,0.12,0.25
local_static_map_repeatability,659,down,400,400,TRUE,4,20,3.8000000000000003,5.133,1.401,-3.732,3.732,0.1,1.4000000000000001,1.5000000000000002,1.4500000000000002,"[1.40, 1.50)",19.1,4.02,2.72,0.48,0.022734161635370554,0.007326950970650471,-0.37142857142857416,-0.07669172932330874,TRUE,TRUE,NA,0.05,3,0.6,1.2,0.12,0.25
local_static_map_repeatability,660,up,400,400,TRUE,4,20,3.8000000000000003,1.401,2.001,0.5999999999999999,0.5999999999999999,0.1,2,2.1,2.05,"[2.00, 2.10)",4,4.96,0.48,0.84,0,0,2.718823498932986e-16,7.454086006919028e-16,TRUE,TRUE,NA,0.05,3,0.6,1.2,0.12,0.25
local_static_map_repeatability,661,up,400,400,TRUE,4,20,3.8000000000000003,2.001,3.437,1.436,1.436,0.1,3.4000000000000004,3.5000000000000004,3.45,"[3.40, 3.50)",4.96,9.34,0.84,1.7,0,0,-2.4652412222502837e-15,-2.7645853351678203e-16,TRUE,TRUE,NA,0.05,3,0.6,1.2,0.12,0.25
local_static_map_repeatability,662,down,400,400,TRUE,4,20,3.8000000000000003,3.437,2.103,-1.3339999999999996,1.3339999999999996,0.1,2.1,2.2,2.1500000000000004,"[2.10, 2.20)",9.34,5.54,1.7,0.9,0,0,3.2808882719301792e-15,5.188866514194174e-16,TRUE,TRUE,NA,0.05,3,0.6,1.2,0.12,0.25
local_static_map_repeatability,663,down,400,400,TRUE,4,20,3.8000000000000003,2.103,1.457,-0.6460000000000001,0.6460000000000001,0.1,1.4000000000000001,1.5000000000000002,1.4500000000000002,"[1.40, 1.50)",5.54,3.68,0.9,0.52,0,0,1.0232359432363152e-14,6.346208666606763e-17,TRUE,TRUE,NA,0.05,3,0.6,1.2,0.12,0.25
local_static_map_repeatability,664,up,400,400,TRUE,4,20,3.8000000000000003,1.457,2.386,0.929,0.929,0.1,2.3000000000000003,2.4000000000000004,2.3500000000000005,"[2.30, 2.40)",3.68,5.64,0.52,1.07,0,0.01025978352085155,3.026764532717666e-15,0.030075187969925712,TRUE,TRUE,NA,0.05,3,0.6,1.2,0.12,0.25
local_static_map_repeatability,665,up,400,400,TRUE,4,20,3.8000000000000003,2.386,4.512,2.1259999999999994,2.1259999999999994,0.1,4.5,4.6,4.55,"[4.50, 4.60)",5.64,13.66,1.08,2.34,0.010208355710680591,0,0.14887218045113615,3.625087122249527e-15,TRUE,TRUE,NA,0.05,3,0.6,1.2,0.12,0.25
local_static_map_repeatability,666,down,400,400,TRUE,4,20,3.8000000000000003,4.512,3.411,-1.1009999999999995,1.1009999999999995,0.1,3.4000000000000004,3.5000000000000004,3.45,"[3.40, 3.50)",13.66,9.9,2.34,1.68,0,0.010208355710680819,-1.6421825011461796e-14,0.1488721804511274,TRUE,TRUE,NA,0.05,3,0.6,1.2,0.12,0.25
local_static_map_repeatability,667,down,400,400,TRUE,4,20,3.8000000000000003,3.411,1.782,-1.629,1.629,0.1,1.7000000000000002,1.8000000000000003,1.7500000000000002,"[1.70, 1.80)",9.9,4.6,1.7,0.7,0.010052493799000925,0.00820782681668124,-0.096240601503768,-0.09624060150375811,TRUE,TRUE,NA,0.05,3,0.6,1.2,0.12,0.25
local_static_map_repeatability,668,down,400,400,TRUE,4,20,3.8000000000000003,1.782,1.426,-0.3560000000000001,0.3560000000000001,0.1,1.4000000000000001,1.5000000000000002,1.4500000000000002,"[1.40, 1.50)",4.6,3.52,0.7,0.48,0.010052493799000702,0,-0.14436090225563372,-2.0846538510471523e-16,TRUE,TRUE,NA,0.05,3,0.6,1.2,0.12,0.25
local_static_map_repeatability,669,up,400,400,TRUE,4,20,3.8000000000000003,1.426,2.529,1.103,1.103,0.1,2.5,2.6,2.55,"[2.50, 2.60)",3.52,5.94,0.48,1.16,0,0,-1.6127948935059087e-15,7.929419577890784e-16,TRUE,TRUE,NA,0.05,3,0.6,1.2,0.12,0.25
local_static_map_repeatability,670,down,400,400,TRUE,4,20,3.8000000000000003,2.529,1.344,-1.1849999999999998,1.1849999999999998,0.1,1.3,1.4000000000000001,1.35,"[1.30, 1.40)",5.94,3.24,1.16,0.44,0.010052493799000478,0,-0.14436090225563483,8.258746146956727e-16,TRUE,TRUE,NA,0.05,3,0.6,1.2,0.12,0.25
local_static_map_repeatability,671,up,400,400,TRUE,4,20,3.8000000000000003,1.344,5.989,4.645,4.645,0.1,5.9,6,5.95,"[5.90, 6.00)",3.24,21.14,0.44,3.24,0.01576137851304791,0,0.24962406015037678,1.1965549353087544e-15,TRUE,TRUE,NA,0.05,3,0.6,1.2,0.12,0.25
local_static_map_repeatability,672,down,400,400,TRUE,4,20,3.8000000000000003,5.989,4.516,-1.4729999999999999,1.4729999999999999,0.1,4.5,4.6,4.55,"[4.50, 4.60)",21.16,15.12,3.24,2.36,0,0,3.991294277260255e-14,-1.9486675542230184e-15,TRUE,TRUE,NA,0.05,3,0.6,1.2,0.12,0.25
local_static_map_repeatability,673,up,400,400,TRUE,4,20,3.8000000000000003,4.516,5.886,1.37,1.37,0.1,5.800000000000001,5.9,5.8500000000000005,"[5.80, 5.90)",15.12,21.22,2.36,3.18,0.010052493799000478,0,0.14436090225565704,-4.921054684705357e-15,TRUE,TRUE,NA,0.05,3,0.6,1.2,0.12,0.25
local_static_map_repeatability,674,down,400,400,TRUE,4,20,3.8000000000000003,5.886,3.894,-1.992,1.992,0.1,3.8000000000000003,3.9000000000000004,3.8500000000000005,"[3.80, 3.90)",21.22,12.6,3.18,1.98,0.009403246919632345,0,-0.1263157894736817,2.084428241659731e-16,TRUE,TRUE,NA,0.05,3,0.6,1.2,0.12,0.25
local_static_map_repeatability,675,down,400,400,TRUE,4,20,3.8000000000000003,3.894,3.138,-0.7560000000000002,0.7560000000000002,0.1,3.1,3.2,3.1500000000000004,"[3.10, 3.20)",12.6,9.3,1.98,1.52,0.006155870112510793,0,-0.05413533834587921,-7.159543687012397e-16,TRUE,TRUE,NA,0.05,3,0.6,1.2,0.12,0.25
local_static_map_repeatability,676,up,400,400,TRUE,4,20,3.8000000000000003,3.138,5.492,2.354,2.354,0.1,5.4,5.5,5.45,"[5.40, 5.50)",9.3,19.16,1.52,2.94,0.009403246919632345,0,0.12631578947372368,-1.4773142599007768e-15,TRUE,TRUE,NA,0.05,3,0.6,1.2,0.12,0.25
local_static_map_repeatability,677,up,400,400,TRUE,4,20,3.8000000000000003,5.492,6.235,0.7430000000000003,0.7430000000000003,0.1,6.2,6.3,6.25,"[6.20, 6.30)",19.16,23.22,2.94,3.4,0.007326950970650309,0.007326950970650471,0.07669172932332598,-0.004511278195490706,TRUE,TRUE,NA,0.05,3,0.6,1.2,0.12,0.25
local_static_map_repeatability,678,down,400,400,TRUE,4,20,3.8000000000000003,6.235,4.874,-1.3610000000000007,1.3610000000000007,0.1,4.800000000000001,4.9,4.8500000000000005,"[4.80, 4.90)",23.24,17.62,3.4,2.58,0,0.009787209698591866,-4.929195725514321e-15,0.019548872180450344,TRUE,TRUE,NA,0.05,3,0.6,1.2,0.12,0.25
local_static_map_repeatability,679,down,400,400,TRUE,4,20,3.8000000000000003,4.874,3.391,-1.4829999999999997,1.4829999999999997,0.1,3.3000000000000003,3.4000000000000004,3.3500000000000005,"[3.30, 3.40)",17.62,10.66,2.58,1.68,0.010052493799000478,0,-0.14436090225564954,1.4908172013838055e-15,TRUE,TRUE,NA,0.05,3,0.6,1.2,0.12,0.25
local_static_map_repeatability,680,up,400,400,TRUE,4,20,3.8000000000000003,3.391,4.793,1.4020000000000001,1.4020000000000001,0.1,4.7,4.8,4.75,"[4.70, 4.80)",10.64,16.02,1.68,2.52,0.004472135954999484,0,0.02857142857141763,4.21434758828939e-15,TRUE,TRUE,NA,0.05,3,0.6,1.2,0.12,0.25
local_static_map_repeatability,681,up,400,400,TRUE,4,20,3.8000000000000003,4.793,5.79,0.9969999999999999,0.9969999999999999,0.1,5.7,5.8,5.75,"[5.70, 5.80)",16.04,21.06,2.52,3.12,0.008885233166386196,0,0.11278195488718921,4.187251461568364e-15,TRUE,TRUE,NA,0.05,3,0.6,1.2,0.12,0.25
local_static_map_repeatability,682,down,400,400,TRUE,4,20,3.8000000000000003,5.79,5.463,-0.32699999999999996,0.32699999999999996,0.1,5.4,5.5,5.45,"[5.40, 5.50)",21.08,20.26,3.12,2.92,0.004472135954999484,0,-0.016541353383504542,1.5587877888571307e-15,TRUE,TRUE,NA,0.05,3,0.6,1.2,0.12,0.25
local_static_map_repeatability,683,down,400,400,TRUE,4,20,3.8000000000000003,5.463,3.522,-1.9410000000000003,1.9410000000000003,0.1,3.5,3.6,3.55,"[3.50, 3.60)",20.26,11.36,2.92,1.76,0.00940324691963318,0,-0.12631578947370226,3.3034984587826906e-15,TRUE,TRUE,NA,0.05,3,0.6,1.2,0.12,0.25
local_static_map_repeatability,684,up,400,400,TRUE,4,20,3.8000000000000003,3.522,4.046,0.5240000000000005,0.5240000000000005,0.1,4,4.1,4.05,"[4.00, 4.10)",11.36,12.9,1.76,2.08,0,0,-1.685683490677774e-14,2.5384834666427053e-16,TRUE,TRUE,NA,0.05,3,0.6,1.2,0.12,0.25
local_static_map_repeatability,685,up,400,400,TRUE,4,20,3.8000000000000003,4.046,6.487,2.441,2.441,0.1,6.4,6.5,6.45,"[6.40, 6.50)",12.9,24.54,2.08,3.54,0.010052493799000478,0,0.14436090225561818,-4.042063014336443e-15,TRUE,TRUE,NA,0.05,3,0.6,1.2,0.12,0.25
local_static_map_repeatability,686,down,400,400,TRUE,4,20,3.8000000000000003,6.487,4.093,-2.394,2.394,0.1,4,4.1,4.05,"[4.00, 4.10)",24.54,14,3.54,2.1,0.008207826816681058,0,-0.09624060150378114,-2.7822537020936368e-15,TRUE,TRUE,NA,0.05,3,0.6,1.2,0.12,0.25
local_static_map_repeatability,687,down,400,400,TRUE,4,20,3.8000000000000003,4.093,2.712,-1.3809999999999998,1.3809999999999998,0.1,2.7,2.8000000000000003,2.75,"[2.70, 2.80)",13.98,8.1,2.1,1.26,0.006155870112510793,0,-0.05413533834587073,2.107173794144695e-15,TRUE,TRUE,NA,0.05,3,0.6,1.2,0.12,0.25
local_static_map_repeatability,688,up,400,400,TRUE,4,20,3.8000000000000003,2.712,5.676,2.964,2.964,0.1,5.6000000000000005,5.7,5.65,"[5.60, 5.70)",8.08,20.42,1.26,3.04,0.007326950970651611,0.010052493799000702,0.07669172932331271,0.14436090225563397,TRUE,TRUE,NA,0.05,3,0.6,1.2,0.12,0.25
local_static_map_repeatability,689,up,400,400,TRUE,4,20,3.8000000000000003,5.676,7.091,1.415,1.415,0.1,7,7.1,7.05,"[7.00, 7.10)",20.44,27.56,3.06,3.9,0.010208355710680591,0,0.14887218045118497,-8.238376599396804e-15,TRUE,TRUE,NA,0.05,3,0.6,1.2,0.12,0.25
local_static_map_repeatability,690,down,400,400,TRUE,4,20,3.8000000000000003,7.091,4.589,-2.502,2.502,0.1,4.5,4.6,4.55,"[4.50, 4.60)",27.58,16.72,3.9,2.4,0.004472135954999484,0,-0.028571428571393997,-4.0791376859491647e-16,TRUE,TRUE,NA,0.05,3,0.6,1.2,0.12,0.25
local_static_map_repeatability,691,down,400,400,TRUE,4,20,3.8000000000000003,4.589,1.998,-2.591,2.591,0.1,1.9000000000000001,2,1.9500000000000002,"[1.90, 2.00)",16.7,5.76,2.4,0.84,0.013138933706635846,0,-0.1984962406015012,7.454086006919028e-16,TRUE,TRUE,NA,0.05,3,0.6,1.2,0.12,0.25
local_static_map_repeatability,692,down,400,400,TRUE,4,20,3.8000000000000003,1.998,1.133,-0.865,0.865,0.1,1.1,1.2000000000000002,1.1500000000000001,"[1.10, 1.20)",5.74,3.14,0.84,0.32,0.0139170474787692,0,-0.21353383458646322,-2.32232063653303e-16,TRUE,TRUE,NA,0.05,3,0.6,1.2,0.12,0.25
local_static_map_repeatability,693,up,400,400,TRUE,4,20,3.8000000000000003,1.133,6.231,5.098,5.098,0.1,6.2,6.3,6.25,"[6.20, 6.30)",3.12,23.1,0.32,3.38,0.014653901941301612,0,0.2255639097744329,-5.129772901419573e-15,TRUE,TRUE,NA,0.05,3,0.6,1.2,0.12,0.25
local_static_map_repeatability,694,down,400,400,TRUE,4,20,3.8000000000000003,6.231,4.658,-1.5729999999999995,1.5729999999999995,0.1,4.6000000000000005,4.7,4.65,"[4.60, 4.70)",23.12,16.56,3.38,2.44,0,0,-2.7625364121931677e-14,1.1328400170331857e-15,TRUE,TRUE,NA,0.05,3,0.6,1.2,0.12,0.25
local_static_map_repeatability,695,down,400,400,TRUE,4,20,3.8000000000000003,4.658,1.96,-2.6980000000000004,2.6980000000000004,0.1,1.9000000000000001,2,1.9500000000000002,"[1.90, 2.00)",16.56,5.44,2.44,0.82,0.010052493799000478,0,-0.14436090225563505,-6.59381449050808e-16,TRUE,TRUE,NA,0.05,3,0.6,1.2,0.12,0.25
local_static_map_repeatability,696,up,400,400,TRUE,4,20,3.8000000000000003,1.96,3.303,1.343,1.343,0.1,3.3000000000000003,3.4000000000000004,3.3500000000000005,"[3.30, 3.40)",5.44,9.12,0.82,1.62,0.004472135954999484,0,0.025563909774430304,5.982774676543772e-16,TRUE,TRUE,NA,0.05,3,0.6,1.2,0.12,0.25
local_static_map_repeatability,697,down,400,400,TRUE,4,20,3.8000000000000003,3.303,2.316,-0.9870000000000001,0.9870000000000001,0.1,2.3000000000000003,2.4000000000000004,2.3500000000000005,"[2.30, 2.40)",9.12,6.3,1.62,1.02,0,0,-1.0333324848478042e-15,1.894199908232723e-15,TRUE,TRUE,NA,0.05,3,0.6,1.2,0.12,0.25
local_static_map_repeatability,698,up,400,400,TRUE,4,20,3.8000000000000003,2.316,5.122,2.806,2.806,0.1,5.1000000000000005,5.2,5.15,"[5.10, 5.20)",6.3,17.18,1.02,2.72,0.010052493799000478,0,0.14436090225561896,1.7675060055713464e-15,TRUE,TRUE,NA,0.05,3,0.6,1.2,0.12,0.25
local_static_map_repeatability,699,up,400,400,TRUE,4,20,3.8000000000000003,5.122,6.293,1.1710000000000003,1.1710000000000003,0.1,6.2,6.3,6.25,"[6.20, 6.30)",17.2,23.56,2.72,3.42,0.010208355710680591,0,0.14887218045112466,6.561591395067085e-15,TRUE,TRUE,NA,0.05,3,0.6,1.2,0.12,0.25
local_static_map_repeatability,700,down,400,400,TRUE,4,20,3.8000000000000003,6.293,3.844,-2.4490000000000003,2.4490000000000003,0.1,3.8000000000000003,3.9000000000000004,3.8500000000000005,"[3.80, 3.90)",23.58,12.66,3.42,1.94,0.004472135954999484,0.00615587011251093,-0.02857142857142356,0.04210526315789695,TRUE,TRUE,NA,0.05,3,0.6,1.2,0.12,0.25
local_static_map_repeatability,701,down,400,400,TRUE,4,20,3.8000000000000003,3.844,1.647,-2.197,2.197,0.1,1.6,1.7000000000000002,1.6500000000000001,"[1.60, 1.70)",12.66,4.52,1.94,0.62,0.006155870112511066,0,-0.05413533834586799,3.3985293736662324e-17,TRUE,TRUE,NA,0.05,3,0.6,1.2,0.12,0.25
local_static_map_repeatability,702,up,400,400,TRUE,4,20,3.8000000000000003,1.647,4.644,2.997,2.997,0.1,4.6000000000000005,4.7,4.65,"[4.60, 4.70)",4.52,14.9,0.62,2.44,0.010208355710680591,0,0.14887218045115033,1.1328400170331857e-15,TRUE,TRUE,NA,0.05,3,0.6,1.2,0.12,0.25
local_static_map_repeatability,703,down,400,400,TRUE,4,20,3.8000000000000003,4.644,3.236,-1.408,1.408,0.1,3.2,3.3000000000000003,3.25,"[3.20, 3.30)",14.9,9.68,2.44,1.58,0,0,1.6675768263164376e-14,1.595176309740914e-15,TRUE,TRUE,NA,0.05,3,0.6,1.2,0.12,0.25
local_static_map_repeatability,704,up,400,400,TRUE,4,20,3.8000000000000003,3.236,6.098,2.8619999999999997,2.8619999999999997,0.1,6,6.1,6.05,"[6.00, 6.10)",9.68,22.46,1.58,3.3,0.011742858972247746,0,0.16691729323307164,1.9393300381827775e-15,TRUE,TRUE,NA,0.05,3,0.6,1.2,0.12,0.25
local_static_map_repeatability,705,up,400,400,TRUE,4,20,3.8000000000000003,6.098,6.856,0.758,0.758,0.1,6.800000000000001,6.9,6.8500000000000005,"[6.80, 6.90)",22.48,26.52,3.3,3.76,0.008207826816681058,0,0.09624060150373642,3.2607460333535134e-16,TRUE,TRUE,NA,0.05,3,0.6,1.2,0.12,0.25
local_static_map_repeatability,706,down,400,400,TRUE,4,20,3.8000000000000003,6.856,3.214,-3.642,3.642,0.1,3.2,3.3000000000000003,3.25,"[3.20, 3.30)",26.54,10.11,3.76,1.56,0.010259783520851322,0,-0.1503759398496041,2.093625730784182e-15,TRUE,TRUE,NA,0.05,3,0.6,1.2,0.12,0.25
local_static_map_repeatability,707,down,400,400,TRUE,4,20,3.8000000000000003,3.214,1.387,-1.827,1.827,0.1,1.3,1.4000000000000001,1.35,"[1.30, 1.40)",10.1,3.84,1.56,0.46,0.019574419397183733,0,-0.31578947368420923,1.279044929045394e-15,TRUE,TRUE,NA,0.05,3,0.6,1.2,0.12,0.25
local_static_map_repeatability,708,up,400,400,TRUE,4,20,3.8000000000000003,1.387,2.038,0.6509999999999998,0.6509999999999998,0.1,2,2.1,2.05,"[2.00, 2.10)",3.82,5,0.46,0.86,0,0,9.425594018665317e-15,-3.874539772800252e-16,TRUE,TRUE,NA,0.05,3,0.6,1.2,0.12,0.25
local_static_map_repeatability,709,up,400,400,TRUE,4,20,3.8000000000000003,2.038,4.307,2.2690000000000006,2.2690000000000006,0.1,4.3,4.3999999999999995,4.35,"[4.30, 4.40)",5,13.06,0.86,2.22,0.010052493799000478,0,0.14436090225564852,4.377660282505309e-15,TRUE,TRUE,NA,0.05,3,0.6,1.2,0.12,0.25
local_static_map_repeatability,710,down,400,400,TRUE,4,20,3.8000000000000003,4.307,3.547,-0.7600000000000002,0.7600000000000002,0.1,3.5,3.6,3.55,"[3.50, 3.60)",13.08,10.64,2.22,1.78,0,0,-1.740041445777106e-14,1.536222723882103e-15,TRUE,TRUE,NA,0.05,3,0.6,1.2,0.12,0.25
local_static_map_repeatability,711,up,400,400,TRUE,4,20,3.8000000000000003,3.547,5.731,2.1839999999999997,2.1839999999999997,0.1,5.7,5.8,5.75,"[5.70, 5.80)",10.64,20.48,1.78,3.08,0.00978720969859165,0,0.13684210526314772,1.0884504822562292e-16,TRUE,TRUE,NA,0.05,3,0.6,1.2,0.12,0.25
local_static_map_repeatability,712,down,400,400,TRUE,4,20,3.8000000000000003,5.731,4.71,-1.021,1.021,0.1,4.7,4.8,4.75,"[4.70, 4.80)",20.5,16.54,3.08,2.46,0,0.007326950970650471,1.6312709231971267e-14,-0.0315789473684216,TRUE,TRUE,NA,0.05,3,0.6,1.2,0.12,0.25
local_static_map_repeatability,713,up,400,400,TRUE,4,20,3.8000000000000003,4.71,5.145,0.4349999999999996,0.4349999999999996,0.1,5.1000000000000005,5.2,5.15,"[5.10, 5.20)",16.54,18.06,2.46,2.74,0,0,7.684267718415302e-15,1.2690565845280783e-15,TRUE,TRUE,NA,0.05,3,0.6,1.2,0.12,0.25
local_static_map_repeatability,714,up,400,400,TRUE,4,20,3.8000000000000003,5.145,6.533,1.3880000000000008,1.3880000000000008,0.1,6.5,6.6,6.55,"[6.50, 6.60)",18.06,24.94,2.74,3.56,0.008885233166386196,0,0.11278195488722895,3.072445447764206e-15,TRUE,TRUE,NA,0.05,3,0.6,1.2,0.12,0.25
local_static_map_repeatability,715,down,400,400,TRUE,4,20,3.8000000000000003,6.533,5.32,-1.213,1.213,0.1,5.300000000000001,5.4,5.3500000000000005,"[5.30, 5.40)",24.96,20.26,3.56,2.84,0,0,-2.1169583795776204e-14,-1.5227197823990744e-15,TRUE,TRUE,NA,0.05,3,0.6,1.2,0.12,0.25
local_static_map_repeatability,716,down,400,400,TRUE,4,20,3.8000000000000003,5.32,2.458,-2.862,2.862,0.1,2.4000000000000004,2.5000000000000004,2.45,"[2.40, 2.50)",20.26,7.28,2.84,1.1,0.011742858972248084,0,-0.1669172932330694,-1.3684240897976695e-15,TRUE,TRUE,NA,0.05,3,0.6,1.2,0.12,0.25
local_static_map_repeatability,717,up,400,400,TRUE,4,20,3.8000000000000003,2.458,6.208,3.75,3.75,0.1,6.2,6.3,6.25,"[6.20, 6.30)",7.26,23.34,1.1,3.38,0.011742858972247746,0,0.166917293233079,-5.129772901419573e-15,TRUE,TRUE,NA,0.05,3,0.6,1.2,0.12,0.25
local_static_map_repeatability,718,down,400,400,TRUE,4,20,3.8000000000000003,6.208,3.15,-3.0580000000000003,3.0580000000000003,0.1,3.1,3.2,3.1500000000000004,"[3.10, 3.20)",23.36,9.82,3.38,1.54,0.010052493799000478,0,-0.14436090225564321,5.442252411281146e-17,TRUE,TRUE,NA,0.05,3,0.6,1.2,0.12,0.25
local_static_map_repeatability,719,up,400,400,TRUE,4,20,3.8000000000000003,3.15,4.697,1.5470000000000002,1.5470000000000002,0.1,4.6000000000000005,4.7,4.65,"[4.60, 4.70)",9.8,15.72,1.54,2.46,0,0,3.063382392015541e-14,-1.903262031724721e-15,TRUE,TRUE,NA,0.05,3,0.6,1.2,0.12,0.25
local_static_map_repeatability,720,down,400,400,TRUE,4,20,3.8000000000000003,4.697,3.557,-1.1400000000000001,1.1400000000000001,0.1,3.5,3.6,3.55,"[3.50, 3.60)",15.72,11.36,2.46,1.78,0,0,-6.0908791295962975e-15,1.536222723882103e-15,TRUE,TRUE,NA,0.05,3,0.6,1.2,0.12,0.25
local_static_map_repeatability,721,down,400,400,TRUE,4,20,3.8000000000000003,3.557,2.333,-1.2239999999999998,1.2239999999999998,0.1,2.3000000000000003,2.4000000000000004,2.3500000000000005,"[2.30, 2.40)",11.36,6.7,1.78,1.04,0.006155870112510793,0,-0.05413533834585891,1.2692417333213526e-16,TRUE,TRUE,NA,0.05,3,0.6,1.2,0.12,0.25
local_static_map_repeatability,722,down,400,400,TRUE,4,20,3.8000000000000003,2.333,1.609,-0.7240000000000002,0.7240000000000002,0.1,1.6,1.7000000000000002,1.6500000000000001,"[1.60, 1.70)",6.7,4.36,1.04,0.6,0,0,-4.4767975171041415e-15,-1.0197844214872912e-16,TRUE,TRUE,NA,0.05,3,0.6,1.2,0.12,0.25
local_static_map_repeatability,723,up,400,400,TRUE,4,20,3.8000000000000003,1.609,2.337,0.7280000000000002,0.7280000000000002,0.1,2.3000000000000003,2.4000000000000004,2.3500000000000005,"[2.30, 2.40)",4.36,5.84,0.6,1.04,0,0,3.1175755777142614e-15,1.2692417333213526e-16,TRUE,TRUE,NA,0.05,3,0.6,1.2,0.12,0.25
local_static_map_repeatability,724,up,400,400,TRUE,4,20,3.8000000000000003,2.337,4.707,2.3699999999999997,2.3699999999999997,0.1,4.7,4.8,4.75,"[4.70, 4.80)",5.84,14.98,1.04,2.46,0.011002392084403383,0.008885233166386394,0.15488721804508737,-0.0496240601503753,TRUE,TRUE,NA,0.05,3,0.6,1.2,0.12,0.25
local_static_map_repeatability,725,up,400,400,TRUE,4,20,3.8000000000000003,4.707,5.805,1.0979999999999999,1.0979999999999999,0.1,5.800000000000001,5.9,5.8500000000000005,"[5.80, 5.90)",15,20.94,2.46,3.14,0.007326950970650309,0,0.07669172932330771,1.151149412810457e-15,TRUE,TRUE,NA,0.05,3,0.6,1.2,0.12,0.25
local_static_map_repeatability,726,down,400,400,TRUE,4,20,3.8000000000000003,5.805,3.636,-2.1689999999999996,2.1689999999999996,0.1,3.6,3.7,3.6500000000000004,"[3.60, 3.70)",20.96,11.59,3.14,1.82,0.010259783520851322,0,-0.1503759398496162,-1.9983287459190724e-15,TRUE,TRUE,NA,0.05,3,0.6,1.2,0.12,0.25
local_static_map_repeatability,727,down,400,400,TRUE,4,20,3.8000000000000003,3.636,1.925,-1.711,1.711,0.1,1.9000000000000001,2,1.9500000000000002,"[1.90, 2.00)",11.58,5.3,1.82,0.78,0.004472135954999683,0.008885233166386394,-0.028571428571418648,0.10075187969924786,TRUE,TRUE,NA,0.05,3,0.6,1.2,0.12,0.25
local_static_map_repeatability,728,up,400,400,TRUE,4,20,3.8000000000000003,1.925,2.868,0.9429999999999998,0.9429999999999998,0.1,2.8000000000000003,2.9000000000000004,2.8500000000000005,"[2.80, 2.90)",5.3,7.56,0.8,1.36,0.00978720969859165,0,-0.046616541353370206,8.837530027856732e-16,TRUE,TRUE,NA,0.05,3,0.6,1.2,0.12,0.25
local_static_map_repeatability,729,up,400,400,TRUE,4,20,3.8000000000000003,2.868,6.527,3.6590000000000003,3.6590000000000003,0.1,6.5,6.6,6.55,"[6.50, 6.60)",7.54,24.52,1.36,3.56,0.013416407864998451,0,0.20300751879698262,3.072445447764206e-15,TRUE,TRUE,NA,0.05,3,0.6,1.2,0.12,0.25
local_static_map_repeatability,730,down,400,400,TRUE,4,20,3.8000000000000003,6.527,4.777,-1.75,1.75,0.1,4.7,4.8,4.75,"[4.70, 4.80)",24.54,17.16,3.56,2.5,0,0,4.430040111248962e-14,4.7127970093326585e-15,TRUE,TRUE,NA,0.05,3,0.6,1.2,0.12,0.25
local_static_map_repeatability,731,down,400,400,TRUE,4,20,3.8000000000000003,4.777,3.567,-1.21,1.21,0.1,3.5,3.6,3.55,"[3.50, 3.60)",17.16,11.4,2.5,1.78,0.004472135954999484,0,-0.028571428571414096,1.536222723882103e-15,TRUE,TRUE,NA,0.05,3,0.6,1.2,0.12,0.25
local_static_map_repeatability,732,up,400,400,TRUE,4,20,3.8000000000000003,3.567,5.175,1.6079999999999997,1.6079999999999997,0.1,5.1000000000000005,5.2,5.15,"[5.10, 5.20)",11.4,18,1.78,2.76,0,0,-2.291128039361277e-14,-2.06657472594064e-15,TRUE,TRUE,NA,0.05,3,0.6,1.2,0.12,0.25
local_static_map_repeatability,733,up,400,400,TRUE,4,20,3.8000000000000003,5.175,6.661,1.4859999999999998,1.4859999999999998,0.1,6.6000000000000005,6.7,6.65,"[6.60, 6.70)",18,25.56,2.76,3.64,0.009403246919632345,0,0.12631578947369537,-3.996657491838145e-15,TRUE,TRUE,NA,0.05,3,0.6,1.2,0.12,0.25
local_static_map_repeatability,734,down,400,400,TRUE,4,20,3.8000000000000003,6.661,3.707,-2.9539999999999997,2.9539999999999997,0.1,3.7,3.8000000000000003,3.75,"[3.70, 3.80)",25.58,12.32,3.64,1.86,0.007880689256523955,0,-0.08270676691730627,2.080077667423669e-15,TRUE,TRUE,NA,0.05,3,0.6,1.2,0.12,0.25
local_static_map_repeatability,735,down,400,400,TRUE,4,20,3.8000000000000003,3.707,1.409,-2.298,2.298,0.1,1.4000000000000001,1.5000000000000002,1.4500000000000002,"[1.40, 1.50)",12.3,4,1.86,0.48,0.019761738683361625,0,-0.3172932330826978,-2.0846538510471523e-16,TRUE,TRUE,NA,0.05,3,0.6,1.2,0.12,0.25
local_static_map_repeatability,736,up,400,400,TRUE,4,20,3.8000000000000003,1.409,4.006,2.5970000000000004,2.5970000000000004,0.1,4,4.1,4.05,"[4.00, 4.10)",3.98,11.98,0.48,2.04,0.004472135954999484,0,0.028571428571424886,3.788399816465446e-15,TRUE,TRUE,NA,0.05,3,0.6,1.2,0.12,0.25
local_static_map_repeatability,737,up,400,400,TRUE,4,20,3.8000000000000003,4.006,7.138,3.1319999999999997,3.1319999999999997,0.1,7.1000000000000005,7.2,7.15,"[7.10, 7.20)",11.98,27.68,2.04,3.92,0.013138933706635447,0,0.1984962406015017,6.489089745847761e-15,TRUE,TRUE,NA,0.05,3,0.6,1.2,0.12,0.25
local_static_map_repeatability,738,down,400,400,TRUE,4,20,3.8000000000000003,7.138,3.594,-3.544,3.544,0.1,3.5,3.6,3.55,"[3.50, 3.60)",27.7,11.68,3.92,1.8,0.007326950970650309,0,-0.07669172932330466,1.0377733028388348e-15,TRUE,TRUE,NA,0.05,3,0.6,1.2,0.12,0.25
local_static_map_repeatability,739,down,400,400,TRUE,4,20,3.8000000000000003,3.594,1.187,-2.407,2.407,0.1,1.1,1.2000000000000002,1.1500000000000001,"[1.10, 1.20)",11.68,3.41,1.8,0.36,0.017740824166460355,0,-0.28120300751879973,3.1946082886795844e-16,TRUE,TRUE,NA,0.05,3,0.6,1.2,0.12,0.25
local_static_map_repeatability,740,up,400,400,TRUE,4,20,3.8000000000000003,1.187,2.145,0.958,0.958,0.1,2.1,2.2,2.1500000000000004,"[2.10, 2.20)",3.38,5.22,0.36,0.92,0,0,-9.045142013094639e-15,2.558089858090788e-15,TRUE,TRUE,NA,0.05,3,0.6,1.2,0.12,0.25
local_static_map_repeatability,741,up,400,400,TRUE,4,20,3.8000000000000003,2.145,3.552,1.407,1.407,0.1,3.5,3.6,3.55,"[3.50, 3.60)",5.22,9.8,0.92,1.78,0,0,-1.1092396016820006e-14,1.536222723882103e-15,TRUE,TRUE,NA,0.05,3,0.6,1.2,0.12,0.25
local_static_map_repeatability,742,up,400,400,TRUE,4,20,3.8000000000000003,3.552,5.892,2.3400000000000003,2.3400000000000003,0.1,5.800000000000001,5.9,5.8500000000000005,"[5.80, 5.90)",9.8,21.34,1.78,3.18,0.010208355710680591,0,0.14887218045113282,-4.921054684705357e-15,TRUE,TRUE,NA,0.05,3,0.6,1.2,0.12,0.25
local_static_map_repeatability,743,up,400,400,TRUE,4,20,3.8000000000000003,5.892,6.753,0.8609999999999998,0.8609999999999998,0.1,6.7,6.8,6.75,"[6.70, 6.80)",21.34,26.02,3.18,3.7,0.00978720969859165,0,0.1248120300751622,-5.492005754967949e-15,TRUE,TRUE,NA,0.05,3,0.6,1.2,0.12,0.25
local_static_map_repeatability,744,down,400,400,TRUE,4,20,3.8000000000000003,6.753,5.773,-0.9800000000000004,0.9800000000000004,0.1,5.7,5.8,5.75,"[5.70, 5.80)",26.04,22.58,3.7,3.12,0,0,2.9072647842119056e-14,4.187251461568364e-15,TRUE,TRUE,NA,0.05,3,0.6,1.2,0.12,0.25
local_static_map_repeatability,745,down,400,400,TRUE,4,20,3.8000000000000003,5.773,5.251,-0.5219999999999994,0.5219999999999994,0.1,5.2,5.3,5.25,"[5.20, 5.30)",22.58,20.12,3.12,2.8,0,0,2.008482230553545e-14,4.5494843151167395e-15,TRUE,TRUE,NA,0.05,3,0.6,1.2,0.12,0.25
local_static_map_repeatability,746,up,400,400,TRUE,4,20,3.8000000000000003,5.251,6.302,1.0509999999999993,1.0509999999999993,0.1,6.300000000000001,6.4,6.3500000000000005,"[6.30, 6.40)",20.12,24.38,2.8,3.42,0.010208355710680591,0,0.14887218045111555,6.561591395067085e-15,TRUE,TRUE,NA,0.05,3,0.6,1.2,0.12,0.25
local_static_map_repeatability,747,down,400,400,TRUE,4,20,3.8000000000000003,6.302,1.158,-5.144,5.144,0.1,1.1,1.2000000000000002,1.1500000000000001,"[1.10, 1.20)",24.38,3.5700000000000003,3.42,0.36,0.02102629932151389,0,-0.3428571428571425,3.1946082886795844e-16,TRUE,TRUE,NA,0.05,3,0.6,1.2,0.12,0.25
local_static_map_repeatability,748,up,400,400,TRUE,4,20,3.8000000000000003,1.158,1.865,0.7070000000000001,0.7070000000000001,0.1,1.8,1.9000000000000001,1.85,"[1.80, 1.90)",3.54,4.64,0.36,0.76,0.008207826816681058,0,0.07518796992481729,-3.5797718435061987e-16,TRUE,TRUE,NA,0.05,3,0.6,1.2,0.12,0.25
local_static_map_repeatability,749,up,400,400,TRUE,4,20,3.8000000000000003,1.865,3.92,2.0549999999999997,2.0549999999999997,0.1,3.9000000000000004,4,3.95,"[3.90, 4.00)",4.64,11.5,0.76,2,0,0,1.3558377834243385e-14,-2.9000659687729526e-16,TRUE,TRUE,NA,0.05,3,0.6,1.2,0.12,0.25
local_static_map_repeatability,750,down,400,400,TRUE,4,20,3.8000000000000003,3.92,2.715,-1.205,1.205,0.1,2.7,2.8000000000000003,2.75,"[2.70, 2.80)",11.5,7.6,2,1.28,0.009403246919632763,0,-0.12631578947369435,-9.28928254613212e-16,TRUE,TRUE,NA,0.05,3,0.6,1.2,0.12,0.25
local_static_map_repeatability,751,up,400,400,TRUE,4,20,3.8000000000000003,2.715,6.231,3.516,3.516,0.1,6.2,6.3,6.25,"[6.20, 6.30)",7.6,23.21,1.28,3.38,0.010259783520851322,0,0.15037593984965106,-5.129772901419573e-15,TRUE,TRUE,NA,0.05,3,0.6,1.2,0.12,0.25
local_static_map_repeatability,752,down,400,400,TRUE,4,20,3.8000000000000003,6.231,4.1,-2.1310000000000002,2.1310000000000002,0.1,4.1000000000000005,4.2,4.15,"[4.10, 4.20)",23.22,13.82,3.38,2.1,0.007326950970650309,0,-0.07669172932330559,-2.7822537020936368e-15,TRUE,TRUE,NA,0.05,3,0.6,1.2,0.12,0.25
local_static_map_repeatability,753,down,400,400,TRUE,4,20,3.8000000000000003,4.1,3.577,-0.5229999999999997,0.5229999999999997,0.1,3.5,3.6,3.55,"[3.50, 3.60)",13.82,11.4,2.1,1.8,0,0,1.8887806828885176e-14,1.0377733028388348e-15,TRUE,TRUE,NA,0.05,3,0.6,1.2,0.12,0.25
local_static_map_repeatability,754,down,400,400,TRUE,4,20,3.8000000000000003,3.577,2.165,-1.412,1.412,0.1,2.1,2.2,2.1500000000000004,"[2.10, 2.20)",11.4,6.06,1.8,0.94,0,0,1.0023365823100693e-14,8.151865083383783e-17,TRUE,TRUE,NA,0.05,3,0.6,1.2,0.12,0.25
local_static_map_repeatability,755,up,400,400,TRUE,4,20,3.8000000000000003,2.165,3.341,1.1760000000000002,1.1760000000000002,0.1,3.3000000000000003,3.4000000000000004,3.3500000000000005,"[3.30, 3.40)",6.06,9.3,0.94,1.64,0,0,-5.944589112171403e-15,-1.318762898101616e-15,TRUE,TRUE,NA,0.05,3,0.6,1.2,0.12,0.25
local_static_map_repeatability,756,down,400,400,TRUE,4,20,3.8000000000000003,3.341,1.975,-1.366,1.366,0.1,1.9000000000000001,2,1.9500000000000002,"[1.90, 2.00)",9.3,5.34,1.64,0.82,0.010208355710680591,0,-0.14887218045112982,-6.59381449050808e-16,TRUE,TRUE,NA,0.05,3,0.6,1.2,0.12,0.25
local_static_map_repeatability,757,up,400,400,TRUE,4,20,3.8000000000000003,1.975,5.341,3.366,3.366,0.1,5.300000000000001,5.4,5.3500000000000005,"[5.30, 5.40)",5.32,18.32,0.82,2.84,0.010208355710680591,0,0.14887218045114675,-1.5227197823990744e-15,TRUE,TRUE,NA,0.05,3,0.6,1.2,0.12,0.25
local_static_map_repeatability,758,down,400,400,TRUE,4,20,3.8000000000000003,5.341,1.774,-3.567,3.567,0.1,1.7000000000000002,1.8000000000000003,1.7500000000000002,"[1.70, 1.80)",18.32,4.82,2.84,0.7,0.008885233166386196,0,-0.11278195488721766,1.1373710787791849e-15,TRUE,TRUE,NA,0.05,3,0.6,1.2,0.12,0.25
local_static_map_repeatability,759,up,400,400,TRUE,4,20,3.8000000000000003,1.774,3.135,1.3609999999999998,1.3609999999999998,0.1,3.1,3.2,3.1500000000000004,"[3.10, 3.20)",4.82,8.36,0.7,1.52,0,0,1.464535178743676e-14,-7.159543687012397e-16,TRUE,TRUE,NA,0.05,3,0.6,1.2,0.12,0.25
local_static_map_repeatability,760,down,400,400,TRUE,4,20,3.8000000000000003,3.135,1.552,-1.5829999999999997,1.5829999999999997,0.1,1.5,1.6,1.55,"[1.50, 1.60)",8.36,4.06,1.52,0.56,0,0,1.6276190911943276e-16,9.698027153655102e-16,TRUE,TRUE,NA,0.05,3,0.6,1.2,0.12,0.25
local_static_map_repeatability,761,up,400,400,TRUE,4,20,3.8000000000000003,1.552,4.498,2.946,2.946,0.1,4.4,4.5,4.45,"[4.40, 4.50)",4.06,13.82,0.56,2.34,0.008885233166386196,0,0.11278195488723469,3.625087122249527e-15,TRUE,TRUE,NA,0.05,3,0.6,1.2,0.12,0.25
local_static_map_repeatability,762,down,400,400,TRUE,4,20,3.8000000000000003,4.498,2.421,-2.0770000000000004,2.0770000000000004,0.1,2.4000000000000004,2.5000000000000004,2.45,"[2.40, 2.50)",13.82,6.6,2.34,1.08,0.010052493799000925,0.010052493799000702,-0.14436090225564324,0.14436090225563836,TRUE,TRUE,NA,0.05,3,0.6,1.2,0.12,0.25
local_static_map_repeatability,763,up,400,400,TRUE,4,20,3.8000000000000003,2.421,4.78,2.3590000000000004,2.3590000000000004,0.1,4.7,4.8,4.75,"[4.70, 4.80)",6.6,15.3,1.1,2.52,0.010052493799001371,0,0.1443609022556743,4.21434758828939e-15,TRUE,TRUE,NA,0.05,3,0.6,1.2,0.12,0.25
local_static_map_repeatability,764,up,400,400,TRUE,4,20,3.8000000000000003,4.78,6.142,1.362,1.362,0.1,6.1000000000000005,6.2,6.15,"[6.10, 6.20)",15.3,22.64,2.52,3.34,0.010052493799000478,0,0.14436090225561973,-1.5952214316183979e-15,TRUE,TRUE,NA,0.05,3,0.6,1.2,0.12,0.25
local_static_map_repeatability,765,down,400,400,TRUE,4,20,3.8000000000000003,6.142,4.724,-1.4180000000000001,1.4180000000000001,0.1,4.7,4.8,4.75,"[4.70, 4.80)",22.66,16.78,3.34,2.48,0.00978720969859165,0,-0.13684210526317678,1.359411749466493e-16,TRUE,TRUE,NA,0.05,3,0.6,1.2,0.12,0.25
local_static_map_repeatability,766,up,400,400,TRUE,4,20,3.8000000000000003,4.724,6.256,1.532,1.532,0.1,6.2,6.3,6.25,"[6.20, 6.30)",16.78,23.54,2.48,3.4,0.004472135954999484,0,0.028571428571427977,-5.529170670335641e-16,TRUE,TRUE,NA,0.05,3,0.6,1.2,0.12,0.25
local_static_map_repeatability,767,down,400,400,TRUE,4,20,3.8000000000000003,6.256,5.404,-0.8520000000000003,0.8520000000000003,0.1,5.4,5.5,5.45,"[5.40, 5.50)",23.56,20.5,3.4,2.88,0,0,-1.8198483384280106e-14,2.5556866309436675e-15,TRUE,TRUE,NA,0.05,3,0.6,1.2,0.12,0.25
local_static_map_repeatability,768,down,400,400,TRUE,4,20,3.8000000000000003,5.404,4.527,-0.8769999999999998,0.8769999999999998,0.1,4.5,4.6,4.55,"[4.50, 4.60)",20.5,16.26,2.88,2.36,0.009403246919634015,0,-0.12631578947370184,-1.9486675542230184e-15,TRUE,TRUE,NA,0.05,3,0.6,1.2,0.12,0.25
local_static_map_repeatability,769,down,400,400,TRUE,4,20,3.8000000000000003,4.527,3.812,-0.7150000000000003,0.7150000000000003,0.1,3.8000000000000003,3.9000000000000004,3.8500000000000005,"[3.80, 3.90)",16.24,12.74,2.36,1.94,0.004472135954999484,0,-0.028571428571415397,3.742994293967148e-15,TRUE,TRUE,NA,0.05,3,0.6,1.2,0.12,0.25
local_static_map_repeatability,770,up,400,400,TRUE,4,20,3.8000000000000003,3.812,6.121,2.3090000000000006,2.3090000000000006,0.1,6.1000000000000005,6.2,6.15,"[6.10, 6.20)",12.74,22.98,1.94,3.32,0.008207826816681058,0,0.09624060150375616,1.4408806171395092e-15,TRUE,TRUE,NA,0.05,3,0.6,1.2,0.12,0.25
local_static_map_repeatability,771,down,400,400,TRUE,4,20,3.8000000000000003,6.121,1.383,-4.738,4.738,0.1,1.3,1.4000000000000001,1.35,"[1.30, 1.40)",23,4.1,3.32,0.48,0.022918620331397313,0,-0.37142857142856595,-2.0846538510471523e-16,TRUE,TRUE,NA,0.05,3,0.6,1.2,0.12,0.25
local_static_map_repeatability,772,up,400,400,TRUE,4,20,3.8000000000000003,1.383,6.332,4.949,4.949,0.1,6.300000000000001,6.4,6.3500000000000005,"[6.30, 6.40)",4.06,23.88,0.48,3.44,0.013726654823064902,0,0.20902255639097259,-1.5498159091201008e-15,TRUE,TRUE,NA,0.05,3,0.6,1.2,0.12,0.25
local_static_map_repeatability,773,down,400,400,TRUE,4,20,3.8000000000000003,6.332,1.775,-4.557,4.557,0.1,1.7000000000000002,1.8000000000000003,1.7500000000000002,"[1.70, 1.80)",23.9,5.02,3.44,0.7,0.020799797569865015,0,-0.3383458646616415,1.1373710787791849e-15,TRUE,TRUE,NA,0.05,3,0.6,1.2,0.12,0.25
local_static_map_repeatability,774,up,400,400,TRUE,4,20,3.8000000000000003,1.775,3.364,1.589,1.589,0.1,3.3000000000000003,3.4000000000000004,3.3500000000000005,"[3.30, 3.40)",4.98,9.42,0.7,1.66,0,0,-4.459038906423357e-15,7.204403085697546e-16,TRUE,TRUE,NA,0.05,3,0.6,1.2,0.12,0.25
local_static_map_repeatability,775,down,400,400,TRUE,4,20,3.8000000000000003,3.364,1.548,-1.8159999999999998,1.8159999999999998,0.1,1.5,1.6,1.55,"[1.50, 1.60)",9.42,4.16,1.66,0.56,0,0,5.076966933285411e-16,9.698027153655102e-16,TRUE,TRUE,NA,0.05,3,0.6,1.2,0.12,0.25
local_static_map_repeatability,776,up,400,400,TRUE,4,20,3.8000000000000003,1.548,4.887,3.3389999999999995,3.3389999999999995,0.1,4.800000000000001,4.9,4.8500000000000005,"[4.80, 4.90)",4.16,16,0.56,2.58,0.008885233166386196,0,0.11278195488720674,1.813466974449467e-16,TRUE,TRUE,NA,0.05,3,0.6,1.2,0.12,0.25
local_static_map_repeatability,777,down,400,400,TRUE,4,20,3.8000000000000003,4.887,3.568,-1.3189999999999995,1.3189999999999995,0.1,3.5,3.6,3.55,"[3.50, 3.60)",16.02,11,2.58,1.78,0.004472135954999484,0,-0.0255639097744317,1.536222723882103e-15,TRUE,TRUE,NA,0.05,3,0.6,1.2,0.12,0.25
local_static_map_repeatability,778,up,400,400,TRUE,4,20,3.8000000000000003,3.568,5.015,1.4469999999999996,1.4469999999999996,0.1,5,5.1,5.05,"[5.00, 5.10)",11,16.88,1.78,2.66,0.009403246919632345,0,0.12631578947368466,-4.350103614442765e-15,TRUE,TRUE,NA,0.05,3,0.6,1.2,0.12,0.25
local_static_map_repeatability,779,down,400,400,TRUE,4,20,3.8000000000000003,5.015,1.498,-3.5169999999999995,3.5169999999999995,0.1,1.4000000000000001,1.5000000000000002,1.4500000000000002,"[1.40, 1.50)",16.88,4.18,2.66,0.54,0.02079979756986524,0,-0.3353383458646701,8.338389794801189e-16,TRUE,TRUE,NA,0.05,3,0.6,1.2,0.12,0.25
local_static_map_repeatability,780,up,400,400,TRUE,4,20,3.8000000000000003,1.498,2.215,0.7169999999999999,0.7169999999999999,0.1,2.2,2.3000000000000003,2.25,"[2.20, 2.30)",4.14,5.52,0.54,0.96,0,0,-4.13314945188128e-15,-4.1693077020943045e-16,TRUE,TRUE,NA,0.05,3,0.6,1.2,0.12,0.25
local_static_map_repeatability,781,up,400,400,TRUE,4,20,3.8000000000000003,2.215,3.359,1.1440000000000001,1.1440000000000001,0.1,3.3000000000000003,3.4000000000000004,3.3500000000000005,"[3.30, 3.40)",5.52,9.06,0.96,1.66,0,0,3.680394034781645e-17,7.204403085697546e-16,TRUE,TRUE,NA,0.05,3,0.6,1.2,0.12,0.25
local_static_map_repeatability,782,down,400,400,TRUE,4,20,3.8000000000000003,3.359,2.649,-0.71,0.71,0.1,2.6,2.7,2.6500000000000004,"[2.60, 2.70)",9.06,7.18,1.66,1.24,0.004472135954999484,0,-0.028571428571441782,6.797058747332465e-17,TRUE,TRUE,NA,0.05,3,0.6,1.2,0.12,0.25
local_static_map_repeatability,783,up,400,400,TRUE,4,20,3.8000000000000003,2.649,5.284,2.635,2.635,0.1,5.2,5.3,5.25,"[5.20, 5.30)",7.16,17.88,1.24,2.82,0.010208355710680591,0,0.14887218045111755,1.513382266358833e-15,TRUE,TRUE,NA,0.05,3,0.6,1.2,0.12,0.25
local_static_map_repeatability,784,down,400,400,TRUE,4,20,3.8000000000000003,5.284,4.601,-0.6829999999999998,0.6829999999999998,0.1,4.6000000000000005,4.7,4.65,"[4.60, 4.70)",17.9,15.6,2.82,2.4,0,0,-3.2953506397587216e-14,-4.0791376859491647e-16,TRUE,TRUE,NA,0.05,3,0.6,1.2,0.12,0.25
local_static_map_repeatability,785,down,400,400,TRUE,4,20,3.8000000000000003,4.601,2.694,-1.907,1.907,0.1,2.6,2.7,2.6500000000000004,"[2.60, 2.70)",15.6,7.76,2.4,1.26,0.008885233166386196,0,-0.11278195488720756,2.107173794144695e-15,TRUE,TRUE,NA,0.05,3,0.6,1.2,0.12,0.25
local_static_map_repeatability,786,down,400,400,TRUE,4,20,3.8000000000000003,2.694,1.241,-1.4529999999999998,1.4529999999999998,0.1,1.2000000000000002,1.3000000000000003,1.2500000000000002,"[1.20, 1.30)",7.74,3.36,1.26,0.38,0.015355437918998304,0,-0.2406015037594024,-1.7898859217530994e-16,TRUE,TRUE,NA,0.05,3,0.6,1.2,0.12,0.25
local_static_map_repeatability,787,up,400,400,TRUE,4,20,3.8000000000000003,1.241,2.696,1.455,1.455,0.1,2.6,2.7,2.6500000000000004,"[2.60, 2.70)",3.32,6.72,0.38,1.26,0.004472135954999484,0,0.010526315789479119,2.107173794144695e-15,TRUE,TRUE,NA,0.05,3,0.6,1.2,0.12,0.25
local_static_map_repeatability,788,down,400,400,TRUE,4,20,3.8000000000000003,2.696,1.584,-1.112,1.112,0.1,1.5,1.6,1.55,"[1.50, 1.60)",6.72,4.02,1.26,0.58,0.004472135954999484,0.010208355710680819,-0.007518796992480198,-0.136842105263157,TRUE,TRUE,NA,0.05,3,0.6,1.2,0.12,0.25
local_static_map_repeatability,789,up,400,400,TRUE,4,20,3.8000000000000003,1.584,3.971,2.387,2.387,0.1,3.9000000000000004,4,3.95,"[3.90, 4.00)",4.02,11.26,0.58,2.02,0.004472135954999484,0,0.028571428571422534,-3.326108645635202e-15,TRUE,TRUE,NA,0.05,3,0.6,1.2,0.12,0.25
local_static_map_repeatability,790,up,400,400,TRUE,4,20,3.8000000000000003,3.971,5.097,1.1260000000000003,1.1260000000000003,0.1,5,5.1,5.05,"[5.00, 5.10)",11.28,16.86,2.02,2.7,0.011050125029061416,0,0.15037593984963027,4.803608054329254e-15,TRUE,TRUE,NA,0.05,3,0.6,1.2,0.12,0.25
local_static_map_repeatability,791,up,400,400,TRUE,4,20,3.8000000000000003,5.097,6.132,1.0349999999999993,1.0349999999999993,0.1,6.1000000000000005,6.2,6.15,"[6.10, 6.20)",16.88,22.57,2.7,3.32,0.010259783520851322,0,0.15037593984962633,1.4408806171395092e-15,TRUE,TRUE,NA,0.05,3,0.6,1.2,0.12,0.25
local_static_map_repeatability,792,down,400,400,TRUE,4,20,3.8000000000000003,6.132,4.081,-2.0509999999999993,2.0509999999999993,0.1,4,4.1,4.05,"[4.00, 4.10)",22.58,13.6,3.32,2.1,0.010208355710680591,0,-0.14887218045112502,-2.7822537020936368e-15,TRUE,TRUE,NA,0.05,3,0.6,1.2,0.12,0.25
local_static_map_repeatability,793,up,400,400,TRUE,4,20,3.8000000000000003,4.081,4.398,0.3169999999999993,0.3169999999999993,0.1,4.3,4.3999999999999995,4.35,"[4.30, 4.40)",13.58,14.44,2.1,2.28,0,0,2.1932144823490353e-14,-2.492522497764585e-15,TRUE,TRUE,NA,0.05,3,0.6,1.2,0.12,0.25
local_static_map_repeatability,794,up,400,400,TRUE,4,20,3.8000000000000003,4.398,6.621,2.2230000000000008,2.2230000000000008,0.1,6.6000000000000005,6.7,6.65,"[6.60, 6.70)",14.44,25.2,2.28,3.62,0.012977713690460727,0,0.19248120300750066,1.5770971846344015e-15,TRUE,TRUE,NA,0.05,3,0.6,1.2,0.12,0.25
local_static_map_repeatability,795,down,400,400,TRUE,4,20,3.8000000000000003,6.621,5.689,-0.9320000000000004,0.9320000000000004,0.1,5.6000000000000005,5.7,5.65,"[5.60, 5.70)",25.22,21.96,3.62,3.06,0,0,2.37824110770043e-14,6.072944692688911e-16,TRUE,TRUE,NA,0.05,3,0.6,1.2,0.12,0.25
local_static_map_repeatability,796,down,400,400,TRUE,4,20,3.8000000000000003,5.689,2.469,-3.22,3.22,0.1,2.4000000000000004,2.5000000000000004,2.45,"[2.40, 2.50)",21.96,7.3,3.06,1.12,0.009787209698591759,0,-0.12481203007520313,1.9396054307310205e-15,TRUE,TRUE,NA,0.05,3,0.6,1.2,0.12,0.25
local_static_map_repeatability,797,up,400,400,TRUE,4,20,3.8000000000000003,2.469,5.357,2.8880000000000003,2.8880000000000003,0.1,5.300000000000001,5.4,5.3500000000000005,"[5.30, 5.40)",7.28,18.88,1.12,2.86,0.010208355710680591,0,0.14887218045112754,-2.0211692034423423e-15,TRUE,TRUE,NA,0.05,3,0.6,1.2,0.12,0.25
local_static_map_repeatability,798,down,400,400,TRUE,4,20,3.8000000000000003,5.357,4.363,-0.9939999999999998,0.9939999999999998,0.1,4.3,4.3999999999999995,4.35,"[4.30, 4.40)",18.9,15.02,2.86,2.26,0,0,4.639929723810123e-15,5.435795509933227e-16,TRUE,TRUE,NA,0.05,3,0.6,1.2,0.12,0.25
local_static_map_repeatability,799,down,400,400,TRUE,4,20,3.8000000000000003,4.363,1.366,-2.9970000000000003,2.9970000000000003,0.1,1.3,1.4000000000000001,1.35,"[1.30, 1.40)",15.02,3.92,2.26,0.46,0.021618705350983265,0,-0.35187969924811685,1.279044929045394e-15,TRUE,TRUE,NA,0.05,3,0.6,1.2,0.12,0.25
local_static_map_repeatability,800,up,400,400,TRUE,4,20,3.8000000000000003,1.366,6.288,4.922000000000001,4.922000000000001,0.1,6.2,6.3,6.25,"[6.20, 6.30)",3.88,23.5,0.46,3.42,0.012311740225021586,0,0.18045112781952816,6.561591395067085e-15,TRUE,TRUE,NA,0.05,3,0.6,1.2,0.12,0.25
local_static_map_repeatability,801,down,400,400,TRUE,4,20,3.8000000000000003,6.288,2.413,-3.8750000000000004,3.8750000000000004,0.1,2.4000000000000004,2.5000000000000004,2.45,"[2.40, 2.50)",23.52,6.94,3.42,1.08,0.008885233166386591,0,-0.11278195488721528,1.6676779589602378e-15,TRUE,TRUE,NA,0.05,3,0.6,1.2,0.12,0.25
local_static_map_repeatability,802,down,400,400,TRUE,4,20,3.8000000000000003,2.413,1.558,-0.8549999999999998,0.8549999999999998,0.1,1.5,1.6,1.55,"[1.50, 1.60)",6.92,4.2,1.08,0.58,0,0,-5.5645074041872735e-15,3.964709788945392e-16,TRUE,TRUE,NA,0.05,3,0.6,1.2,0.12,0.25
local_static_map_repeatability,803,up,400,400,TRUE,4,20,3.8000000000000003,1.558,5.633,4.075,4.075,0.1,5.6000000000000005,5.7,5.65,"[5.60, 5.70)",4.2,19.96,0.58,3.02,0.010208355710680591,0,0.14887218045114692,-9.334593163592112e-16,TRUE,TRUE,NA,0.05,3,0.6,1.2,0.12,0.25
local_static_map_repeatability,804,down,400,400,TRUE,4,20,3.8000000000000003,5.633,4.528,-1.1050000000000004,1.1050000000000004,0.1,4.5,4.6,4.55,"[4.50, 4.60)",20,15.64,3.02,2.36,0,0,1.2326400582611367e-14,-1.9486675542230184e-15,TRUE,TRUE,NA,0.05,3,0.6,1.2,0.12,0.25
local_static_map_repeatability,805,down,400,400,TRUE,4,20,3.8000000000000003,4.528,1.188,-3.34,3.34,0.1,1.1,1.2000000000000002,1.1500000000000001,"[1.10, 1.20)",15.64,3.41,2.36,0.36,0.01641565363336248,0,-0.25563909774436316,3.1946082886795844e-16,TRUE,TRUE,NA,0.05,3,0.6,1.2,0.12,0.25
local_static_map_repeatability,806,up,400,400,TRUE,4,20,3.8000000000000003,1.188,1.996,0.808,0.808,0.1,1.9000000000000001,2,1.9500000000000002,"[1.90, 2.00)",3.38,4.82,0.36,0.84,0.007326950970650634,0,0.07669172932331407,7.454086006919028e-16,TRUE,TRUE,NA,0.05,3,0.6,1.2,0.12,0.25
local_static_map_repeatability,807,up,400,400,TRUE,4,20,3.8000000000000003,1.996,3.949,1.9529999999999998,1.9529999999999998,0.1,3.9000000000000004,4,3.95,"[3.90, 4.00)",4.82,11.4,0.84,2.02,0.010052493799000478,0,0.1443609022556578,-3.326108645635202e-15,TRUE,TRUE,NA,0.05,3,0.6,1.2,0.12,0.25
local_static_map_repeatability,808,down,400,400,TRUE,4,20,3.8000000000000003,3.949,2.563,-1.3859999999999997,1.3859999999999997,0.1,2.5,2.6,2.55,"[2.50, 2.60)",11.42,7,2.02,1.18,0,0,-1.1165633599929088e-14,-9.743337771115092e-16,TRUE,TRUE,NA,0.05,3,0.6,1.2,0.12,0.25
local_static_map_repeatability,809,up,400,400,TRUE,4,20,3.8000000000000003,2.563,5.666,3.103,3.103,0.1,5.6000000000000005,5.7,5.65,"[5.60, 5.70)",7,19.96,1.18,3.04,0.012814465510343475,0,0.18947368421054597,-1.4319087374024795e-15,TRUE,TRUE,NA,0.05,3,0.6,1.2,0.12,0.25
local_static_map_repeatability,810,down,400,400,TRUE,4,20,3.8000000000000003,5.666,4.416,-1.25,1.25,0.1,4.4,4.5,4.45,"[4.40, 4.50)",19.98,14.96,3.04,2.3,0,0,-5.654397366500834e-15,-2.9909719188078527e-15,TRUE,TRUE,NA,0.05,3,0.6,1.2,0.12,0.25
local_static_map_repeatability,811,up,400,400,TRUE,4,20,3.8000000000000003,4.416,6.713,2.2969999999999997,2.2969999999999997,0.1,6.7,6.8,6.75,"[6.70, 6.80)",14.96,25.68,2.3,3.68,0.008944271909998969,0,0.10526315789471959,1.0232359432363152e-14,TRUE,TRUE,NA,0.05,3,0.6,1.2,0.12,0.25
local_static_map_repeatability,812,down,400,400,TRUE,4,20,3.8000000000000003,6.713,4.224,-2.489,2.489,0.1,4.2,4.3,4.25,"[4.20, 4.30)",25.7,14.64,3.68,2.18,0.008207826816681788,0,-0.0962406015037669,-2.2383987585520707e-15,TRUE,TRUE,NA,0.05,3,0.6,1.2,0.12,0.25
local_static_map_repeatability,813,up,400,400,TRUE,4,20,3.8000000000000003,4.224,4.608,0.38399999999999945,0.38399999999999945,0.1,4.6000000000000005,4.7,4.65,"[4.60, 4.70)",14.62,15.76,2.18,2.42,0,0,-1.6639880744216252e-14,4.168942065791094e-15,TRUE,TRUE,NA,0.05,3,0.6,1.2,0.12,0.25
local_static_map_repeatability,814,up,400,400,TRUE,4,20,3.8000000000000003,4.608,5.944,1.3360000000000003,1.3360000000000003,0.1,5.9,6,5.95,"[5.90, 6.00)",15.76,22.12,2.42,3.22,0.00978720969859165,0,0.1368421052631621,4.232656984066661e-15,TRUE,TRUE,NA,0.05,3,0.6,1.2,0.12,0.25
local_static_map_repeatability,815,down,400,400,TRUE,4,20,3.8000000000000003,5.944,2.532,-3.412,3.412,0.1,2.5,2.6,2.55,"[2.50, 2.60)",22.14,7.52,3.22,1.16,0.010208355710680852,0,-0.130827067669166,7.929419577890784e-16,TRUE,TRUE,NA,0.05,3,0.6,1.2,0.12,0.25
local_static_map_repeatability,816,up,400,400,TRUE,4,20,3.8000000000000003,2.532,4.023,1.4909999999999997,1.4909999999999997,0.1,4,4.1,4.05,"[4.00, 4.10)",7.5,12.42,1.16,2.06,0.007326950970650309,0,0.06766917293233063,7.522977677075389e-16,TRUE,TRUE,NA,0.05,3,0.6,1.2,0.12,0.25
local_static_map_repeatability,817,up,400,400,TRUE,4,20,3.8000000000000003,4.023,6.786,2.763,2.763,0.1,6.7,6.8,6.75,"[6.70, 6.80)",12.42,26.14,2.06,3.72,0.011239029738980088,0,0.1533834586466599,4.160155334847338e-15,TRUE,TRUE,NA,0.05,3,0.6,1.2,0.12,0.25
local_static_map_repeatability,818,down,400,400,TRUE,4,20,3.8000000000000003,6.786,4.345,-2.441,2.441,0.1,4.3,4.3999999999999995,4.35,"[4.30, 4.40)",26.16,15.36,3.72,2.26,0,0,-6.670892323350887e-15,5.435795509933227e-16,TRUE,TRUE,NA,0.05,3,0.6,1.2,0.12,0.25
local_static_map_repeatability,819,down,400,400,TRUE,4,20,3.8000000000000003,4.345,3.077,-1.2679999999999998,1.2679999999999998,0.1,3,3.1,3.05,"[3.00, 3.10)",15.36,9.54,2.26,1.48,0.009787209698592519,0,-0.1368421052631677,-9.878818404720225e-16,TRUE,TRUE,NA,0.05,3,0.6,1.2,0.12,0.25
local_static_map_repeatability,820,up,400,400,TRUE,4,20,3.8000000000000003,3.077,5.402,2.325,2.325,0.1,5.4,5.5,5.45,"[5.40, 5.50)",9.54,19.24,1.48,2.88,0.009403246919634015,0,0.12631578947369165,2.5556866309436675e-15,TRUE,TRUE,NA,0.05,3,0.6,1.2,0.12,0.25
local_static_map_repeatability,821,down,400,400,TRUE,4,20,3.8000000000000003,5.402,1.719,-3.683,3.683,0.1,1.7000000000000002,1.8000000000000003,1.7500000000000002,"[1.70, 1.80)",19.26,4.91,2.88,0.66,0.022849622823099294,0,-0.3729323308270673,3.059127655074452e-16,TRUE,TRUE,NA,0.05,3,0.6,1.2,0.12,0.25
local_static_map_repeatability,822,up,400,400,TRUE,4,20,3.8000000000000003,1.719,5.712,3.9929999999999994,3.9929999999999994,0.1,5.7,5.8,5.75,"[5.70, 5.80)",4.88,20.64,0.66,3.08,0.012977713690460727,0,0.19248120300748603,1.0884504822562292e-16,TRUE,TRUE,NA,0.05,3,0.6,1.2,0.12,0.25
local_static_map_repeatability,823,down,400,400,TRUE,4,20,3.8000000000000003,5.712,2.316,-3.396,3.396,0.1,2.3000000000000003,2.4000000000000004,2.3500000000000005,"[2.30, 2.40)",20.66,6.68,3.08,1.02,0.010208355710680591,0,-0.14887218045114128,1.894199908232723e-15,TRUE,TRUE,NA,0.05,3,0.6,1.2,0.12,0.25
local_static_map_repeatability,824,down,400,400,TRUE,4,20,3.8000000000000003,2.316,1.683,-0.6329999999999998,0.6329999999999998,0.1,1.6,1.7000000000000002,1.6500000000000001,"[1.60, 1.70)",6.66,4.6,1.02,0.64,0.00978720969859165,0,-0.13684210526315335,-4.64464127306606e-16,TRUE,TRUE,NA,0.05,3,0.6,1.2,0.12,0.25
local_static_map_repeatability,825,up,400,400,TRUE,4,20,3.8000000000000003,1.683,4.221,2.5380000000000003,2.5380000000000003,0.1,4.2,4.3,4.25,"[4.20, 4.30)",4.58,12.85,0.64,2.18,0.010259783520851322,0,0.15037593984962658,-2.2383987585520707e-15,TRUE,TRUE,NA,0.05,3,0.6,1.2,0.12,0.25
local_static_map_repeatability,826,up,400,400,TRUE,4,20,3.8000000000000003,4.221,6.743,2.5220000000000002,2.5220000000000002,0.1,6.7,6.8,6.75,"[6.70, 6.80)",12.86,25.82,2.18,3.7,0.013726654823064902,0,0.2090225563909511,-5.492005754967949e-15,TRUE,TRUE,NA,0.05,3,0.6,1.2,0.12,0.25
local_static_map_repeatability,827,down,400,400,TRUE,4,20,3.8000000000000003,6.743,1.735,-5.008,5.008,0.1,1.7000000000000002,1.8000000000000003,1.7500000000000002,"[1.70, 1.80)",25.84,4.93,3.7,0.68,0.02198085291195133,0,-0.35939849624060854,4.418765013928366e-16,TRUE,TRUE,NA,0.05,3,0.6,1.2,0.12,0.25
local_static_map_repeatability,828,up,400,400,TRUE,4,20,3.8000000000000003,1.735,3.607,1.872,1.872,0.1,3.6,3.7,3.6500000000000004,"[3.60, 3.70)",4.88,10.36,0.68,1.8,0,0.00820782681668124,4.2047346797009065e-15,0.09323308270676496,TRUE,TRUE,NA,0.05,3,0.6,1.2,0.12,0.25
local_static_map_repeatability,829,up,400,400,TRUE,4,20,3.8000000000000003,3.607,4.745,1.138,1.138,0.1,4.7,4.8,4.75,"[4.70, 4.80)",10.36,15.56,1.8,2.5,0,0,-2.6282243776649783e-14,4.7127970093326585e-15,TRUE,TRUE,NA,0.05,3,0.6,1.2,0.12,0.25
local_static_map_repeatability,830,up,400,400,TRUE,4,20,3.8000000000000003,4.745,6.535,1.79,1.79,0.1,6.5,6.6,6.55,"[6.50, 6.60)",15.56,24.92,2.5,3.56,0.006155870112510793,0,0.05413533834585367,3.072445447764206e-15,TRUE,TRUE,NA,0.05,3,0.6,1.2,0.12,0.25
local_static_map_repeatability,831,down,400,400,TRUE,4,20,3.8000000000000003,6.535,3.226,-3.309,3.309,0.1,3.2,3.3000000000000003,3.25,"[3.20, 3.30)",24.94,10.12,3.56,1.58,0.007880689256524204,0,-0.08270676691728705,1.595176309740914e-15,TRUE,TRUE,NA,0.05,3,0.6,1.2,0.12,0.25
local_static_map_repeatability,832,up,400,400,TRUE,4,20,3.8000000000000003,3.226,6.3,3.074,3.074,0.1,6.300000000000001,6.4,6.3500000000000005,"[6.30, 6.40)",10.1,23.86,1.58,3.42,0.008207826816681058,0,0.09624060150373569,6.561591395067085e-15,TRUE,TRUE,NA,0.05,3,0.6,1.2,0.12,0.25
local_static_map_repeatability,833,down,400,400,TRUE,4,20,3.8000000000000003,6.3,1.717,-4.583,4.583,0.1,1.7000000000000002,1.8000000000000003,1.7500000000000002,"[1.70, 1.80)",23.88,4.96,3.42,0.66,0.02190890230020675,0.009787209698591866,-0.3578947368421086,-0.1368421052631587,TRUE,TRUE,NA,0.05,3,0.6,1.2,0.12,0.25
local_static_map_repeatability,834,up,400,400,TRUE,4,20,3.8000000000000003,1.717,5.024,3.307,3.307,0.1,5,5.1,5.05,"[5.00, 5.10)",4.92,17.11,0.66,2.66,0.010259783520851322,0,0.15037593984964828,-4.350103614442765e-15,TRUE,TRUE,NA,0.05,3,0.6,1.2,0.12,0.25
local_static_map_repeatability,835,down,400,400,TRUE,4,20,3.8000000000000003,5.024,2.813,-2.211,2.211,0.1,2.8000000000000003,2.9000000000000004,2.8500000000000005,"[2.80, 2.90)",17.12,8.32,2.66,1.32,0.010052493799000478,0,-0.1443609022556325,6.118255310148904e-16,TRUE,TRUE,NA,0.05,3,0.6,1.2,0.12,0.25
local_static_map_repeatability,836,up,400,400,TRUE,4,20,3.8000000000000003,2.813,6.42,3.6069999999999998,3.6069999999999998,0.1,6.4,6.5,6.45,"[6.40, 6.50)",8.32,24.32,1.32,3.5,0.01518309309032464,0,0.2390977443608806,-5.582816799964544e-15,TRUE,TRUE,NA,0.05,3,0.6,1.2,0.12,0.25
local_static_map_repeatability,837,down,400,400,TRUE,4,20,3.8000000000000003,6.42,4.607,-1.8129999999999997,1.8129999999999997,0.1,4.6000000000000005,4.7,4.65,"[4.60, 4.70)",24.34,16.56,3.5,2.42,0.00978720969859165,0,-0.1338345864661727,4.168942065791094e-15,TRUE,TRUE,NA,0.05,3,0.6,1.2,0.12,0.25
local_static_map_repeatability,838,down,400,400,TRUE,4,20,3.8000000000000003,4.607,2.073,-2.5340000000000003,2.5340000000000003,0.1,2,2.1,2.05,"[2.00, 2.10)",16.56,5.96,2.42,0.88,0.01142481141154945,0,-0.16541353383458027,1.6517492293913453e-15,TRUE,TRUE,NA,0.05,3,0.6,1.2,0.12,0.25
local_static_map_repeatability,839,down,1,400,FALSE,0.01,5,0,2.073,0,-2.073,2.073,0.1,0,0.1,0.05,"[0.00, 0.10)",5.94,5.94,0.88,0.88,NA,NA,NA,NA,FALSE,FALSE,incomplete_hold,0.05,3,0.6,1.2,0.12,0.25
