source_file,controller,filename_branch,inferred_branch,filename_branch_mismatch,segment_id,xref_mm,n_samples,duration_s,tail_n_samples,median_dt_ms,u_ss_v,s_ss_mm,p_ss_bar,tracking_error_mm,abs_tracking_error_mm,u_tail_sd_v,s_tail_sd_mm,p_tail_sd_bar,u_tail_slope_v_s,s_tail_slope_mm_s,p_tail_slope_bar_s,matched_s_ref_mm,match_distance_mm,original_u_ff_v,original_p_ff_bar,exclusion_reason,keep_for_corrected_lookup,raw_u_correction_v,raw_p_correction_bar
LQI_no_vel_lookup_down_post_correction_experiment.csv,LQI_no_vel,down,down,FALSE,1,0,2,0.01,2,5,0.279,0,-0.15,0,0,0.39456558390209356,0,0.21213203435596426,0,0,0,2.74,2.74,0.8289671809180673,0.3824036625174389,startup_or_zero_reference,FALSE,-0.5499671809180673,-0.5324036625174389
LQI_no_vel_lookup_down_post_correction_experiment.csv,LQI_no_vel,down,down,FALSE,2,5,403,4.03,100,10,2.089,3.74,0.92,-1.2599999999999998,1.2599999999999998,0.006307114789640034,0.01395374755064267,0,-0.01975217521752121,0.04391239123912418,0,5.012361809045227,0.012361809045226657,1.4909630028585317,0.6943780701313857,down_branch_warmup,FALSE,0.5980369971414683,0.2256219298686143
LQI_no_vel_lookup_down_post_correction_experiment.csv,LQI_no_vel,down,down,FALSE,3,10,774,7.74,100,10,3.478,9.14,1.8,-0.8599999999999994,0.8599999999999994,0.003080256450034675,0.006666666666666584,0,-0.003947794779478273,0.011857185718572267,0,9.958090452261306,0.04190954773869393,3.044421126064581,1.6292967926591235,down_branch_warmup,FALSE,0.4335788739354194,0.17070320734087652
LQI_no_vel_lookup_down_post_correction_experiment.csv,LQI_no_vel,down,down,FALSE,4,15,963,9.63,100,10,4.453,14.5,2.4,-0.5,0.5,0.003158506231774881,0.006531972647421669,0,-0.0053741374137417945,0.012577257725774784,0,15.03748743718593,0.03748743718593062,4.1991719451994935,2.316033402822367,down_branch_warmup,FALSE,0.25382805480050674,0.08396659717763288
LQI_no_vel_lookup_down_post_correction_experiment.csv,LQI_no_vel,down,down,FALSE,5,20,913,9.13,100,10,5.307,19.88,2.9,-0.120000000000001,0.120000000000001,0.004054913467920344,0.008923920866769283,0.005752469825293232,-0.01050885088508898,0.023654365436542747,-0.006060606060605752,19.98321608040201,0.01678391959799086,5.212224556264825,2.911069648127709,down_branch_warmup,FALSE,0.0947754437351751,-0.011069648127709275
LQI_no_vel_lookup_down_post_correction_experiment.csv,LQI_no_vel,down,down,FALSE,6,25,453,4.53,100,10,6.27,25.44,3.48,0.4400000000000013,0.4400000000000013,0.005887531766625927,0.013240586516960789,0.010048367875913837,-0.017412541254126494,0.040984098409841976,-0.029990999099910078,25.062613065326637,0.06261306532663724,6.472102908244862,3.5746707665339548,down_branch_warmup,FALSE,-0.20210290824486243,-0.09467076653395479
LQI_no_vel_lookup_down_post_correction_experiment.csv,LQI_no_vel,down,down,FALSE,7,28,488,4.88,100,10,6.816,28.54,3.82,0.5399999999999991,0.5399999999999991,0.006334601149020303,0.012801515061850332,0.00438085827115181,-0.019597359735973152,0.03895589558955592,-0.005700570057006165,28.00331658291457,0.0033165829145715975,7.0459472001154095,3.88950686446587,down_branch_warmup,FALSE,-0.2299472001154097,-0.06950686446587007
LQI_no_vel_lookup_down_post_correction_experiment.csv,LQI_no_vel,down,down,FALSE,8,28.939,400,4,100,10,7.114,29.68,3.92,0.7409999999999997,0.7409999999999997,0.0020845511592075625,0.004380858271151713,0,-0.003586558655867405,0.005700570057000859,0,28.938994974874376,5.025125624058546e-6,7.433304248515304,4.121772498857926,NA,TRUE,-0.31930424851530415,-0.2017724988579257
LQI_no_vel_lookup_down_post_correction_experiment.csv,LQI_no_vel,down,down,FALSE,9,28.805,400,4,100,10,6.972,29.8,3.9,0.995000000000001,0.995000000000001,4.351941398890034e-4,0,0,-0.0011239123912383472,0,0,28.805326633165834,3.2663316583381174e-4,7.418612368060398,4.1114532333574925,NA,TRUE,-0.4466123680603973,-0.21145323335749255
LQI_no_vel_lookup_down_post_correction_experiment.csv,LQI_no_vel,down,down,FALSE,10,28.672,400,4,100,10,6.904,29.74,3.82,1.0679999999999978,1.0679999999999978,0.001982244417142689,0.003938927711339263,0,-6.600660066006771e-4,-0.0017761776177587754,0,28.67165829145729,3.417085427095401e-4,7.387611670794162,4.090946667720008,NA,TRUE,-0.48361167079416223,-0.2709466677200081
LQI_no_vel_lookup_down_post_correction_experiment.csv,LQI_no_vel,down,down,FALSE,11,28.538,400,4,100,10,6.796,29.72,3.78,1.1819999999999986,1.1819999999999986,0.0049225927306572785,0.009920899274976953,0,-0.002737473747375417,0.002856285628565845,0,28.53798994974875,1.0050251251669806e-5,7.340302156716597,4.060252801945476,NA,TRUE,-0.5443021567165971,-0.28025280194547664
LQI_no_vel_lookup_down_post_correction_experiment.csv,LQI_no_vel,down,down,FALSE,12,28.404,400,4,100,10,6.793,29.46,3.74,1.056000000000001,1.056000000000001,4.578165130224959e-4,0,0,-0.0012127212721257468,0,0,28.40432160804021,3.216080402097532e-4,7.280693259960088,4.023099666136561,NA,TRUE,-0.4876932599600883,-0.283099666136561
LQI_no_vel_lookup_down_post_correction_experiment.csv,LQI_no_vel,down,down,FALSE,13,28.271,400,4,100,10,6.702,29.36,3.7,1.0889999999999986,1.0889999999999986,4.7258156262541866e-4,0,0,-0.0013255325532575196,0,0,28.270653266331657,3.467336683442568e-4,7.211764468274386,3.9822576312869886,NA,TRUE,-0.509764468274386,-0.28225763128698844
LQI_no_vel_lookup_down_post_correction_experiment.csv,LQI_no_vel,down,down,FALSE,14,28.137,400,4,100,10,6.648,29.16,3.68,1.0229999999999997,1.0229999999999997,4.852365870940718e-4,0,0,-0.0013975397539768653,0,0,28.13698492462311,1.5075376889939207e-5,7.133515781659494,3.937726697396758,NA,TRUE,-0.48551578165949394,-0.257726697396758
LQI_no_vel_lookup_down_post_correction_experiment.csv,LQI_no_vel,down,down,FALSE,15,28.003,400,4,100,10,6.589,28.96,3.62,0.9570000000000007,0.9570000000000007,4.2295258468179195e-4,0,0,-0.0010615061506154078,0,0,28.00331658291457,3.165829145714838e-4,7.0459472001154095,3.88950686446587,NA,TRUE,-0.4569472001154091,-0.2695068644658698
LQI_no_vel_lookup_down_post_correction_experiment.csv,LQI_no_vel,down,down,FALSE,16,27.87,400,4,100,10,6.528,28.76,3.58,0.8900000000000006,0.8900000000000006,0.003856242479487778,0.008187203614806472,0.008459051693633021,0.0026324632463247304,-0.008268826882684072,8.280828082810722e-4,27.86964824120603,3.5175879397186804e-4,6.959045836572549,3.8432711327580407,NA,TRUE,-0.43104583657254913,-0.2632711327580406
LQI_no_vel_lookup_down_post_correction_experiment.csv,LQI_no_vel,down,down,FALSE,17,27.736,400,4,100,10,6.456,28.64,3.54,0.9039999999999999,0.9039999999999999,5.024183937958591e-4,0,0,-0.0014983498349839287,0,0,27.735979899497487,2.0100502513997753e-5,6.8964242050229885,3.8112732569966106,NA,TRUE,-0.44042420502298807,-0.27127325699661053
LQI_no_vel_lookup_down_post_correction_experiment.csv,LQI_no_vel,down,down,FALSE,18,27.602,400,4,100,10,6.386,28.56,3.52,0.9579999999999984,0.9579999999999984,4.6482319871147415e-4,0,0,-0.0012823282328225133,0,0,27.602311557788944,3.1155778894387254e-4,6.858082305466728,3.793513237181579,NA,TRUE,-0.4720823054667278,-0.27351323718157916
LQI_no_vel_lookup_down_post_correction_experiment.csv,LQI_no_vel,down,down,FALSE,19,27.469,400,4,100,10,6.358,28.44,3.5,0.9710000000000001,0.9710000000000001,5.016135580463138e-4,0,0,-0.001493549354934818,0,0,27.4686432160804,3.567839195994793e-4,6.840010703771383,3.7874498720151983,NA,TRUE,-0.4820107037713832,-0.28744987201519834
LQI_no_vel_lookup_down_post_correction_experiment.csv,LQI_no_vel,down,down,FALSE,20,27.335,400,4,100,10,6.306,28.4,3.5,1.0649999999999977,1.0649999999999977,4.852365870940718e-4,0,0,-0.0013975397539761727,0,0,27.33497487437186,2.5125628141609013e-5,6.839229912187199,3.7874498720151983,NA,TRUE,-0.5332299121871991,-0.28744987201519834
LQI_no_vel_lookup_down_post_correction_experiment.csv,LQI_no_vel,down,down,FALSE,21,27.201,400,4,100,10,6.306,28.26,3.46,1.059000000000001,1.059000000000001,5.302943722238706e-4,0,0,-0.001432943294329793,0,0,27.201306532663317,3.065326633162613e-4,6.838883449897395,3.7874498720151983,NA,TRUE,-0.5328834498973949,-0.3274498720151984
LQI_no_vel_lookup_down_post_correction_experiment.csv,LQI_no_vel,down,down,FALSE,22,27.068,400,4,100,10,6.257,28.2,3.46,1.131999999999998,1.131999999999998,5.23778039195268e-4,0,0,-0.001465346534654287,0,0,27.067638190954774,3.6180904522709056e-4,6.831608367232991,3.7850661242721544,NA,TRUE,-0.5746083672329911,-0.3250661242721544
LQI_no_vel_lookup_down_post_correction_experiment.csv,LQI_no_vel,down,down,FALSE,23,26.934,400,4,100,10,6.254,28.04,3.42,1.105999999999998,1.105999999999998,4.7258156262541866e-4,0,0,-0.0013255325532556433,0,0,26.933969849246232,3.0150753769220273e-5,6.819277930631452,3.7799784409576223,NA,TRUE,-0.5652779306314528,-0.3599784409576223
LQI_no_vel_lookup_down_post_correction_experiment.csv,LQI_no_vel,down,down,FALSE,24,26.8,400,4,100,10,6.177,28,3.42,1.1999999999999993,1.1999999999999993,0.0046552240666922606,0.009704731741877987,0,-7.488748874889487e-4,-0.0011401140114031731,0,26.80030150753769,3.0150753768865e-4,6.793947630768029,3.768070944290614,NA,TRUE,-0.6169476307680295,-0.348070944290614
LQI_no_vel_lookup_down_post_correction_experiment.csv,LQI_no_vel,down,down,FALSE,25,26.667,400,4,100,10,6.204,27.72,3.4,1.0529999999999973,1.0529999999999973,0.003722318708232372,0.007722458393307218,0,0.0016891689168921503,-0.005928592859288443,0,26.666633165829147,3.668341708547018e-4,6.7556174676427165,3.7493436342711286,NA,TRUE,-0.5516174676427168,-0.3493436342711287
LQI_no_vel_lookup_down_post_correction_experiment.csv,LQI_no_vel,down,down,FALSE,26,26.533,400,4,100,10,6.1,27.68,3.38,1.1469999999999985,1.1469999999999985,5.096047190686864e-4,0,0,-0.0014299429943001561,0,0,26.532964824120604,3.517587939683153e-5,6.7042874412555165,3.723796510899167,NA,TRUE,-0.6042874412555168,-0.3437965108991672
LQI_no_vel_lookup_down_post_correction_experiment.csv,LQI_no_vel,down,down,FALSE,27,26.399,400,4,100,10,6.132,27.34,3.34,0.940999999999999,0.940999999999999,4.824181513241544e-4,0,0,-0.0013789378937887596,0,0,26.399296482412066,2.9648241206459147e-4,6.639957551606429,3.691429574174729,NA,TRUE,-0.5079575516064292,-0.3514295741747291
LQI_no_vel_lookup_down_post_correction_experiment.csv,LQI_no_vel,down,down,FALSE,28,26.266,400,4,100,10,6.01,27.32,3.32,1.054000000000002,1.054000000000002,5.021167315684e-4,0,0,-0.0014941494149397323,0,0,26.26562814070352,3.7185929647876037e-4,6.579484279512236,3.6597739719003184,NA,TRUE,-0.5694842795122366,-0.33977397190031855
LQI_no_vel_lookup_down_post_correction_experiment.csv,LQI_no_vel,down,down,FALSE,29,26.132,400,4,100,10,6.041,27.06,3.3,0.9279999999999973,0.9279999999999973,4.187523556394108e-4,0,0,-9.492949294935305e-4,0,0,26.131959798994977,4.020100502444279e-5,6.554332854423725,3.641451885276724,NA,TRUE,-0.5133328544237248,-0.3414518852767241
LQI_no_vel_lookup_down_post_correction_experiment.csv,LQI_no_vel,down,down,FALSE,30,25.998,400,4,100,10,5.97,27.06,3.3,1.0619999999999976,1.0619999999999976,5.302943722236108e-4,0,0,-0.0014329432943295103,0,0,25.998291457286435,2.914572864334275e-4,6.554332854423725,3.635117194936676,NA,TRUE,-0.5843328544237254,-0.335117194936676
LQI_no_vel_lookup_down_post_correction_experiment.csv,LQI_no_vel,down,down,FALSE,31,25.865,400,4,100,10,5.988,26.88,3.28,1.0150000000000006,1.0150000000000006,4.7937248544083655e-4,0,0,-0.0013579357935777673,0,0,25.864623115577892,3.7688442210637163e-4,6.554332854423725,3.630207919872218,NA,TRUE,-0.5663328544237247,-0.3502079198722181
LQI_no_vel_lookup_down_post_correction_experiment.csv,LQI_no_vel,down,down,FALSE,32,25.731,400,4,100,10,5.917,26.88,3.28,1.1489999999999974,1.1489999999999974,5.856878887515223e-4,0,0,-0.0016849684968494772,0,0,25.73095477386935,4.522613065205405e-5,6.554332854423725,3.625411835365302,NA,TRUE,-0.6373328544237253,-0.3454118353653022
LQI_no_vel_lookup_down_post_correction_experiment.csv,LQI_no_vel,down,down,FALSE,33,25.597,400,4,100,10,5.946,26.68,3.24,1.0829999999999984,1.0829999999999984,5.016135580463138e-4,0,0,-0.001487548754874063,0,0,25.597286432160807,2.8643216080581624e-4,6.553584865360685,3.620728941415928,NA,TRUE,-0.6075848653606855,-0.38072894141592784
LQI_no_vel_lookup_down_post_correction_experiment.csv,LQI_no_vel,down,down,FALSE,34,25.464,400,4,100,10,5.872,26.68,3.24,1.216000000000001,1.216000000000001,5.135536717200347e-4,0,0,-0.0014719471947196804,0,0,25.463618090452265,3.819095477339829e-4,6.551438230216485,3.616159238024096,NA,TRUE,-0.6794382302164852,-0.3761592380240959
LQI_no_vel_lookup_down_post_correction_experiment.csv,LQI_no_vel,down,down,FALSE,35,25.33,400,4,100,10,5.896,26.48,3.22,1.1500000000000021,1.1500000000000021,5.009082659622004e-4,0,0,-0.0014869486948698326,0,0,25.32994974874372,5.025125627966531e-5,6.547892948991124,3.6117027251898057,NA,TRUE,-0.651892948991124,-0.39170272518980553
LQI_no_vel_lookup_down_post_correction_experiment.csv,LQI_no_vel,down,down,FALSE,36,25.196,400,4,100,10,5.798,26.48,3.2,1.283999999999999,1.283999999999999,5.10396953855746e-4,0,0,-0.001494749474948996,0,0,25.19628140703518,2.81407035178205e-4,6.5217960107602035,3.598026844429027,NA,TRUE,-0.7237960107602035,-0.3980268444290269
LQI_no_vel_lookup_down_post_correction_experiment.csv,LQI_no_vel,down,down,FALSE,37,25.063,400,4,100,10,5.843,26.14,3.18,1.0770000000000017,1.0770000000000017,4.893822120746824e-4,0,0,-0.0013183318331847812,0,0,25.062613065326637,3.8693467336159415e-4,6.472102908244862,3.5746707665339548,NA,TRUE,-0.629102908244862,-0.3946707665339546
LQI_no_vel_lookup_down_post_correction_experiment.csv,LQI_no_vel,down,down,FALSE,38,24.929,400,4,100,10,5.756,26.06,3.14,1.1310000000000002,1.1310000000000002,5.049252369898737e-4,0,0,-0.0013957395739568215,0,0,24.928944723618095,5.527638190372386e-5,6.416413379207684,3.5480717566712476,NA,TRUE,-0.6604133792076841,-0.4080717566712475
LQI_no_vel_lookup_down_post_correction_experiment.csv,LQI_no_vel,down,down,FALSE,39,24.795,400,4,100,10,5.743,25.82,3.12,1.0249999999999986,1.0249999999999986,4.6828722947858653e-4,0,0,-0.001231923192318322,0,0,24.795276381909552,2.763819095505937e-4,6.357848449901391,3.519488479254293,NA,TRUE,-0.6148484499013911,-0.399488479254293
LQI_no_vel_lookup_down_post_correction_experiment.csv,LQI_no_vel,down,down,FALSE,40,24.662,400,4,100,10,5.679,25.68,3.1,1.0180000000000007,1.0180000000000007,5.024183937958591e-4,0,0,-0.0014923492349237896,0,0,24.66160804020101,3.919597989892054e-4,6.296408120325984,3.4889209342830916,NA,TRUE,-0.617408120325984,-0.3889209342830915
LQI_no_vel_lookup_down_post_correction_experiment.csv,LQI_no_vel,down,down,FALSE,41,24.528,400,4,100,10,5.662,25.44,3.06,0.9120000000000026,0.9120000000000026,4.943110704238754e-4,0,0,-0.0014443444344439458,0,0,24.52793969849246,6.0301507538440546e-5,6.232092390481461,3.4563691217576435,NA,TRUE,-0.5700923904814612,-0.3963691217576435
LQI_no_vel_lookup_down_post_correction_experiment.csv,LQI_no_vel,down,down,FALSE,42,24.394,400,4,100,10,5.608,25.28,3.04,0.8860000000000028,0.8860000000000028,0.004390485580931237,0.009804142600003736,0,0.01251845184518451,-0.028094809480953768,0,24.39427135678392,2.7135678392298246e-4,6.171195962200605,3.424668893295207,NA,TRUE,-0.5631959622006057,-0.38466889329520715
LQI_no_vel_lookup_down_post_correction_experiment.csv,LQI_no_vel,down,down,FALSE,43,24.261,400,4,100,10,5.579,25.08,3.02,0.8189999999999991,0.8189999999999991,4.6882617226189083e-4,0,0,-0.0012937293729366746,0,0,24.260603015075375,3.969849246239221e-4,6.115068589688622,3.3944283321294932,NA,TRUE,-0.5360685896886226,-0.3744283321294932
LQI_no_vel_lookup_down_post_correction_experiment.csv,LQI_no_vel,down,down,FALSE,44,24.127,400,4,100,10,5.545,24.9,3,0.7729999999999997,0.7729999999999997,0.002808716591058929,0.006289320754704268,0,0.003912391239124199,-0.01126912691269375,0,24.126934673366833,6.53266331660518e-5,6.063421283703537,3.3655661845102185,NA,TRUE,-0.5184212837035371,-0.3655661845102185
LQI_no_vel_lookup_down_post_correction_experiment.csv,LQI_no_vel,down,down,FALSE,45,23.993,400,4,100,10,5.464,24.82,2.98,0.8270000000000017,0.8270000000000017,4.923659639170581e-4,0,0,-0.0014281428142800875,0,0,23.99326633165829,2.663316582918185e-4,6.014123321489656,3.3386274319638045,NA,TRUE,-0.5501233214896555,-0.35862743196380453
LQI_no_vel_lookup_down_post_correction_experiment.csv,LQI_no_vel,down,down,FALSE,46,23.86,400,4,100,10,5.504,24.5,2.96,0.6400000000000006,0.6400000000000006,3.265986323711995e-4,0,0,-6.08460846085732e-4,0,0,23.859597989949748,4.0201005025153336e-4,5.967252317234696,3.3136656347949107,NA,TRUE,-0.46325231723469606,-0.35366563479491075
LQI_no_vel_lookup_down_post_correction_experiment.csv,LQI_no_vel,down,down,FALSE,47,23.726,400,4,100,10,5.389,24.5,2.96,0.7740000000000009,0.7740000000000009,2.5643239997632844e-4,0,0,-3.726372637267851e-4,0,0,23.725929648241205,7.035175879366307e-5,5.922808270938655,3.2906807930035367,NA,TRUE,-0.5338082709386551,-0.3306807930035367
LQI_no_vel_lookup_down_post_correction_experiment.csv,LQI_no_vel,down,down,FALSE,48,23.592,400,4,100,10,5.435,24.2,2.92,0.6080000000000005,0.6080000000000005,4.2923469599107116e-4,0,0,-0.0010693069306942002,0,0,23.592261306532663,2.613065326642072e-4,5.889938184288497,3.272216204827893,NA,TRUE,-0.45493818428849764,-0.3522162048278932
LQI_no_vel_lookup_down_post_correction_experiment.csv,LQI_no_vel,down,down,FALSE,49,23.459,400,4,100,10,5.362,24.2,2.92,0.7409999999999997,0.7409999999999997,4.988876515700255e-4,0,0,-0.0014533453345336933,0,0,23.45859296482412,4.070351758791446e-4,5.885847378316332,3.261545103669609,NA,TRUE,-0.523847378316332,-0.3415451036696089
LQI_no_vel_lookup_down_post_correction_experiment.csv,LQI_no_vel,down,down,FALSE,50,23.325,400,4,100,10,5.382,24.02,2.9,0.6950000000000003,0.6950000000000003,2.190429135574689e-4,0,0,-2.6702670267093924e-4,0,0,23.324924623115574,7.537688442482704e-5,5.885847378316332,3.261545103669609,NA,TRUE,-0.5038473783163324,-0.3615451036696089
LQI_no_vel_lookup_down_post_correction_experiment.csv,LQI_no_vel,down,down,FALSE,51,23.191,400,4,100,10,5.323,24,2.9,0.809000000000001,0.809000000000001,0.00455355339101745,0.009847319278346409,0,0.012736273627361157,-0.028658865886594373,0,23.191256281407036,2.5628140703659597e-4,5.885847378316332,3.261545103669609,NA,TRUE,-0.5628473783163317,-0.3615451036696089
LQI_no_vel_lookup_down_post_correction_experiment.csv,LQI_no_vel,down,down,FALSE,52,23.058,400,4,100,10,5.293,23.92,2.88,0.8620000000000019,0.8620000000000019,4.988876515695823e-4,0,0,-0.0014665466546647037,0,0,23.057587939698493,4.120603015067559e-4,5.885847378316332,3.261545103669609,NA,TRUE,-0.5928473783163319,-0.3815451036696089
LQI_no_vel_lookup_down_post_correction_experiment.csv,LQI_no_vel,down,down,FALSE,53,22.924,400,4,100,10,5.333,23.7,2.86,0.7759999999999998,0.7759999999999998,3.77525168068763e-4,0,0,-8.28682868287353e-4,0,0,22.92391959798995,8.040201004888559e-5,5.885847378316332,3.261545103669609,NA,TRUE,-0.5528473783163319,-0.40154510366960894
LQI_no_vel_lookup_down_post_correction_experiment.csv,LQI_no_vel,down,down,FALSE,54,22.79,400,4,100,10,5.263,23.7,2.86,0.9100000000000001,0.9100000000000001,4.093601807404691e-4,0,0,-9.77497749774974e-4,0,0,22.790251256281408,2.512562814089847e-4,5.885847378316332,3.261545103669609,NA,TRUE,-0.6228473783163322,-0.40154510366960894
LQI_no_vel_lookup_down_post_correction_experiment.csv,LQI_no_vel,down,down,FALSE,55,22.657,400,4,100,10,5.292,23.5,2.84,0.843,0.843,0.004417355578061159,0.009704731741877987,0,0.012693069306928916,-0.027974797479750402,0,22.656582914572866,4.1708542713436714e-4,5.885847378316332,3.261545103669609,NA,TRUE,-0.5938473783163323,-0.42154510366960896
LQI_no_vel_lookup_down_post_correction_experiment.csv,LQI_no_vel,down,down,FALSE,56,22.523,400,4,100,10,5.232,23.48,2.84,0.9570000000000007,0.9570000000000007,4.351941398890745e-4,0,0,-0.0010411041104110683,0,0,22.522914572864323,8.542713567649685e-5,5.885847378316332,3.261545103669609,NA,TRUE,-0.6538473783163319,-0.42154510366960896
LQI_no_vel_lookup_down_post_correction_experiment.csv,LQI_no_vel,down,down,FALSE,57,22.389,400,4,100,10,5.239,23.3,2.82,0.9110000000000014,0.9110000000000014,4.6482319871188696e-4,0,0,-0.001265526552655185,0,0,22.38924623115578,2.4623115578137345e-4,5.873814709471728,3.261545103669609,NA,TRUE,-0.634814709471728,-0.441545103669609
LQI_no_vel_lookup_down_post_correction_experiment.csv,LQI_no_vel,down,down,FALSE,58,22.256,400,4,100,10,5.172,23.26,2.82,1.0040000000000013,1.0040000000000013,0.0021619996355785737,0.004380858271151713,0,0.0016483648364844453,-0.005268526852683213,0,22.25557788944724,4.221105527619784e-4,5.857140805709219,3.261545103669609,NA,TRUE,-0.685140805709219,-0.441545103669609
LQI_no_vel_lookup_down_post_correction_experiment.csv,LQI_no_vel,down,down,FALSE,59,22.122,400,4,100,10,5.201,23.04,2.78,0.9179999999999993,0.9179999999999993,4.975698519559673e-4,0,0,-0.0014527452745272606,0,0,22.121909547738696,9.04522613041081e-5,5.8456926039863175,3.261545103669609,NA,TRUE,-0.6446926039863179,-0.481545103669609
LQI_no_vel_lookup_down_post_correction_experiment.csv,LQI_no_vel,down,down,FALSE,60,21.988,400,4,100,10,5.134,23.02,2.78,1.032,1.032,4.960449637490239e-4,0,0,-0.0014497449744989763,0,0,21.988241206030153,2.4120603015376219e-4,5.839470104303027,3.2603587517419035,NA,TRUE,-0.7054701043030267,-0.4803587517419037
LQI_no_vel_lookup_down_post_correction_experiment.csv,LQI_no_vel,down,down,FALSE,61,21.855,400,4,100,10,5.155,22.78,2.76,0.9250000000000007,0.9250000000000007,4.2295258468179195e-4,0,0,-0.001044704470447655,0,0,21.85457286432161,4.2713567838958966e-4,5.813398581915325,3.2474565985643737,NA,TRUE,-0.6583985819153249,-0.48745659856437396
LQI_no_vel_lookup_down_post_correction_experiment.csv,LQI_no_vel,down,down,FALSE,62,21.721,400,4,100,10,5.116,22.6,2.74,0.8790000000000013,0.8790000000000013,0.001967000485279719,0.003938927711338564,0,-6.972697269720127e-4,-8.400840084003397e-4,0,21.72090452261307,9.547738693171937e-5,5.757262928954949,3.21806507247536,NA,TRUE,-0.6412629289549496,-0.4780650724753599
LQI_no_vel_lookup_down_post_correction_experiment.csv,LQI_no_vel,down,down,FALSE,63,21.587,400,4,100,10,5.082,22.38,2.72,0.7929999999999993,0.7929999999999993,2.842676218074493e-4,0,0,-4.3684368436864245e-4,0,0,21.58723618090453,2.3618090452970364e-4,5.687154128066213,3.1803942490628874,NA,TRUE,-0.6051541280662134,-0.4603942490628872
LQI_no_vel_lookup_down_post_correction_experiment.csv,LQI_no_vel,down,down,FALSE,64,21.454,400,4,100,10,5.044,22.18,2.68,0.7259999999999991,0.7259999999999991,0.001740167181101367,0.003428932159955232,0.0028141058827257964,1.926192619261328e-4,-0.0031323132313215516,0.002328232823282281,21.453567839195983,4.321608040172009e-4,5.620882093226234,3.144220117057287,NA,TRUE,-0.5768820932262342,-0.46422011705728705
LQI_no_vel_lookup_down_post_correction_experiment.csv,LQI_no_vel,down,down,FALSE,65,21.32,400,4,100,10,4.979,22.04,2.68,0.7199999999999989,0.7199999999999989,4.3519413988938997e-4,0,0,-0.0010915091509148384,0,0,21.31989949748744,1.0050251255933063e-4,5.558829771254587,3.109911607062146,NA,TRUE,-0.5798297712545866,-0.42991160706214604
LQI_no_vel_lookup_down_post_correction_experiment.csv,LQI_no_vel,down,down,FALSE,66,21.186,400,4,100,10,4.97,21.8,2.64,0.6140000000000008,0.6140000000000008,0.003718042278382457,0.008326663997864353,0,0.007776777677767609,-0.018145814581458482,0,21.1862311557789,2.3115577889853967e-4,5.50099716215127,3.077468719077467,NA,TRUE,-0.5309971621512704,-0.43746871907746687
LQI_no_vel_lookup_down_post_correction_experiment.csv,LQI_no_vel,down,down,FALSE,67,21.053,400,4,100,10,4.894,21.7,2.64,0.6469999999999985,0.6469999999999985,0,0,0,0,0,0,21.052562814070356,4.371859296448122e-4,5.447384265916284,3.046891453103247,NA,TRUE,-0.553384265916284,-0.4068914531032468
LQI_no_vel_lookup_down_post_correction_experiment.csv,LQI_no_vel,down,down,FALSE,68,20.919,400,4,100,10,4.919,21.42,2.62,0.5010000000000012,0.5010000000000012,0,0,0,0,0,0,20.918894472361817,1.0552763818338917e-4,5.404613110216467,3.0208083945076254,NA,TRUE,-0.4856131102164678,-0.4008083945076253
LQI_no_vel_lookup_down_post_correction_experiment.csv,LQI_no_vel,down,down,FALSE,69,20.785,400,4,100,10,4.828,21.4,2.62,0.6149999999999984,0.6149999999999984,4.943110704238754e-4,0,0,-0.0013975397539762778,0,0,20.785226130653264,2.2613065326382298e-4,5.3732194822922414,3.0000847734322456,NA,TRUE,-0.5452194822922412,-0.38008477343224545
LQI_no_vel_lookup_down_post_correction_experiment.csv,LQI_no_vel,down,down,FALSE,70,20.652,400,4,100,10,4.87,21.12,2.58,0.46799999999999997,0.46799999999999997,2.7265992434438176e-4,0,0,-3.9843984398491277e-4,0,0,20.65155778894472,4.4221105527952886e-4,5.3455213090523666,2.9827808929781523,NA,TRUE,-0.47552130905236645,-0.4027808929781522
LQI_no_vel_lookup_down_post_correction_experiment.csv,LQI_no_vel,down,down,FALSE,71,20.518,400,4,100,10,4.782,21.1,2.58,0.5820000000000007,0.5820000000000007,0.004778434298327958,0.009886221408473997,0,0.012900690069007464,-0.027614761476150426,0,20.51788944723618,1.1055276382165857e-4,5.317608194759971,2.966828747488778,NA,TRUE,-0.5356081947599707,-0.38682874748877794
LQI_no_vel_lookup_down_post_correction_experiment.csv,LQI_no_vel,down,down,FALSE,72,20.384,400,4,100,10,4.823,20.82,2.56,0.43599999999999994,0.43599999999999994,9.78299906506497e-4,0.0019999999999999575,0,-8.826882688271249e-4,5.400540054007819e-4,0,20.384221105527637,2.2110552763621172e-4,5.289097192595478,2.951859406360535,NA,TRUE,-0.46609719259547777,-0.39185940636053473
LQI_no_vel_lookup_down_post_correction_experiment.csv,LQI_no_vel,down,down,FALSE,73,20.251,400,4,100,10,4.727,20.82,2.56,0.5689999999999991,0.5689999999999991,0.004613320634068872,0.009756634624291058,0,0.012877887788778608,-0.0277947794779507,0,20.250552763819098,4.472361809035874e-4,5.261803950577297,2.937953319148532,NA,TRUE,-0.534803950577297,-0.3779533191485318
LQI_no_vel_lookup_down_post_correction_experiment.csv,LQI_no_vel,down,down,FALSE,74,20.117,400,4,100,10,4.773,20.54,2.54,0.42299999999999827,0.42299999999999827,0,0,0,0,0,0,20.11688442211055,1.1557788944926983e-4,5.238539783447094,2.925235052408589,NA,TRUE,-0.46553978344709446,-0.3852350524085888
LQI_no_vel_lookup_down_post_correction_experiment.csv,LQI_no_vel,down,down,FALSE,75,19.983,400,4,100,10,4.679,20.54,2.52,0.5569999999999986,0.5569999999999986,4.923659639170581e-4,0,0,-0.0013741374137408822,0,0,19.98321608040201,2.1608040200860046e-4,5.212224556264825,2.911069648127709,NA,TRUE,-0.533224556264825,-0.39106964812770917
LQI_no_vel_lookup_down_post_correction_experiment.csv,LQI_no_vel,down,down,FALSE,76,19.85,400,4,100,10,4.725,20.24,2.52,0.389999999999997,0.389999999999997,0,0,0,0,0,0,19.849547738693467,4.522613065347514e-4,5.180463924905995,2.8945660221259804,NA,TRUE,-0.4554639249059953,-0.37456602212598034
LQI_no_vel_lookup_down_post_correction_experiment.csv,LQI_no_vel,down,down,FALSE,77,19.716,400,4,100,10,4.627,20.24,2.5,0.5239999999999974,0.5239999999999974,2.3868325657580973e-4,0,0,-3.132313231322826e-4,0,0,19.715879396984924,1.2060301507688109e-4,5.149708411110149,2.877769245143825,NA,TRUE,-0.5227084111101492,-0.37776924514382504
LQI_no_vel_lookup_down_post_correction_experiment.csv,LQI_no_vel,down,down,FALSE,78,19.582,400,4,100,10,4.68,19.94,2.46,0.35800000000000054,0.35800000000000054,4.1132945334828387e-4,0,0.0028141058827257964,-3.6423642364229116e-4,0,-0.0014881488148810575,19.58221105527638,2.110552763809892e-4,5.12188494772157,2.8613225041496197,NA,TRUE,-0.4418849477215705,-0.4013225041496198
LQI_no_vel_lookup_down_post_correction_experiment.csv,LQI_no_vel,down,down,FALSE,79,19.449,400,4,100,10,4.596,19.92,2.46,0.4710000000000001,0.4710000000000001,2.7265992434438176e-4,0,0,-3.9843984398456805e-4,0,0,19.44854271356784,4.5728643216236264e-4,5.096993534740257,2.8452257991433636,NA,TRUE,-0.5009935347402568,-0.38522579914336363
LQI_no_vel_lookup_down_post_correction_experiment.csv,LQI_no_vel,down,down,FALSE,80,19.315,400,4,100,10,4.614,19.7,2.44,0.384999999999998,0.384999999999998,0,0,0,0,0,0,19.314874371859297,1.2562814070449235e-4,5.075079012337293,2.829568972074009,NA,TRUE,-0.46107901233729276,-0.389568972074009
LQI_no_vel_lookup_down_post_correction_experiment.csv,LQI_no_vel,down,down,FALSE,81,19.181,400,4,100,10,4.545,19.66,2.44,0.4789999999999992,0.4789999999999992,0.004887367761521789,0.009886221408473997,0,0.014086408640863175,-0.028934893489349103,0,19.18120603015075,2.0603015074982522e-4,5.055429752495401,2.814419641862841,NA,TRUE,-0.5104297524954013,-0.37441964186284116
LQI_no_vel_lookup_down_post_correction_experiment.csv,LQI_no_vel,down,down,FALSE,82,19.048,400,4,100,10,4.578,19.42,2.42,0.37200000000000344,0.37200000000000344,0,0,0,0,0,0,19.047537688442212,4.623115577864212e-4,5.038045755214583,2.799777808509861,NA,TRUE,-0.46004575521458246,-0.3797778085098611
LQI_no_vel_lookup_down_post_correction_experiment.csv,LQI_no_vel,down,down,FALSE,83,18.914,400,4,100,10,4.503,19.4,2.42,0.4859999999999971,0.4859999999999971,0,0,0,0,0,0,18.91386934673367,1.306532663321036e-4,5.022016342913214,2.7858180787718516,NA,TRUE,-0.519016342913214,-0.3658180787718517
LQI_no_vel_lookup_down_post_correction_experiment.csv,LQI_no_vel,down,down,FALSE,84,18.78,400,4,100,10,4.539,19.16,2.38,0.379999999999999,0.379999999999999,4.923659639174953e-4,0,0,-0.001276927692769306,0,0,18.780201005025127,2.0100502512576668e-4,5.006870424620018,2.772761531176416,NA,TRUE,-0.4678704246200187,-0.3927615311764163
LQI_no_vel_lookup_down_post_correction_experiment.csv,LQI_no_vel,down,down,FALSE,85,18.647,400,4,100,10,4.467,19.14,2.38,0.4930000000000021,0.4930000000000021,2.190429135574689e-4,0,0,-2.6702670267017044e-4,0,0,18.646532663316584,4.6733668341403245e-4,4.993071361336108,2.760568519688001,NA,TRUE,-0.5260713613361085,-0.3805685196880013
LQI_no_vel_lookup_down_post_correction_experiment.csv,LQI_no_vel,down,down,FALSE,86,18.513,400,4,100,10,4.504,18.9,2.36,0.3869999999999969,0.3869999999999969,0.003972773501337366,0.008187203614807927,0,-0.0013687368736875233,2.7602760276295606e-4,0,18.51286432160804,1.3567839196326759e-4,4.980619153061484,2.7492390443066075,NA,TRUE,-0.4766191530614847,-0.3892390443066076
LQI_no_vel_lookup_down_post_correction_experiment.csv,LQI_no_vel,down,down,FALSE,87,18.379,400,4,100,10,4.442,18.86,2.36,0.4809999999999981,0.4809999999999981,0.004544049277724139,0.010042334631373351,0,0.012408640864086487,-0.027626762676267163,0,18.3791959798995,1.9597989949815542e-4,4.96743181944353,2.738526439723585,NA,TRUE,-0.5254318194435301,-0.378526439723585
LQI_no_vel_lookup_down_post_correction_experiment.csv,LQI_no_vel,down,down,FALSE,88,18.246,400,4,100,10,4.443,18.68,2.34,0.43400000000000105,0.43400000000000105,0.002270829510700058,0.0047736651315187385,0,0.0030105010501049407,-0.006480648064802891,0,18.245527638190957,4.723618090416437e-4,4.947283054084009,2.7268156003903457,NA,TRUE,-0.5042830540840093,-0.3868156003903458
LQI_no_vel_lookup_down_post_correction_experiment.csv,LQI_no_vel,down,down,FALSE,89,18.112,400,4,100,10,4.396,18.58,2.34,0.46799999999999997,0.46799999999999997,0.004597496024682324,0.009451631252506695,0.009756634624291275,0.012907290729072759,-0.026390639063912934,-0.0036243624362435724,18.111859296482415,1.4070351758377342e-4,4.920172856982918,2.71410652630689,NA,TRUE,-0.5241728569829185,-0.37410652630689034
LQI_no_vel_lookup_down_post_correction_experiment.csv,LQI_no_vel,down,down,FALSE,90,17.978,400,4,100,10,4.414,18.34,2.3,0.3619999999999983,0.3619999999999983,4.6882617226230727e-4,0,0,-0.0011005100510057958,0,0,17.978190954773872,1.9095477387054416e-4,4.887034378488936,2.7002067162833416,NA,TRUE,-0.47303437848893637,-0.4002067162833418
LQI_no_vel_lookup_down_post_correction_experiment.csv,LQI_no_vel,down,down,FALSE,91,17.845,400,4,100,10,4.329,18.3,2.3,0.45500000000000185,0.45500000000000185,0.0017251555339045245,0.003428932159955232,0,9.696969696973549e-4,-0.0032043204320480957,0,17.84452261306533,4.7738693466925497e-4,4.850615244592945,2.683957626811963,NA,TRUE,-0.5216152445929456,-0.3839576268119633
LQI_no_vel_lookup_down_post_correction_experiment.csv,LQI_no_vel,down,down,FALSE,92,17.711,400,4,100,10,4.358,18.02,2.28,0.30900000000000105,0.30900000000000105,5.024183937958591e-4,0,0,-0.0012223222322239901,0,0,17.710854271356787,1.4572864321138468e-4,4.810915455294946,2.6653592578927534,NA,TRUE,-0.4529154552949466,-0.3853592578927536
LQI_no_vel_lookup_down_post_correction_experiment.csv,LQI_no_vel,down,down,FALSE,93,17.577,400,4,100,10,4.277,17.96,2.28,0.3829999999999991,0.3829999999999991,0.00466557346502818,0.009521904571390264,0.005752469825293232,0.01210741074107409,-0.025874587458748335,0.0038043804380435333,17.577185929648245,1.859296482429329e-4,4.7690980219855525,2.6450649094921967,NA,TRUE,-0.4920980219855524,-0.36506490949219694
LQI_no_vel_lookup_down_post_correction_experiment.csv,LQI_no_vel,down,down,FALSE,94,17.444,400,4,100,10,4.298,17.7,2.24,0.2560000000000002,0.2560000000000002,0.0030691689395989197,0.006759953379792478,0,0.004686468646864754,-0.010621062106212649,0,17.4435175879397,4.8241206030041894e-4,4.7280612396272215,2.6246545994833776,NA,TRUE,-0.4300612396272214,-0.38465459948337744
LQI_no_vel_lookup_down_post_correction_experiment.csv,LQI_no_vel,down,down,FALSE,95,17.31,400,4,100,10,4.213,17.66,2.24,0.3500000000000014,0.3500000000000014,0.0023761440625646346,0.005128647999524746,0,0.0029354935493555476,-0.007500750075008171,0,17.309849246231156,1.5075376884254865e-4,4.6919317278938015,2.6055512479377776,NA,TRUE,-0.47893172789380145,-0.3655512479377774
LQI_no_vel_lookup_down_post_correction_experiment.csv,LQI_no_vel,down,down,FALSE,96,17.176,400,4,100,10,4.261,17.36,2.22,0.18400000000000105,0.18400000000000105,0.004644797241445727,0.009951397039124647,0.005752469825293232,-0.0013561356135612542,9.48094809482064e-4,0.00982898289828932,17.176180904522614,1.8090452261532164e-4,4.660709486785293,2.587754854855397,NA,TRUE,-0.3997094867852926,-0.36775485485539683
LQI_no_vel_lookup_down_post_correction_experiment.csv,LQI_no_vel,down,down,FALSE,97,17.043,400,4,100,10,4.175,17.34,2.22,0.2970000000000006,0.2970000000000006,0.004017273310154989,0.008326663997864353,0,0.00927152715271515,-0.020162016201621037,0,17.04251256281407,4.874371859280302e-4,4.633171966522676,2.5708496744448883,NA,TRUE,-0.4581719665226762,-0.3508496744448881
LQI_no_vel_lookup_down_post_correction_experiment.csv,LQI_no_vel,down,down,FALSE,98,16.909,400,4,100,10,4.202,17.1,2.18,0.1910000000000025,0.1910000000000025,0,0,0,0,0,0,16.90884422110553,1.557788944701599e-4,4.607286042439457,2.5553107393560675,NA,TRUE,-0.40528604243945665,-0.3753107393560673
LQI_no_vel_lookup_down_post_correction_experiment.csv,LQI_no_vel,down,down,FALSE,99,16.775,400,4,100,10,4.149,17.02,2.18,0.245000000000001,0.245000000000001,0.004404439908670829,0.009704731741877987,0,0.01242424242424188,-0.027326732673267438,0,16.775175879396986,1.7587939698771038e-4,4.583051714535631,2.541138049588933,NA,TRUE,-0.43405171453563085,-0.3611380495889329
LQI_no_vel_lookup_down_post_correction_experiment.csv,LQI_no_vel,down,down,FALSE,100,16.642,400,4,100,10,4.157,16.82,2.16,0.17800000000000082,0.17800000000000082,0.004688261722621407,0.009451631252505015,0,0.00858085808580853,-0.017581758175820087,0,16.641507537688444,4.924623115556415e-4,4.5593059714205895,2.5276783051770035,NA,TRUE,-0.40230597142058944,-0.3676783051770034
LQI_no_vel_lookup_down_post_correction_experiment.csv,LQI_no_vel,down,down,FALSE,101,16.508,400,4,100,10,4.083,16.78,2.16,0.272000000000002,0.272000000000002,0.004732607712200111,0.009920899274976953,0,0.013387338733873811,-0.028130813081308166,0,16.507839195979898,1.6080402010132389e-4,4.533372010294997,2.5134278620517816,NA,TRUE,-0.4503720102949966,-0.35342786205178145
LQI_no_vel_lookup_down_post_correction_experiment.csv,LQI_no_vel,down,down,FALSE,102,16.374,400,4,100,10,4.116,16.52,2.14,0.1460000000000008,0.1460000000000008,0.0036144491176725467,0.007885544888073083,0.008459051693633021,0.005714971497149259,-0.015253525352533496,0.016837683768377004,16.374170854271355,1.708542713565464e-4,4.505249831158856,2.498386720213269,NA,TRUE,-0.3892498311588559,-0.3583867202132689
LQI_no_vel_lookup_down_post_correction_experiment.csv,LQI_no_vel,down,down,FALSE,103,16.241,400,4,100,10,4.037,16.48,2.14,0.23900000000000077,0.23900000000000077,0.003730559034122395,0.007722458393307218,0,0.008021002100210064,-0.017377737773776974,0,16.240502512562813,4.974874371868054e-4,4.474939434012166,2.4825548796614645,NA,TRUE,-0.43793943401216584,-0.34255487966146436
LQI_no_vel_lookup_down_post_correction_experiment.csv,LQI_no_vel,down,down,FALSE,104,16.107,400,4,100,10,4.068,16.22,2.1,0.11299999999999955,0.11299999999999955,0,0,0,0,0,0,16.10683417085427,1.6582914572893515e-4,4.442904724108549,2.465727185219521,NA,TRUE,-0.374904724108549,-0.36572718521952075
LQI_no_vel_lookup_down_post_correction_experiment.csv,LQI_no_vel,down,down,FALSE,105,15.973,400,4,100,10,3.992,16.16,2.1,0.1869999999999994,0.1869999999999994,0.0027265992434428493,0.005128647999524746,0,0.004416441644164066,-0.007812781278131188,0,15.97316582914573,1.6582914572893515e-4,4.405454591425071,2.444200387438472,NA,TRUE,-0.41345459142507135,-0.3442003874384718
LQI_no_vel_lookup_down_post_correction_experiment.csv,LQI_no_vel,down,down,FALSE,106,15.839,400,4,100,10,3.9895,15.94,2.1,0.10099999999999909,0.10099999999999909,5.025189076297738e-4,0,0,3.0003000300138617e-5,0,0,15.839497487437187,4.974874371868054e-4,4.363655134617114,2.4187266832907146,NA,TRUE,-0.37415513461711436,-0.3187266832907145
LQI_no_vel_lookup_down_post_correction_experiment.csv,LQI_no_vel,down,down,FALSE,107,15.706,400,4,100,10,4.001,15.76,2.08,0.05400000000000027,0.05400000000000027,0,0,0,0,0,0,15.705829145728645,1.7085427135477005e-4,4.327257123776848,2.396185829827677,NA,TRUE,-0.32625712377684746,-0.31618582982767673
LQI_no_vel_lookup_down_post_correction_experiment.csv,LQI_no_vel,down,down,FALSE,108,15.572,400,4,100,10,3.97,15.64,2.06,0.06800000000000139,0.06800000000000139,0.014533899766554188,0.006759953379792478,0,-0.003328532853284819,0.0012361236123636296,0,15.572160804020102,1.6080402010310024e-4,4.2962605589042715,2.376577827049358,NA,TRUE,-0.3262605589042713,-0.316577827049358
LQI_no_vel_lookup_down_post_correction_experiment.csv,LQI_no_vel,down,down,FALSE,109,15.438,400,4,100,10,3.946,15.48,2.02,0.041999999999999815,0.041999999999999815,0,0,0,0,0,0,15.438492462311558,4.924623115574178e-4,4.2706654399993855,2.359902674955758,NA,TRUE,-0.32466543999938535,-0.3399026749557579
LQI_no_vel_lookup_down_post_correction_experiment.csv,LQI_no_vel,down,down,FALSE,110,15.305,400,4,100,10,3.868,15.42,2.02,0.11500000000000021,0.11500000000000021,0,0,0,0,0,0,15.304824120603016,1.7587939698415767e-4,4.250471767062191,2.3461603735468772,NA,TRUE,-0.3824717670621909,-0.3261603735468772
LQI_no_vel_lookup_down_post_correction_experiment.csv,LQI_no_vel,down,down,FALSE,111,15.171,400,4,100,10,3.9015,15.22,2,0.049000000000001265,0.049000000000001265,5.025189076297738e-4,0,0,3.0003000300247017e-5,0,0,15.171155778894471,1.5577889447193627e-4,4.22798844308428,2.331673155146121,NA,TRUE,-0.32648844308428027,-0.33167315514612117
LQI_no_vel_lookup_down_post_correction_experiment.csv,LQI_no_vel,down,down,FALSE,112,15.037,400,4,100,10,3.821,15.14,2,0.10299999999999976,0.10299999999999976,0,0,0,0,0,0,15.03748743718593,4.8743718592980656e-4,4.1991719451994935,2.316033402822367,NA,TRUE,-0.3781719451994934,-0.316033402822367
LQI_no_vel_lookup_down_post_correction_experiment.csv,LQI_no_vel,down,down,FALSE,113,14.904,400,4,100,10,3.833,14.84,2,-0.06400000000000006,0.06400000000000006,0.01648262017025105,0.007885544888073083,0,-0.005314131413141098,0.0018601860185981252,0,14.903819095477388,1.8090452261176893e-4,4.1629561747524475,2.2984889196032157,NA,TRUE,-0.3299561747524473,-0.29848891960321566
LQI_no_vel_lookup_down_post_correction_experiment.csv,LQI_no_vel,down,down,FALSE,114,14.77,400,4,100,10,3.796,14.84,2,0.07000000000000028,0.07000000000000028,0,0.005752469825293104,0,0,9.960996099592004e-4,0,14.770150753768846,1.5075376884610137e-4,4.127781946406352,2.2804285440915786,NA,TRUE,-0.3317819464063523,-0.2804285440915786
LQI_no_vel_lookup_down_post_correction_experiment.csv,LQI_no_vel,down,down,FALSE,115,14.636,400,4,100,10,3.829,14.56,1.96,-0.07599999999999874,0.07599999999999874,0.005220162929459341,0.002814105882725734,0,0.0031179117911793934,-0.0015601560155994942,0,14.636482412060303,4.8241206030397166e-4,4.121669835726797,2.263123678221726,NA,TRUE,-0.2926698357267967,-0.30312367822172614
LQI_no_vel_lookup_down_post_correction_experiment.csv,LQI_no_vel,down,down,FALSE,116,14.503,400,4,100,10,3.791,14.56,1.96,0.057000000000000384,0.057000000000000384,0.00645834359725477,0.003428932159955232,0,-3.7383738373872365e-4,1.320132013239466e-4,0,14.50281407035176,1.8592964823938019e-4,4.121669835726797,2.250848329310292,NA,TRUE,-0.330669835726797,-0.2908483293102919
LQI_no_vel_lookup_down_post_correction_experiment.csv,LQI_no_vel,down,down,FALSE,117,14.369,400,4,100,10,3.728,14.5,1.94,0.13100000000000023,0.13100000000000023,0.004751140214025962,0.009951397039124647,0,0.013296129612962124,-0.02783078307830601,0,14.369145728643216,1.4572864321671375e-4,4.121669835726797,2.250848329310292,NA,TRUE,-0.3936698357267967,-0.31084832931029194
LQI_no_vel_lookup_down_post_correction_experiment.csv,LQI_no_vel,down,down,FALSE,118,14.235,400,4,100,10,3.742,14.34,1.92,0.10500000000000043,0.10500000000000043,0.0024213695098084707,0.005128647999524746,0,0.0036039603960392997,-0.007476747674767197,0,14.235477386934674,4.7738693467458404e-4,4.121669835726797,2.250848329310292,NA,TRUE,-0.3796698357267969,-0.33084832931029196
LQI_no_vel_lookup_down_post_correction_experiment.csv,LQI_no_vel,down,down,FALSE,119,14.102,400,4,100,10,3.695,14.3,1.92,0.1980000000000004,0.1980000000000004,0,0,0,0,0,0,14.101809045226132,1.909547738687678e-4,4.121669835726797,2.250848329310292,NA,TRUE,-0.42666983572679706,-0.33084832931029196
LQI_no_vel_lookup_down_post_correction_experiment.csv,LQI_no_vel,down,down,FALSE,120,13.968,400,4,100,10,3.699,14.16,1.9,0.19200000000000017,0.19200000000000017,0,0,0,0,0,0,13.968140703517587,1.4070351758732613e-4,4.121669835726797,2.250848329310292,NA,TRUE,-0.42266983572679706,-0.350848329310292
LQI_no_vel_lookup_down_post_correction_experiment.csv,LQI_no_vel,down,down,FALSE,121,13.834,400,4,100,10,3.652,14.12,1.9,0.2859999999999996,0.2859999999999996,2.5643239997632844e-4,0,0,-3.57035703570496e-4,0,0,13.834472361809048,4.7236180904874914e-4,4.121669835726797,2.250848329310292,NA,TRUE,-0.46966983572679677,-0.350848329310292
LQI_no_vel_lookup_down_post_correction_experiment.csv,LQI_no_vel,down,down,FALSE,122,13.701,400,4,100,10,3.682,13.9,1.88,0.19899999999999984,0.19899999999999984,3.775251680685953e-4,0,0,-6.630663066309445e-4,0,0,13.700804020100504,1.9597989949637906e-4,4.110558518296717,2.242135985429654,NA,TRUE,-0.4285585182967169,-0.3621359854296542
LQI_no_vel_lookup_down_post_correction_experiment.csv,LQI_no_vel,down,down,FALSE,123,13.567,400,4,100,10,3.618,13.82,1.88,0.2530000000000001,0.2530000000000001,9.999999999999788e-4,0.0019999999999999575,0,5.700570057003381e-4,-0.0011641164116423439,0,13.56713567839196,1.3567839195971487e-4,4.0751011088367015,2.222239699365454,NA,TRUE,-0.45710110883670163,-0.3422396993654542
LQI_no_vel_lookup_down_post_correction_experiment.csv,LQI_no_vel,down,down,FALSE,124,13.433,400,4,100,10,3.632,13.56,1.84,0.12700000000000067,0.12700000000000067,0.004943110704236998,0.009920899274977834,0,0.012199219921992572,-0.02460246024602882,0,13.433467336683416,4.673366834158088e-4,4.027666950864912,2.1964382703105176,NA,TRUE,-0.395666950864912,-0.35643827031051756
LQI_no_vel_lookup_down_post_correction_experiment.csv,LQI_no_vel,down,down,FALSE,125,13.3,400,4,100,10,3.563,13.44,1.82,0.1399999999999988,0.1399999999999988,0.0014070529413629294,0.002814105882725984,0,0.0010321032103216296,-0.0021122112211214325,0,13.299798994974877,2.0100502512399032e-4,3.967075343688901,2.1640358116422056,NA,TRUE,-0.40407534368890063,-0.34403581164220554
LQI_no_vel_lookup_down_post_correction_experiment.csv,LQI_no_vel,down,down,FALSE,126,13.166,400,4,100,10,3.556,13.16,1.8,-0.006000000000000227,0.006000000000000227,0,0,0,0,0,0,13.166130653266332,1.306532663321036e-4,3.89332628730867,2.125032323360517,NA,TRUE,-0.33732628730866976,-0.325032323360517
LQI_no_vel_lookup_down_post_correction_experiment.csv,LQI_no_vel,down,down,FALSE,127,13.032,400,4,100,10,3.52,12.94,1.78,-0.09200000000000053,0.09200000000000053,0.004446040117595888,0.009296463974235263,0.0028141058827257964,0.011627962796279433,-0.024230423042309348,0.002064206420641785,13.03246231155779,4.623115577899739e-4,3.814714513926062,2.0835908080023327,NA,TRUE,-0.29471451392606207,-0.3035908080023326
LQI_no_vel_lookup_down_post_correction_experiment.csv,LQI_no_vel,down,down,FALSE,128,12.899,400,4,100,10,3.409,12.86,1.78,-0.0389999999999997,0.0389999999999997,0,0.009756634624291926,0,0,-0.0279867986798703,0,12.898793969849248,2.0603015075160158e-4,3.750511603663736,2.049095664354362,NA,TRUE,-0.341511603663736,-0.26909566435436205
LQI_no_vel_lookup_down_post_correction_experiment.csv,LQI_no_vel,down,down,FALSE,129,12.765,400,4,100,10,3.46,12.56,1.74,-0.20500000000000007,0.20500000000000007,0.0038966963474515105,0.008326663997864353,0,-0.0045388538853890804,0.010081008100807972,0,12.765125628140703,1.25628140702716e-4,3.700717556521692,2.0215468924166062,NA,TRUE,-0.2407175565216919,-0.28154689241660624
LQI_no_vel_lookup_down_post_correction_experiment.csv,LQI_no_vel,down,down,FALSE,130,12.631,400,4,100,10,3.428,12.42,1.72,-0.2110000000000003,0.2110000000000003,0.004107285962749282,0.008187203614806472,0,0.010195619561956847,-0.019189918991896433,0,12.63145728643216,4.572864321605863e-4,3.663985034024028,2.0003853292503693,NA,TRUE,-0.23598503402402793,-0.2803853292503693
LQI_no_vel_lookup_down_post_correction_experiment.csv,LQI_no_vel,down,down,FALSE,131,12.498,400,4,100,10,3.348,12.38,1.72,-0.11799999999999855,0.11799999999999855,0.003034548541131837,0.006531972647422249,0,0.005432943294329778,-0.012169216921691497,0,12.497788944723618,2.110552763809892e-4,3.630576805102106,1.9821365518565532,NA,TRUE,-0.28257680510210603,-0.26213655185655327
LQI_no_vel_lookup_down_post_correction_experiment.csv,LQI_no_vel,down,down,FALSE,132,12.364,400,4,100,10,3.3775000000000004,12.129999999999999,1.68,-0.23400000000000176,0.23400000000000176,0.004846523277442136,0.010050378152592798,0,0.0014095409540950809,-0.003624362436241316,0,12.364120603015076,1.2060301507510474e-4,3.600492869755924,1.966800560235158,NA,TRUE,-0.2229928697559238,-0.286800560235158
LQI_no_vel_lookup_down_post_correction_experiment.csv,LQI_no_vel,down,down,FALSE,133,12.23,400,4,100,10,3.309,12.08,1.68,-0.15000000000000036,0.15000000000000036,0.001970771268803059,0.003428932159955232,0,0.002860486048604756,-0.0033963396339631064,0,12.230452261306532,4.5226130653119867e-4,3.5728340588343,1.953669413202565,NA,TRUE,-0.2638340588342998,-0.273669413202565
LQI_no_vel_lookup_down_post_correction_experiment.csv,LQI_no_vel,down,down,FALSE,134,12.097,400,4,100,10,3.332,11.84,1.66,-0.2569999999999997,0.2569999999999997,0.0027265992434428493,0.005128647999524746,0,0.0025922592259227236,-0.0041644164416433736,0,12.096783919597993,2.160804020068241e-4,3.5428213180131474,1.9382269847388456,NA,TRUE,-0.21082131801314752,-0.27822698473884566
LQI_no_vel_lookup_down_post_correction_experiment.csv,LQI_no_vel,down,down,FALSE,135,11.963,400,4,100,10,3.255,11.8,1.66,-0.16299999999999848,0.16299999999999848,0,0,0,0,0,0,11.963115577889448,1.1557788944926983e-4,3.511870446860311,1.921010761212523,NA,TRUE,-0.25687044686031113,-0.261010761212523
LQI_no_vel_lookup_down_post_correction_experiment.csv,LQI_no_vel,down,down,FALSE,136,11.829,400,4,100,10,3.285,11.54,1.64,-0.2890000000000015,0.2890000000000015,0.004877023019768786,0.009951397039125532,0.0028141058827257652,0.002536453645364311,-0.004668466846684835,0.0023522352235219764,11.829447236180906,4.4723618090536377e-4,3.4799814453757905,1.9020207426235969,NA,TRUE,-0.19498144537579032,-0.262020742623597
LQI_no_vel_lookup_down_post_correction_experiment.csv,LQI_no_vel,down,down,FALSE,137,11.696,400,4,100,10,3.192,11.54,1.64,-0.15600000000000058,0.15600000000000058,0,0,0,0,0,0,11.695778894472362,2.2110552763798808e-4,3.451614208487479,1.884549925697257,NA,TRUE,-0.25961420848747885,-0.2445499256972572
LQI_no_vel_lookup_down_post_correction_experiment.csv,LQI_no_vel,down,down,FALSE,138,11.562,400,4,100,10,3.235,11.26,1.6,-0.3019999999999996,0.3019999999999996,0.003733225106656325,0.007550503361372577,0,4.800480047997939e-5,-3.0003000300135655e-4,0,11.56211055276382,1.1055276381988222e-4,3.42072922468061,1.8648081441130568,NA,TRUE,-0.18572922468060993,-0.26480814411305675
LQI_no_vel_lookup_down_post_correction_experiment.csv,LQI_no_vel,down,down,FALSE,139,11.428,400,4,100,10,3.155,11.22,1.6,-0.20800000000000018,0.20800000000000018,4.3519413988938997e-4,0,0,7.65076507650504e-4,0,0,11.428442211055277,4.4221105527597615e-4,3.3873264939551833,1.8427953978709937,NA,TRUE,-0.23232649395518346,-0.24279539787099358
LQI_no_vel_lookup_down_post_correction_experiment.csv,LQI_no_vel,down,down,FALSE,140,11.295,400,4,100,10,3.172,10.98,1.58,-0.3149999999999995,0.3149999999999995,0.004554618036075569,0.009587449708821841,0,0.001314731473147646,-0.003204320432044744,0,11.294773869346734,2.2613065326559934e-4,3.3509105421998986,1.8179990761559672,NA,TRUE,-0.17891054219989844,-0.23799907615596716
LQI_no_vel_lookup_down_post_correction_experiment.csv,LQI_no_vel,down,down,FALSE,141,11.161,400,4,100,10,3.084,10.96,1.56,-0.20099999999999874,0.20099999999999874,4.431293675256049e-4,0,0.006759953379792629,-3.4923492349210134e-4,0,0.0065406540654067685,11.161105527638192,1.0552763819227096e-4,3.3176840635448,1.7952654522396163,NA,TRUE,-0.23368406354479987,-0.23526545223961626
LQI_no_vel_lookup_down_post_correction_experiment.csv,LQI_no_vel,down,down,FALSE,142,11.027,400,4,100,10,3.127,10.68,1.54,-0.34699999999999953,0.34699999999999953,0,0,0,0,0,0,11.02743718592965,4.3718592965014125e-4,3.2876470579898873,1.774594526121941,NA,TRUE,-0.16064705798988754,-0.23459452612194087
LQI_no_vel_lookup_down_post_correction_experiment.csv,LQI_no_vel,down,down,FALSE,143,10.894,400,4,100,10,3.064,10.62,1.54,-0.2740000000000009,0.2740000000000009,0.003927049423131549,0.007722458393307903,0.0034289321599553085,0.008873087308730394,-0.017401740174018288,0.0025562556255623184,10.893768844221109,2.3115577889143424e-4,3.26079952553516,1.755986297802941,NA,TRUE,-0.19679952553515978,-0.21598629780294099
LQI_no_vel_lookup_down_post_correction_experiment.csv,LQI_no_vel,down,down,FALSE,144,10.76,400,4,100,10,3.053,10.46,1.5,-0.29999999999999893,0.29999999999999893,3.379976689895939e-4,0,0,5.850585058497507e-4,0,0,10.760100502512564,1.005025125646597e-4,3.233502173403224,1.7381564909601177,NA,TRUE,-0.18050217340322394,-0.2381564909601177
LQI_no_vel_lookup_down_post_correction_experiment.csv,LQI_no_vel,down,down,FALSE,145,10.626,400,4,100,10,2.989,10.4,1.5,-0.2259999999999991,0.2259999999999991,0.005021167315686676,0.010032271160931625,0,0.014869486948693889,-0.02967896789679047,0,10.626432160804022,4.3216080402253e-4,3.2056459966341593,1.7210836353964187,NA,TRUE,-0.2166459966341594,-0.22108363539641873
LQI_no_vel_lookup_down_post_correction_experiment.csv,LQI_no_vel,down,down,FALSE,146,10.493,400,4,100,10,3.013,10.16,1.48,-0.3330000000000002,0.3330000000000002,4.6056618647178754e-4,0,0,7.380738073806869e-4,0,0,10.492763819095478,2.361809045225982e-4,3.1767148054679435,1.704221371172804,NA,TRUE,-0.1637148054679436,-0.22422137117280405
LQI_no_vel_lookup_down_post_correction_experiment.csv,LQI_no_vel,down,down,FALSE,147,10.359,400,4,100,10,2.937,10.12,1.48,-0.23900000000000077,0.23900000000000077,6.966006928310027e-4,0,0.008459051693633021,7.956795679566376e-4,0,-1.3201320132017272e-4,10.359095477386935,9.547738693527208e-5,3.1457534080288534,1.6863030723501566,NA,TRUE,-0.20875340802885356,-0.20630307235015666
LQI_no_vel_lookup_down_post_correction_experiment.csv,LQI_no_vel,down,down,FALSE,148,10.225,400,4,100,10,2.969,9.86,1.44,-0.3650000000000002,0.3650000000000002,0.004878317312145529,0.009756634624291926,0,0.001716171617161501,-0.00434443444344602,0,10.225427135678393,4.2713567839314237e-4,3.1131862237957897,1.6677001787491117,NA,TRUE,-0.14418622379578983,-0.22770017874911175
LQI_no_vel_lookup_down_post_correction_experiment.csv,LQI_no_vel,down,down,FALSE,149,10.092,400,4,100,10,2.889,9.82,1.44,-0.27200000000000024,0.27200000000000024,0.004988876515698482,0.009951397039124647,0,0.014389438943893561,-0.02862286228622832,0,10.091758793969849,2.4120603015198583e-4,3.0790132527687524,1.648412690369668,NA,TRUE,-0.19001325276875258,-0.20841269036966814
LQI_no_vel_lookup_down_post_correction_experiment.csv,LQI_no_vel,down,down,FALSE,150,9.958,400,4,100,10,2.91,9.58,1.4,-0.3780000000000001,0.3780000000000001,0.0017262091355911063,0.003428932159955232,0.0028141058827257964,0.0010057005700571681,3.600360036021809e-5,-0.0015841584158416992,9.958090452261306,9.045226130588446e-5,3.044421126064581,1.6292967926591235,NA,TRUE,-0.13442112606458068,-0.22929679265912362
LQI_no_vel_lookup_down_post_correction_experiment.csv,LQI_no_vel,down,down,FALSE,151,9.824,400,4,100,10,2.821,9.56,1.4,-0.26399999999999935,0.26399999999999935,0.004561355017531496,0.009211323729437388,0,0.01218661866186584,-0.02484248424842515,0,9.824422110552764,4.2211055276375475e-4,3.010828754785661,1.6099951068470628,NA,TRUE,-0.18982875478566097,-0.2099951068470629
LQI_no_vel_lookup_down_post_correction_experiment.csv,LQI_no_vel,down,down,FALSE,152,9.691,400,4,100,10,2.851,9.3,1.38,-0.391,0.391,3.2659863237105444e-4,0,0,5.544554455445145e-4,0,0,9.69075376884422,2.4623115578137345e-4,2.9781849397849514,1.5904122034406876,NA,TRUE,-0.12718493978495138,-0.21041220344068767
LQI_no_vel_lookup_down_post_correction_experiment.csv,LQI_no_vel,down,down,FALSE,153,9.557,400,4,100,10,2.764,9.28,1.38,-0.277000000000001,0.277000000000001,4.7609522856968233e-4,0,0,6.732673267332144e-4,0,0,9.55708542713568,8.542713568004956e-5,2.946747322424262,1.5709464503576025,NA,TRUE,-0.1827473224242624,-0.1909464503576026
LQI_no_vel_lookup_down_post_correction_experiment.csv,LQI_no_vel,down,down,FALSE,154,9.423,400,4,100,10,2.795,9.02,1.34,-0.40300000000000047,0.40300000000000047,2.726599243442607e-4,0,0,4.0804080408057304e-4,0,0,9.423417085427136,4.170854271361435e-4,2.9122545319079727,1.550300798918712,NA,TRUE,-0.11725453190797275,-0.210300798918712
LQI_no_vel_lookup_down_post_correction_experiment.csv,LQI_no_vel,down,down,FALSE,155,9.29,400,4,100,10,2.712,8.98,1.34,-0.3099999999999987,0.3099999999999987,4.6882617226230727e-4,0,0,7.104710471048822e-4,0,0,9.289748743718594,2.51256281405432e-4,2.8747065682360806,1.5284752491240161,NA,TRUE,-0.16270656823608043,-0.18847524912401603
LQI_no_vel_lookup_down_post_correction_experiment.csv,LQI_no_vel,down,down,FALSE,156,9.156,400,4,100,10,2.726,8.74,1.3,-0.41600000000000037,0.41600000000000037,0.004461960433384839,0.009025217197084066,0,0.010063006300630409,-0.02066606660666088,0,9.156080402010051,8.040201005066194e-5,2.834103431408587,1.5054698009735152,NA,TRUE,-0.10810343140858691,-0.2054698009735152
LQI_no_vel_lookup_down_post_correction_experiment.csv,LQI_no_vel,down,down,FALSE,157,9.022,400,4,100,10,2.651,8.68,1.3,-0.3420000000000005,0.3420000000000005,4.7258156262541866e-4,0,0,6.930693069306787e-4,0,0,9.022412060301509,4.1206030150853223e-4,2.795242209825759,1.483676376774938,NA,TRUE,-0.1442422098257592,-0.18367637677493787
LQI_no_vel_lookup_down_post_correction_experiment.csv,LQI_no_vel,down,down,FALSE,158,8.889,400,4,100,10,2.673,8.44,1.26,-0.44899999999999984,0.44899999999999984,4.0201512610364053e-4,0,0,7.320732073210718e-4,0,0,8.888743718592966,2.5628140703304325e-4,2.7616128829627904,1.4645198018934154,NA,TRUE,-0.08861288296279035,-0.20451980189341534
LQI_no_vel_lookup_down_post_correction_experiment.csv,LQI_no_vel,down,down,FALSE,159,8.755,400,4,100,10,2.59,8.42,1.26,-0.33500000000000085,0.33500000000000085,0,0,0,0,0,0,8.755075376884424,7.537688442305068e-5,2.7332154508196793,1.4480000763289471,NA,TRUE,-0.14321545081967946,-0.1880000763289471
LQI_no_vel_lookup_down_post_correction_experiment.csv,LQI_no_vel,down,down,FALSE,160,8.621,400,4,100,10,2.618,8.18,1.24,-0.4410000000000007,0.4410000000000007,0.003557379582635153,0.007550503361372577,0.008923920866769481,0.0049816981698164895,-0.012229222922291337,0.023654365436543555,8.62140703517588,4.070351758791446e-4,2.706930434030854,1.4322780268081232,NA,TRUE,-0.08893043403085432,-0.19227802680812323
LQI_no_vel_lookup_down_post_correction_experiment.csv,LQI_no_vel,down,down,FALSE,161,8.488,400,4,100,10,2.526,8.18,1.24,-0.30799999999999983,0.30799999999999983,0.004333041948245277,0.008923920866769283,0,0.011572157215721945,-0.02343834383438411,0,8.487738693467337,2.6130653266243087e-4,2.6800627723192445,1.4156633573766966,NA,TRUE,-0.1540627723192447,-0.17566335737669658
LQI_no_vel_lookup_down_post_correction_experiment.csv,LQI_no_vel,down,down,FALSE,162,8.354,400,4,100,10,2.564,7.92,1.2,-0.4339999999999993,0.4339999999999993,0.00292773225579398,0.005453198486885941,0,0.0051479147914791305,-0.008256825682568792,0,8.354070351758795,7.035175879543942e-5,2.652612465684851,1.398156068034668,NA,TRUE,-0.08861246568485104,-0.19815606803466812
LQI_no_vel_lookup_down_post_correction_experiment.csv,LQI_no_vel,down,down,FALSE,163,8.22,400,4,100,10,2.471,7.92,1.2,-0.3000000000000007,0.3000000000000007,0.0014381174563232989,0.002814105882725859,0,0.0018355835583558982,-0.002304230423041783,0,8.220402010050252,4.0201005025153336e-4,2.6245795141276735,1.3797561587820366,NA,TRUE,-0.15357951412767346,-0.17975615878203666
LQI_no_vel_lookup_down_post_correction_experiment.csv,LQI_no_vel,down,down,FALSE,164,8.087,400,4,100,10,2.496,7.68,1.16,-0.40700000000000003,0.40700000000000003,0.0032308331477008193,0.006759953379792478,0,0.005599159915991538,-0.011101110111011524,0,8.086733668341708,2.663316582918185e-4,2.593595948719692,1.3594581646097186,NA,TRUE,-0.0975959487196918,-0.19945816460971866
LQI_no_vel_lookup_down_post_correction_experiment.csv,LQI_no_vel,down,down,FALSE,165,7.953,400,4,100,10,2.42,7.62,1.16,-0.3330000000000002,0.3330000000000002,5.02418393795636e-4,0,0,7.002700270024595e-4,0,0,7.953065326633166,6.53266331660518e-5,2.554605946249424,1.334599888963397,NA,TRUE,-0.13460594624942424,-0.17459988896339707
LQI_no_vel_lookup_down_post_correction_experiment.csv,LQI_no_vel,down,down,FALSE,166,7.819,400,4,100,10,2.428,7.38,1.12,-0.43900000000000006,0.43900000000000006,3.144660377351855e-4,0,0,5.214521452146215e-4,0,0,7.819396984924624,3.969849246239221e-4,2.5076095067168707,1.3051813318430718,NA,TRUE,-0.07960950671687073,-0.18518133184307173
LQI_no_vel_lookup_down_post_correction_experiment.csv,LQI_no_vel,down,down,FALSE,167,7.686,400,4,100,10,2.354,7.28,1.1,-0.4059999999999997,0.4059999999999997,0.004216501973068401,0.008326663997864353,0,0.010706870687069365,-0.020570057005698677,0,7.68572864321608,2.713567839203179e-4,2.448820737602086,1.2696743474206211,NA,TRUE,-0.09482073760208598,-0.16967434742062104
LQI_no_vel_lookup_down_post_correction_experiment.csv,LQI_no_vel,down,down,FALSE,168,7.552,400,4,100,10,2.3434999999999997,7.04,1.06,-0.5119999999999996,0.5119999999999996,5.025189076295507e-4,0,0,0.0011689168916887566,0,0,7.552060301507538,6.0301507538440546e-5,2.384167395378032,1.231895635121452,NA,TRUE,-0.0406673953780321,-0.171895635121452
LQI_no_vel_lookup_down_post_correction_experiment.csv,LQI_no_vel,down,down,FALSE,169,7.418,400,4,100,10,2.265,6.92,1.06,-0.4980000000000002,0.4980000000000002,0.004948788240620738,0.009756634624291492,0,0.014665466546654831,-0.028058805880587692,0,7.418391959798996,3.9195979899542266e-4,2.3136494800447083,1.1918451949455644,NA,TRUE,-0.04864948004470815,-0.13184519494556435
LQI_no_vel_lookup_down_post_correction_experiment.csv,LQI_no_vel,down,down,FALSE,170,7.285,400,4,100,10,2.257,6.68,1.02,-0.6050000000000004,0.6050000000000004,2.842676218075124e-4,0,0,4.4644464446460895e-4,0,0,7.284723618090453,2.76381909547041e-4,2.2500751445053777,1.1556558275791455,NA,TRUE,0.006924855494622406,-0.13565582757914552
LQI_no_vel_lookup_down_post_correction_experiment.csv,LQI_no_vel,down,down,FALSE,171,7.151,400,4,100,10,2.173,6.6,1,-0.5510000000000002,0.5510000000000002,0.002187637441569737,0.003938927711338738,0,0.003285328532853182,-0.0045364536453636585,0,7.15105527638191,5.527638190994111e-5,2.1903578281705265,1.1213382770695746,NA,TRUE,-0.017357828170526446,-0.12133827706957456
LQI_no_vel_lookup_down_post_correction_experiment.csv,LQI_no_vel,down,down,FALSE,172,7.017,400,4,100,10,2.171,6.36,0.96,-0.657,0.657,0.0037145632041977864,0.007369058983549583,0,0.008352835283528705,-0.015841584158416657,0,7.017386934673367,3.869346733669232e-4,2.133435424716848,1.0882337797707715,NA,TRUE,0.037564575283151935,-0.12823377977077155
LQI_no_vel_lookup_down_post_correction_experiment.csv,LQI_no_vel,down,down,FALSE,173,6.884,400,4,100,10,2.071,6.32,0.96,-0.5640000000000001,0.5640000000000001,0.005035590503324371,0.010018165319240893,0,0.014220222022201577,-0.027938793879388364,0,6.883718592964825,2.8140703517554044e-4,2.078479301627633,1.0561765990709715,NA,TRUE,-0.007479301627632662,-0.09617659907097154
LQI_no_vel_lookup_down_post_correction_experiment.csv,LQI_no_vel,down,down,FALSE,174,6.75,400,4,100,10,2.1,6.04,0.92,-0.71,0.71,0.0014430607202832134,0.002814105882725734,0,5.484548454842315e-4,2.4002400239948909e-4,0,6.750050251256281,5.025125628144167e-5,2.031525770213663,1.028456510542938,NA,TRUE,0.06847422978633722,-0.10845651054293792
LQI_no_vel_lookup_down_post_correction_experiment.csv,LQI_no_vel,down,down,FALSE,175,6.616,400,4,100,10,2.001,6.04,0.92,-0.5759999999999996,0.5759999999999996,0.0041899832453078075,0.008326663997864723,0,0.009707770777077735,-0.01872187218722062,0,6.616381909547739,3.8190954773931196e-4,1.9959533402128755,1.006731337332443,NA,TRUE,0.005046659787124375,-0.08673133733244287
LQI_no_vel_lookup_down_post_correction_experiment.csv,LQI_no_vel,down,down,FALSE,176,6.483,400,4,100,10,2.034,5.8,0.88,-0.6829999999999998,0.6829999999999998,4.988876515698039e-4,0,0,0.0012505250525054249,0,0,6.4827135678391965,2.864321608031517e-4,1.9717620116252697,0.9910010794394856,NA,TRUE,0.06223798837473016,-0.11100107943948556
LQI_no_vel_lookup_down_post_correction_experiment.csv,LQI_no_vel,down,down,FALSE,177,6.349,400,4,100,10,1.957,5.76,0.88,-0.5890000000000004,0.5890000000000004,0.0043556418771079205,0.008584693919818755,0,0.011332133213321494,-0.021506150615061934,0,6.349045226130654,4.522613065383041e-5,1.9391053100999431,0.9705167246489038,NA,TRUE,0.017894689900056937,-0.09051672464890381
LQI_no_vel_lookup_down_post_correction_experiment.csv,LQI_no_vel,down,down,FALSE,178,6.215,400,4,100,10,1.961,5.54,0.84,-0.6749999999999998,0.6749999999999998,0.004898195916082109,0.009587449708822266,0,0.01413861386138635,-0.02730273027302816,0,6.215376884422112,3.768844221117007e-4,1.8963863736241255,0.9443246339988532,NA,TRUE,0.06461362637587453,-0.10432463399885328
LQI_no_vel_lookup_down_post_correction_experiment.csv,LQI_no_vel,down,down,FALSE,179,6.082,400,4,100,10,1.872,5.48,0.84,-0.6019999999999994,0.6019999999999994,4.988876515698039e-4,0,0,0.0012013201320130336,0,0,6.081708542713568,2.9145728643165114e-4,1.8436052021978164,0.912424807489334,NA,TRUE,0.02839479780218368,-0.072424807489334
LQI_no_vel_lookup_down_post_correction_experiment.csv,LQI_no_vel,down,down,FALSE,180,5.948,400,4,100,10,1.881,5.22,0.78,-0.7280000000000006,0.7280000000000006,0.004872630219144995,0.009648363026488659,0,0.006907290729073192,-0.01171317131713206,0,5.948040201005026,4.020100502533097e-5,1.7854281419392066,0.8772845548676623,NA,TRUE,0.09557185806079338,-0.0972845548676623
LQI_no_vel_lookup_down_post_correction_experiment.csv,LQI_no_vel,down,down,FALSE,181,5.814,400,4,100,10,1.781,5.18,0.78,-0.6340000000000003,0.6340000000000003,0.0044830883114300515,0.008703882797785093,0,0.01201740174017378,-0.02235823582358332,0,5.814371859296482,3.718592964823131e-4,1.7299337462988773,0.8432980674873959,NA,TRUE,0.05106625370112261,-0.06329806748739586
LQI_no_vel_lookup_down_post_correction_experiment.csv,LQI_no_vel,down,down,FALSE,182,5.681,400,4,100,10,1.795,4.92,0.72,-0.7610000000000001,0.7610000000000001,0.0026932575746920835,0.00575246982529336,0,-0.0024548454845482693,0.006468646864687152,0,5.68070351758794,2.964824120601506e-4,1.6771220152768282,0.8104653453485344,NA,TRUE,0.11787798472317168,-0.09046534534853445
LQI_no_vel_lookup_down_post_correction_experiment.csv,LQI_no_vel,down,down,FALSE,183,5.547,400,4,100,10,1.691,4.9,0.72,-0.6469999999999994,0.6469999999999994,0.0018171739630869909,0.003428932159955385,0,0.0026768676867683166,-0.0034203420342037525,0,5.547035175879397,3.517587939771971e-5,1.6269929488730597,0.7787863884510782,NA,TRUE,0.06400705112694038,-0.0587863884510782
LQI_no_vel_lookup_down_post_correction_experiment.csv,LQI_no_vel,down,down,FALSE,184,5.413,400,4,100,10,1.704,4.66,0.68,-0.7530000000000001,0.7530000000000001,0.004188235085488053,0.008459051693633209,0,0.007339333933393276,-0.01338133813381405,0,5.413366834170855,3.668341708547018e-4,1.5834699706459652,0.7513694579075959,NA,TRUE,0.12053002935403478,-0.07136945790759586
LQI_no_vel_lookup_down_post_correction_experiment.csv,LQI_no_vel,down,down,FALSE,185,5.28,400,4,100,10,1.624,4.62,0.68,-0.6600000000000001,0.6600000000000001,0.00178147028143509,0.002814105882725734,0,0.0025652565256522155,-0.002136213621363001,0,5.2796984924623125,3.0150753768776184e-4,1.547444945962946,0.728829696289392,NA,TRUE,0.0765550540370541,-0.04882969628939193
LQI_no_vel_lookup_down_post_correction_experiment.csv,LQI_no_vel,down,down,FALSE,186,5.146,400,4,100,10,1.643,4.4,0.64,-0.7459999999999996,0.7459999999999996,4.902071300002521e-4,0,0,0.0012223222322231457,0,0,5.146030150753769,3.0150753769220273e-5,1.5189178748240024,0.7111671035964664,NA,TRUE,0.12408212517599759,-0.07116710359646639
LQI_no_vel_lookup_down_post_correction_experiment.csv,LQI_no_vel,down,down,FALSE,187,5.012,400,4,100,10,1.561,4.38,0.64,-0.6319999999999997,0.6319999999999997,4.8241815132447577e-4,0,0,0.0011053105310535661,0,0,5.012361809045227,3.6180904522709056e-4,1.4909630028585317,0.6943780701313857,NA,TRUE,0.07003699714146827,-0.054378070131385736
LQI_no_vel_lookup_down_post_correction_experiment.csv,LQI_no_vel,down,down,FALSE,188,4.879,400,4,100,10,1.564,4.18,0.6,-0.6989999999999998,0.6989999999999998,3.8612291966532656e-4,0,0,7.020702070202711e-4,0,0,4.878693467336683,3.065326633162613e-4,1.456429653067196,0.6741838534436462,NA,TRUE,0.10757034693280398,-0.0741838534436462
LQI_no_vel_lookup_down_post_correction_experiment.csv,LQI_no_vel,down,down,FALSE,189,4.745,400,4,100,10,1.479,4.14,0.6,-0.6050000000000004,0.6050000000000004,0.0011485168301296085,0,0,0.0013123312331234658,0,0,4.745025125628141,2.5125628140720835e-5,1.4153178254499963,0.6505844535332478,NA,TRUE,0.0636821745500038,-0.05058445353324781
LQI_no_vel_lookup_down_post_correction_experiment.csv,LQI_no_vel,down,down,FALSE,190,4.611,400,4,100,10,1.491,3.9,0.54,-0.7109999999999999,0.7109999999999999,0.0011666666666666785,0.0020000000000000018,0.006289320754704408,4.350435043503997e-4,7.320732073206499e-4,2.5202520252015463e-4,4.611356783919598,3.567839195985911e-4,1.3693770346006084,0.6244987217170703,NA,TRUE,0.12162296539939166,-0.08449872171707029
LQI_no_vel_lookup_down_post_correction_experiment.csv,LQI_no_vel,down,down,FALSE,191,4.478,400,4,100,10,1.389,3.88,0.54,-0.5979999999999999,0.5979999999999999,0.0014673552102784477,0.0020000000000000018,0.0034289321599553085,0.0017185718571858034,-0.0011881188118801275,-5.640564056406569e-4,4.477688442211056,3.1155778894387254e-4,1.3219717368776245,0.5975656774114739,NA,TRUE,0.06702826312237553,-0.05756567741147389
LQI_no_vel_lookup_down_post_correction_experiment.csv,LQI_no_vel,down,down,FALSE,192,4.344,400,4,100,10,1.418,3.66,0.5,-0.6840000000000002,0.6840000000000002,0.004491473403387065,0.008923920866769481,0,0.00580738073807376,-0.010069006900689936,0,4.344020100502513,2.0100502513109575e-5,1.3033578389684797,0.5857707241885506,NA,TRUE,0.11464216103152025,-0.08577072418855058
LQI_no_vel_lookup_down_post_correction_experiment.csv,LQI_no_vel,down,down,FALSE,193,4.21,400,4,100,10,1.356,3.66,0.5,-0.5499999999999998,0.5499999999999998,0.0050071060615001165,0.009977753031397186,0,0.01380498049804984,-0.026738673867386147,0,4.21035175879397,3.517587939700917e-4,1.3033578389684797,0.5857707241885506,NA,TRUE,0.05264216103152042,-0.08577072418855058
LQI_no_vel_lookup_down_post_correction_experiment.csv,LQI_no_vel,down,down,FALSE,194,4.077,400,4,100,10,1.313,3.62,0.5,-0.45699999999999985,0.45699999999999985,0.002797979068664886,0.005752469825293232,0,0.005078907890788768,-0.009828982898289684,0,4.076683417085428,3.16582914572372e-4,1.3033578389684797,0.5857707241885506,NA,TRUE,0.009642161031520269,-0.08577072418855058
LQI_no_vel_lookup_down_post_correction_experiment.csv,LQI_no_vel,down,down,FALSE,195,3.943,400,4,100,10,1.341,3.44,0.46,-0.5030000000000001,0.5030000000000001,0.004937999431332339,0.010042334631373575,0,0.0012481248124813593,-0.0018721872187215877,0,3.9430150753768847,1.5075376884610137e-5,1.3033578389684797,0.5857707241885506,NA,TRUE,0.037642161031520294,-0.12577072418855056
LQI_no_vel_lookup_down_post_correction_experiment.csv,LQI_no_vel,down,down,FALSE,196,3.809,400,4,100,10,1.278,3.44,0.46,-0.3690000000000002,0.3690000000000002,0.005002181342356373,0.010032271160931847,0,0.006849084908490753,-0.013525352535253296,0,3.8093467336683418,3.4673366834159225e-4,1.3033578389684797,0.5857707241885506,NA,TRUE,-0.02535783896847965,-0.12577072418855056
LQI_no_vel_lookup_down_post_correction_experiment.csv,LQI_no_vel,down,down,FALSE,197,3.676,400,4,100,10,1.254,3.36,0.46,-0.3160000000000003,0.3160000000000003,4.793724854411559e-4,0,0,6.510651065104871e-4,0,0,3.6756783919597993,3.216080402008714e-4,1.3033578389684797,0.5857707241885506,NA,TRUE,-0.04935783896847967,-0.12577072418855056
LQI_no_vel_lookup_down_post_correction_experiment.csv,LQI_no_vel,down,down,FALSE,198,3.542,400,4,100,10,1.221,3.3,0.44,-0.242,0.242,4.6482319871178374e-4,0,0,7.254725472548779e-4,0,0,3.542010050251257,1.0050251256998877e-5,1.3033578389684797,0.5857707241885506,NA,TRUE,-0.08235783896847959,-0.14577072418855058
LQI_no_vel_lookup_down_post_correction_experiment.csv,LQI_no_vel,down,down,FALSE,199,3.408,400,4,100,10,1.207,3.2,0.42,-0.20799999999999974,0.20799999999999974,0.0025643239997624303,0.0051286479995248605,0,0.0037383738373835454,-0.007308730873087162,0,3.408341708542714,3.41708542713981e-4,1.3033578389684797,0.5857707241885506,NA,TRUE,-0.0963578389684796,-0.1657707241885506
LQI_no_vel_lookup_down_post_correction_experiment.csv,LQI_no_vel,down,down,FALSE,200,3.275,400,4,100,10,1.162,3.16,0.42,-0.11499999999999977,0.11499999999999977,0,0,0,0,0,0,3.274673366834171,3.2663316582892676e-4,1.3033578389684797,0.5857707241885506,NA,TRUE,-0.14135783896847975,-0.1657707241885506
LQI_no_vel_lookup_down_post_correction_experiment.csv,LQI_no_vel,down,down,FALSE,201,3.141,400,4,100,10,1.19,2.98,0.36,-0.16100000000000003,0.16100000000000003,0,0,0,0,0,0,3.1410050251256285,5.025125628499438e-6,1.3033578389684797,0.5857707241885506,NA,TRUE,-0.11335783896847973,-0.2257707241885506
LQI_no_vel_lookup_down_post_correction_experiment.csv,LQI_no_vel,down,down,FALSE,202,3.007,400,4,100,10,1.101,2.72,0.3,-0.2869999999999999,0.2869999999999999,0.004366759194023154,0.009920899274977173,0.009804142600003955,0.010973297329732767,-0.026402640264026476,0.028550855085508572,3.0073366834170856,3.3668341708548155e-4,1.15184652372374,0.521723442007883,NA,TRUE,-0.0508465237237401,-0.22172344200788302
LQI_no_vel_lookup_down_post_correction_experiment.csv,LQI_no_vel,down,down,FALSE,203,2.874,400,4,100,10,1,2.48,0.26,-0.39400000000000013,0.39400000000000013,0.004470091405297788,0.010048367875913837,0.009211323729436774,0.007904590459045919,-0.018781878187818478,0.02520252025202526,2.873668341708543,3.316582914569821e-4,0.9980405396253504,0.4563870565766839,NA,TRUE,0.0019594603746495576,-0.19638705657668387
LQI_no_vel_lookup_down_post_correction_experiment.csv,LQI_no_vel,down,down,FALSE,204,2.74,400,4,100,10,0.902,2.2,0.2,-0.54,0.54,0.003156058787587311,0.006759953379792629,0.008584693919818564,0.006204020402040239,-0.013501350135013539,0.021890189018901895,2.74,0,0.8289671809180673,0.3824036625174389,NA,TRUE,0.07303281908193271,-0.1824036625174389
LQI_no_vel_lookup_up_post_correction_experiment.csv,LQI_no_vel,up,up,FALSE,1,0,2,0.02,2,10,3.9025,15.65,1.88,15.65,15.65,4.729837259356816,22.1607265223864,3.0829855659733467,-668.8999999999999,-3134,-435.99999999999994,4.395,4.395,1.170010257114741,0.49411956424322806,startup_or_zero_reference,FALSE,2.732489742885259,1.3858804357567718
LQI_no_vel_lookup_up_post_correction_experiment.csv,LQI_no_vel,up,up,FALSE,2,4.395,400,4,100,10,1.677,3.14,0.68,-1.2549999999999994,1.2549999999999994,0.012534542172522598,0.010032271160931847,0,0.005406540654065431,-0.010549054905491162,0,4.395,0,1.170010257114741,0.49411956424322806,NA,TRUE,0.506989742885259,0.185880435756772
LQI_no_vel_lookup_up_post_correction_experiment.csv,LQI_no_vel,up,up,FALSE,3,4.528,400,4,100,10,1.847,3.52,0.76,-1.0079999999999996,1.0079999999999996,0.011516957194949662,0,0,5.814581458147307e-4,0,0,4.5275041876046895,4.958123953100468e-4,1.4357574419183106,0.6013053296716775,NA,TRUE,0.4112425580816894,0.15869467032832252
LQI_no_vel_lookup_up_post_correction_experiment.csv,LQI_no_vel,up,up,FALSE,4,4.66,400,4,100,10,2.018,3.9,0.86,-0.7600000000000002,0.7600000000000002,0.01150592293674274,0,0,4.4644464446458245e-4,0,0,4.6600083752093795,8.3752093793521e-6,1.7124724103177305,0.7155431386981355,NA,TRUE,0.30552758968226934,0.14445686130186453
LQI_no_vel_lookup_up_post_correction_experiment.csv,LQI_no_vel,up,up,FALSE,5,4.793,400,4,100,10,2.1725000000000003,4.34,0.96,-0.4530000000000003,0.4530000000000003,0.011557934875481006,0,0,-6.900690069008546e-4,0,0,4.79251256281407,4.8743718592980656e-4,2.0001551623130007,0.8368329913226024,NA,TRUE,0.1723448376869996,0.1231670086773976
LQI_no_vel_lookup_up_post_correction_experiment.csv,LQI_no_vel,up,up,FALSE,6,4.925,400,4,100,10,2.157,4.48,1,-0.4449999999999994,0.4449999999999994,0.01146687808120827,0,0,6.024602460242413e-4,0,0,4.92501675041876,1.6750418760480557e-5,2.0001551623130007,0.8368329913226024,NA,TRUE,0.1568448376869993,0.16316700867739764
LQI_no_vel_lookup_up_post_correction_experiment.csv,LQI_no_vel,up,up,FALSE,7,5.058,400,4,100,10,2.222,4.48,1,-0.5779999999999994,0.5779999999999994,0.011509657780413103,0,0,-4.1704170417011853e-4,0,0,5.05752093802345,4.790619765495663e-4,2.0001551623130007,0.8368329913226024,NA,TRUE,0.22184483768699925,0.16316700867739764
LQI_no_vel_lookup_up_post_correction_experiment.csv,LQI_no_vel,up,up,FALSE,8,5.19,400,4,100,10,2.2395,4.54,1.04,-0.6500000000000004,0.6500000000000004,0.011514852069471615,0.006759953379792478,0,-0.002196819681967987,0.0033483348334832144,0,5.19002512562814,2.5125628139832656e-5,2.0001551623130007,0.8368329913226024,NA,TRUE,0.23934483768699932,0.20316700867739768
LQI_no_vel_lookup_up_post_correction_experiment.csv,LQI_no_vel,up,up,FALSE,9,5.323,400,4,100,10,2.2855,4.7,1.07,-0.6230000000000002,0.6230000000000002,0.012098797836599682,0,0.01005037815259213,7.818781878191015e-4,0,-0.0020642064206420566,5.32252931323283,4.706867671702142e-4,2.048479614777055,0.8724717742865346,NA,TRUE,0.23702038522294488,0.1975282257134655
LQI_no_vel_lookup_up_post_correction_experiment.csv,LQI_no_vel,up,up,FALSE,10,5.455,400,4,100,10,2.3515,4.8,1.1,-0.6550000000000002,0.6550000000000002,0.011642880514145347,0.003938927711338738,0,8.682868286831286e-4,-3.360336033597825e-4,0,5.455033500837521,3.350083752096111e-5,2.099470346500061,0.9058124475615482,NA,TRUE,0.25202965349993933,0.19418755243845187
LQI_no_vel_lookup_up_post_correction_experiment.csv,LQI_no_vel,up,up,FALSE,11,5.588,400,4,100,10,2.364,5.02,1.14,-0.5680000000000005,0.5680000000000005,0.011498348585863061,0,0,7.842784278428756e-4,0,0,5.587537688442211,4.623115577890857e-4,2.148298952664236,0.936629701371878,NA,TRUE,0.2157010473357639,0.20337029862812195
LQI_no_vel_lookup_up_post_correction_experiment.csv,LQI_no_vel,up,up,FALSE,12,5.72,400,4,100,10,2.4130000000000003,5.16,1.16,-0.5599999999999996,0.5599999999999996,0.011603286716541183,0,0.0020000000000000018,8.754875487547934e-4,0,-3.2403240324018514e-4,5.720041876046901,4.187604690120139e-5,2.194965433269582,0.964923535717524,NA,TRUE,0.21803456673041843,0.19507646428247594
LQI_no_vel_lookup_up_post_correction_experiment.csv,LQI_no_vel,up,up,FALSE,13,5.853,400,4,100,10,2.45,5.3100000000000005,1.2,-0.5429999999999993,0.5429999999999993,0.012568197800782558,0.010050378152592352,0,-0.0010069006900691871,0.0021362136213610304,0,5.852546063651591,4.5393634840884545e-4,2.241726446453536,0.9922391158980616,NA,TRUE,0.20827355354646437,0.20776088410193838
LQI_no_vel_lookup_up_post_correction_experiment.csv,LQI_no_vel,up,up,FALSE,14,5.985,400,4,100,10,2.5229999999999997,5.42,1.22,-0.5650000000000004,0.5650000000000004,0.011634409952786298,0.002000000000000046,0,9.420942094212482e-5,9.240924092402345e-4,0,5.985050251256281,5.025125628055349e-5,2.296901938710922,1.0241061545105772,NA,TRUE,0.22609806128907772,0.1958938454894228
LQI_no_vel_lookup_up_post_correction_experiment.csv,LQI_no_vel,up,up,FALSE,15,6.118,400,4,100,10,2.566,5.6,1.26,-0.5180000000000007,0.5180000000000007,0.01148712058759457,0,0,6.228622862284264e-4,0,0,6.117554438860971,4.4556113902949335e-4,2.3604919100417403,1.06052465155507,NA,TRUE,0.20550808995825953,0.1994753484449301
LQI_no_vel_lookup_up_post_correction_experiment.csv,LQI_no_vel,up,up,FALSE,16,6.25,400,4,100,10,2.6395,5.74,1.28,-0.5099999999999998,0.5099999999999998,0.0117604842544424,0,0.008187203614806654,0.0020624062406239107,0,-0.005436543654365452,6.250058626465661,5.862646566079377e-5,2.431329580931119,1.100821952508166,NA,TRUE,0.2081704190688809,0.17917804749183408
LQI_no_vel_lookup_up_post_correction_experiment.csv,LQI_no_vel,up,up,FALSE,17,6.383,400,4,100,10,2.684,5.94,1.32,-0.4429999999999996,0.4429999999999996,0.011721080896134833,0.003428932159955232,0,-2.5982598259830463e-4,0.003036303630362115,0,6.382562814070352,4.371859296483649e-4,2.501302224936036,1.1404404849729304,NA,TRUE,0.18269777506396423,0.17955951502706968
LQI_no_vel_lookup_up_post_correction_experiment.csv,LQI_no_vel,up,up,FALSE,18,6.515,400,4,100,10,2.7245,6.14,1.36,-0.375,0.375,0.012346589927112706,0.008459051693632834,0,-0.002534053405340748,0.0038043804380427804,0,6.515067001675042,6.700167504192223e-5,2.566754378660273,1.1781810125350962,NA,TRUE,0.15774562133972703,0.18181898746490388
LQI_no_vel_lookup_up_post_correction_experiment.csv,LQI_no_vel,up,up,FALSE,19,6.648,400,4,100,10,2.7655000000000003,6.32,1.38,-0.3279999999999994,0.3279999999999994,0.011557934875481006,0,0,-6.900690069006638e-4,0,0,6.647571189279732,4.288107202681246e-4,2.6276860421038304,1.2140435351946637,NA,TRUE,0.1378139578961699,0.1659564648053362
LQI_no_vel_lookup_up_post_correction_experiment.csv,LQI_no_vel,up,up,FALSE,20,6.78,400,4,100,10,2.8225,6.48,1.4,-0.2999999999999998,0.2999999999999998,0.012113849657947501,0.008584693919818755,0.0020000000000000018,2.238223822381609e-4,-0.0010321032103208945,-0.001188118811881259,6.780075376884422,7.53768844221625e-5,2.6860295542232997,1.2488006239021436,NA,TRUE,0.1364704457767001,0.15119937609785628
LQI_no_vel_lookup_up_post_correction_experiment.csv,LQI_no_vel,up,up,FALSE,21,6.913,400,4,100,10,2.857,6.64,1.44,-0.2730000000000006,0.2730000000000006,0.011424870973786713,0,0,3.552355235523766e-4,0,0,6.912579564489112,4.2043551088788433e-4,2.7390433243826107,1.2803297418862336,NA,TRUE,0.11795667561738954,0.15967025811376634
LQI_no_vel_lookup_up_post_correction_experiment.csv,LQI_no_vel,up,up,FALSE,22,7.045,400,4,100,10,2.9475,6.7,1.46,-0.34499999999999975,0.34499999999999975,0.012114170682020812,0.008816880045536364,0,-0.011110711071106722,0.022874287428743038,0,7.045083752093802,8.375209380240278e-5,2.7867273525817624,1.308630889146934,NA,TRUE,0.16077264741823738,0.15136911085306592
LQI_no_vel_lookup_up_post_correction_experiment.csv,LQI_no_vel,up,up,FALSE,23,7.178,400,4,100,10,2.9539999999999997,6.92,1.48,-0.258,0.258,0.012321025800138344,0.008187203614806472,0,-0.009816981698170154,0.01959795979598083,0,7.177587939698492,4.1206030150764406e-4,2.8300598873619043,1.3343655015386844,NA,TRUE,0.12394011263809546,0.1456344984613156
LQI_no_vel_lookup_up_post_correction_experiment.csv,LQI_no_vel,up,up,FALSE,24,7.31,400,4,100,10,2.9850000000000003,7.08,1.5,-0.22999999999999954,0.22999999999999954,0.011412428985695037,0,0,3.0603060305314336e-5,0,0,7.310092127303182,9.212730318264306e-5,2.8746488675006763,1.361812969593387,NA,TRUE,0.11035113249932404,0.13818703040661307
LQI_no_vel_lookup_up_post_correction_experiment.csv,LQI_no_vel,up,up,FALSE,25,7.443,400,4,100,10,3.01,7.26,1.52,-0.18299999999999983,0.18299999999999983,0.011400761980559698,0,0.0020000000000000018,-4.416441644163891e-4,0,7.56075607560541e-4,7.442596314907872,4.036850921274038e-4,2.920494292998079,1.390973293311041,NA,TRUE,0.08950570700192095,0.129026706688959
LQI_no_vel_lookup_up_post_correction_experiment.csv,LQI_no_vel,up,up,FALSE,26,7.575,400,4,100,10,3.0545,7.4,1.56,-0.17499999999999982,0.17499999999999982,0.011557934875480782,0,0,-6.900690069009605e-4,0,0,7.575100502512562,1.0050251256199516e-4,2.967596163854111,1.4218464726916469,NA,TRUE,0.08690383614588892,0.13815352730835317
LQI_no_vel_lookup_up_post_correction_experiment.csv,LQI_no_vel,up,up,FALSE,27,7.708,400,4,100,10,3.1375,7.48,1.57,-0.22799999999999976,0.22799999999999976,0.012088808581878201,0,0.01005037815259213,-0.0030057005700567406,0,0.009312931293128893,7.707604690117252,3.953098827480517e-4,3.0172267352534563,1.454096266205756,NA,TRUE,0.12027326474654387,0.11590373379424412
LQI_no_vel_lookup_up_post_correction_experiment.csv,LQI_no_vel,up,up,FALSE,28,7.84,400,4,100,10,3.1435,7.72,1.6,-0.1200000000000001,0.1200000000000001,0.011915845489824668,0.0047736651315187385,0.003938927711338651,-0.0034185418541853737,0.006624662466245337,-0.0021602160216024026,7.840108877721943,1.0887772194312362e-4,3.0700564421540086,1.4878435809235817,NA,TRUE,0.07344355784599133,0.11215641907641838
LQI_no_vel_lookup_up_post_correction_experiment.csv,LQI_no_vel,up,up,FALSE,29,7.973,400,4,100,10,3.1799999999999997,7.9,1.64,-0.07299999999999951,0.07299999999999951,0.012387982935575888,0.006974701760395701,0.008187203614806564,0.002254425442543498,0.0056165616561641195,-0.017437743774377217,7.972613065326633,3.869346733669232e-4,3.1260852845557676,1.523088416845124,NA,TRUE,0.0539147154442321,0.11691158315487593
LQI_no_vel_lookup_up_post_correction_experiment.csv,LQI_no_vel,up,up,FALSE,30,8.105,400,4,100,10,3.2145,8.1,1.64,-0.005000000000000782,0.005000000000000782,0.011557934875481006,0,0,-6.90069006901312e-4,0,0,8.105117252931322,1.1725293132158754e-4,3.1855017934324557,1.559841992639318,NA,TRUE,0.028998206567544482,0.0801580073606818
LQI_no_vel_lookup_up_post_correction_experiment.csv,LQI_no_vel,up,up,FALSE,31,8.238,400,4,100,10,3.2685,8.24,1.68,0.002000000000000668,0.002000000000000668,0.011557934875480782,0.008459051693632834,0,-6.900690069008112e-4,0.021158115811582435,0,8.237621440536014,3.7855946398579476e-4,3.242133317169329,1.593719192372734,NA,TRUE,0.026366682830671007,0.08628080762726587
LQI_no_vel_lookup_up_post_correction_experiment.csv,LQI_no_vel,up,up,FALSE,32,8.37,400,4,100,10,3.346,8.3,1.68,-0.06999999999999851,0.06999999999999851,0.011696546153424674,0.002814105882725734,0,-0.0018979897989799537,0.0018961896189630403,0,8.370125628140704,1.2562814070449235e-4,3.2884232102617226,1.6205662408071897,NA,TRUE,0.05757678973827751,0.05943375919281024
LQI_no_vel_lookup_up_post_correction_experiment.csv,LQI_no_vel,up,up,FALSE,33,8.503,400,4,100,10,3.3175,8.58,1.72,0.07699999999999996,0.07699999999999996,0.011557934875481006,0,0,-6.90069006900842e-4,0,0,8.502629815745394,3.7018425460644266e-4,3.324371472709637,1.6403831379426852,NA,TRUE,-0.006871472709637061,0.07961686205731477
LQI_no_vel_lookup_up_post_correction_experiment.csv,LQI_no_vel,up,up,FALSE,34,8.635,400,4,100,10,3.3935,8.6,1.72,-0.03500000000000014,0.03500000000000014,0.011557934875480782,0.008326663997864353,0,-6.900690069008157e-4,0.019897989798980248,0,8.635134003350084,1.3400335008384445e-4,3.357700842722216,1.658605511892061,NA,TRUE,0.035799157277784044,0.061394488107938905
LQI_no_vel_lookup_up_post_correction_experiment.csv,LQI_no_vel,up,up,FALSE,35,8.768,400,4,100,10,3.4314999999999998,8.82,1.72,0.0519999999999996,0.0519999999999996,0.011557934875481006,0,0,-6.900690069005271e-4,0,0,8.767638190954774,3.6180904522709056e-4,3.389667315180173,1.6761962926801728,NA,TRUE,0.04183268481982694,0.04380370731982719
LQI_no_vel_lookup_up_post_correction_experiment.csv,LQI_no_vel,up,up,FALSE,36,8.9,400,4,100,10,3.45,8.94,1.78,0.03999999999999915,0.03999999999999915,0.011689842780911364,0.009211323729436569,0.0034289321599553085,-9.210921092104161e-4,0.025130513051303205,7.320732073205638e-4,8.900142378559464,1.4237855946319655e-4,3.419675971316462,1.692995062155121,NA,TRUE,0.030324028683538007,0.08700493784487895
LQI_no_vel_lookup_up_post_correction_experiment.csv,LQI_no_vel,up,up,FALSE,37,9.033,400,4,100,10,3.4795,9,1.78,-0.032999999999999474,0.032999999999999474,0.011557934875481006,0.004380858271151713,0,-6.900690069007401e-4,0.00531653165316431,0,9.032646566164154,3.534338358459621e-4,3.4469803223237747,1.708800531735143,NA,TRUE,0.0325196776762251,0.07119946826485712
LQI_no_vel_lookup_up_post_correction_experiment.csv,LQI_no_vel,up,up,FALSE,38,9.165,400,4,100,10,3.473,9.24,1.8,0.07500000000000107,0.07500000000000107,0.011549887401611341,0,0.0034289321599553085,-3.7503750375061386e-4,0,-9.720972097207111e-4,9.165150753768843,1.50753768844325e-4,3.479776975835481,1.728118254288052,NA,TRUE,-0.006776975835481203,0.07188174571194805
LQI_no_vel_lookup_up_post_correction_experiment.csv,LQI_no_vel,up,up,FALSE,39,9.298,400,4,100,10,3.5595,9.34,1.82,0.041999999999999815,0.041999999999999815,0.011557934875481006,0.007550503361372577,0,-6.900690069009537e-4,0.015373537353735945,0,9.297654941373532,3.4505862646838636e-4,3.5256225773562457,1.7551020050520325,NA,TRUE,0.03387742264375415,0.06489799494796755
LQI_no_vel_lookup_up_post_correction_experiment.csv,LQI_no_vel,up,up,FALSE,40,9.43,400,4,100,10,3.5445,9.58,1.84,0.15000000000000036,0.15000000000000036,0.011557934875481006,0,0,-6.900690069011115e-4,0,0,9.430159128978223,1.591289782236771e-4,3.577180337928099,1.7857812931369326,NA,TRUE,-0.03268033792809888,0.05421870686306751
LQI_no_vel_lookup_up_post_correction_experiment.csv,LQI_no_vel,up,up,FALSE,41,9.563,400,4,100,10,3.5815,9.72,1.88,0.15700000000000003,0.15700000000000003,0.011859207734111362,0,0.008459051693632928,-5.988598859887799e-4,0,-0.0030363036303626624,9.562663316582912,3.3668341708903426e-4,3.6196061313028407,1.8119207980447736,NA,TRUE,-0.038106131302840573,0.06807920195522632
LQI_no_vel_lookup_up_post_correction_experiment.csv,LQI_no_vel,up,up,FALSE,42,9.695,400,4,100,10,3.6085000000000003,9.86,1.88,0.16499999999999915,0.16499999999999915,0.011495277906228105,0,0.007550503361372744,0.0021110111011105833,0,-0.008772877287728614,9.695167504187603,1.675041876030292e-4,3.6506226896974185,1.8322501340610025,NA,TRUE,-0.04212268969741828,0.04774986593899744
LQI_no_vel_lookup_up_post_correction_experiment.csv,LQI_no_vel,up,up,FALSE,43,9.828,400,4,100,10,3.6355,9.98,1.9,0.15200000000000102,0.15200000000000102,0.011557934875480782,0,0,-6.900690069009283e-4,0,0,9.827671691792297,3.2830820770257674e-4,3.671479667294045,1.846720112714672,NA,TRUE,-0.035979667294045115,0.053279887285327954
LQI_no_vel_lookup_up_post_correction_experiment.csv,LQI_no_vel,up,up,FALSE,44,9.96,400,4,100,10,3.7215,10.02,1.9,0.05999999999999872,0.05999999999999872,0.011557934875481006,0,0,-6.900690069008532e-4,0,0,9.960175879396983,1.758793969823813e-4,3.683463929731592,1.8553590266565148,NA,TRUE,0.03803607026840794,0.04464097334348516
LQI_no_vel_lookup_up_post_correction_experiment.csv,LQI_no_vel,up,up,FALSE,45,10.093,400,4,100,10,3.7184999999999997,10.12,1.92,0.026999999999999247,0.026999999999999247,0.011557934875481006,0,0,-6.900690069004309e-4,0,0,10.092680067001677,3.1993299832322464e-4,3.686575477010059,1.8581668758865304,NA,TRUE,0.03192452298994075,0.06183312411346953
LQI_no_vel_lookup_up_post_correction_experiment.csv,LQI_no_vel,up,up,FALSE,46,10.225,400,4,100,10,3.6765,10.3,1.94,0.07500000000000107,0.07500000000000107,0.011557934875481006,0,0,-6.900690069006409e-4,0,0,10.225184254606363,1.8425460636350977e-4,3.686575477010059,1.8581668758865304,NA,TRUE,-0.010075477010059064,0.08183312411346955
LQI_no_vel_lookup_up_post_correction_experiment.csv,LQI_no_vel,up,up,FALSE,47,10.358,400,4,100,10,3.7135,10.3,1.94,-0.05799999999999983,0.05799999999999983,0.011557934875481006,0,0,-6.900690069005359e-4,0,0,10.357688442211057,3.1155778894387254e-4,3.688822455281149,1.858982708766629,NA,TRUE,0.024677544718850974,0.08101729123337087
LQI_no_vel_lookup_up_post_correction_experiment.csv,LQI_no_vel,up,up,FALSE,48,10.49,400,4,100,10,3.7305,10.46,1.96,-0.02999999999999936,0.02999999999999936,0.011557934875481006,0.009886221408474874,0,-6.900690069006956e-4,0.028742874287428333,0,10.490192629815745,1.9262981574463822e-4,3.709111359900477,1.8687571405014547,NA,TRUE,0.021388640099523126,0.09124285949854527
LQI_no_vel_lookup_up_post_correction_experiment.csv,LQI_no_vel,up,up,FALSE,49,10.623,400,4,100,10,3.7634999999999996,10.64,1.98,0.017000000000001236,0.017000000000001236,0.011557934875481006,0,0,-6.900690069006428e-4,0,0,10.622696817420437,3.031825795627441e-4,3.7430875543249424,1.8852685728553975,NA,TRUE,0.020412445675057178,0.09473142714460248
LQI_no_vel_lookup_up_post_correction_experiment.csv,LQI_no_vel,up,up,FALSE,50,10.755,400,4,100,10,3.773,10.84,2,0.08499999999999908,0.08499999999999908,0.011696373434323665,0,0.0065319726474218145,0.003422142214221539,0,-0.012673267326732879,10.755201005025125,2.0100502512399032e-4,3.7877876280236737,1.9080244527214356,NA,TRUE,-0.014787628023673616,0.09197554727856438
LQI_no_vel_lookup_up_post_correction_experiment.csv,LQI_no_vel,up,up,FALSE,51,10.888,400,4,100,10,3.8785,10.84,1.98,-0.04800000000000004,0.04800000000000004,0.011557934875481006,0,0,-6.900690069008583e-4,0,0,10.887705192629817,2.94807370183392e-4,3.8401448333020567,1.9364294063840088,NA,TRUE,0.038355166697943144,0.04357059361599114
LQI_no_vel_lookup_up_post_correction_experiment.csv,LQI_no_vel,up,up,FALSE,52,11.02,400,4,100,10,3.9364999999999997,11.08,2.02,0.0600000000000005,0.0600000000000005,0.011557934875481006,0,0,-6.900690069000157e-4,0,0,11.020209380234505,2.0938023450511878e-4,3.900159170160093,1.970483433843116,NA,TRUE,0.03634082983990661,0.049516566156883934
LQI_no_vel_lookup_up_post_correction_experiment.csv,LQI_no_vel,up,up,FALSE,53,11.153,400,4,100,10,3.9444999999999997,11.28,2.04,0.1269999999999989,0.1269999999999989,0.011557934875481006,0,0,-6.90069006901177e-4,0,0,11.152713567839196,2.864321608040399e-4,3.962395692814347,2.0069183187636814,NA,TRUE,-0.01789569281434744,0.033081681236318605
LQI_no_vel_lookup_up_post_correction_experiment.csv,LQI_no_vel,up,up,FALSE,54,11.285,400,4,100,10,3.9605,11.48,2.06,0.19500000000000028,0.19500000000000028,0.011694615872444915,0.009296463974234436,0,-0.0013333333333332615,-0.0013801380138000231,0,11.285217755443886,2.1775544388624724e-4,4.011929524403117,2.0370653134172927,NA,TRUE,-0.051429524403116655,0.022934686582707364
LQI_no_vel_lookup_up_post_correction_experiment.csv,LQI_no_vel,up,up,FALSE,55,11.418,400,4,100,10,4.0055000000000005,11.62,2.06,0.20199999999999996,0.20199999999999996,0.011557934875481006,0,0,-6.900690069004933e-4,0,0,11.417721943048576,2.780569514229114e-4,4.0487606649264,2.0609244178039483,NA,TRUE,-0.04326066492639935,-9.24417803948252e-4
LQI_no_vel_lookup_up_post_correction_experiment.csv,LQI_no_vel,up,up,FALSE,56,11.55,400,4,100,10,4.043,11.72,2.08,0.16999999999999993,0.16999999999999993,0.011528602988597042,0,0,-0.0021758175817581903,0,0,11.550226130653266,2.2613065326559934e-4,4.0729115517435535,2.078507846514728,NA,TRUE,-0.02991155174355331,0.0014921534852718743
LQI_no_vel_lookup_up_post_correction_experiment.csv,LQI_no_vel,up,up,FALSE,57,11.683,400,4,100,10,4.0455000000000005,11.9,2.1,0.21700000000000053,0.21700000000000053,0.011557934875481228,0,0,-6.900690069009458e-4,0,0,11.682730318257956,2.696817420435593e-4,4.099123912517799,2.0972861427748,NA,TRUE,-0.05362391251779819,0.0027138572252001225
LQI_no_vel_lookup_up_post_correction_experiment.csv,LQI_no_vel,up,up,FALSE,58,11.815,400,4,100,10,4.0415,12.1,2.14,0.28500000000000014,0.28500000000000014,0.01194516088995308,0.006531972647421669,0,-0.007464746474648315,0.012649264926490504,0,11.815234505862646,2.345058626467278e-4,4.129924118112189,2.1180276762307577,NA,TRUE,-0.0884241181121892,0.021972323769242408
LQI_no_vel_lookup_up_post_correction_experiment.csv,LQI_no_vel,up,up,FALSE,59,11.948,400,4,100,10,4.0515,12.28,2.14,0.33199999999999896,0.33199999999999896,0.011959844429919495,0.008040302522074239,0,-0.001193519351934811,1.2001200119993429e-4,0,11.947738693467336,2.613065326642072e-4,4.165312168526726,2.140732446882601,NA,TRUE,-0.11381216852672615,-7.32446882600879e-4
LQI_no_vel_lookup_up_post_correction_experiment.csv,LQI_no_vel,up,up,FALSE,60,12.08,400,4,100,10,4.127000000000001,12.36,2.16,0.27999999999999936,0.27999999999999936,0.012326447709348964,0.010042334631373351,0,-0.013959195919591723,0.02945094509451045,0,12.080242881072028,2.4288107202785625e-4,4.206402130503458,2.1660911215285186,NA,TRUE,-0.0794021305034569,-0.006091121528518428
LQI_no_vel_lookup_up_post_correction_experiment.csv,LQI_no_vel,up,up,FALSE,61,12.213,400,4,100,10,4.114,12.58,2.2,0.3670000000000009,0.3670000000000009,0.01157082276218664,0,0,-0.0010807080708074178,0,0,12.212747068676716,2.5293132328307877e-4,4.24603451810733,2.189752112797054,NA,TRUE,-0.13203451810733036,0.010247887202946337
LQI_no_vel_lookup_up_post_correction_experiment.csv,LQI_no_vel,up,up,FALSE,62,12.345,400,4,100,10,4.1405,12.74,2.2,0.3949999999999996,0.3949999999999996,0.01201431805737792,0.008187203614806472,0,-0.009200120012001859,0.01633363336333399,0,12.345251256281408,2.5125628140720835e-4,4.284209331338344,2.2117154206882073,NA,TRUE,-0.14370933133834374,-0.011715420688207079
LQI_no_vel_lookup_up_post_correction_experiment.csv,LQI_no_vel,up,up,FALSE,63,12.478,400,4,100,10,4.2255,12.78,2.2,0.3019999999999996,0.3019999999999996,0.012129769706441702,0.005453198486886183,0,-0.0038643864386446805,0.007368736873687236,0,12.477755443886098,2.445561139019503e-4,4.3209041328371445,2.2319688306109,NA,TRUE,-0.09540413283714422,-0.03196883061089961
LQI_no_vel_lookup_up_post_correction_experiment.csv,LQI_no_vel,up,up,FALSE,64,12.61,400,4,100,10,4.193,13.04,2.24,0.4299999999999997,0.4299999999999997,0.011697776703202042,0.002814105882725984,0,-0.0018121812181224964,0.002352235223521448,0,12.610259631490788,2.596314907883368e-4,4.352866986221109,2.249341441323683,NA,TRUE,-0.1598669862211093,-0.009341441323682975
LQI_no_vel_lookup_up_post_correction_experiment.csv,LQI_no_vel,up,up,FALSE,65,12.743,400,4,100,10,4.2095,13.2,2.26,0.45699999999999896,0.45699999999999896,0.012385980996777174,0.009847319278346409,0,-0.01426582658265895,0.027578757875788097,0,12.742763819095478,2.361809045225982e-4,4.3818008448946975,2.2648714982086458,NA,TRUE,-0.1723008448946972,-0.0048714982086459635
LQI_no_vel_lookup_up_post_correction_experiment.csv,LQI_no_vel,up,up,FALSE,66,12.875,400,4,100,10,4.2865,13.22,2.26,0.34500000000000064,0.34500000000000064,0.011557934875480782,0,0,-6.900690069011082e-4,0,0,12.875268006700168,2.680067001676889e-4,4.407705708857911,2.278559001265787,NA,TRUE,-0.12120570885791082,-0.018559001265787245
LQI_no_vel_lookup_up_post_correction_experiment.csv,LQI_no_vel,up,up,FALSE,67,13.008,400,4,100,10,4.2935,13.38,2.24,0.37200000000000166,0.37200000000000166,0.011557934875480782,0,0,-6.900690069008991e-4,0,0,13.007772194304858,2.2780569514146976e-4,4.420185882708612,2.2851124601819897,NA,TRUE,-0.12668588270861214,-0.045112460181989444
LQI_no_vel_lookup_up_post_correction_experiment.csv,LQI_no_vel,up,up,FALSE,68,13.14,400,4,100,10,4.276,13.54,2.28,0.3999999999999986,0.3999999999999986,0.011578851323848999,0,0,-0.0021848184818480053,0,0,13.140276381909548,2.76381909547041e-4,4.429547613130103,2.2908665335577245,NA,TRUE,-0.1535476131301028,-0.010866533557724711
LQI_no_vel_lookup_up_post_correction_experiment.csv,LQI_no_vel,up,up,FALSE,69,13.273,400,4,100,10,4.3255,13.58,2.28,0.3070000000000004,0.3070000000000004,0.011557934875480782,0,0,-6.900690069013214e-4,0,0,13.272780569514238,2.1943048576211766e-4,4.435790900122385,2.295821221392991,NA,TRUE,-0.11029090012238552,-0.015821221392991358
LQI_no_vel_lookup_up_post_correction_experiment.csv,LQI_no_vel,up,up,FALSE,70,13.405,400,4,100,10,4.2989999999999995,13.78,2.3,0.375,0.375,0.011587175076895271,0,0,-0.001948994899489781,0,0,13.405284757118928,2.8475711892816946e-4,4.446776848841833,2.303822501988027,NA,TRUE,-0.14777684884183362,-0.0038225019880271383
LQI_no_vel_lookup_up_post_correction_experiment.csv,LQI_no_vel,up,up,FALSE,71,13.538,400,4,100,10,4.3765,13.78,2.3,0.2419999999999991,0.2419999999999991,0.011557934875480782,0,0,-6.900690069011114e-4,0,0,13.537788944723616,2.110552763845419e-4,4.460640557471596,2.312852288232885,NA,TRUE,-0.08414055747159566,-0.0128522882328852
LQI_no_vel_lookup_up_post_correction_experiment.csv,LQI_no_vel,up,up,FALSE,72,13.67,400,4,100,10,4.3755,13.96,2.3,0.2900000000000009,0.2900000000000009,0.012329135239649859,0.009120960431441989,0,-0.004155415541554055,0.006276627662769091,0,13.67029313232831,2.931323283092979e-4,4.47567907260721,2.3218723347454784,NA,TRUE,-0.1001790726072107,-0.02187233474547856
LQI_no_vel_lookup_up_post_correction_experiment.csv,LQI_no_vel,up,up,FALSE,73,13.803,400,4,100,10,4.382,14.08,2.34,0.27699999999999925,0.27699999999999925,0.011588639508439389,0.0019999999999999575,0,-0.002150615061506245,0.0011881188118818499,0,13.802797319933,2.026800670016371e-4,4.493046916306865,2.3317663493863385,NA,TRUE,-0.11104691630686503,0.008233650613661325
LQI_no_vel_lookup_up_post_correction_experiment.csv,LQI_no_vel,up,up,FALSE,74,13.935,400,4,100,10,4.384,14.28,2.36,0.34499999999999886,0.34499999999999886,0.011580478174387761,0,0,-0.0010273027302731598,0,0,13.93530150753769,3.0150753768865e-4,4.528404828095175,2.3514010524756883,NA,TRUE,-0.1444048280951744,0.008598947524311562
LQI_no_vel_lookup_up_post_correction_experiment.csv,LQI_no_vel,up,up,FALSE,75,14.068,400,4,100,10,4.421,14.46,2.38,0.39200000000000124,0.39200000000000124,0.011728731018875725,0,0.00438085827115181,-0.0010219021902199683,0,0.001068106810681238,14.067805695142381,1.9430485761873229e-4,4.582445277864697,2.3811441345861337,NA,TRUE,-0.1614452778646971,-0.001144134586133827
LQI_no_vel_lookup_up_post_correction_experiment.csv,LQI_no_vel,up,up,FALSE,76,14.2,400,4,100,10,4.4735,14.64,2.4,0.4400000000000013,0.4400000000000013,0.012343550231729651,0.009120960431441989,0,-0.012915691569157416,0.024710471047106844,0,14.200309882747067,3.098827470680021e-4,4.651753624912095,2.419162541008402,NA,TRUE,-0.17825362491209518,-0.0191625410084022
LQI_no_vel_lookup_up_post_correction_experiment.csv,LQI_no_vel,up,up,FALSE,77,14.333,400,4,100,10,4.5465,14.78,2.4,0.4469999999999992,0.4469999999999992,0.011557934875480782,0,0,-6.900690069009053e-4,0,0,14.33281407035176,1.8592964823938019e-4,4.721419401962682,2.45782603982643,NA,TRUE,-0.17491940196268185,-0.05782603982643009
LQI_no_vel_lookup_up_post_correction_experiment.csv,LQI_no_vel,up,up,FALSE,78,14.465,400,4,100,10,4.5809999999999995,14.98,2.42,0.5150000000000006,0.5150000000000006,0.011584454927168242,0,0,-0.0015745574557459608,0,0,14.465318257956447,3.182579564473542e-4,4.78412639466841,2.493555235896309,NA,TRUE,-0.2031263946684101,-0.07355523589630897
LQI_no_vel_lookup_up_post_correction_experiment.csv,LQI_no_vel,up,up,FALSE,79,14.598,400,4,100,10,4.616,15.16,2.44,0.5619999999999994,0.5619999999999994,0.011588900994599227,0,0,-0.0021866186618665776,0,0,14.59782244556114,1.7755443886002809e-4,4.839874603029279,2.526350129218039,NA,TRUE,-0.2238746030292793,-0.08635012921803886
LQI_no_vel_lookup_up_post_correction_experiment.csv,LQI_no_vel,up,up,FALSE,80,14.73,400,4,100,10,4.639,15.36,2.44,0.629999999999999,0.629999999999999,0.011586407919836391,0,0,-0.00184338433843417,0,0,14.730326633165827,3.266331658267063e-4,4.887512892976977,2.555344918057606,NA,TRUE,-0.24851289297697665,-0.11534491805760627
LQI_no_vel_lookup_up_post_correction_experiment.csv,LQI_no_vel,up,up,FALSE,81,14.863,400,4,100,10,4.617,15.6,2.48,0.7370000000000001,0.7370000000000001,0.011588482613911329,0,0,-0.0021290129012898375,0,0,14.86283082077052,1.6917922947889963e-4,4.924809418159499,2.5793684483501074,NA,TRUE,-0.3078094181594988,-0.09936844835010739
LQI_no_vel_lookup_up_post_correction_experiment.csv,LQI_no_vel,up,up,FALSE,82,14.995,400,4,100,10,4.6505,15.72,2.5,0.7250000000000014,0.7250000000000014,0.012510197860347608,0.010042334631374243,0,-0.015505550555055111,0.02959495949594939,0,14.99533500837521,3.350083752113875e-4,4.951764178576846,2.598420720095543,NA,TRUE,-0.3012641785768455,-0.09842072009554315
LQI_no_vel_lookup_up_post_correction_experiment.csv,LQI_no_vel,up,up,FALSE,83,15.128,400,4,100,10,4.6899999999999995,15.8,2.5,0.6720000000000006,0.6720000000000006,0.01158640791983629,0,0,-0.0018433843384340752,0,0,15.1278391959799,1.6080402009954753e-4,4.9699366250636485,2.6129057985143636,NA,TRUE,-0.279936625063649,-0.11290579851436355
LQI_no_vel_lookup_up_post_correction_experiment.csv,LQI_no_vel,up,up,FALSE,84,15.26,400,4,100,10,4.649,16.04,2.52,0.7799999999999994,0.7799999999999994,0.012089247246619386,0,0.009951397039124869,0.0036171617161709995,0,-0.012805280528052855,15.26034338358459,3.433835845907396e-4,4.982472380337856,2.6236010198904607,NA,TRUE,-0.33347238033785587,-0.10360101989046067
LQI_no_vel_lookup_up_post_correction_experiment.csv,LQI_no_vel,up,up,FALSE,85,15.393,400,4,100,10,4.72,16.04,2.5,0.6469999999999985,0.6469999999999985,0.011588482613911613,0,0,-0.0021290129012900773,0,0,15.39284757118928,1.5242881072019543e-4,4.989371444399466,2.630506384223836,NA,TRUE,-0.26937144439946614,-0.13050638422383587
LQI_no_vel_lookup_up_post_correction_experiment.csv,LQI_no_vel,up,up,FALSE,86,15.525,400,4,100,10,4.6884999999999994,16.22,2.52,0.6949999999999985,0.6949999999999985,0.011660565504245138,0,0.007369058983549419,0.0011515151515149678,0,-0.006696669666966493,15.52535175879397,3.517587939700917e-4,4.9923356459747446,2.6345711499168645,NA,TRUE,-0.3038356459747451,-0.11457114991686446
LQI_no_vel_lookup_up_post_correction_experiment.csv,LQI_no_vel,up,up,FALSE,87,15.658,400,4,100,10,4.7585,16.22,2.52,0.5619999999999994,0.5619999999999994,0.012063882987134344,0,0.008584693919818564,-0.008805880588058942,0,0.019585958595859612,15.65785594639866,1.4405360133906697e-4,5.0017973537383105,2.6415983430825816,NA,TRUE,-0.24329735373831074,-0.12159834308258155
LQI_no_vel_lookup_up_post_correction_experiment.csv,LQI_no_vel,up,up,FALSE,88,15.79,400,4,100,10,4.775,16.36,2.52,0.5700000000000003,0.5700000000000003,0.011597957848803513,0,0,-0.0020516051605166397,0,0,15.79036013400335,3.6013400335122014e-4,5.017637717623563,2.6509598200694713,NA,TRUE,-0.24263771762356257,-0.13095982006947127
LQI_no_vel_lookup_up_post_correction_experiment.csv,LQI_no_vel,up,up,FALSE,89,15.923,400,4,100,10,4.7385,16.58,2.56,0.6569999999999983,0.6569999999999983,0.012068905702195262,0.010048367875915398,0,-5.982598259833067e-4,-0.003948394839481161,0,15.92286432160804,1.3567839195971487e-4,5.039856737630502,2.662655580877534,NA,TRUE,-0.30135673763050175,-0.10265558087753401
LQI_no_vel_lookup_up_post_correction_experiment.csv,LQI_no_vel,up,up,FALSE,90,16.055,400,4,100,10,4.7675,16.7,2.58,0.6449999999999996,0.6449999999999996,0.0120410870679426,0.007550503361372577,0,-0.004587458745874549,0.007188718871889381,0,16.05536850921273,3.6850921273057224e-4,5.06883619090956,2.677383857518122,NA,TRUE,-0.3013361909095602,-0.09738385751812206
LQI_no_vel_lookup_up_post_correction_experiment.csv,LQI_no_vel,up,up,FALSE,91,16.188,400,4,100,10,4.828,16.78,2.58,0.5920000000000023,0.5920000000000023,0.01159621585786592,0,0,-0.001811581158115652,0,0,16.187872696817422,1.2730318257681006e-4,5.097631030381569,2.6927709758954537,NA,TRUE,-0.26963103038156877,-0.1127709758954536
LQI_no_vel_lookup_up_post_correction_experiment.csv,LQI_no_vel,up,up,FALSE,92,16.32,400,4,100,10,4.802,17.02,2.6,0.6999999999999993,0.6999999999999993,0.011597957848803513,0,0,-0.0020516051605163226,0,0,16.32037688442211,3.7688442210992434e-4,5.126241256046529,2.708816936009529,NA,TRUE,-0.32424125604652954,-0.10881693600952902
LQI_no_vel_lookup_up_post_correction_experiment.csv,LQI_no_vel,up,up,FALSE,93,16.453,400,4,100,10,4.896,17.02,2.6,0.5670000000000002,0.5670000000000002,0.011596633959555807,0,0,-0.001869186918691307,0,0,16.452881072026802,1.1892797319745796e-4,5.1559416349064335,2.725851298619755,NA,TRUE,-0.2599416349064336,-0.12585129861975508
LQI_no_vel_lookup_up_post_correction_experiment.csv,LQI_no_vel,up,up,FALSE,94,16.585,400,4,100,10,4.898,17.2,2.6,0.6149999999999984,0.6149999999999984,0.01159527507394294,0,0,-0.0016819681968199207,0,0,16.585385259631494,3.8525963149282916e-4,5.178225817383071,2.738882052501746,NA,TRUE,-0.2802258173830712,-0.1388820525017458
LQI_no_vel_lookup_up_post_correction_experiment.csv,LQI_no_vel,up,up,FALSE,95,16.718,400,4,100,10,4.8759999999999994,17.38,2.64,0.661999999999999,0.661999999999999,0.01159475238322404,0,0,-0.0016099609961008191,0,0,16.717889447236182,1.1055276381810586e-4,5.193093803476442,2.7479091976555017,NA,TRUE,-0.31709380347644256,-0.10790919765550155
LQI_no_vel_lookup_up_post_correction_experiment.csv,LQI_no_vel,up,up,FALSE,96,16.85,400,4,100,10,4.896,17.48,2.66,0.629999999999999,0.629999999999999,0.011605031998093153,0,0,-0.0016429642964292503,0,0,16.85039363484087,3.9363484086862854e-4,5.205067935146832,2.755773041045418,NA,TRUE,-0.30906793514683173,-0.09577304104541806
LQI_no_vel_lookup_up_post_correction_experiment.csv,LQI_no_vel,up,up,FALSE,97,16.983,400,4,100,10,4.952,17.52,2.66,0.536999999999999,0.536999999999999,0.011618910917512534,0,0,-0.002172817281727913,0,0,16.982897822445562,1.0217755443875376e-4,5.217915972572349,2.7646453304867533,NA,TRUE,-0.26591597257234945,-0.10464533048675317
LQI_no_vel_lookup_up_post_correction_experiment.csv,LQI_no_vel,up,up,FALSE,98,17.115,400,4,100,10,4.973,17.68,2.64,0.5650000000000013,0.5650000000000013,0.011603917833685052,0,0,-0.0014893489348930143,0,0,17.115402010050254,4.0201005025508607e-4,5.242486702232533,2.779906657407223,NA,TRUE,-0.2694867022325331,-0.13990665740722275
LQI_no_vel_lookup_up_post_correction_experiment.csv,LQI_no_vel,up,up,FALSE,99,17.248,400,4,100,10,4.994,17.84,2.66,0.5919999999999987,0.5919999999999987,0.01161578080183884,0,0,-0.0017407740774075403,0,0,17.24790619765494,9.380234505940166e-5,5.2787801241273815,2.8015570218068255,NA,TRUE,-0.28478012412738174,-0.1415570218068254
LQI_no_vel_lookup_up_post_correction_experiment.csv,LQI_no_vel,up,up,FALSE,100,17.38,400,4,100,10,4.981,18.08,2.7,0.6999999999999993,0.6999999999999993,0.01160893073143579,0,0,-0.002180618061805891,0,0,17.38041038525963,4.1038525963088546e-4,5.323819642528636,2.8283176045237797,NA,TRUE,-0.34281964252863606,-0.1283176045237795
LQI_no_vel_lookup_up_post_correction_experiment.csv,LQI_no_vel,up,up,FALSE,101,17.513,400,4,100,10,5.018,18.2,2.72,0.6869999999999976,0.6869999999999976,0.012678718349655766,0.009704731741877987,0,-0.013935793579358143,0.027182718271825754,0,17.51291457286432,8.542713568004956e-5,5.361944132591052,2.851679686068418,NA,TRUE,-0.3439441325910524,-0.13167968606841773
LQI_no_vel_lookup_up_post_correction_experiment.csv,LQI_no_vel,up,up,FALSE,102,17.645,400,4,100,10,5.0465,18.34,2.74,0.6950000000000003,0.6950000000000003,0.011686926132402912,0.0019999999999999575,0,-0.00312391239123911,0.001188118811879078,0,17.645418760469013,4.1876046901379027e-4,5.388990334073586,2.86931486148738,NA,TRUE,-0.3424903340735863,-0.12931486148737958
LQI_no_vel_lookup_up_post_correction_experiment.csv,LQI_no_vel,up,up,FALSE,103,17.778,400,4,100,10,5.094,18.4,2.74,0.6219999999999999,0.6219999999999999,0.011608321640665003,0,0,-0.0020966096609668495,0,0,17.7779229480737,7.705192629714475e-5,5.4063431220851115,2.881658137375148,NA,TRUE,-0.31234312208511117,-0.14165813737514776
LQI_no_vel_lookup_up_post_correction_experiment.csv,LQI_no_vel,up,up,FALSE,104,17.91,400,4,100,10,5.0600000000000005,18.64,2.74,0.7300000000000004,0.7300000000000004,0.01160866969644709,0,0,-0.0021446144614472077,0,0,17.910427135678393,4.2713567839314237e-4,5.422009008026508,2.892979934080157,NA,TRUE,-0.36200900802650793,-0.15297993408015698
LQI_no_vel_lookup_up_post_correction_experiment.csv,LQI_no_vel,up,up,FALSE,105,18.043,400,4,100,10,5.136,18.64,2.74,0.5970000000000013,0.5970000000000013,0.011617693750517256,0,0,-0.0020048004800477135,0,0,18.042931323283085,6.867671691423993e-5,5.435987991897777,2.903280251602407,NA,TRUE,-0.29998799189777703,-0.16328025160240678
LQI_no_vel_lookup_up_post_correction_experiment.csv,LQI_no_vel,up,up,FALSE,106,18.175,400,4,100,10,5.145,18.78,2.74,0.6050000000000004,0.6050000000000004,0.011618910917512356,0,0,-0.0021728172817290906,0,0,18.175435510887773,4.3551088777249447e-4,5.4482800736989185,2.912559089941897,NA,TRUE,-0.30328007369891896,-0.17255908994189673
LQI_no_vel_lookup_up_post_correction_experiment.csv,LQI_no_vel,up,up,FALSE,107,18.308,400,4,100,10,5.12,18.94,2.78,0.6320000000000014,0.6320000000000014,0.011617693750517405,0,0,-0.002004800480048326,0,0,18.30793969849246,6.0301507538440546e-5,5.452235322072396,2.915820673109084,NA,TRUE,-0.33223532207239614,-0.1358206731090843
LQI_no_vel_lookup_up_post_correction_experiment.csv,LQI_no_vel,up,up,FALSE,108,18.44,400,4,100,10,5.1475,19.02,2.78,0.5799999999999983,0.5799999999999983,0.012441783626071274,0.009296463974234436,0,-0.012931293129312446,0.024950495049505497,0,18.440443886097153,4.4388609715184657e-4,5.461502361223426,2.920682375358063,NA,TRUE,-0.31400236122342573,-0.14068237535806327
LQI_no_vel_lookup_up_post_correction_experiment.csv,LQI_no_vel,up,up,FALSE,109,18.573,400,4,100,10,5.1935,19.1,2.8,0.527000000000001,0.527000000000001,0.012383350666817896,0.007550503361373918,0,-0.00947434743474381,0.01671767176717981,0,18.572948073701845,5.192629815553573e-5,5.480244451393046,2.9294726016421935,NA,TRUE,-0.28674445139304616,-0.12947260164219365
LQI_no_vel_lookup_up_post_correction_experiment.csv,LQI_no_vel,up,up,FALSE,110,18.705,400,4,100,10,5.157,19.36,2.8,0.6550000000000011,0.6550000000000011,0.011621279680574702,0,0,-0.0011137113711370038,0,0,18.705452261306533,4.522613065347514e-4,5.506845776663755,2.9423812260138784,NA,TRUE,-0.3498457766637548,-0.1423812260138786
LQI_no_vel_lookup_up_post_correction_experiment.csv,LQI_no_vel,up,up,FALSE,111,18.838,400,4,100,10,5.1995000000000005,19.44,2.82,0.6020000000000003,0.6020000000000003,0.01186200112574085,0.004380858271151713,0,-0.0033483348334837192,0.005196519651968722,0,18.83795644891122,4.355108877973635e-5,5.534726900704936,2.9567017834426292,NA,TRUE,-0.3352269007049351,-0.1367017834426294
LQI_no_vel_lookup_up_post_correction_experiment.csv,LQI_no_vel,up,up,FALSE,112,18.97,400,4,100,10,5.2395,19.56,2.84,0.5899999999999999,0.5899999999999999,0.012201419854453348,0.007550503361372577,0,-0.009957995799580129,0.0166456645664577,0,18.970460636515913,4.606365159141035e-4,5.563887823516591,2.9724342739284464,NA,TRUE,-0.32438782351659157,-0.13243427392844653
LQI_no_vel_lookup_up_post_correction_experiment.csv,LQI_no_vel,up,up,FALSE,113,19.103,400,4,100,10,5.2245,19.78,2.86,0.6769999999999996,0.6769999999999996,0.012014683777055108,0.0047736651315187385,0,-7.134713471349642e-4,-8.400840084037382e-4,0,19.102964824120605,3.517587939683153e-5,5.594328545098719,2.9895786974713303,NA,TRUE,-0.3698285450987191,-0.12957869747133044
LQI_no_vel_lookup_up_post_correction_experiment.csv,LQI_no_vel,up,up,FALSE,114,19.235,400,4,100,10,5.3149999999999995,19.8,2.86,0.5650000000000013,0.5650000000000013,0.012696659069028799,0.010032271160931625,0,-0.014640864086408679,0.02987098709871198,0,19.235469011725293,4.690117252934556e-4,5.627988375715706,3.0092443842147403,NA,TRUE,-0.31298837571570637,-0.1492443842147404
LQI_no_vel_lookup_up_post_correction_experiment.csv,LQI_no_vel,up,up,FALSE,115,19.368,400,4,100,10,5.33,19.98,2.86,0.6120000000000019,0.6120000000000019,0.011626441476829667,0,0,-0.0018265826582656072,0,0,19.367973199329985,2.680067001392672e-5,5.664907746239041,3.031458560004812,NA,TRUE,-0.3349077462390406,-0.1714585600048122
LQI_no_vel_lookup_up_post_correction_experiment.csv,LQI_no_vel,up,up,FALSE,116,19.5,400,4,100,10,5.337,20.18,2.88,0.6799999999999997,0.6799999999999997,0.011615293819144177,0,0,-0.001673567356735107,0,0,19.500477386934676,4.773869346763604e-4,5.7050866566687235,3.056221224841545,NA,TRUE,-0.36808665666872376,-0.1762212248415449
LQI_no_vel_lookup_up_post_correction_experiment.csv,LQI_no_vel,up,up,FALSE,117,19.633,400,4,100,10,5.324,20.4,2.92,0.7669999999999995,0.7669999999999995,0.011618841368547753,0,0,-0.00216321632163161,0,0,19.632981574539365,1.842546063457462e-5,5.742648503677334,3.0800686495251828,NA,TRUE,-0.41864850367733375,-0.16006864952518285
LQI_no_vel_lookup_up_post_correction_experiment.csv,LQI_no_vel,up,up,FALSE,118,19.765,400,4,100,10,5.354,20.54,2.92,0.7749999999999986,0.7749999999999986,0.011618841368547708,0,0,-0.002163216321631209,0,0,19.765485762144053,4.857621440521598e-4,5.773092416370945,3.0999966055050368,NA,TRUE,-0.41909241637094485,-0.17999660550503682
LQI_no_vel_lookup_up_post_correction_experiment.csv,LQI_no_vel,up,up,FALSE,119,19.898,400,4,100,10,5.432,20.56,2.92,0.661999999999999,0.661999999999999,0.011628509028341475,0,0,-0.002112211221122707,0,0,19.897989949748744,1.005025125522252e-5,5.796418394749558,3.116005092781106,NA,TRUE,-0.3644183947495572,-0.1960050927811059
LQI_no_vel_lookup_up_post_correction_experiment.csv,LQI_no_vel,up,up,FALSE,120,20.03,400,4,100,10,5.436,20.74,2.92,0.7099999999999973,0.7099999999999973,0.011615780801838602,0,0,-0.001740774077407411,0,0,20.030494137353436,4.941373534350646e-4,5.820417928268208,3.132011527001582,NA,TRUE,-0.3844179282682081,-0.21201152700158188
LQI_no_vel_lookup_up_post_correction_experiment.csv,LQI_no_vel,up,up,FALSE,121,20.163,400,4,100,10,5.4350000000000005,20.98,2.92,0.8170000000000002,0.8170000000000002,0.01161665036301612,0,0,-0.0018607860786082908,0,0,20.162998324958124,1.67504187587042e-6,5.86402511844263,3.1590536548133423,NA,TRUE,-0.42902511844262925,-0.2390536548133424
LQI_no_vel_lookup_up_post_correction_experiment.csv,LQI_no_vel,up,up,FALSE,122,20.296,400,4,100,10,5.4565,21.2,2.96,0.9039999999999999,0.9039999999999999,0.01157506899427486,0.006759953379792478,0,-0.0023930393039307066,9.480948094785604e-4,0,20.295502512562813,4.974874371868054e-4,5.927282627955086,3.1971666745906564,NA,TRUE,-0.47078262795508596,-0.23716667459065643
LQI_no_vel_lookup_up_post_correction_experiment.csv,LQI_no_vel,up,up,FALSE,123,20.428,400,4,100,10,5.476,21.38,3,0.9519999999999982,0.9519999999999982,0.011618215409129407,0,0,-0.002076807680767337,0,0,20.428006700167504,6.70016750348168e-6,5.98102785194283,3.22974506656669,NA,TRUE,-0.5050278519428302,-0.2297450665666898
LQI_no_vel_lookup_up_post_correction_experiment.csv,LQI_no_vel,up,up,FALSE,124,20.561,400,4,100,10,5.503,21.54,3.02,0.9789999999999992,0.9789999999999992,0.01160644195908026,0,0,-0.0018373837383738561,0,0,20.560510887772196,4.891122278039006e-4,6.023496331111239,3.2548800368905595,NA,TRUE,-0.5204963311112385,-0.23488003689055947
LQI_no_vel_lookup_up_post_correction_experiment.csv,LQI_no_vel,up,up,FALSE,125,20.693,400,4,100,10,5.525,21.68,3.04,0.9869999999999983,0.9869999999999983,0.011606441959079955,0,0,-0.0018373837383742005,0,0,20.693015075376884,1.507537688283378e-5,6.05546751382413,3.2725708684572217,NA,TRUE,-0.5304675138241297,-0.23257086845722164
LQI_no_vel_lookup_up_post_correction_experiment.csv,LQI_no_vel,up,up,FALSE,126,20.826,400,4,100,10,5.556,21.78,3.04,0.9540000000000006,0.9540000000000006,0.012076603141378085,0.006030226891555144,0,-0.006468046804680693,0.010705070507049034,0,20.825519262981576,4.807370184245485e-4,6.0769414000815045,3.2828175612666763,NA,TRUE,-0.5209414000815045,-0.2428175612666763
LQI_no_vel_lookup_up_post_correction_experiment.csv,LQI_no_vel,up,up,FALSE,127,20.958,400,4,100,10,5.5545,21.92,3.06,0.9620000000000033,0.9620000000000033,0.011970582629297927,0.0073690589835492554,0,-0.0023624362436243888,0.0013201320132021038,0,20.958023450586264,2.3450586265738593e-5,6.089148334568119,3.287670516621736,NA,TRUE,-0.5346483345681188,-0.22767051662173587
LQI_no_vel_lookup_up_post_correction_experiment.csv,LQI_no_vel,up,up,FALSE,128,21.091,400,4,100,10,5.609,21.94,3.06,0.8490000000000002,0.8490000000000002,0.011623921694314721,0,0,-0.0014785478547848794,0,0,21.090527638190956,4.723618090451964e-4,6.091265546250788,3.2888428153329645,NA,TRUE,-0.48226554625078766,-0.22884281533296447
LQI_no_vel_lookup_up_post_correction_experiment.csv,LQI_no_vel,up,up,FALSE,129,21.223,400,4,100,10,5.6065000000000005,22.06,3.06,0.8369999999999997,0.8369999999999997,0.012131680706632484,0.008040302522073526,0,-0.010326432643264407,0.018937893789379306,0,21.223031825795644,3.182579564509069e-5,6.091265546250788,3.2888428153329645,NA,TRUE,-0.48476554625078716,-0.22884281533296447
LQI_no_vel_lookup_up_post_correction_experiment.csv,LQI_no_vel,up,up,FALSE,130,21.356,400,4,100,10,5.5969999999999995,22.2,3.08,0.8439999999999976,0.8439999999999976,0.011628317925554613,0,0,-0.0020858085808586773,0,0,21.355536013400336,4.639865996658443e-4,6.091265546250788,3.2919789198180496,NA,TRUE,-0.4942655462507881,-0.2119789198180495
LQI_no_vel_lookup_up_post_correction_experiment.csv,LQI_no_vel,up,up,FALSE,131,21.488,400,4,100,10,5.6355,22.28,3.08,0.7920000000000016,0.7920000000000016,0.011641531365127963,0,0,-0.0011365136513655993,0,0,21.488040201005028,4.020100502799551e-5,6.10494473722024,3.304228527948542,NA,TRUE,-0.4694447372202397,-0.22422852794854187
LQI_no_vel_lookup_up_post_correction_experiment.csv,LQI_no_vel,up,up,FALSE,132,21.621,400,4,100,10,5.6605,22.42,3.1,0.799000000000003,0.799000000000003,0.012374831903765943,0.008703882797786253,0,-0.012183018301829485,0.02178217821782718,0,21.620544388609716,4.556113902829395e-4,6.133452547317172,3.32308328179184,NA,TRUE,-0.4729525473171723,-0.22308328179184
LQI_no_vel_lookup_up_post_correction_experiment.csv,LQI_no_vel,up,up,FALSE,133,21.753,400,4,100,10,5.65,22.66,3.1,0.907,0.907,0.011628943341177658,0,0,-0.0021722172217231495,0,0,21.753048576214407,4.8576214407347607e-5,6.1730950063751315,3.3481054092110627,NA,TRUE,-0.5230950063751312,-0.2481054092110626
LQI_no_vel_lookup_up_post_correction_experiment.csv,LQI_no_vel,up,up,FALSE,134,21.886,400,4,100,10,5.75,22.66,3.12,0.7740000000000009,0.7740000000000009,0.011621279680574635,0,0,-0.001113711371136319,0,0,21.885552763819096,4.472361809035874e-4,6.213626450130766,3.3725070423439143,NA,TRUE,-0.4636264501307661,-0.2525070423439142
LQI_no_vel_lookup_up_post_correction_experiment.csv,LQI_no_vel,up,up,FALSE,135,22.018,400,4,100,10,5.691,22.98,3.12,0.9619999999999997,0.9619999999999997,0.011617971971358535,0,0,-0.0020432043204321785,0,0,22.018056951423787,5.6951423786699706e-5,6.2416461691946745,3.3874237995790364,NA,TRUE,-0.5506461691946747,-0.2674237995790363
LQI_no_vel_lookup_up_post_correction_experiment.csv,LQI_no_vel,up,up,FALSE,136,22.151,400,4,100,10,5.7509999999999994,22.98,3.16,0.8290000000000006,0.8290000000000006,0.011636215671407614,0,0,-0.0017899789979003693,0,0,22.150561139028476,4.388609715242353e-4,6.257154163566857,3.392855680916428,NA,TRUE,-0.5061541635668574,-0.23285568091642794
LQI_no_vel_lookup_up_post_correction_experiment.csv,LQI_no_vel,up,up,FALSE,137,22.283,400,4,100,10,5.7885,23.04,3.16,0.7569999999999979,0.7569999999999979,0.012714721444614384,0.010018165319240449,0,-0.01522412241224126,0.029138913891387952,0,22.283065326633167,6.53266331660518e-5,6.268246795146527,3.395453484192588,NA,TRUE,-0.47974679514652685,-0.23545348419258794
LQI_no_vel_lookup_up_post_correction_experiment.csv,LQI_no_vel,up,up,FALSE,138,22.416,400,4,100,10,5.7695,23.22,3.18,0.8039999999999985,0.8039999999999985,0.012407638572649126,0.009120960431441179,0,-0.012571257125711598,0.02427842784278072,0,22.415569514237855,4.304857621448832e-4,6.281124909229112,3.400362817031098,NA,TRUE,-0.5116249092291119,-0.22036281703109806
LQI_no_vel_lookup_up_post_correction_experiment.csv,LQI_no_vel,up,up,FALSE,139,22.548,400,4,100,10,5.7985,23.34,3.18,0.7920000000000016,0.7920000000000016,0.012502428047011837,0.010048367875913613,0,-0.01521392139213944,0.029006900690068293,0,22.548073701842547,7.370184254895662e-5,6.295788505814611,3.407583679431958,NA,TRUE,-0.4972885058146108,-0.2275836794319579
LQI_no_vel_lookup_up_post_correction_experiment.csv,LQI_no_vel,up,up,FALSE,140,22.681,400,4,100,10,5.8105,23.46,3.2,0.7789999999999999,0.7789999999999999,0.011713149823505166,0.002814105882725734,0,-0.0031077107710768444,0.0023042304230438226,0,22.680577889447235,4.221105527655311e-4,6.310738252204075,3.415819049533127,NA,TRUE,-0.5002382522040749,-0.2158190495331267
LQI_no_vel_lookup_up_post_correction_experiment.csv,LQI_no_vel,up,up,FALSE,141,22.813,400,4,100,10,5.865,23.5,3.2,0.6870000000000012,0.6870000000000012,0.011648470658711767,0,0,-0.002096609660966341,0,0,22.813082077051927,8.207705192830872e-5,6.326800251919994,3.425568456258154,NA,TRUE,-0.4618002519199935,-0.22556845625815392
LQI_no_vel_lookup_up_post_correction_experiment.csv,LQI_no_vel,up,up,FALSE,142,22.946,400,4,100,10,5.8675,23.68,3.18,0.7339999999999982,0.7339999999999982,0.011641253707345403,0,0,-0.0010981098109811886,0,0,22.94558626465662,4.137353433826263e-4,6.343974504962368,3.4368318996070393,NA,TRUE,-0.47647450496236843,-0.2568318996070391
LQI_no_vel_lookup_up_post_correction_experiment.csv,LQI_no_vel,up,up,FALSE,143,23.078,400,4,100,10,5.851,23.86,3.22,0.782,0.782,0.011648886884873042,0,0,-0.002154215421542411,0,0,23.078090452261307,9.045226130766082e-5,6.363169949170266,3.450140811348109,NA,TRUE,-0.512169949170266,-0.2301408113481087
LQI_no_vel_lookup_up_post_correction_experiment.csv,LQI_no_vel,up,up,FALSE,144,23.211,400,4,100,10,5.936,23.88,3.22,0.6690000000000005,0.6690000000000005,0.011652281174330367,0,0,-0.0012343234323432992,0,0,23.210594639866,4.053601339997215e-4,6.392191734050859,3.4693070655485867,NA,TRUE,-0.4561917340508588,-0.2493070655485865
LQI_no_vel_lookup_up_post_correction_experiment.csv,LQI_no_vel,up,up,FALSE,145,23.343,400,4,100,10,5.885,24.18,3.26,0.8369999999999997,0.8369999999999997,0.011636632335912786,0,0,-0.001847584758475387,0,0,23.343098827470687,9.882747068701292e-5,6.429305078894184,3.492640064661734,NA,TRUE,-0.5443050788941841,-0.23264006466173415
LQI_no_vel_lookup_up_post_correction_experiment.csv,LQI_no_vel,up,up,FALSE,146,23.476,400,4,100,10,5.9485,24.28,3.28,0.804000000000002,0.804000000000002,0.012302824673606083,0.008816880045535973,0,-0.012370237023702432,0.022730273027301368,0,23.47560301507538,3.969849246203694e-4,6.474509983700241,3.5201398086875497,NA,TRUE,-0.5260099837002405,-0.24013980868754992
LQI_no_vel_lookup_up_post_correction_experiment.csv,LQI_no_vel,up,up,FALSE,147,23.608,400,4,100,10,5.9695,24.46,3.3,0.8520000000000003,0.8520000000000003,0.01216789533024019,0.005453198486885699,0.0034289321599553085,-0.006508850885088133,0.008832883288334517,0.00265226522652299,23.608107202680067,1.0720268006636502e-4,6.52423458728168,3.5504898296146647,NA,TRUE,-0.55473458728168,-0.2504898296146649
LQI_no_vel_lookup_up_post_correction_experiment.csv,LQI_no_vel,up,up,FALSE,148,23.741,400,4,100,10,6.025,24.6,3.3,0.8590000000000018,0.8590000000000018,0.011779021756298374,0.0019999999999999575,0,-0.002230423042304774,0.0011161116111662863,0,23.74061139028476,3.886097152410173e-4,6.5749429085475946,3.581913918557825,NA,TRUE,-0.5499429085475942,-0.2819139185578252
LQI_no_vel_lookup_up_post_correction_experiment.csv,LQI_no_vel,up,up,FALSE,149,23.873,400,4,100,10,6.019,24.84,3.34,0.9669999999999987,0.9669999999999987,0.011637951675098245,0,0,-0.002030003000299456,0,0,23.873115577889447,1.1557788944571712e-4,6.626634947497984,3.61441207551703,NA,TRUE,-0.6076349474979841,-0.2744120755170303
LQI_no_vel_lookup_up_post_correction_experiment.csv,LQI_no_vel,up,up,FALSE,150,24.006,400,4,100,10,6.0695,24.98,3.34,0.9740000000000002,0.9740000000000002,0.011933193667711608,0.006759953379792478,0,-0.007856585658566567,0.013213321332131246,0,24.00561976549414,3.802345058616652e-4,6.6784017662937805,3.6474528687239536,NA,TRUE,-0.6089017662937808,-0.3074528687239537
LQI_no_vel_lookup_up_post_correction_experiment.csv,LQI_no_vel,up,up,FALSE,151,24.138,400,4,100,10,6.0969999999999995,25.16,3.36,1.0219999999999985,1.0219999999999985,0.012848204685338841,0.009886221408473997,0,-0.01582478247824745,0.028814881488144595,0,24.138123953098827,1.2395309882506922e-4,6.721492196058389,3.674497808186299,NA,TRUE,-0.6244921960583891,-0.314497808186299
LQI_no_vel_lookup_up_post_correction_experiment.csv,LQI_no_vel,up,up,FALSE,152,24.271,400,4,100,10,6.1235,25.28,3.38,1.0090000000000003,1.0090000000000003,0.011965687475764935,0.005453198486885699,0,-0.0061356135613564716,0.008256825682569703,0,24.27062814070352,3.718592964823131e-4,6.756284732573912,3.695220045361164,NA,TRUE,-0.6327847325739118,-0.3152200453611642
LQI_no_vel_lookup_up_post_correction_experiment.csv,LQI_no_vel,up,up,FALSE,153,24.403,400,4,100,10,6.138,25.44,3.38,1.0370000000000026,1.0370000000000026,0.011981905549872197,0,0.007369058983549419,-7.632763276327938e-4,0,-0.003888388838884436,24.40313232830821,1.3232830821152675e-4,6.782779375840352,3.709619580248547,NA,TRUE,-0.6447793758403524,-0.3296195802485471
LQI_no_vel_lookup_up_post_correction_experiment.csv,LQI_no_vel,up,up,FALSE,154,24.536,400,4,100,10,6.1405,25.58,3.4,1.043999999999997,1.043999999999997,0.012357384411555223,0.008816880045537538,0,-0.01220222022202322,0.022250225022504507,0,24.5356365159129,3.63484087102961e-4,6.799106964342499,3.7180394173817746,NA,TRUE,-0.658606964342499,-0.31803941738177466
LQI_no_vel_lookup_up_post_correction_experiment.csv,LQI_no_vel,up,up,FALSE,155,24.668,400,4,100,10,6.1895,25.62,3.4,0.9520000000000017,0.9520000000000017,0.012199432839938337,0.008040302522073526,0,-0.0098619861986203,0.018361836183613558,0,24.66814070351759,1.4070351759087885e-4,6.808993865615905,3.722502340536731,NA,TRUE,-0.6194938656159055,-0.3225023405367309
LQI_no_vel_lookup_up_post_correction_experiment.csv,LQI_no_vel,up,up,FALSE,156,24.801,400,4,100,10,6.164,25.8,3.42,0.9990000000000023,0.9990000000000023,0.01163736146289962,0,0,-0.0019483948394852279,0,0,24.80064489112228,3.5510887772005617e-4,6.812440079660568,3.723008349713416,NA,TRUE,-0.6484400796605687,-0.30300834971341617
LQI_no_vel_lookup_up_post_correction_experiment.csv,LQI_no_vel,up,up,FALSE,157,24.933,400,4,100,10,6.2105,25.84,3.42,0.907,0.907,0.012351109221033508,0.008187203614806472,0,-0.011081908190819579,0.0194779477947765,0,24.93314907872697,1.4907872697023095e-4,6.815777215126324,3.723362370896473,NA,TRUE,-0.6052772151263239,-0.303362370896473
LQI_no_vel_lookup_up_post_correction_experiment.csv,LQI_no_vel,up,up,FALSE,158,25.066,400,4,100,10,6.25,25.88,3.42,0.8140000000000001,0.8140000000000001,0.011645504616708238,0.0019999999999999575,0,-0.001686168616861724,0.0011881188118757623,0,25.06565326633166,3.4673366834070407e-4,6.82081150629265,3.7260877320729295,NA,TRUE,-0.5708115062926504,-0.3060877320729296
LQI_no_vel_lookup_up_post_correction_experiment.csv,LQI_no_vel,up,up,FALSE,159,25.198,400,4,100,10,6.2059999999999995,26.1,3.44,0.902000000000001,0.902000000000001,0.011637951675097995,0,0,-0.0020300030003001382,0,0,25.19815745393635,1.5745393634958305e-4,6.827164457377445,3.731511281785687,NA,TRUE,-0.6211644573774455,-0.2915112817856871
LQI_no_vel_lookup_up_post_correction_experiment.csv,LQI_no_vel,up,up,FALSE,160,25.331,400,4,100,10,6.239,26.16,3.46,0.8290000000000006,0.8290000000000006,0.011658867523014114,0,0,-0.0021464146414634515,0,0,25.33066164154104,3.3835845895779926e-4,6.834983153643866,3.7391188605254624,NA,TRUE,-0.595983153643866,-0.2791188605254624
LQI_no_vel_lookup_up_post_correction_experiment.csv,LQI_no_vel,up,up,FALSE,161,25.463,400,4,100,10,6.2995,26.2,3.46,0.7369999999999983,0.7369999999999983,0.011631110319858728,0,0,-0.0010843084308430938,0,0,25.46316582914573,1.6582914572893515e-4,6.8519452028635035,3.751325340134781,NA,TRUE,-0.5524452028635034,-0.29132534013478084
LQI_no_vel_lookup_up_post_correction_experiment.csv,LQI_no_vel,up,up,FALSE,162,25.596,400,4,100,10,6.27,26.44,3.48,0.8440000000000012,0.8440000000000012,0.011673932802218127,0,0,-0.0014419441944204785,0,0,25.59567001675042,3.2998324957844716e-4,6.8782579451927806,3.768204667710751,NA,TRUE,-0.608257945192781,-0.28820466771075104
LQI_no_vel_lookup_up_post_correction_experiment.csv,LQI_no_vel,up,up,FALSE,163,25.728,400,4,100,10,6.3125,26.54,3.5,0.8119999999999976,0.8119999999999976,0.012739420249086107,0.009756634624291058,0,-0.01453885388538869,0.027698769876987352,0,25.72817420435511,1.7420435510828725e-4,6.913921380631698,3.789756843253376,NA,TRUE,-0.6014213806316979,-0.28975684325337614
LQI_no_vel_lookup_up_post_correction_experiment.csv,LQI_no_vel,up,up,FALSE,164,25.861,400,4,100,10,6.324,26.74,3.52,0.8789999999999978,0.8789999999999978,0.011648626745265105,0,0,-0.002118211821182371,0,0,25.8606783919598,3.2160804019909506e-4,6.954674508943183,3.814017514797725,NA,TRUE,-0.6306745089431836,-0.2940175147977251
LQI_no_vel_lookup_up_post_correction_experiment.csv,LQI_no_vel,up,up,FALSE,165,25.993,400,4,100,10,6.383,26.86,3.52,0.8670000000000009,0.8670000000000009,0.012873902816837467,0.010032271160931625,0,-0.015613561356137218,0.02915091509151062,0,25.99318257956449,1.8257956449119206e-4,6.998470195782129,3.839969837075826,NA,TRUE,-0.6154701957821294,-0.31996983707582594
LQI_no_vel_lookup_up_post_correction_experiment.csv,LQI_no_vel,up,up,FALSE,166,26.126,400,4,100,10,6.406000000000001,27.04,3.54,0.9139999999999979,0.9139999999999979,0.012528186402885886,0.009376523445242814,0,-0.014360036003600201,0.02589858985898465,0,26.12568676716918,3.1323283081974296e-4,7.045308441148531,3.867613810087681,NA,TRUE,-0.6393084411485308,-0.32761381008768087
LQI_no_vel_lookup_up_post_correction_experiment.csv,LQI_no_vel,up,up,FALSE,167,26.258,400,4,100,10,6.415,27.22,3.56,0.9619999999999997,0.9619999999999997,0.011667168820362204,0,0,-0.0018673867386727891,0,0,26.25819095477387,1.9095477387054416e-4,7.084574629691522,3.89094612685835,NA,TRUE,-0.6695746296915219,-0.33094612685835
LQI_no_vel_lookup_up_post_correction_experiment.csv,LQI_no_vel,up,up,FALSE,168,26.391,400,4,100,10,6.4425,27.32,3.58,0.929000000000002,0.929000000000002,0.01251637715034562,0.009025217197084066,0,-0.01241224122412315,0.02337833783378551,0,26.39069514237856,3.0485762143683814e-4,7.108575902816774,3.9055225753648295,NA,TRUE,-0.6660759028167744,-0.3255225753648294
LQI_no_vel_lookup_up_post_correction_experiment.csv,LQI_no_vel,up,up,FALSE,169,26.523,400,4,100,10,6.4635,27.42,3.58,0.897000000000002,0.897000000000002,0.012431696211984715,0.009120960431441179,0,-0.012711671167117826,0.024326432643260627,0,26.52319932998325,1.9932998324989626e-4,7.117312260524287,3.9113431556071174,NA,TRUE,-0.6538122605242869,-0.33134315560711736
LQI_no_vel_lookup_up_post_correction_experiment.csv,LQI_no_vel,up,up,FALSE,170,26.656,400,4,100,10,6.4925,27.5,3.6,0.8440000000000012,0.8440000000000012,0.012426348675863815,0.009376523445242814,0,-0.013660966096610048,0.025178517851783086,0,26.65570351758794,2.9648241205748604e-4,7.122388233430666,3.915445479162728,NA,TRUE,-0.6298882334306661,-0.3154454791627277
LQI_no_vel_lookup_up_post_correction_experiment.csv,LQI_no_vel,up,up,FALSE,171,26.788,400,4,100,10,6.5395,27.52,3.6,0.7319999999999993,0.7319999999999993,0.011762373669605645,0.004380858271151713,0,-0.004625862586259268,0.0054605460545985845,0,26.78820770519263,2.0770519262924836e-4,7.128363001405307,3.920009632244787,NA,TRUE,-0.5888630014053069,-0.32000963224478696
LQI_no_vel_lookup_up_post_correction_experiment.csv,LQI_no_vel,up,up,FALSE,172,26.921,400,4,100,10,6.5,27.74,3.62,0.8189999999999991,0.8189999999999991,0.011666735930530104,0,0,-0.0018457845784562103,0,0,26.92071189279732,2.8810720267813394e-4,7.134495628226732,3.924376992995528,NA,TRUE,-0.6344956282267322,-0.304376992995528
LQI_no_vel_lookup_up_post_correction_experiment.csv,LQI_no_vel,up,up,FALSE,173,27.053,400,4,100,10,6.5515,27.78,3.62,0.7270000000000003,0.7270000000000003,0.011817103680425945,0.008187203614806472,0,-0.01050525052505329,0.01873387338733106,0,27.053216080402013,2.1608040201215317e-4,7.1404994603111,3.928343328120097,NA,TRUE,-0.5889994603110997,-0.3083433281200967
LQI_no_vel_lookup_up_post_correction_experiment.csv,LQI_no_vel,up,up,FALSE,174,27.186,400,4,100,10,6.539,27.94,3.64,0.7540000000000013,0.7540000000000013,0.011668553959902312,0,0,-0.002097809780978365,0,0,27.1857202680067,2.7973199329878184e-4,7.153843533666115,3.9362897543060145,NA,TRUE,-0.6148435336661153,-0.29628975430601434
LQI_no_vel_lookup_up_post_correction_experiment.csv,LQI_no_vel,up,up,FALSE,175,27.318,400,4,100,10,6.5635,28.06,3.66,0.7419999999999973,0.7419999999999973,0.012663233186965972,0.009756634624291058,0,-0.014006000600060771,0.026642664266426683,0,27.318224455611393,2.2445561139150527e-4,7.182136778256042,3.952953869210732,NA,TRUE,-0.6186367782560414,-0.2929538692107321
LQI_no_vel_lookup_up_post_correction_experiment.csv,LQI_no_vel,up,up,FALSE,176,27.451,400,4,100,10,6.5965,28.22,3.68,0.7689999999999984,0.7689999999999984,0.011672617529928635,0,0,-0.001269126912691396,0,0,27.45072864321608,2.7135678391942974e-4,7.22537919408088,3.9783356728342505,NA,TRUE,-0.6288791940808798,-0.29833567283425033
LQI_no_vel_lookup_up_post_correction_experiment.csv,LQI_no_vel,up,up,FALSE,177,27.583,400,4,100,10,6.62,28.4,3.7,0.8170000000000002,0.8170000000000002,0.011683537585211741,0,0,-0.0013861386138619804,0,0,27.583232830820773,2.3283082077441009e-4,7.272361615049934,4.005232277103677,NA,TRUE,-0.6523616150499336,-0.30523227710367706
LQI_no_vel_lookup_up_post_correction_experiment.csv,LQI_no_vel,up,up,FALSE,178,27.716,400,4,100,10,6.6625,28.54,3.72,0.8239999999999981,0.8239999999999981,0.011910932080668634,0.004380858271151713,0.0065319726474218145,-0.0048712871287123795,0.005340534053410442,3.3603360336066976e-4,27.71573701842546,0.00026298157454007764,7.3166869444794465,4.0295257483856375,NA,TRUE,-0.6541869444794468,-0.3095257483856373
LQI_no_vel_lookup_up_post_correction_experiment.csv,LQI_no_vel,up,up,FALSE,179,27.848,400,4,100,10,6.718,28.64,3.72,0.7920000000000016,0.7920000000000016,0.011676493696761396,0,0,-0.001806780678066666,0,0,27.848241206030153,2.4120603015376219e-4,7.358355182369419,4.05121608668013,NA,TRUE,-0.6403551823694187,-0.3312160866801297
LQI_no_vel_lookup_up_post_correction_experiment.csv,LQI_no_vel,up,up,FALSE,180,27.981,400,4,100,10,6.73,28.82,3.74,0.8389999999999986,0.8389999999999986,0.011667982609766585,0,0,-0.0020186018601872006,0,0,27.98074539363484,2.5460636516072555e-4,7.396540305908997,4.07040221103851,NA,TRUE,-0.6665403059089963,-0.33040221103850964
LQI_no_vel_lookup_up_post_correction_experiment.csv,LQI_no_vel,up,up,FALSE,181,28.113,400,4,100,10,6.739,29,3.76,0.8870000000000005,0.8870000000000005,0.011685456730051126,0,0,-0.0016381638163818096,0,0,28.113249581239533,2.495812395331143e-4,7.432344542678438,4.089040990617061,NA,TRUE,-0.6933445426784379,-0.32904099061706127
LQI_no_vel_lookup_up_post_correction_experiment.csv,LQI_no_vel,up,up,FALSE,182,28.246,400,4,100,10,6.7775,29.12,3.78,0.8740000000000023,0.8740000000000023,0.011863550833702234,0.003428932159955232,0,-0.003324332433243441,0.003276327632766602,0,28.24575376884422,2.4623115577782073e-4,7.465767892677743,4.107132425415781,NA,TRUE,-0.688267892677743,-0.327132425415781
LQI_no_vel_lookup_up_post_correction_experiment.csv,LQI_no_vel,up,up,FALSE,183,28.378,400,4,100,10,6.7905,29.26,3.8,0.8820000000000014,0.8820000000000014,0.01189127513105404,0.003938927711338564,0,-0.0033831383138309707,0.00403240324032632,0,28.378257956448913,2.579564489124664e-4,7.496776318221725,4.124336480792239,NA,TRUE,-0.7062763182217253,-0.32433648079223953
LQI_no_vel_lookup_up_post_correction_experiment.csv,LQI_no_vel,up,up,FALSE,184,28.511,400,4,100,10,6.8675,29.3,3.8,0.7890000000000015,0.7890000000000015,0.011682828632162672,0,0,-0.0012925292529253338,0,0,28.510762144053604,2.3785594639491592e-4,7.524903247887194,4.140107080171749,NA,TRUE,-0.6574032478871938,-0.34010708017174895
LQI_no_vel_lookup_up_post_correction_experiment.csv,LQI_no_vel,up,up,FALSE,185,28.643,400,4,100,10,6.855,29.5,3.82,0.8569999999999993,0.8569999999999993,0.011667428546551556,0,0,-0.0019417941794186238,0,0,28.643266331658293,2.663316582918185e-4,7.54991599007575,4.154541496954845,NA,TRUE,-0.6949159900757493,-0.3345414969548455
LQI_no_vel_lookup_up_post_correction_experiment.csv,LQI_no_vel,up,up,FALSE,186,28.776,400,4,100,10,6.9205000000000005,29.54,3.82,0.7639999999999993,0.7639999999999993,0.0116722021499933,0,0,-0.0012115211521149557,0,0,28.775770519262984,2.2948073701556382e-4,7.57183010816779,4.167655791893944,NA,TRUE,-0.6513301081677891,-0.34765579189394424
LQI_no_vel_lookup_up_post_correction_experiment.csv,LQI_no_vel,up,up,FALSE,187,28.908,400,4,100,10,6.871,29.84,3.8,0.9319999999999986,0.9319999999999986,0.011667722895910532,0,0,-0.0019825982598259003,0,0,28.908274706867672,2.747068676711706e-4,7.593349949128261,4.181197816155878,NA,TRUE,-0.7223499491282608,-0.3811978161558782
LQI_no_vel_lookup_up_post_correction_experiment.csv,LQI_no_vel,up,up,FALSE,188,29.041,400,4,100,10,6.9350000000000005,29.84,3.86,0.7989999999999995,0.7989999999999995,0.011684834339234378,0,0,-0.0015709570957097674,0,0,29.040778894472364,2.2110552763621172e-4,7.616371779456916,4.195347050381065,NA,TRUE,-0.6813717794569154,-0.3353470503810647
LQI_no_vel_lookup_up_post_correction_experiment.csv,LQI_no_vel,up,up,FALSE,189,29.173,400,4,100,10,6.9555,29.98,3.88,0.8070000000000022,0.8070000000000022,0.011987788399328249,0.004380858271151713,0,-0.003953195319532268,0.0054845484548458915,0,29.173283082077052,2.830820770540754e-4,7.640895599153752,4.210103494569505,NA,TRUE,-0.6853955991537521,-0.3301034945695047
LQI_no_vel_lookup_up_post_correction_experiment.csv,LQI_no_vel,up,up,FALSE,190,29.306,400,4,100,10,7.023,30.02,3.88,0.7139999999999986,0.7139999999999986,0.011683727784807923,0,0,-0.001417341734173924,0,0,29.305787269681744,2.1273031825685962e-4,7.6682007726566654,4.226129062642307,NA,TRUE,-0.6452007726566658,-0.3461290626423068
LQI_no_vel_lookup_up_post_correction_experiment.csv,LQI_no_vel,up,up,FALSE,191,29.438,400,4,100,10,6.997,30.28,3.9,0.8420000000000023,0.8420000000000023,0.011678673475246058,0,0,-0.00210921092109222,0,0,29.438291457286432,2.914572864334275e-4,7.706130257709589,4.246143870069566,NA,TRUE,-0.7091302577095888,-0.3461438700695658
LQI_no_vel_lookup_up_post_correction_experiment.csv,LQI_no_vel,up,up,FALSE,192,29.571,400,4,100,10,7.051,30.38,3.92,0.8089999999999975,0.8089999999999975,0.011674624991273728,0,0,-0.0015475547554751011,0,0,29.570795644891124,2.0435510887750752e-4,7.748169368963699,4.267876788766367,NA,TRUE,-0.6971693689636984,-0.3478767887663672
LQI_no_vel_lookup_up_post_correction_experiment.csv,LQI_no_vel,up,up,FALSE,193,29.703,400,4,100,10,7.0515,30.58,3.96,0.8769999999999989,0.8769999999999989,0.011923900114450534,0,0.007550503361372744,0.0022034203420352124,0,-0.012469246924692277,29.703299832495812,2.998324958127796e-4,7.78818004877686,4.2891773542565526,NA,TRUE,-0.7366800487768606,-0.3291773542565526
LQI_no_vel_lookup_up_post_correction_experiment.csv,LQI_no_vel,up,up,FALSE,194,29.836,400,4,100,10,7.1165,30.64,3.96,0.804000000000002,0.804000000000002,0.01248198297506844,0.007722458393307218,0,-0.009547554755476384,0.01735373537354277,0,29.835804020100504,1.959798994946027e-4,7.824570626578827,4.308403029616786,NA,TRUE,-0.7080706265788264,-0.3484030296167857
LQI_no_vel_lookup_up_post_correction_experiment.csv,LQI_no_vel,up,up,FALSE,195,29.968,399,3.99,100,10,7.1125,30.84,3.98,0.8719999999999999,0.8719999999999999,0.012763331315241412,0.009977753031396964,0,-0.012998499849985091,0.02700270027002077,0,29.968308207705196,3.082077051956844e-4,7.85734110236959,4.3255538148470665,NA,TRUE,-0.7448411023695902,-0.3455538148470665
LQI_vel_lookup_down_post_correction_experiment.csv,LQI_vel,down,down,FALSE,1,0,2,0.01,2,5,0.279,0,-0.15,0,0,0.39456558390209356,0,0.21213203435596426,0,0,0,2.74,2.74,0.8289671809180673,0.3824036625174389,startup_or_zero_reference,FALSE,-0.5499671809180673,-0.5324036625174389
LQI_vel_lookup_down_post_correction_experiment.csv,LQI_vel,down,down,FALSE,2,5,403,4.03,100,10,1.949,4.02,0.82,-0.9800000000000004,0.9800000000000004,0,0,0,0,0,0,5.012361809045227,0.012361809045226657,1.4909630028585317,0.6943780701313857,down_branch_warmup,FALSE,0.4580369971414684,0.1256219298686142
LQI_vel_lookup_down_post_correction_experiment.csv,LQI_vel,down,down,FALSE,3,10,774,7.74,100,10,3.308,9.48,1.72,-0.5199999999999996,0.5199999999999996,0.0019463511574952246,0.002814105882725734,0.009886221408474215,3.7443744374356515e-4,4.800480048165312e-5,0.002964296429642984,9.958090452261306,0.04190954773869393,3.044421126064581,1.6292967926591235,down_branch_warmup,FALSE,0.263578873935419,0.09070320734087645
LQI_vel_lookup_down_post_correction_experiment.csv,LQI_vel,down,down,FALSE,4,15,963,9.63,100,10,4.341,14.72,2.32,-0.27999999999999936,0.27999999999999936,0.0024539393190987097,0.005752469825293104,0,-0.0039099909991004225,0.009684968496850913,0,15.03748743718593,0.03748743718593062,4.1991719451994935,2.316033402822367,down_branch_warmup,FALSE,0.14182805480050664,0.0039665971776328135
LQI_vel_lookup_down_post_correction_experiment.csv,LQI_vel,down,down,FALSE,5,20,913,9.13,100,10,5.243,19.94,2.86,-0.05999999999999872,0.05999999999999872,0,0,0,0,0,0,19.98321608040201,0.01678391959799086,5.212224556264825,2.911069648127709,down_branch_warmup,FALSE,0.030775443735175045,-0.05106964812770931
LQI_vel_lookup_down_post_correction_experiment.csv,LQI_vel,down,down,FALSE,6,25,453,4.53,100,10,6.275,25.42,3.48,0.4200000000000017,0.4200000000000017,0.008366455387891492,0.01640275906823407,0,-0.02682748274827367,0.0521452145214585,0,25.062613065326637,0.06261306532663724,6.472102908244862,3.5746707665339548,down_branch_warmup,FALSE,-0.19710290824486165,-0.09467076653395479
LQI_vel_lookup_down_post_correction_experiment.csv,LQI_vel,down,down,FALSE,7,28,488,4.88,100,10,6.898,28.36,3.82,0.35999999999999943,0.35999999999999943,0.00962473140121091,0.01991801377465273,0.0020000000000000018,-0.03146174617461892,0.06508250825082168,-0.001164116411640612,28.00331658291457,0.0033165829145715975,7.0459472001154095,3.88950686446587,down_branch_warmup,FALSE,-0.14794720011540985,-0.06950686446587007
LQI_vel_lookup_down_post_correction_experiment.csv,LQI_vel,down,down,FALSE,8,28.939,400,4,100,10,7.181,29.54,3.96,0.6009999999999991,0.6009999999999991,0.0014354811251305563,0.002814105882725734,0,-0.0024986498649884744,0.0022562256225588935,0,28.938994974874376,5.025125624058546e-6,7.433304248515304,4.121772498857926,NA,TRUE,-0.252304248515304,-0.16177249885792566
LQI_vel_lookup_down_post_correction_experiment.csv,LQI_vel,down,down,FALSE,9,28.805,400,4,100,10,7.058,29.62,3.96,0.8150000000000013,0.8150000000000013,0.0036589312343603022,0.008040302522073526,0.005453198486885819,-0.008624662466246331,0.019201920192017625,-0.008832883288328175,28.805326633165834,3.2663316583381174e-4,7.418612368060398,4.1114532333574925,NA,TRUE,-0.36061236806039787,-0.1514532333574925
LQI_vel_lookup_down_post_correction_experiment.csv,LQI_vel,down,down,FALSE,10,28.672,400,4,100,10,6.958,29.64,3.86,0.968,0.968,4.4991581704169483e-4,0,0,-0.0011161116111625784,0,0,28.67165829145729,3.417085427095401e-4,7.387611670794162,4.090946667720008,NA,TRUE,-0.42961167079416196,-0.23094666772000805
LQI_vel_lookup_down_post_correction_experiment.csv,LQI_vel,down,down,FALSE,11,28.538,400,4,100,10,6.919,29.48,3.82,0.9420000000000002,0.9420000000000002,4.988876515700255e-4,0,0,-0.0014785478547872943,0,0,28.53798994974875,1.0050251251669806e-5,7.340302156716597,4.060252801945476,NA,TRUE,-0.42130215671659776,-0.2402528019454766
LQI_vel_lookup_down_post_correction_experiment.csv,LQI_vel,down,down,FALSE,12,28.404,400,4,100,10,6.817,29.42,3.8,1.0160000000000018,1.0160000000000018,4.7736651315191713e-4,0,0,-0.001224122412241816,0,0,28.40432160804021,3.216080402097532e-4,7.280693259960088,4.023099666136561,NA,TRUE,-0.46369325996008826,-0.2230996661365614
LQI_vel_lookup_down_post_correction_experiment.csv,LQI_vel,down,down,FALSE,13,28.271,400,4,100,10,6.823,29.12,3.76,0.8490000000000002,0.8490000000000002,4.408440022765637e-4,0,0,-0.0011545154515441643,0,0,28.270653266331657,3.467336683442568e-4,7.211764468274386,3.9822576312869886,NA,TRUE,-0.3887644682743856,-0.22225763128698883
LQI_vel_lookup_down_post_correction_experiment.csv,LQI_vel,down,down,FALSE,14,28.137,400,4,100,10,6.714,29.04,3.72,0.9029999999999987,0.9029999999999987,3.77525168068763e-4,0,0,-8.454845484554211e-4,0,0,28.13698492462311,1.5075376889939207e-5,7.133515781659494,3.937726697396758,NA,TRUE,-0.4195157816594932,-0.21772669739675798
LQI_vel_lookup_down_post_correction_experiment.csv,LQI_vel,down,down,FALSE,15,28.003,400,4,100,10,6.682,28.78,3.68,0.777000000000001,0.777000000000001,3.77525168068763e-4,0,0,-8.454845484549981e-4,0,0,28.00331658291457,3.165829145714838e-4,7.0459472001154095,3.88950686446587,NA,TRUE,-0.36394720011540915,-0.20950686446586975
LQI_vel_lookup_down_post_correction_experiment.csv,LQI_vel,down,down,FALSE,16,27.87,400,4,100,10,6.622,28.58,3.64,0.7099999999999973,0.7099999999999973,3.942772444037942e-4,0,0,-9.222922292237606e-4,0,0,27.86964824120603,3.5175879397186804e-4,6.959045836572549,3.8432711327580407,NA,TRUE,-0.33704583657254883,-0.20327113275804054
LQI_vel_lookup_down_post_correction_experiment.csv,LQI_vel,down,down,FALSE,17,27.736,400,4,100,10,6.56,28.44,3.6,0.7040000000000006,0.7040000000000006,0.0030141752645212803,0.006289320754704268,0,0.001594959495949494,-0.004884488448842554,0,27.735979899497487,2.0100502513997753e-5,6.8964242050229885,3.8112732569966106,NA,TRUE,-0.33642420502298886,-0.21127325699661048
LQI_vel_lookup_down_post_correction_experiment.csv,LQI_vel,down,down,FALSE,18,27.602,400,4,100,10,6.47,28.4,3.6,0.7979999999999983,0.7979999999999983,3.265986323711995e-4,0,0,-6.336633663387469e-4,0,0,27.602311557788944,3.1155778894387254e-4,6.858082305466728,3.793513237181579,NA,TRUE,-0.3880823054667282,-0.1935132371815791
LQI_vel_lookup_down_post_correction_experiment.csv,LQI_vel,down,down,FALSE,19,27.469,400,4,100,10,6.501,28.16,3.58,0.690999999999999,0.690999999999999,0.0016598344812211229,0.002814105882725734,0,-1.8001800168449965e-6,-3.8403840383804044e-4,0,27.4686432160804,3.567839195994793e-4,6.840010703771383,3.7874498720151983,NA,TRUE,-0.33901070377138254,-0.20744987201519827
LQI_vel_lookup_down_post_correction_experiment.csv,LQI_vel,down,down,FALSE,20,27.335,400,4,100,10,6.432,28.16,3.58,0.8249999999999993,0.8249999999999993,3.487350880198935e-4,0,0,-7.224722472258187e-4,0,0,27.33497487437186,2.5125628141609013e-5,6.839229912187199,3.7874498720151983,NA,TRUE,-0.40722991218719873,-0.20744987201519827
LQI_vel_lookup_down_post_correction_experiment.csv,LQI_vel,down,down,FALSE,21,27.201,400,4,100,10,6.426,28.04,3.54,0.8389999999999986,0.8389999999999986,4.902071300003609e-4,0,0,-0.0014263426342640817,0,0,27.201306532663317,3.065326633162613e-4,6.838883449897395,3.7874498720151983,NA,TRUE,-0.4128834498973948,-0.2474498720151983
LQI_vel_lookup_down_post_correction_experiment.csv,LQI_vel,down,down,FALSE,22,27.068,400,4,100,10,6.358,28.02,3.54,0.9519999999999982,0.9519999999999982,0.003727200048564517,0.007722458393307218,0,-8.322832283238714e-4,-0.0015121512151270102,0,27.067638190954774,3.6180904522709056e-4,6.831608367232991,3.7850661242721544,NA,TRUE,-0.47360836723299116,-0.24506612427215435
LQI_vel_lookup_down_post_correction_experiment.csv,LQI_vel,down,down,FALSE,23,26.934,400,4,100,10,6.395,27.78,3.52,0.8460000000000001,0.8460000000000001,5.016135580463138e-4,0,0,-0.0014935493549330246,0,0,26.933969849246232,3.0150753769220273e-5,6.819277930631452,3.7799784409576223,NA,TRUE,-0.4242779306314528,-0.25997844095762224
LQI_vel_lookup_down_post_correction_experiment.csv,LQI_vel,down,down,FALSE,24,26.8,400,4,100,10,6.301,27.78,3.5,0.9800000000000004,0.9800000000000004,4.4312936752567537e-4,0,0,-0.0010957095709566475,0,0,26.80030150753769,3.0150753768865e-4,6.793947630768029,3.768070944290614,NA,TRUE,-0.49294763076802894,-0.26807094429061396
LQI_vel_lookup_down_post_correction_experiment.csv,LQI_vel,down,down,FALSE,25,26.667,400,4,100,10,6.329,27.5,3.48,0.8329999999999984,0.8329999999999984,4.975698519559673e-4,0,0,-0.0014695469546953048,0,0,26.666633165829147,3.668341708547018e-4,6.7556174676427165,3.7493436342711286,NA,TRUE,-0.4266174676427168,-0.2693436342711286
LQI_vel_lookup_down_post_correction_experiment.csv,LQI_vel,down,down,FALSE,26,26.533,400,4,100,10,6.239,27.44,3.44,0.907,0.907,3.684529491772664e-4,0,0,-8.064806480656301e-4,0,0,26.532964824120604,3.517587939683153e-5,6.7042874412555165,3.723796510899167,NA,TRUE,-0.4652874412555166,-0.28379651089916713
LQI_vel_lookup_down_post_correction_experiment.csv,LQI_vel,down,down,FALSE,27,26.399,400,4,100,10,6.249,27.14,3.42,0.7409999999999997,0.7409999999999997,1.407052941362117e-4,0,0,-1.1401140113905772e-4,0,0,26.399296482412066,2.9648241206459147e-4,6.639957551606429,3.691429574174729,NA,TRUE,-0.3909575516064292,-0.271429574174729
LQI_vel_lookup_down_post_correction_experiment.csv,LQI_vel,down,down,FALSE,28,26.266,400,4,100,10,6.189,27,3.38,0.7340000000000018,0.7340000000000018,0.002533891485562434,0.005128647999524746,0,-0.0028670867086701152,0.0034203420342031293,0,26.26562814070352,3.7185929647876037e-4,6.579484279512236,3.6597739719003184,NA,TRUE,-0.3904842795122363,-0.2797739719003185
LQI_vel_lookup_down_post_correction_experiment.csv,LQI_vel,down,down,FALSE,29,26.132,400,4,100,10,6.102,26.98,3.38,0.847999999999999,0.847999999999999,0.004267270317146204,0.008923920866769283,0,5.98259825981141e-4,-0.004284428442839539,0,26.131959798994977,4.020100502444279e-5,6.554332854423725,3.641451885276724,NA,TRUE,-0.45233285442372484,-0.261451885276724
LQI_vel_lookup_down_post_correction_experiment.csv,LQI_vel,down,down,FALSE,30,25.998,400,4,100,10,6.151,26.74,3.36,0.7419999999999973,0.7419999999999973,0,0,0,0,0,0,25.998291457286435,2.914572864334275e-4,6.554332854423725,3.635117194936676,NA,TRUE,-0.40333285442372535,-0.27511719493667597
LQI_vel_lookup_down_post_correction_experiment.csv,LQI_vel,down,down,FALSE,31,25.865,400,4,100,10,6.082,26.74,3.36,0.875,0.875,4.975698519559673e-4,0,0,-0.0014695469546931867,0,0,25.864623115577892,3.7688442210637163e-4,6.554332854423725,3.630207919872218,NA,TRUE,-0.4723328544237253,-0.27020791987221804
LQI_vel_lookup_down_post_correction_experiment.csv,LQI_vel,down,down,FALSE,32,25.731,400,4,100,10,6.065,26.64,3.32,0.9089999999999989,0.9089999999999989,3.7658754867632714e-4,0,0,-8.220822082199226e-4,0,0,25.73095477386935,4.522613065205405e-5,6.554332854423725,3.625411835365302,NA,TRUE,-0.48933285442372476,-0.30541183536530214
LQI_vel_lookup_down_post_correction_experiment.csv,LQI_vel,down,down,FALSE,33,25.597,400,4,100,10,6.004,26.62,3.32,1.0229999999999997,1.0229999999999997,4.6056618647158306e-4,0,0,-0.0012565256525658708,0,0,25.597286432160807,2.8643216080581624e-4,6.553584865360685,3.620728941415928,NA,TRUE,-0.5495848653606856,-0.3007289414159282
LQI_vel_lookup_down_post_correction_experiment.csv,LQI_vel,down,down,FALSE,34,25.464,400,4,100,10,6.06,26.36,3.3,0.8960000000000008,0.8960000000000008,5.02418393795413e-4,0,0,-0.0014983498349844602,0,0,25.463618090452265,3.819095477339829e-4,6.551438230216485,3.616159238024096,NA,TRUE,-0.49143823021648547,-0.3161592380240963
LQI_vel_lookup_down_post_correction_experiment.csv,LQI_vel,down,down,FALSE,35,25.33,400,4,100,10,5.986,26.36,3.3,1.0300000000000011,1.0300000000000011,4.461960433382264e-4,0,0,-0.0011815181518150504,0,0,25.32994974874372,5.025125627966531e-5,6.547892948991124,3.6117027251898057,NA,TRUE,-0.5618929489911242,-0.3117027251898059
LQI_vel_lookup_down_post_correction_experiment.csv,LQI_vel,down,down,FALSE,36,25.196,400,4,100,10,5.997,26.14,3.28,0.9439999999999991,0.9439999999999991,3.974667256258289e-4,0,0,-8.70087008699576e-4,0,0,25.19628140703518,2.81407035178205e-4,6.5217960107602035,3.598026844429027,NA,TRUE,-0.5247960107602037,-0.3180268444290273
LQI_vel_lookup_down_post_correction_experiment.csv,LQI_vel,down,down,FALSE,37,25.063,400,4,100,10,5.947,26,3.24,0.9370000000000012,0.9370000000000012,4.960449637490239e-4,0,0,-0.001458145814582784,0,0,25.062613065326637,3.8693467336159415e-4,6.472102908244862,3.5746707665339548,NA,TRUE,-0.5251029082448619,-0.33467076653395456
LQI_vel_lookup_down_post_correction_experiment.csv,LQI_vel,down,down,FALSE,38,24.929,400,4,100,10,5.889,25.86,3.22,0.9310000000000009,0.9310000000000009,3.55476632654895e-4,0,0,-7.098709870999367e-4,0,0,24.928944723618095,5.527638190372386e-5,6.416413379207684,3.5480717566712476,NA,TRUE,-0.527413379207684,-0.32807175667124744
LQI_vel_lookup_down_post_correction_experiment.csv,LQI_vel,down,down,FALSE,39,24.795,400,4,100,10,5.876,25.62,3.2,0.8249999999999993,0.8249999999999993,0.0021710677910963196,0.004380858271151713,0,-7.248724872490584e-4,6.600660065981705e-4,0,24.795276381909552,2.763819095505937e-4,6.357848449901391,3.519488479254293,NA,TRUE,-0.4818484499013911,-0.3194884792542929
LQI_vel_lookup_down_post_correction_experiment.csv,LQI_vel,down,down,FALSE,40,24.662,400,4,100,10,5.822,25.46,3.18,0.7980000000000018,0.7980000000000018,0.001384583225043124,0,0.009977753031397186,-0.0017179717971802586,0,0.00688868886888716,24.66160804020101,3.919597989892054e-4,6.296408120325984,3.4889209342830916,NA,TRUE,-0.47440812032598423,-0.3089209342830914
LQI_vel_lookup_down_post_correction_experiment.csv,LQI_vel,down,down,FALSE,41,24.528,400,4,100,10,5.795,25.24,3.14,0.7119999999999997,0.7119999999999997,0.004618572519860888,0.009951397039126415,0,0.012618661866185888,-0.028838883888394406,0,24.52793969849246,6.0301507538440546e-5,6.232092390481461,3.4563691217576435,NA,TRUE,-0.4370923904814612,-0.3163691217576434
LQI_vel_lookup_down_post_correction_experiment.csv,LQI_vel,down,down,FALSE,42,24.394,400,4,100,10,5.752,25.06,3.12,0.6660000000000004,0.6660000000000004,0.0042194355503591,0.009296463974234436,0,0.011600360036002096,-0.025334533453340417,0,24.39427135678392,2.7135678392298246e-4,6.171195962200605,3.424668893295207,NA,TRUE,-0.4191959622006056,-0.3046688932952071
LQI_vel_lookup_down_post_correction_experiment.csv,LQI_vel,down,down,FALSE,43,24.261,400,4,100,10,5.713,24.88,3.1,0.6189999999999998,0.6189999999999998,5.009082659622004e-4,0,0,-0.0014785478547866503,0,0,24.260603015075375,3.969849246239221e-4,6.115068589688622,3.3944283321294932,NA,TRUE,-0.40206858968862225,-0.29442833212949315
LQI_vel_lookup_down_post_correction_experiment.csv,LQI_vel,down,down,FALSE,44,24.127,400,4,100,10,5.651,24.76,3.08,0.6330000000000027,0.6330000000000027,0.0010698343117255225,0.0019999999999999575,0,-6.774677467736474e-4,-0.0010201020102004528,0,24.126934673366833,6.53266331660518e-5,6.063421283703537,3.3655661845102185,NA,TRUE,-0.41242128370353726,-0.2855661845102184
LQI_vel_lookup_down_post_correction_experiment.csv,LQI_vel,down,down,FALSE,45,23.993,400,4,100,10,5.659,24.5,3.06,0.5070000000000014,0.5070000000000014,4.852365870936408e-4,0,0,-0.0013915391539153633,0,0,23.99326633165829,2.663316582918185e-4,6.014123321489656,3.3386274319638045,NA,TRUE,-0.3551233214896561,-0.27862743196380446
LQI_vel_lookup_down_post_correction_experiment.csv,LQI_vel,down,down,FALSE,46,23.86,400,4,100,10,5.582,24.42,3.04,0.5600000000000023,0.5600000000000023,3.684529491775937e-4,0,0,-7.944794479450904e-4,0,0,23.859597989949748,4.0201005025153336e-4,5.967252317234696,3.3136656347949107,NA,TRUE,-0.3852523172346958,-0.2736656347949107
LQI_vel_lookup_down_post_correction_experiment.csv,LQI_vel,down,down,FALSE,47,23.726,400,4,100,10,5.596,24.16,3.02,0.43400000000000105,0.43400000000000105,0.0012519076352801673,0,0.009025217197084268,0.00267506750675015,0,-0.02047404740474081,23.725929648241205,7.035175879366307e-5,5.922808270938655,3.2906807930035367,NA,TRUE,-0.3268082709386553,-0.27068079300353665
LQI_vel_lookup_down_post_correction_experiment.csv,LQI_vel,down,down,FALSE,48,23.592,400,4,100,10,5.493,24.16,3.02,0.5680000000000014,0.5680000000000014,4.960449637485833e-4,0,0,-0.0014497449744971921,0,0,23.592261306532663,2.613065326642072e-4,5.889938184288497,3.272216204827893,NA,TRUE,-0.3969381842884969,-0.2522162048278931
LQI_vel_lookup_down_post_correction_experiment.csv,LQI_vel,down,down,FALSE,49,23.459,400,4,100,10,5.549,23.9,3,0.44099999999999895,0.44099999999999895,0,0,0,0,0,0,23.45859296482412,4.070351758791446e-4,5.885847378316332,3.261545103669609,NA,TRUE,-0.3368473783163317,-0.2615451036696088
LQI_vel_lookup_down_post_correction_experiment.csv,LQI_vel,down,down,FALSE,50,23.325,400,4,100,10,5.482,23.9,3,0.5749999999999993,0.5749999999999993,4.7609522856968233e-4,0,0,-0.0013345334533451554,0,0,23.324924623115574,7.537688442482704e-5,5.885847378316332,3.261545103669609,NA,TRUE,-0.4038473783163319,-0.2615451036696088
LQI_vel_lookup_down_post_correction_experiment.csv,LQI_vel,down,down,FALSE,51,23.191,400,4,100,10,5.487,23.76,2.96,0.5690000000000026,0.5690000000000026,4.793724854412624e-4,0,0,-0.0013471347134720018,0,0,23.191256281407036,2.5628140703659597e-4,5.885847378316332,3.261545103669609,NA,TRUE,-0.398847378316332,-0.30154510366960885
LQI_vel_lookup_down_post_correction_experiment.csv,LQI_vel,down,down,FALSE,52,23.058,400,4,100,10,5.428,23.74,2.96,0.6819999999999986,0.6819999999999986,5.00000000000167e-4,0,0,-0.0014779477947794645,0,0,23.057587939698493,4.120603015067559e-4,5.885847378316332,3.261545103669609,NA,TRUE,-0.45784737831633215,-0.30154510366960885
LQI_vel_lookup_down_post_correction_experiment.csv,LQI_vel,down,down,FALSE,53,22.924,400,4,100,10,5.46,23.54,2.94,0.6159999999999997,0.6159999999999997,0.0014248870236981544,0.002814105882725734,0,-4.200420042017827e-4,-0.0020882088208838564,0,22.92391959798995,8.040201004888559e-5,5.885847378316332,3.261545103669609,NA,TRUE,-0.4258473783163321,-0.32154510366960887
LQI_vel_lookup_down_post_correction_experiment.csv,LQI_vel,down,down,FALSE,54,22.79,400,4,100,10,5.411,23.5,2.94,0.7100000000000009,0.7100000000000009,0.0013742215427232018,0.002814105882725734,0,-3.168316831674926e-4,-0.002160216021606074,0,22.790251256281408,2.512562814089847e-4,5.885847378316332,3.261545103669609,NA,TRUE,-0.4748473783163325,-0.32154510366960887
LQI_vel_lookup_down_post_correction_experiment.csv,LQI_vel,down,down,FALSE,55,22.657,400,4,100,10,5.381,23.42,2.94,0.7630000000000017,0.7630000000000017,3.487350880198935e-4,0,0,-7.104710471042906e-4,0,0,22.656582914572866,4.1708542713436714e-4,5.885847378316332,3.261545103669609,NA,TRUE,-0.5048473783163319,-0.32154510366960887
LQI_vel_lookup_down_post_correction_experiment.csv,LQI_vel,down,down,FALSE,56,22.523,400,4,100,10,5.395,23.26,2.9,0.7370000000000019,0.7370000000000019,0.0012934957723666773,0,0.009211323729436774,-0.0011677167716767993,0,0.001344134413441401,22.522914572864323,8.542713567649685e-5,5.885847378316332,3.261545103669609,NA,TRUE,-0.4908473783163325,-0.3615451036696089
LQI_vel_lookup_down_post_correction_experiment.csv,LQI_vel,down,down,FALSE,57,22.389,400,4,100,10,5.333,23.22,2.9,0.8309999999999995,0.8309999999999995,0.0012091820425895034,0,0.0087038827977849,-0.0012175217521748353,0,0.002460246024602381,22.38924623115578,2.4623115578137345e-4,5.873814709471728,3.261545103669609,NA,TRUE,-0.5408147094717277,-0.3615451036696089
LQI_vel_lookup_down_post_correction_experiment.csv,LQI_vel,down,down,FALSE,58,22.256,400,4,100,10,5.366,22.98,2.88,0.7240000000000002,0.7240000000000002,9.586922911397986e-4,0,0,1.3801380137749238e-5,0,0,22.25557788944724,4.221105527619784e-4,5.857140805709219,3.261545103669609,NA,TRUE,-0.49114080570921903,-0.3815451036696089
LQI_vel_lookup_down_post_correction_experiment.csv,LQI_vel,down,down,FALSE,59,22.122,400,4,100,10,5.296,22.96,2.88,0.838000000000001,0.838000000000001,0.004350444073466681,0.009704731741877987,0,0.012258625862584633,-0.027614761476150496,0,22.121909547738696,9.04522613041081e-5,5.8456926039863175,3.261545103669609,NA,TRUE,-0.5496926039863173,-0.3815451036696089
LQI_vel_lookup_down_post_correction_experiment.csv,LQI_vel,down,down,FALSE,60,21.988,400,4,100,10,5.29,22.82,2.86,0.8320000000000007,0.8320000000000007,4.943110704238754e-4,0,0,-0.001444344434445257,0,0,21.988241206030153,2.4120603015376219e-4,5.839470104303027,3.2603587517419035,NA,TRUE,-0.549470104303027,-0.4003587517419036
LQI_vel_lookup_down_post_correction_experiment.csv,LQI_vel,down,down,FALSE,61,21.855,400,4,100,10,5.283,22.64,2.84,0.7850000000000001,0.7850000000000001,0.0038838047574434563,0.008459051693632834,0,0.009769576957695782,-0.02125412541254514,0,21.85457286432161,4.2713567838958966e-4,5.813398581915325,3.2474565985643737,NA,TRUE,-0.5303985819153247,-0.4074565985643739
LQI_vel_lookup_down_post_correction_experiment.csv,LQI_vel,down,down,FALSE,62,21.721,400,4,100,10,5.264,22.42,2.82,0.6990000000000016,0.6990000000000016,4.7609522856968233e-4,0,0,-0.0013345334533459922,0,0,21.72090452261307,9.547738693171937e-5,5.757262928954949,3.21806507247536,NA,TRUE,-0.49326292895494905,-0.39806507247536027
LQI_vel_lookup_down_post_correction_experiment.csv,LQI_vel,down,down,FALSE,63,21.587,400,4,100,10,5.229,22.2,2.8,0.6129999999999995,0.6129999999999995,0.004691234034630835,0.009977753031396964,0,0.0012721272127208124,-0.005664566456646584,0,21.58723618090453,2.3618090452970364e-4,5.687154128066213,3.1803942490628874,NA,TRUE,-0.45815412806621314,-0.38039424906288755
LQI_vel_lookup_down_post_correction_experiment.csv,LQI_vel,down,down,FALSE,64,21.454,400,4,100,10,5.171,22.04,2.78,0.5859999999999985,0.5859999999999985,0.002886751345948036,0.006289320754704268,0,0.0035175517551745755,-0.01093309330933164,0,21.453567839195983,4.321608040172009e-4,5.620882093226234,3.144220117057287,NA,TRUE,-0.4498820932262335,-0.3642201170572874
LQI_vel_lookup_down_post_correction_experiment.csv,LQI_vel,down,down,FALSE,65,21.32,400,4,100,10,5.155,21.8,2.76,0.4800000000000004,0.4800000000000004,0.0025650920002404523,0.005453198486885699,0.002814105882725734,0.0020648064806471603,-0.004704470447045823,-4.5604560456051816e-4,21.31989949748744,1.0050251255933063e-4,5.558829771254587,3.109911607062146,NA,TRUE,-0.4038297712545864,-0.3499116070621464
LQI_vel_lookup_down_post_correction_experiment.csv,LQI_vel,down,down,FALSE,66,21.186,400,4,100,10,5.086,21.68,2.74,0.4939999999999998,0.4939999999999998,0.0020674485324533288,0.003938927711338564,0,0.0012565256525655171,-0.0038163816381656377,0,21.1862311557789,2.3115577889853967e-4,5.50099716215127,3.077468719077467,NA,TRUE,-0.4149971621512698,-0.3374687190774668
LQI_vel_lookup_down_post_correction_experiment.csv,LQI_vel,down,down,FALSE,67,21.053,400,4,100,10,5.08,21.44,2.72,0.38700000000000045,0.38700000000000045,4.943110704238754e-4,0,0,-0.0013975397539770823,0,0,21.052562814070356,4.371859296448122e-4,5.447384265916284,3.046891453103247,NA,TRUE,-0.36738426591628404,-0.32689145310324674
LQI_vel_lookup_down_post_correction_experiment.csv,LQI_vel,down,down,FALSE,68,20.919,400,4,100,10,5.009,21.36,2.7,0.44099999999999895,0.44099999999999895,0.0018051273773572114,0.003938927711338564,0,0.001698769876987329,-0.004440444044403745,0,20.918894472361817,1.0552763818338917e-4,5.404613110216467,3.0208083945076254,NA,TRUE,-0.39561311021646706,-0.3208083945076252
LQI_vel_lookup_down_post_correction_experiment.csv,LQI_vel,down,down,FALSE,69,20.785,400,4,100,10,5.017,21.14,2.68,0.3550000000000004,0.3550000000000004,0.001800673274756948,0.004380858271151713,0,0.0016981698169815456,-0.005508550855086569,0,20.785226130653264,2.2613065326382298e-4,5.3732194822922414,3.0000847734322456,NA,TRUE,-0.3562194822922411,-0.3200847734322454
LQI_vel_lookup_down_post_correction_experiment.csv,LQI_vel,down,down,FALSE,70,20.652,400,4,100,10,4.959,21.06,2.68,0.4079999999999977,0.4079999999999977,0.00417122175256727,0.008326663997864353,0,0.00875787578757858,-0.018145814581457493,0,20.65155778894472,4.4221105527952886e-4,5.3455213090523666,2.9827808929781523,NA,TRUE,-0.3865213090523669,-0.30278089297815214
LQI_vel_lookup_down_post_correction_experiment.csv,LQI_vel,down,down,FALSE,71,20.518,400,4,100,10,4.981,20.82,2.66,0.3019999999999996,0.3019999999999996,0,0,0,0,0,0,20.51788944723618,1.1055276382165857e-4,5.317608194759971,2.966828747488778,NA,TRUE,-0.33660819475997084,-0.30682874748877786
LQI_vel_lookup_down_post_correction_experiment.csv,LQI_vel,down,down,FALSE,72,20.384,400,4,100,10,4.884,20.82,2.66,0.43599999999999994,0.43599999999999994,0,0,0,0,0,0,20.384221105527637,2.2110552763621172e-4,5.289097192595478,2.951859406360535,NA,TRUE,-0.40509719259547783,-0.29185940636053465
LQI_vel_lookup_down_post_correction_experiment.csv,LQI_vel,down,down,FALSE,73,20.251,400,4,100,10,4.948,20.5,2.62,0.24899999999999878,0.24899999999999878,0,0,0,0,0,0,20.250552763819098,4.472361809035874e-4,5.261803950577297,2.937953319148532,NA,TRUE,-0.31380395057729693,-0.31795331914853175
LQI_vel_lookup_down_post_correction_experiment.csv,LQI_vel,down,down,FALSE,74,20.117,400,4,100,10,4.857,20.5,2.62,0.3829999999999991,0.3829999999999991,0,0,0,0,0,0,20.11688442211055,1.1557788944926983e-4,5.238539783447094,2.925235052408589,NA,TRUE,-0.38153978344709394,-0.3052350524085887
LQI_vel_lookup_down_post_correction_experiment.csv,LQI_vel,down,down,FALSE,75,19.983,400,4,100,10,4.891,20.24,2.6,0.2569999999999979,0.2569999999999979,1.9694638556699815e-4,0,0,-2.1842184218418405e-4,0,0,19.98321608040201,2.1608040200860046e-4,5.212224556264825,2.911069648127709,NA,TRUE,-0.32122455626482527,-0.3110696481277091
LQI_vel_lookup_down_post_correction_experiment.csv,LQI_vel,down,down,FALSE,76,19.85,400,4,100,10,4.791,20.24,2.6,0.389999999999997,0.389999999999997,4.852365870940718e-4,0,0,-0.0013447344734479469,0,0,19.849547738693467,4.522613065347514e-4,5.180463924905995,2.8945660221259804,NA,TRUE,-0.3894639249059946,-0.29456602212598026
LQI_vel_lookup_down_post_correction_experiment.csv,LQI_vel,down,down,FALSE,77,19.716,400,4,100,10,4.851,19.92,2.56,0.20400000000000063,0.20400000000000063,0,0,0,0,0,0,19.715879396984924,1.2060301507688109e-4,5.149708411110149,2.877769245143825,NA,TRUE,-0.298708411110149,-0.317769245143825
LQI_vel_lookup_down_post_correction_experiment.csv,LQI_vel,down,down,FALSE,78,19.582,400,4,100,10,4.755,19.92,2.56,0.33800000000000097,0.33800000000000097,0,0,0,0,0,0,19.58221105527638,2.110552763809892e-4,5.12188494772157,2.8613225041496197,NA,TRUE,-0.3668849477215703,-0.3013225041496197
LQI_vel_lookup_down_post_correction_experiment.csv,LQI_vel,down,down,FALSE,79,19.449,400,4,100,10,4.79,19.66,2.54,0.21099999999999852,0.21099999999999852,0.001407052941362867,0.002814105882725734,0,1.2001200120016107e-4,-1.9201920192229467e-4,0,19.44854271356784,4.5728643216236264e-4,5.096993534740257,2.8452257991433636,NA,TRUE,-0.3069935347402568,-0.30522579914336356
LQI_vel_lookup_down_post_correction_experiment.csv,LQI_vel,down,down,FALSE,80,19.315,400,4,100,10,4.7,19.66,2.54,0.34499999999999886,0.34499999999999886,0.001438679248407276,0.002814105882725734,0,-1.434143414330934e-4,-0.0021602160216042205,0,19.314874371859297,1.2562814070449235e-4,5.075079012337293,2.829568972074009,NA,TRUE,-0.37507901233729246,-0.2895689720740089
LQI_vel_lookup_down_post_correction_experiment.csv,LQI_vel,down,down,FALSE,81,19.181,400,4,100,10,4.751,19.38,2.52,0.19899999999999807,0.19899999999999807,4.2923469599107116e-4,0,0,-7.90879087909394e-4,0,0,19.18120603015075,2.0603015074982522e-4,5.055429752495401,2.814419641862841,NA,TRUE,-0.30442975249540094,-0.2944196418628411
LQI_vel_lookup_down_post_correction_experiment.csv,LQI_vel,down,down,FALSE,82,19.048,400,4,100,10,4.665,19.38,2.52,0.33200000000000074,0.33200000000000074,4.020151261038191e-4,0,0,-8.664866486658468e-4,0,0,19.047537688442212,4.623115577864212e-4,5.038045755214583,2.799777808509861,NA,TRUE,-0.3730457552145827,-0.279777808509861
LQI_vel_lookup_down_post_correction_experiment.csv,LQI_vel,down,down,FALSE,83,18.914,400,4,100,10,4.71,19.12,2.5,0.20599999999999952,0.20599999999999952,2.5643239997632844e-4,0,0,-3.570357035701088e-4,0,0,18.91386934673367,1.306532663321036e-4,5.022016342913214,2.7858180787718516,NA,TRUE,-0.3120163429132141,-0.2858180787718516
LQI_vel_lookup_down_post_correction_experiment.csv,LQI_vel,down,down,FALSE,84,18.78,400,4,100,10,4.627,19.12,2.5,0.33999999999999986,0.33999999999999986,0,0,0,0,0,0,18.780201005025127,2.0100502512576668e-4,5.006870424620018,2.772761531176416,NA,TRUE,-0.37987042462001863,-0.2727615311764162
LQI_vel_lookup_down_post_correction_experiment.csv,LQI_vel,down,down,FALSE,85,18.647,400,4,100,10,4.666,18.88,2.46,0.23300000000000054,0.23300000000000054,4.923659639173496e-4,0,0.003938927711338651,-1.87218721872088e-4,0,-0.0022082208220817927,18.646532663316584,4.6733668341403245e-4,4.993071361336108,2.760568519688001,NA,TRUE,-0.3270713613361078,-0.30056851968800125
LQI_vel_lookup_down_post_correction_experiment.csv,LQI_vel,down,down,FALSE,86,18.513,400,4,100,10,4.586,18.88,2.46,0.36699999999999733,0.36699999999999733,3.7752516806842764e-4,0,0,-7.674767476736395e-4,0,0,18.51286432160804,1.3567839196326759e-4,4.980619153061484,2.7492390443066075,NA,TRUE,-0.394619153061484,-0.2892390443066075
LQI_vel_lookup_down_post_correction_experiment.csv,LQI_vel,down,down,FALSE,87,18.379,400,4,100,10,4.621,18.64,2.46,0.26099999999999923,0.26099999999999923,4.408440022765637e-4,0,0,-9.024902490246124e-4,0,0,18.3791959798995,1.9597989949815542e-4,4.96743181944353,2.738526439723585,NA,TRUE,-0.34643181944352985,-0.27852643972358493
LQI_vel_lookup_down_post_correction_experiment.csv,LQI_vel,down,down,FALSE,88,18.246,400,4,100,10,4.536,18.64,2.44,0.3940000000000019,0.3940000000000019,7.550503361371906e-4,0,0.007550503361372744,0.0016117611761170111,0,-0.01652565256525659,18.245527638190957,4.723618090416437e-4,4.947283054084009,2.7268156003903457,NA,TRUE,-0.41128305408400934,-0.2868156003903457
LQI_vel_lookup_down_post_correction_experiment.csv,LQI_vel,down,down,FALSE,89,18.112,400,4,100,10,4.588,18.34,2.42,0.22800000000000153,0.22800000000000153,5.009082659622004e-4,0,0,-0.0011305130513048823,0,0,18.111859296482415,1.4070351758377342e-4,4.920172856982918,2.71410652630689,NA,TRUE,-0.3321728569829183,-0.29410652630689027
LQI_vel_lookup_down_post_correction_experiment.csv,LQI_vel,down,down,FALSE,90,17.978,400,4,100,10,4.487,18.34,2.42,0.3619999999999983,0.3619999999999983,5.02116731568846e-4,0,0,-0.0014041404140424335,0,0,17.978190954773872,1.9095477387054416e-4,4.887034378488936,2.7002067162833416,NA,TRUE,-0.40003437848893597,-0.2802067162833417
LQI_vel_lookup_down_post_correction_experiment.csv,LQI_vel,down,down,FALSE,91,17.845,400,4,100,10,4.53,18.04,2.4,0.19500000000000028,0.19500000000000028,0,0,0,0,0,0,17.84452261306533,4.7738693466925497e-4,4.850615244592945,2.683957626811963,NA,TRUE,-0.3206152445929451,-0.28395762681196324
LQI_vel_lookup_down_post_correction_experiment.csv,LQI_vel,down,down,FALSE,92,17.711,400,4,100,10,4.434,18.02,2.38,0.30900000000000105,0.30900000000000105,4.725815626249989e-4,0,0,-0.001272727272725639,0,0,17.710854271356787,1.4572864321138468e-4,4.810915455294946,2.6653592578927534,NA,TRUE,-0.3769154552949461,-0.2853592578927535
LQI_vel_lookup_down_post_correction_experiment.csv,LQI_vel,down,down,FALSE,93,17.577,400,4,100,10,4.474,17.72,2.34,0.14299999999999713,0.14299999999999713,0,0,0,0,0,0,17.577185929648245,1.859296482429329e-4,4.7690980219855525,2.6450649094921967,NA,TRUE,-0.29509802198555235,-0.3050649094921969
LQI_vel_lookup_down_post_correction_experiment.csv,LQI_vel,down,down,FALSE,94,17.444,400,4,100,10,4.394,17.66,2.34,0.21600000000000108,0.21600000000000108,0.003674358323695339,0.007550503361372577,0,0.008309030903090707,-0.016693669366933908,0,17.4435175879397,4.8241206030041894e-4,4.7280612396272215,2.6246545994833776,NA,TRUE,-0.33406123962722134,-0.2846545994833778
LQI_vel_lookup_down_post_correction_experiment.csv,LQI_vel,down,down,FALSE,95,17.31,400,4,100,10,4.428,17.38,2.32,0.07000000000000028,0.07000000000000028,0.002876234912646552,0.005752469825293104,0,-6.780678067805027e-4,0.0011401140114001395,0,17.309849246231156,1.5075376884254865e-4,4.6919317278938015,2.6055512479377776,NA,TRUE,-0.2639317278938016,-0.28555124793777775
LQI_vel_lookup_down_post_correction_experiment.csv,LQI_vel,down,down,FALSE,96,17.176,400,4,100,10,4.351,17.34,2.3,0.16400000000000148,0.16400000000000148,0.0016686049335425473,0.0019999999999999575,0.009376523445243022,3.624362436245245e-4,-0.0011881188118827875,6.960696069604937e-4,17.176180904522614,1.8090452261532164e-4,4.660709486785293,2.587754854855397,NA,TRUE,-0.30970948678529275,-0.2877548548553972
LQI_vel_lookup_down_post_correction_experiment.csv,LQI_vel,down,down,FALSE,97,17.043,400,4,100,10,4.365,17.12,2.28,0.07700000000000173,0.07700000000000173,0.015471952466683458,0.008923920866769283,0.00881688004553617,0.03691989198919863,-0.02216621662166358,0.023090309030902898,17.04251256281407,4.874371859280302e-4,4.633171966522676,2.5708496744448883,NA,TRUE,-0.26817196652267583,-0.2908496744448885
LQI_vel_lookup_down_post_correction_experiment.csv,LQI_vel,down,down,FALSE,98,16.909,400,4,100,10,4.291,17.08,2.28,0.17099999999999937,0.17099999999999937,0.001407052941362992,0.0028141058827262336,0,0.0011281128112813797,-0.002304230423041308,0,16.90884422110553,1.557788944701599e-4,4.607286042439457,2.5553107393560675,NA,TRUE,-0.31628604243945624,-0.27531073935606765
LQI_vel_lookup_down_post_correction_experiment.csv,LQI_vel,down,down,FALSE,99,16.775,400,4,100,10,4.347,16.82,2.28,0.045000000000001705,0.045000000000001705,5.128647999524291e-4,0,0.0051286479995248605,2.076207620759119e-4,0,-0.0019081908190821987,16.775175879396986,1.7587939698771038e-4,4.583051714535631,2.541138049588933,NA,TRUE,-0.23605171453563045,-0.2611380495889333
LQI_vel_lookup_down_post_correction_experiment.csv,LQI_vel,down,down,FALSE,100,16.642,400,4,100,10,4.237,16.82,2.26,0.17800000000000082,0.17800000000000082,0,0,0,0,0,0,16.641507537688444,4.924623115556415e-4,4.5593059714205895,2.5276783051770035,NA,TRUE,-0.32230597142058937,-0.26767830517700375
LQI_vel_lookup_down_post_correction_experiment.csv,LQI_vel,down,down,FALSE,101,16.508,400,4,100,10,4.297499999999999,16.54,2.24,0.03200000000000003,0.03200000000000003,5.025189076297738e-4,0,0,3.0003000300550604e-5,0,0,16.507839195979898,1.6080402010132389e-4,4.533372010294997,2.5134278620517816,NA,TRUE,-0.23587201029499738,-0.2734278620517814
LQI_vel_lookup_down_post_correction_experiment.csv,LQI_vel,down,down,FALSE,102,16.374,400,4,100,10,4.206,16.5,2.24,0.12600000000000122,0.12600000000000122,0.004390485580931237,0.009704731741877987,0,0.012237623762376403,-0.026894689468947422,0,16.374170854271355,1.708542713565464e-4,4.505249831158856,2.498386720213269,NA,TRUE,-0.2992498311588552,-0.2583867202132688
LQI_vel_lookup_down_post_correction_experiment.csv,LQI_vel,down,down,FALSE,103,16.241,400,4,100,10,4.239,16.22,2.2,-0.021000000000000796,0.021000000000000796,0,0.009847319278346409,0,0,-0.02873087308731062,0,16.240502512562813,4.974874371868054e-4,4.474939434012166,2.4825548796614645,NA,TRUE,-0.23593943401216588,-0.2825548796614643
LQI_vel_lookup_down_post_correction_experiment.csv,LQI_vel,down,down,FALSE,104,16.107,400,4,100,10,4.17,16.18,2.2,0.0730000000000004,0.0730000000000004,0.010717605642449852,0.006289320754704268,0,0.018849084908491503,-0.011581158115813766,0,16.10683417085427,1.6582914572893515e-4,4.442904724108549,2.465727185219521,NA,TRUE,-0.2729047241085487,-0.26572718521952066
LQI_vel_lookup_down_post_correction_experiment.csv,LQI_vel,down,down,FALSE,105,15.973,400,4,100,10,4.202,15.9,2.18,-0.0730000000000004,0.0730000000000004,4.988876515700255e-4,0,0,3.432343234323192e-4,0,0,15.97316582914573,1.6582914572893515e-4,4.405454591425071,2.444200387438472,NA,TRUE,-0.20345459142507138,-0.26420038743847174
LQI_vel_lookup_down_post_correction_experiment.csv,LQI_vel,down,down,FALSE,106,15.839,400,4,100,10,4.122,15.9,2.18,0.06099999999999994,0.06099999999999994,0,0,0,0,0,0,15.839497487437187,4.974874371868054e-4,4.363655134617114,2.4187266832907146,NA,TRUE,-0.24165513461711452,-0.23872668329071445
LQI_vel_lookup_down_post_correction_experiment.csv,LQI_vel,down,down,FALSE,107,15.706,400,4,100,10,4.146,15.58,2.16,-0.12599999999999945,0.12599999999999945,0,0,0,0,0,0,15.705829145728645,1.7085427135477005e-4,4.327257123776848,2.396185829827677,NA,TRUE,-0.18125712377684788,-0.23618582982767666
LQI_vel_lookup_down_post_correction_experiment.csv,LQI_vel,down,down,FALSE,108,15.572,400,4,100,10,4.052,15.58,2.16,0.008000000000000895,0.008000000000000895,0,0,0,0,0,0,15.572160804020102,1.6080402010310024e-4,4.2962605589042715,2.376577827049358,NA,TRUE,-0.2442605589042719,-0.2165778270493579
LQI_vel_lookup_down_post_correction_experiment.csv,LQI_vel,down,down,FALSE,109,15.438,400,4,100,10,4.097,15.3,2.12,-0.1379999999999999,0.1379999999999999,0,0,0,0,0,0,15.438492462311558,4.924623115574178e-4,4.2706654399993855,2.359902674955758,NA,TRUE,-0.1736654399993851,-0.2399026749557578
LQI_vel_lookup_down_post_correction_experiment.csv,LQI_vel,down,down,FALSE,110,15.305,400,4,100,10,4.008,15.28,2.12,-0.025000000000000355,0.025000000000000355,0,0.009977753031396964,0,0,-0.029570957095711337,0,15.304824120603016,1.7587939698415767e-4,4.250471767062191,2.3461603735468772,NA,TRUE,-0.24247176706219076,-0.22616037354687712
LQI_vel_lookup_down_post_correction_experiment.csv,LQI_vel,down,down,FALSE,111,15.171,400,4,100,10,4.041,15.06,2.1,-0.11099999999999888,0.11099999999999888,0.0010641542380804008,0.0019999999999999575,0,0.0011971197119712415,-9.000900090023369e-4,0,15.171155778894471,1.5577889447193627e-4,4.22798844308428,2.331673155146121,NA,TRUE,-0.18698844308427987,-0.23167315514612108
LQI_vel_lookup_down_post_correction_experiment.csv,LQI_vel,down,down,FALSE,112,15.037,400,4,100,10,3.956,15.02,2.1,-0.017000000000001236,0.017000000000001236,0,0.009587449708821841,0,0,-0.025862586258627824,0,15.03748743718593,4.8743718592980656e-4,4.1991719451994935,2.316033402822367,NA,TRUE,-0.2431719451994936,-0.21603340282236694
LQI_vel_lookup_down_post_correction_experiment.csv,LQI_vel,down,down,FALSE,113,14.904,400,4,100,10,4.002,14.74,2.06,-0.1639999999999997,0.1639999999999997,4.793724854412624e-4,0,0,8.070807080704411e-4,0,0,14.903819095477388,1.8090452261176893e-4,4.1629561747524475,2.2984889196032157,NA,TRUE,-0.16095617475244772,-0.2384889196032156
LQI_vel_lookup_down_post_correction_experiment.csv,LQI_vel,down,down,FALSE,114,14.77,400,4,100,10,3.92,14.7,2.06,-0.07000000000000028,0.07000000000000028,0.0027265992434429703,0.005752469825293104,0,0.004164416441643902,-0.009324932493249208,0,14.770150753768846,1.5075376884610137e-4,4.127781946406352,2.2804285440915786,NA,TRUE,-0.20778194640635217,-0.22042854409157853
LQI_vel_lookup_down_post_correction_experiment.csv,LQI_vel,down,down,FALSE,115,14.636,400,4,100,10,3.878,14.62,2.06,-0.016000000000000014,0.016000000000000014,0,0,0,0,0,0,14.636482412060303,4.8241206030397166e-4,4.121669835726797,2.263123678221726,NA,TRUE,-0.2436698357267968,-0.20312367822172606
LQI_vel_lookup_down_post_correction_experiment.csv,LQI_vel,down,down,FALSE,116,14.503,400,4,100,10,3.939,14.38,2.04,-0.12299999999999933,0.12299999999999933,0.0013385881300153986,0.002814105882725984,0,-4.782478247830153e-4,0.001056105610563608,0,14.50281407035176,1.8592964823938019e-4,4.121669835726797,2.250848329310292,NA,TRUE,-0.18266983572679685,-0.21084832931029185
LQI_vel_lookup_down_post_correction_experiment.csv,LQI_vel,down,down,FALSE,117,14.369,400,4,100,10,3.88,14.38,2.04,0.011000000000001009,0.011000000000001009,0,0,0,0,0,0,14.369145728643216,1.4572864321671375e-4,4.121669835726797,2.250848329310292,NA,TRUE,-0.241669835726797,-0.21084832931029185
LQI_vel_lookup_down_post_correction_experiment.csv,LQI_vel,down,down,FALSE,118,14.235,400,4,100,10,3.919,14.16,2.02,-0.07499999999999929,0.07499999999999929,0.013725578863986577,0.007550503361372577,0,-0.002648664866486537,0.001092109210919277,0,14.235477386934674,4.7738693467458404e-4,4.121669835726797,2.250848329310292,NA,TRUE,-0.20266983572679687,-0.23084832931029187
LQI_vel_lookup_down_post_correction_experiment.csv,LQI_vel,down,down,FALSE,119,14.102,400,4,100,10,3.882,14.16,2.02,0.05799999999999983,0.05799999999999983,0.013632759119566384,0.0073690589835492554,0,6.660666066600535e-4,-7.440744074426154e-4,0,14.101809045226132,1.909547738687678e-4,4.121669835726797,2.250848329310292,NA,TRUE,-0.2396698357267968,-0.23084832931029187
LQI_vel_lookup_down_post_correction_experiment.csv,LQI_vel,down,down,FALSE,120,13.968,400,4,100,10,3.84,14.06,2,0.09200000000000053,0.09200000000000053,0,0,0,0,0,0,13.968140703517587,1.4070351758732613e-4,4.121669835726797,2.250848329310292,NA,TRUE,-0.28166983572679705,-0.2508483293102919
LQI_vel_lookup_down_post_correction_experiment.csv,LQI_vel,down,down,FALSE,121,13.834,400,4,100,10,3.813,13.98,2,0.1460000000000008,0.1460000000000008,4.4084400227675953e-4,0,0,-7.332733273330566e-4,0,0,13.834472361809048,4.7236180904874914e-4,4.121669835726797,2.250848329310292,NA,TRUE,-0.30866983572679674,-0.2508483293102919
LQI_vel_lookup_down_post_correction_experiment.csv,LQI_vel,down,down,FALSE,122,13.701,400,4,100,10,3.833,13.78,2,0.07899999999999885,0.07899999999999885,0.009069963749885751,0.0047736651315187385,0,-0.0020978097809779025,0.0012481248124842019,0,13.700804020100504,1.9597989949637906e-4,4.110558518296717,2.242135985429654,NA,TRUE,-0.2775585182967166,-0.2421359854296541
LQI_vel_lookup_down_post_correction_experiment.csv,LQI_vel,down,down,FALSE,123,13.567,400,4,100,10,3.835,13.62,1.98,0.05299999999999905,0.05299999999999905,0.0012168430756294066,0,0.009296463974234644,1.2301230123065433e-4,0,-3.240324032402555e-4,13.56713567839196,1.3567839195971487e-4,4.0751011088367015,2.222239699365454,NA,TRUE,-0.24010110883670155,-0.2422396993654541
LQI_vel_lookup_down_post_correction_experiment.csv,LQI_vel,down,down,FALSE,124,13.433,400,4,100,10,3.789,13.5,1.94,0.06700000000000017,0.06700000000000017,0.00919980236941885,0.003938927711338564,0,0.011517551755174929,-0.004392439243921711,0,13.433467336683416,4.673366834158088e-4,4.027666950864912,2.1964382703105176,NA,TRUE,-0.23866695086491196,-0.2564382703105177
LQI_vel_lookup_down_post_correction_experiment.csv,LQI_vel,down,down,FALSE,125,13.3,400,4,100,10,3.765,13.22,1.92,-0.08000000000000007,0.08000000000000007,0,0,0,0,0,0,13.299798994974877,2.0100502512399032e-4,3.967075343688901,2.1640358116422056,NA,TRUE,-0.20207534368890068,-0.24403581164220567
LQI_vel_lookup_down_post_correction_experiment.csv,LQI_vel,down,down,FALSE,126,13.166,400,4,100,10,3.648,13.2,1.92,0.03399999999999892,0.03399999999999892,0,0,0,0,0,0,13.166130653266332,1.306532663321036e-4,3.89332628730867,2.125032323360517,NA,TRUE,-0.24532628730866968,-0.20503232336051713
LQI_vel_lookup_down_post_correction_experiment.csv,LQI_vel,down,down,FALSE,127,13.032,400,4,100,10,3.682,12.8,1.88,-0.23199999999999932,0.23199999999999932,3.588702812826584e-4,0,0.0028141058827257652,-8.460846084623803e-5,0,7.200720072009843e-4,13.03246231155779,4.623115577899739e-4,3.814714513926062,2.0835908080023327,NA,TRUE,-0.13271451392606215,-0.20359080800233276
LQI_vel_lookup_down_post_correction_experiment.csv,LQI_vel,down,down,FALSE,128,12.899,400,4,100,10,3.63,12.64,1.86,-0.25899999999999856,0.25899999999999856,0.003653848116794915,0.008459051693632834,0.00912096043144138,0.009740774077407898,-0.02125412541254481,0.005964596459645843,12.898793969849248,2.0603015075160158e-4,3.750511603663736,2.049095664354362,NA,TRUE,-0.12051160366373592,-0.18909566435436198
LQI_vel_lookup_down_post_correction_experiment.csv,LQI_vel,down,down,FALSE,129,12.765,400,4,100,10,3.605,12.46,1.82,-0.3049999999999997,0.3049999999999997,0.0010889249633273415,0,0.009648363026488445,6.234623462341519e-4,0,-0.002256225622562146,12.765125628140703,1.25628140702716e-4,3.700717556521692,2.0215468924166062,NA,TRUE,-0.0957175565216919,-0.20154689241660617
LQI_vel_lookup_down_post_correction_experiment.csv,LQI_vel,down,down,FALSE,130,12.631,400,4,100,10,3.541,12.38,1.82,-0.25099999999999945,0.25099999999999945,0.004020151261036941,0.0081872036148072,0,0.009600960096009607,-0.01990999099909987,0,12.63145728643216,4.572864321605863e-4,3.663985034024028,2.0003853292503693,NA,TRUE,-0.12298503402402794,-0.1803853292503692
LQI_vel_lookup_down_post_correction_experiment.csv,LQI_vel,down,down,FALSE,131,12.498,400,4,100,10,3.571,12.12,1.8,-0.3780000000000001,0.3780000000000001,0.001959591794226602,0.003938927711338913,0,0.0018649864986495545,-0.001488148814878823,0,12.497788944723618,2.110552763809892e-4,3.630576805102106,1.9821365518565532,NA,TRUE,-0.05957680510210572,-0.1821365518565532
LQI_vel_lookup_down_post_correction_experiment.csv,LQI_vel,down,down,FALSE,132,12.364,400,4,100,10,3.495,12.08,1.8,-0.2840000000000007,0.2840000000000007,0.004093601807403418,0.008040302522073526,0,0.00995499549955009,-0.019201920192018627,0,12.364120603015076,1.2060301507510474e-4,3.600492869755924,1.966800560235158,NA,TRUE,-0.10549286975592409,-0.16680056023515788
LQI_vel_lookup_down_post_correction_experiment.csv,LQI_vel,down,down,FALSE,133,12.23,400,4,100,10,3.512,11.86,1.78,-0.370000000000001,0.370000000000001,5.02116731568623e-4,0.0019999999999999575,0,0.0012697269726975131,-0.0011881188118816502,0,12.230452261306532,4.5226130653119867e-4,3.5728340588343,1.953669413202565,NA,TRUE,-0.06083405883429993,-0.1736694132025649
LQI_vel_lookup_down_post_correction_experiment.csv,LQI_vel,down,down,FALSE,134,12.097,400,4,100,10,3.455,11.78,1.78,-0.31700000000000017,0.31700000000000017,0.004484890458444085,0.009451631252505855,0.003938927711338651,0.012474647464746485,-0.026534653465347762,0.0030243024302429723,12.096783919597993,2.160804020068241e-4,3.5428213180131474,1.9382269847388456,NA,TRUE,-0.0878213180131473,-0.15822698473884556
LQI_vel_lookup_down_post_correction_experiment.csv,LQI_vel,down,down,FALSE,135,11.963,400,4,100,10,3.471,11.56,1.74,-0.4029999999999987,0.4029999999999987,4.8241815132436865e-4,0,0,0.001238523852385549,0,0,11.963115577889448,1.1557788944926983e-4,3.511870446860311,1.921010761212523,NA,TRUE,-0.04087044686031094,-0.1810107612125229
LQI_vel_lookup_down_post_correction_experiment.csv,LQI_vel,down,down,FALSE,136,11.829,400,4,100,10,3.402,11.5,1.74,-0.3290000000000006,0.3290000000000006,0.003961940143032266,0.008040302522073526,0,0.009622562256225686,-0.018625862586259943,0,11.829447236180906,4.4723618090536377e-4,3.4799814453757905,1.9020207426235969,NA,TRUE,-0.07798144537579033,-0.1620207426235969
LQI_vel_lookup_down_post_correction_experiment.csv,LQI_vel,down,down,FALSE,137,11.696,400,4,100,10,3.418,11.28,1.72,-0.41600000000000037,0.41600000000000037,9.999999999998899e-5,0,0,5.9405940594134425e-5,0,0,11.695778894472362,2.2110552763798808e-4,3.451614208487479,1.884549925697257,NA,TRUE,-0.03361420848747887,-0.16454992569725713
LQI_vel_lookup_down_post_correction_experiment.csv,LQI_vel,down,down,FALSE,138,11.562,400,4,100,10,3.341,11.24,1.72,-0.3219999999999992,0.3219999999999992,3.2659863237105444e-4,0,0,5.544554455440764e-4,0,0,11.56211055276382,1.1055276381988222e-4,3.42072922468061,1.8648081441130568,NA,TRUE,-0.07972922468060961,-0.14480814411305687
LQI_vel_lookup_down_post_correction_experiment.csv,LQI_vel,down,down,FALSE,139,11.428,400,4,100,10,3.373,10.98,1.68,-0.4480000000000004,0.4480000000000004,0,0,0,0,0,0,11.428442211055277,4.4221105527597615e-4,3.3873264939551833,1.8427953978709937,NA,TRUE,-0.01432649395518304,-0.16279539787099373
LQI_vel_lookup_down_post_correction_experiment.csv,LQI_vel,down,down,FALSE,140,11.295,400,4,100,10,3.3,10.92,1.68,-0.375,0.375,0.004648231987117218,0.009211323729436569,0,0.01254725472547305,-0.024626462646264207,0,11.294773869346734,2.2613065326559934e-4,3.3509105421998986,1.8179990761559672,NA,TRUE,-0.05091054219989877,-0.1379990761559673
LQI_vel_lookup_down_post_correction_experiment.csv,LQI_vel,down,down,FALSE,141,11.161,400,4,100,10,3.322,10.68,1.64,-0.48099999999999987,0.48099999999999987,0.0026949072808772,0.005752469825293104,0,0.005051905190519017,-0.009756975697570766,0,11.161105527638192,1.0552763819227096e-4,3.3176840635448,1.7952654522396163,NA,TRUE,0.00431593645520012,-0.1552654522396164
LQI_vel_lookup_down_post_correction_experiment.csv,LQI_vel,down,down,FALSE,142,11.027,400,4,100,10,3.235,10.66,1.66,-0.3669999999999991,0.3669999999999991,0.001069834311725631,0.0019999999999999575,0,0.0017155715571549716,-0.0010921092109219383,0,11.02743718592965,4.3718592965014125e-4,3.2876470579898873,1.774594526121941,NA,TRUE,-0.05264705798988745,-0.11459452612194099
LQI_vel_lookup_down_post_correction_experiment.csv,LQI_vel,down,down,FALSE,143,10.894,400,4,100,10,3.264,10.41,1.62,-0.484,0.484,0.00497391173823975,0.010050378152591907,0,0.014076207620762698,-0.027818781878189203,0,10.893768844221109,2.3115577889143424e-4,3.26079952553516,1.755986297802941,NA,TRUE,0.003200474464839953,-0.13598629780294091
LQI_vel_lookup_down_post_correction_experiment.csv,LQI_vel,down,down,FALSE,144,10.76,400,4,100,10,3.201,10.36,1.62,-0.40000000000000036,0.40000000000000036,0.005016135580466034,0.010018165319241339,0,0.014947494749475853,-0.029810981098112168,0,10.760100502512564,1.005025125646597e-4,3.233502173403224,1.7381564909601177,NA,TRUE,-0.03250217340322381,-0.1181564909601176
LQI_vel_lookup_down_post_correction_experiment.csv,LQI_vel,down,down,FALSE,145,10.626,400,4,100,10,3.227,10.12,1.6,-0.5060000000000002,0.5060000000000002,0.004932053478537159,0.009847319278347283,0,0.013804380438043315,-0.027362736273629125,0,10.626432160804022,4.3216080402253e-4,3.2056459966341593,1.7210836353964187,NA,TRUE,0.02135400336584059,-0.12108363539641864
LQI_vel_lookup_down_post_correction_experiment.csv,LQI_vel,down,down,FALSE,146,10.493,400,4,100,10,3.143,10.1,1.6,-0.3930000000000007,0.3930000000000007,0.0027863121421576533,0.005453198486885699,0,0.00506150615061455,-0.008832883288331681,0,10.492763819095478,2.361809045225982e-4,3.1767148054679435,1.704221371172804,NA,TRUE,-0.0337148054679437,-0.10422137117280394
LQI_vel_lookup_down_post_correction_experiment.csv,LQI_vel,down,down,FALSE,147,10.359,400,4,100,10,3.169,9.86,1.56,-0.49900000000000055,0.49900000000000055,3.684529491774301e-4,0,0,6.624662466250797e-4,0,0,10.359095477386935,9.547738693527208e-5,3.1457534080288534,1.6863030723501566,NA,TRUE,0.023246591971146646,-0.1263030723501566
LQI_vel_lookup_down_post_correction_experiment.csv,LQI_vel,down,down,FALSE,148,10.225,400,4,100,10,3.091,9.82,1.56,-0.40499999999999936,0.40499999999999936,0.004882653277706925,0.009886221408473997,0,0.014460846084608854,-0.029030903090309288,0,10.225427135678393,4.2713567839314237e-4,3.1131862237957897,1.6677001787491117,NA,TRUE,-0.022186223795789495,-0.10770017874911164
LQI_vel_lookup_down_post_correction_experiment.csv,LQI_vel,down,down,FALSE,149,10.092,400,4,100,10,3.12,9.56,1.54,-0.532,0.532,0.004255418411694266,0.008703882797784706,0,0.0046762676267624835,-0.008220822082207865,0,10.091758793969849,2.4120603015198583e-4,3.0790132527687524,1.648412690369668,NA,TRUE,0.04098674723124773,-0.10841269036966805
LQI_vel_lookup_down_post_correction_experiment.csv,LQI_vel,down,down,FALSE,150,9.958,400,4,100,10,3.031,9.54,1.54,-0.41800000000000104,0.41800000000000104,0.004428226724004984,0.009120960431441179,0,0.011620162016201748,-0.02312631263126151,0,9.958090452261306,9.045226130588446e-5,3.044421126064581,1.6292967926591235,NA,TRUE,-0.01342112606458068,-0.08929679265912349
LQI_vel_lookup_down_post_correction_experiment.csv,LQI_vel,down,down,FALSE,151,9.824,400,4,100,10,3.063,9.28,1.5,-0.5440000000000005,0.5440000000000005,0.0040883549827097085,0.0081872036148072,0,0.0037905790579053677,-0.005772577257725939,0,9.824422110552764,4.2211055276375475e-4,3.010828754785661,1.6099951068470628,NA,TRUE,0.052171245214339024,-0.10999510684706282
LQI_vel_lookup_down_post_correction_experiment.csv,LQI_vel,down,down,FALSE,152,9.691,400,4,100,10,2.976,9.26,1.5,-0.43100000000000094,0.43100000000000094,0.004878431193436116,0.009977753031396964,0,0.014278427842784016,-0.028418841884188757,0,9.69075376884422,2.4623115578137345e-4,2.9781849397849514,1.5904122034406876,NA,TRUE,-0.0021849397849513785,-0.09041220344068757
LQI_vel_lookup_down_post_correction_experiment.csv,LQI_vel,down,down,FALSE,153,9.557,400,4,100,10,3.01,9,1.46,-0.5570000000000004,0.5570000000000004,4.512608598543637e-4,0,0,0.0010657065706577635,0,0,9.55708542713568,8.542713568004956e-5,2.946747322424262,1.5709464503576025,NA,TRUE,0.0632526775757376,-0.11094645035760253
LQI_vel_lookup_down_post_correction_experiment.csv,LQI_vel,down,down,FALSE,154,9.423,400,4,100,10,2.931,8.96,1.46,-0.4629999999999992,0.4629999999999992,0.0020284840336436604,0.004380858271152102,0,0.0033147314731470454,-0.005316531653166499,0,9.423417085427136,4.170854271361435e-4,2.9122545319079727,1.550300798918712,NA,TRUE,0.018745468092027373,-0.09030079891871212
LQI_vel_lookup_down_post_correction_experiment.csv,LQI_vel,down,down,FALSE,155,9.29,400,4,100,10,2.949,8.72,1.42,-0.5699999999999985,0.5699999999999985,0.0011102825193289175,0.0019999999999999575,0,0.001532553255325136,-0.0011881188118810257,0,9.289748743718594,2.51256281405432e-4,2.8747065682360806,1.5284752491240161,NA,TRUE,0.07429343176391923,-0.10847524912401618
LQI_vel_lookup_down_post_correction_experiment.csv,LQI_vel,down,down,FALSE,156,9.156,400,4,100,10,2.863,8.68,1.42,-0.47600000000000087,0.47600000000000087,3.015113445777304e-4,0,0,4.860486048600119e-4,0,0,9.156080402010051,8.040201005066194e-5,2.834103431408587,1.5054698009735152,NA,TRUE,0.028896568591413097,-0.08546980097351531
LQI_vel_lookup_down_post_correction_experiment.csv,LQI_vel,down,down,FALSE,157,9.022,400,4,100,10,2.897,8.4,1.4,-0.6219999999999999,0.6219999999999999,5.009082659622004e-4,0,0,0.0013813381338138766,0,0,9.022412060301509,4.1206030150853223e-4,2.795242209825759,1.483676376774938,NA,TRUE,0.1017577901742408,-0.083676376774938
LQI_vel_lookup_down_post_correction_experiment.csv,LQI_vel,down,down,FALSE,158,8.889,400,4,100,10,2.809,8.38,1.4,-0.5089999999999986,0.5089999999999986,4.560480215720184e-4,0,0,0.001072307230723008,0,0,8.888743718592966,2.5628140703304325e-4,2.7616128829627904,1.4645198018934154,NA,TRUE,0.04738711703720977,-0.06451980189341544
LQI_vel_lookup_down_post_correction_experiment.csv,LQI_vel,down,down,FALSE,159,8.755,400,4,100,10,2.838,8.14,1.36,-0.6150000000000002,0.6150000000000002,3.9427724440361915e-4,0,0,7.974797479749302e-4,0,0,8.755075376884424,7.537688442305068e-5,2.7332154508196793,1.4480000763289471,NA,TRUE,0.10478454918032076,-0.08800007632894702
LQI_vel_lookup_down_post_correction_experiment.csv,LQI_vel,down,down,FALSE,160,8.621,400,4,100,10,2.777,8.08,1.36,-0.5410000000000004,0.5410000000000004,0.004011032764561339,0.007885544888073083,0,0.009961596159616186,-0.018469846984700417,0,8.62140703517588,4.070351758791446e-4,2.706930434030854,1.4322780268081232,NA,TRUE,0.07006956596914593,-0.07227802680812312
LQI_vel_lookup_down_post_correction_experiment.csv,LQI_vel,down,down,FALSE,161,8.488,400,4,100,10,2.766,7.92,1.34,-0.5679999999999996,0.5679999999999996,0.003072458299147504,0.00575246982529336,0,0.005954995499549775,-0.009828982898289453,0,8.487738693467337,2.6130653266243087e-4,2.6800627723192445,1.4156633573766966,NA,TRUE,0.08593722768075551,-0.0756633573766965
LQI_vel_lookup_down_post_correction_experiment.csv,LQI_vel,down,down,FALSE,162,8.354,400,4,100,10,2.713,7.84,1.34,-0.5139999999999993,0.5139999999999993,0.004743214185347395,0.009587449708822266,0,0.013691569156915693,-0.02701470147014885,0,8.354070351758795,7.035175879543942e-5,2.652612465684851,1.398156068034668,NA,TRUE,0.06038753431514898,-0.058156068034667996
LQI_vel_lookup_down_post_correction_experiment.csv,LQI_vel,down,down,FALSE,163,8.22,400,4,100,10,2.7325,7.62,1.3,-0.6000000000000005,0.6000000000000005,5.025189076295507e-4,0,0,0.0013909390939094689,0,0,8.220402010050252,4.0201005025153336e-4,2.6245795141276735,1.3797561587820366,NA,TRUE,0.10792048587232639,-0.07975615878203657
LQI_vel_lookup_down_post_correction_experiment.csv,LQI_vel,down,down,FALSE,164,8.087,400,4,100,10,2.657,7.58,1.3,-0.5069999999999997,0.5069999999999997,0.00499882814550388,0.010042334631373797,0,0.014742274227422254,-0.028898889888989383,0,8.086733668341708,2.663316582918185e-4,2.593595948719692,1.3594581646097186,NA,TRUE,0.06340405128030824,-0.059458164609718533
LQI_vel_lookup_down_post_correction_experiment.csv,LQI_vel,down,down,FALSE,165,7.953,400,4,100,10,2.664,7.36,1.26,-0.593,0.593,2.726599243442607e-4,0,0,4.080408040801937e-4,0,0,7.953065326633166,6.53266331660518e-5,2.554605946249424,1.334599888963397,NA,TRUE,0.10939405375057598,-0.07459988896339698
LQI_vel_lookup_down_post_correction_experiment.csv,LQI_vel,down,down,FALSE,166,7.819,400,4,100,10,2.581,7.3,1.26,-0.5190000000000001,0.5190000000000001,4.943110704236559e-4,0,0,0.001288328832883443,0,0,7.819396984924624,3.969849246239221e-4,2.5076095067168707,1.3051813318430718,NA,TRUE,0.0733904932831293,-0.045181331843071826
LQI_vel_lookup_down_post_correction_experiment.csv,LQI_vel,down,down,FALSE,167,7.686,400,4,100,10,2.606,7,1.22,-0.6859999999999999,0.6859999999999999,0.0021735554822325614,0.004380858271151713,0,0.0031005100510049233,-0.0042844284428447885,0,7.68572864321608,2.713567839203179e-4,2.448820737602086,1.2696743474206211,NA,TRUE,0.1571792623979138,-0.04967434742062116
LQI_vel_lookup_down_post_correction_experiment.csv,LQI_vel,down,down,FALSE,168,7.552,400,4,100,10,2.516,6.92,1.2,-0.6319999999999997,0.6319999999999997,0.0022297121252790363,0.004380858271151907,0,0.0031065106510651604,-0.005436543654365499,0,7.552060301507538,6.0301507538440546e-5,2.384167395378032,1.231895635121452,NA,TRUE,0.13183260462196822,-0.031895635121452104
LQI_vel_lookup_down_post_correction_experiment.csv,LQI_vel,down,down,FALSE,169,7.418,400,4,100,10,2.52,6.64,1.16,-0.7780000000000005,0.7780000000000005,4.033946860423881e-4,0,0,8.658865886588773e-4,0,0,7.418391959798996,3.9195979899542266e-4,2.3136494800447083,1.1918451949455644,NA,TRUE,0.20635051995529174,-0.03184519494556448
LQI_vel_lookup_down_post_correction_experiment.csv,LQI_vel,down,down,FALSE,170,7.285,400,4,100,10,2.42,6.58,1.16,-0.7050000000000001,0.7050000000000001,3.5887028128259716e-4,0,0,6.390639063903809e-4,0,0,7.284723618090453,2.76381909547041e-4,2.2500751445053777,1.1556558275791455,NA,TRUE,0.16992485549462222,0.004344172420854386
LQI_vel_lookup_down_post_correction_experiment.csv,LQI_vel,down,down,FALSE,171,7.151,400,4,100,10,2.445,6.28,1.12,-0.8709999999999996,0.8709999999999996,0.0032737091680800803,0.006759953379792478,0,0.0018385838583859372,2.2802280228073513e-4,0,7.15105527638191,5.527638190994111e-5,2.1903578281705265,1.1213382770695746,NA,TRUE,0.25464217182947335,-0.0013382770695744561
LQI_vel_lookup_down_post_correction_experiment.csv,LQI_vel,down,down,FALSE,172,7.017,400,4,100,10,2.343,6.24,1.12,-0.7770000000000001,0.7770000000000001,0.0031593855687010934,0.006030226891555144,0,0.005704770477047186,-0.00972097209720801,0,7.017386934673367,3.869346733669232e-4,2.133435424716848,1.0882337797707715,NA,TRUE,0.2095645752831521,0.03176622022922859
LQI_vel_lookup_down_post_correction_experiment.csv,LQI_vel,down,down,FALSE,173,6.884,400,4,100,10,2.364,5.96,1.08,-0.9240000000000004,0.9240000000000004,0.004079153705058748,0.008459051693633209,0,0.0033333333333331293,-0.004044404440444069,0,6.883718592964825,2.8140703517554044e-4,2.078479301627633,1.0561765990709715,NA,TRUE,0.28552069837236704,0.02382340092902857
LQI_vel_lookup_down_post_correction_experiment.csv,LQI_vel,down,down,FALSE,174,6.75,400,4,100,10,2.266,5.94,1.06,-0.8099999999999996,0.8099999999999996,0.00520427174967296,0.010018165319240893,0.009756634624291275,0.015007500750074844,-0.028658865886589193,-9.600960096011113e-4,6.750050251256281,5.025125628144167e-5,2.031525770213663,1.028456510542938,NA,TRUE,0.23447422978633714,0.03154348945706209
LQI_vel_lookup_down_post_correction_experiment.csv,LQI_vel,down,down,FALSE,175,6.616,400,4,100,10,2.286,5.7,1.04,-0.9159999999999995,0.9159999999999995,4.793724854410495e-4,0,0,0.0012991299129909396,0,0,6.616381909547739,3.8190954773931196e-4,1.9959533402128755,1.006731337332443,NA,TRUE,0.2900466597871245,0.033268662667557125
LQI_vel_lookup_down_post_correction_experiment.csv,LQI_vel,down,down,FALSE,176,6.483,400,4,100,10,2.219,5.66,1.04,-0.8229999999999995,0.8229999999999995,0.0022565505095211006,0.003938927711338564,0,0.003909390939093396,-0.004584458445845016,0,6.4827135678391965,2.864321608031517e-4,1.9717620116252697,0.9910010794394856,NA,TRUE,0.2472379883747302,0.04899892056051447
LQI_vel_lookup_down_post_correction_experiment.csv,LQI_vel,down,down,FALSE,177,6.349,400,4,100,10,2.235,5.44,1,-0.9089999999999998,0.9089999999999998,4.852365870938563e-4,0,0,0.001332733273326793,0,0,6.349045226130654,4.522613065383041e-5,1.9391053100999431,0.9705167246489038,NA,TRUE,0.29589468990005674,0.029483275351096183
LQI_vel_lookup_down_post_correction_experiment.csv,LQI_vel,down,down,FALSE,178,6.215,400,4,100,10,2.148,5.4,1,-0.8149999999999995,0.8149999999999995,0.0010710138687574822,0.0019999999999999575,0,0.0015529552955297512,-0.0010921092109209397,0,6.215376884422112,3.768844221117007e-4,1.8963863736241255,0.9443246339988532,NA,TRUE,0.2516136263758746,0.05567536600114675
LQI_vel_lookup_down_post_correction_experiment.csv,LQI_vel,down,down,FALSE,179,6.082,400,4,100,10,2.1615,5.14,0.96,-0.9420000000000002,0.9420000000000002,5.025189076295507e-4,0,0,0.001446144614460851,0,0,6.081708542713568,2.9145728643165114e-4,1.8436052021978164,0.912424807489334,NA,TRUE,0.31789479780218377,0.047575192510666
LQI_vel_lookup_down_post_correction_experiment.csv,LQI_vel,down,down,FALSE,180,5.948,400,4,100,10,2.061,5.1,0.94,-0.8480000000000008,0.8480000000000008,6.030226891554995e-4,0,0.0028141058827257964,0.001238523852385231,0,1.4401440144025716e-4,5.948040201005026,4.020100502533097e-5,1.7854281419392066,0.8772845548676623,NA,TRUE,0.2755718580607933,0.06271544513233762
LQI_vel_lookup_down_post_correction_experiment.csv,LQI_vel,down,down,FALSE,181,5.814,400,4,100,10,2.081,4.82,0.9,-0.9939999999999998,0.9939999999999998,5.056249258655167e-4,0,0,0.0014191419141908993,0,0,5.814371859296482,3.718592964823131e-4,1.7299337462988773,0.8432980674873959,NA,TRUE,0.35106625370112265,0.056701932512604136
LQI_vel_lookup_down_post_correction_experiment.csv,LQI_vel,down,down,FALSE,182,5.681,400,4,100,10,1.974,4.8,0.9,-0.8810000000000002,0.8810000000000002,4.760952285695766e-4,0,0,0.0012673267326731045,0,0,5.68070351758794,2.964824120601506e-4,1.6771220152768282,0.8104653453485344,NA,TRUE,0.29687798472317173,0.0895346546514656
LQI_vel_lookup_down_post_correction_experiment.csv,LQI_vel,down,down,FALSE,183,5.547,400,4,100,10,2.001,4.52,0.86,-1.0270000000000001,1.0270000000000001,0.002916757574340808,0.00575246982529336,0,0.003059105910590981,-0.0036603660366034095,0,5.547035175879397,3.517587939771971e-5,1.6269929488730597,0.7787863884510782,NA,TRUE,0.3740070511269402,0.08121361154892182
LQI_vel_lookup_down_post_correction_experiment.csv,LQI_vel,down,down,FALSE,184,5.413,400,4,100,10,1.913,4.48,0.86,-0.9329999999999998,0.9329999999999998,0.00392169567530384,0.0073690589835492554,0,0.009645964596459182,-0.016129612961296395,0,5.413366834170855,3.668341708547018e-4,1.5834699706459652,0.7513694579075959,NA,TRUE,0.32953002935403486,0.10863054209240408
LQI_vel_lookup_down_post_correction_experiment.csv,LQI_vel,down,down,FALSE,185,5.28,400,4,100,10,1.926,4.26,0.82,-1.0200000000000005,1.0200000000000005,0.0016883139638124351,0.003428932159955385,0,0.001665166516651972,-4.920492049209749e-4,0,5.2796984924623125,3.0150753768776184e-4,1.547444945962946,0.728829696289392,NA,TRUE,0.3785550540370539,0.09117030371060797
LQI_vel_lookup_down_post_correction_experiment.csv,LQI_vel,down,down,FALSE,186,5.146,400,4,100,10,1.846,4.24,0.82,-0.9059999999999997,0.9059999999999997,4.87831731214618e-4,0,0,0.0013345334533455384,0,0,5.146030150753769,3.0150753769220273e-5,1.5189178748240024,0.7111671035964664,NA,TRUE,0.32708212517599766,0.10883289640353355
LQI_vel_lookup_down_post_correction_experiment.csv,LQI_vel,down,down,FALSE,187,5.012,400,4,100,10,1.858,4.04,0.78,-0.9719999999999995,0.9719999999999995,5.01613558046648e-4,0,0,0.0014287428742874137,0,0,5.012361809045227,3.6180904522709056e-4,1.4909630028585317,0.6943780701313857,NA,TRUE,0.3670369971414684,0.08562192986861428
LQI_vel_lookup_down_post_correction_experiment.csv,LQI_vel,down,down,FALSE,188,4.879,400,4,100,10,1.78,4,0.78,-0.8789999999999996,0.8789999999999996,4.675316658643235e-4,0,0,0.0010513051305130218,0,0,4.878693467336683,3.065326633162613e-4,1.456429653067196,0.6741838534436462,NA,TRUE,0.32357034693280395,0.10581614655635385
LQI_vel_lookup_down_post_correction_experiment.csv,LQI_vel,down,down,FALSE,189,4.745,400,4,100,10,1.79,3.78,0.72,-0.9650000000000003,0.9650000000000003,5.179602574356918e-4,0,0,0.0012889288928895114,0,0,4.745025125628141,2.5125628140720835e-5,1.4153178254499963,0.6505844535332478,NA,TRUE,0.37468217455000374,0.06941554646675219
LQI_vel_lookup_down_post_correction_experiment.csv,LQI_vel,down,down,FALSE,190,4.611,400,4,100,10,1.71,3.72,0.72,-0.8909999999999996,0.8909999999999996,0.004378771101991558,0.008584693919818564,0,0.01155535553555355,-0.021890189018902117,0,4.611356783919598,3.567839195985911e-4,1.3693770346006084,0.6244987217170703,NA,TRUE,0.3406229653993915,0.09550127828292965
LQI_vel_lookup_down_post_correction_experiment.csv,LQI_vel,down,down,FALSE,191,4.478,400,4,100,10,1.71,3.5,0.68,-0.9779999999999998,0.9779999999999998,0.0035919522842211235,0.006759953379792629,0,0.008010201020102197,-0.012757275727573151,0,4.477688442211056,3.1155778894387254e-4,1.3219717368776245,0.5975656774114739,NA,TRUE,0.3880282631223755,0.08243432258852612
LQI_vel_lookup_down_post_correction_experiment.csv,LQI_vel,down,down,FALSE,192,4.344,400,4,100,10,1.65,3.46,0.68,-0.8840000000000003,0.8840000000000003,0.004090590335505298,0.008040302522073705,0,0.0097017701770178,-0.018193819381937596,0,4.344020100502513,2.0100502513109575e-5,1.3033578389684797,0.5857707241885506,NA,TRUE,0.34664216103152024,0.09422927581144946
LQI_vel_lookup_down_post_correction_experiment.csv,LQI_vel,down,down,FALSE,193,4.21,400,4,100,10,1.609,3.42,0.68,-0.79,0.79,4.422166387140375e-4,0,0,9.336933693365252e-4,0,0,4.21035175879397,3.517587939700917e-4,1.3033578389684797,0.5857707241885506,NA,TRUE,0.3056421610315203,0.09422927581144946
LQI_vel_lookup_down_post_correction_experiment.csv,LQI_vel,down,down,FALSE,194,4.077,400,4,100,10,1.641,3.24,0.64,-0.8369999999999997,0.8369999999999997,4.988876515699147e-4,0,0,0.0013693369336930442,0,0,4.076683417085428,3.16582914572372e-4,1.3033578389684797,0.5857707241885506,NA,TRUE,0.33764216103152034,0.05422927581144943
LQI_vel_lookup_down_post_correction_experiment.csv,LQI_vel,down,down,FALSE,195,3.943,400,4,100,10,1.599,3.2,0.64,-0.7429999999999999,0.7429999999999999,0.0038258028800197967,0.007369058983549419,0,0.009173717371737132,-0.01584158415841625,0,3.9430150753768847,1.5075376884610137e-5,1.3033578389684797,0.5857707241885506,NA,TRUE,0.2956421610315203,0.05422927581144943
LQI_vel_lookup_down_post_correction_experiment.csv,LQI_vel,down,down,FALSE,196,3.809,400,4,100,10,1.548,3.18,0.64,-0.629,0.629,3.4582648770151733e-4,0,0,6.312631263121816e-4,0,0,3.8093467336683418,3.4673366834159225e-4,1.3033578389684797,0.5857707241885506,NA,TRUE,0.24464216103152037,0.05422927581144943
LQI_vel_lookup_down_post_correction_experiment.csv,LQI_vel,down,down,FALSE,197,3.676,400,4,100,10,1.579,3,0.6,-0.6760000000000002,0.6760000000000002,0.0038246410011762767,0.007550503361372744,0,0.009180918091809057,-0.016933693369337456,0,3.6756783919597993,3.216080402008714e-4,1.3033578389684797,0.5857707241885506,NA,TRUE,0.2756421610315203,0.014229275811449393
LQI_vel_lookup_down_post_correction_experiment.csv,LQI_vel,down,down,FALSE,198,3.542,400,4,100,10,1.527,2.98,0.6,-0.5619999999999998,0.5619999999999998,0.0014444599843764002,0.0028141058827257964,0,0.0013321332133216066,-0.0018961896189618524,0,3.542010050251257,1.0050251256998877e-5,1.3033578389684797,0.5857707241885506,NA,TRUE,0.22364216103152024,0.014229275811449393
LQI_vel_lookup_down_post_correction_experiment.csv,LQI_vel,down,down,FALSE,199,3.408,400,4,100,10,1.475,2.96,0.6,-0.44799999999999995,0.44799999999999995,3.5887028128267685e-4,0,0,6.390639063905768e-4,0,0,3.408341708542714,3.41708542713981e-4,1.3033578389684797,0.5857707241885506,NA,TRUE,0.1716421610315204,0.014229275811449393
LQI_vel_lookup_down_post_correction_experiment.csv,LQI_vel,down,down,FALSE,200,3.275,400,4,100,10,1.514,2.76,0.56,-0.5150000000000001,0.5150000000000001,4.0201512610364053e-4,0,0,7.320732073207669e-4,0,0,3.274673366834171,3.2663316582892676e-4,1.3033578389684797,0.5857707241885506,NA,TRUE,0.21064216103152034,-0.02577072418855053
LQI_vel_lookup_down_post_correction_experiment.csv,LQI_vel,down,down,FALSE,201,3.141,400,4,100,10,1.452,2.76,0.56,-0.3810000000000002,0.3810000000000002,0.0019694638556693256,0.003938927711338564,0,0.0021362136213620765,-0.004176417641764141,0,3.1410050251256285,5.025125628499438e-6,1.3033578389684797,0.5857707241885506,NA,TRUE,0.14864216103152028,-0.02577072418855053
LQI_vel_lookup_down_post_correction_experiment.csv,LQI_vel,down,down,FALSE,202,3.007,400,4,100,10,1.404,2.42,0.48,-0.5870000000000002,0.5870000000000002,4.87831731214618e-4,0,0,0.0012301230123013625,0,0,3.0073366834170856,3.3668341708548155e-4,1.15184652372374,0.521723442007883,NA,TRUE,0.25215347627625984,-0.04172344200788303
LQI_vel_lookup_down_post_correction_experiment.csv,LQI_vel,down,down,FALSE,203,2.874,400,4,100,10,1.302,2.18,0.44,-0.694,0.694,0.0040108312949771125,0.007885544888073259,0,0.00660846084608457,-0.01153315331533153,0,2.873668341708543,3.316582914569821e-4,0.9980405396253504,0.4563870565766839,NA,TRUE,0.3039594603746496,-0.01638705657668388
LQI_vel_lookup_down_post_correction_experiment.csv,LQI_vel,down,down,FALSE,204,2.74,400,4,100,10,1.208,1.9,0.36,-0.8400000000000003,0.8400000000000003,0.0011773965458852732,0,0.009211323729436774,5.448544854485182e-4,0,0.00552055205520553,2.74,0,0.8289671809180673,0.3824036625174389,NA,TRUE,0.37903281908193265,-0.022403662517438916
LQI_vel_lookup_up_post_correction_experiment.csv,LQI_vel,up,up,FALSE,1,0,2,0.01,2,5,0.279,-0.01,-0.15,-0.01,0.01,0.39456558390209356,0.01414213562373095,0.21213203435596426,0,0,0,4.395,4.395,1.170010257114741,0.49411956424322806,startup_or_zero_reference,FALSE,-0.891010257114741,-0.644119564243228
LQI_vel_lookup_up_post_correction_experiment.csv,LQI_vel,up,up,FALSE,2,4.395,400,4,100,10,1.777,2.7,0.74,-1.6949999999999994,1.6949999999999994,0.0021191526799190425,0,0.0034289321599553085,6.966696669660932e-4,0,-0.002196219621962228,4.395,0,1.170010257114741,0.49411956424322806,NA,TRUE,0.6069897428852589,0.24588043575677193
LQI_vel_lookup_up_post_correction_experiment.csv,LQI_vel,up,up,FALSE,3,4.528,400,4,100,10,1.955,3.08,0.82,-1.4479999999999995,1.4479999999999995,0.005652602868760524,0,0.010048367875913837,-0.01651725172517314,0,0.029990999099910085,4.5275041876046895,4.958123953100468e-4,1.4357574419183106,0.6013053296716775,NA,TRUE,0.5192425580816895,0.21869467032832246
LQI_vel_lookup_up_post_correction_experiment.csv,LQI_vel,up,up,FALSE,4,4.66,400,4,100,10,2.112,3.52,0.92,-1.1400000000000001,1.1400000000000001,0.0035224532314392532,0,0.006030226891555244,-0.004249624962496685,0,0.009192919291929003,4.6600083752093795,8.3752093793521e-6,1.7124724103177305,0.7155431386981355,NA,TRUE,0.39952758968226965,0.20445686130186458
LQI_vel_lookup_up_post_correction_experiment.csv,LQI_vel,up,up,FALSE,5,4.793,400,4,100,10,2.281,3.96,1.02,-0.8330000000000002,0.8330000000000002,4.512608598541633e-4,0,0,0.0012061206120606862,0,0,4.79251256281407,4.8743718592980656e-4,2.0001551623130007,0.8368329913226024,NA,TRUE,0.2808448376869994,0.18316700867739766
LQI_vel_lookup_up_post_correction_experiment.csv,LQI_vel,up,up,FALSE,6,4.925,400,4,100,10,2.276,4.06,1.06,-0.8650000000000002,0.8650000000000002,0.002201927530252706,0.005453198486885941,0,-0.0032991299129914364,0.008736873687368873,0,4.92501675041876,1.6750418760480557e-5,2.0001551623130007,0.8368329913226024,NA,TRUE,0.2758448376869991,0.2231670086773977
LQI_vel_lookup_up_post_correction_experiment.csv,LQI_vel,up,up,FALSE,7,5.058,400,4,100,10,2.322,4.1,1.06,-0.9580000000000002,0.9580000000000002,0.002637625960417922,0.006289320754704548,0,-0.003459345934593945,0.01165316531653184,0,5.05752093802345,4.790619765495663e-4,2.0001551623130007,0.8368329913226024,NA,TRUE,0.32184483768699934,0.2231670086773977
LQI_vel_lookup_up_post_correction_experiment.csv,LQI_vel,up,up,FALSE,8,5.19,400,4,100,10,2.299,4.24,1.1,-0.9500000000000002,0.9500000000000002,1.714466079977464e-4,0,0,1.6741674167397005e-4,0,0,5.19002512562814,2.5125628139832656e-5,2.0001551623130007,0.8368329913226024,NA,TRUE,0.2988448376869992,0.26316700867739773
LQI_vel_lookup_up_post_correction_experiment.csv,LQI_vel,up,up,FALSE,9,5.323,400,4,100,10,2.368,4.36,1.12,-0.9630000000000001,0.9630000000000001,9.999999999998899e-5,0,0,5.9405940594423134e-5,0,0,5.32252931323283,4.706867671702142e-4,2.048479614777055,0.8724717742865346,NA,TRUE,0.3195203852229449,0.24752822571346556
LQI_vel_lookup_up_post_correction_experiment.csv,LQI_vel,up,up,FALSE,10,5.455,400,4,100,10,2.399,4.54,1.16,-0.915,0.915,0,0,0,0,0,0,5.455033500837521,3.350083752096111e-5,2.099470346500061,0.9058124475615482,NA,TRUE,0.2995296534999392,0.2541875524384517
LQI_vel_lookup_up_post_correction_experiment.csv,LQI_vel,up,up,FALSE,11,5.588,400,4,100,10,2.446,4.7,1.18,-0.8879999999999999,0.8879999999999999,0.004267080945796495,0.009920899274976953,0,-0.012047404740473963,0.029018901890188162,0,5.587537688442211,4.623115577890857e-4,2.148298952664236,0.936629701371878,NA,TRUE,0.2977010473357642,0.24337029862812198
LQI_vel_lookup_up_post_correction_experiment.csv,LQI_vel,up,up,FALSE,12,5.72,400,4,100,10,2.479,4.86,1.22,-0.8599999999999994,0.8599999999999994,0.002148149309183454,0.0047736651315187385,0,-0.002851485148514973,0.00619261926192616,0,5.720041876046901,4.187604690120139e-5,2.194965433269582,0.964923535717524,NA,TRUE,0.28403456673041827,0.255076464282476
LQI_vel_lookup_up_post_correction_experiment.csv,LQI_vel,up,up,FALSE,13,5.853,400,4,100,10,2.522,5.02,1.24,-0.8330000000000002,0.8330000000000002,3.144660377353251e-4,0,0,5.53855385538339e-4,0,0,5.852546063651591,4.5393634840884545e-4,2.241726446453536,0.9922391158980616,NA,TRUE,0.280273553546464,0.24776088410193842
LQI_vel_lookup_up_post_correction_experiment.csv,LQI_vel,up,up,FALSE,14,5.985,400,4,100,10,2.564,5.18,1.28,-0.8050000000000006,0.8050000000000006,4.3519413988919666e-4,0,0,0.0011071107110707976,0,0,5.985050251256281,5.025125628055349e-5,2.296901938710922,1.0241061545105772,NA,TRUE,0.2670980612890781,0.25589384548942284
LQI_vel_lookup_up_post_correction_experiment.csv,LQI_vel,up,up,FALSE,15,6.118,400,4,100,10,2.622,5.36,1.3,-0.758,0.758,0,0,0,0,0,0,6.117554438860971,4.4556113902949335e-4,2.3604919100417403,1.06052465155507,NA,TRUE,0.2615080899582596,0.23947534844493013
LQI_vel_lookup_up_post_correction_experiment.csv,LQI_vel,up,up,FALSE,16,6.25,400,4,100,10,2.706,5.5,1.32,-0.75,0.75,4.0201512610364053e-4,0,0,9.600960096006888e-4,0,0,6.250058626465661,5.862646566079377e-5,2.431329580931119,1.100821952508166,NA,TRUE,0.2746704190688809,0.21917804749183412
LQI_vel_lookup_up_post_correction_experiment.csv,LQI_vel,up,up,FALSE,17,6.383,400,4,100,10,2.74,5.72,1.36,-0.6630000000000003,0.6630000000000003,0.003788592660003724,0.008816880045536364,0,-0.010020402040203734,0.022370237023703318,0,6.382562814070352,4.371859296483649e-4,2.501302224936036,1.1404404849729304,NA,TRUE,0.23869777506396428,0.21955951502706972
LQI_vel_lookup_up_post_correction_experiment.csv,LQI_vel,up,up,FALSE,18,6.515,400,4,100,10,2.787,5.9,1.4,-0.6149999999999993,0.6149999999999993,0.0043748015828021895,0.009999999999999787,0,-0.012072607260725739,0.02826282628262736,0,6.515067001675042,6.700167504192223e-5,2.566754378660273,1.1781810125350962,NA,TRUE,0.22024562133972703,0.2218189874649037
LQI_vel_lookup_up_post_correction_experiment.csv,LQI_vel,up,up,FALSE,19,6.648,400,4,100,10,2.84,6.08,1.42,-0.5679999999999996,0.5679999999999996,0.003397726512617693,0.007722458393307218,0,-0.0074905490549056495,0.017425742574256685,0,6.647571189279732,4.288107202681246e-4,2.6276860421038304,1.2140435351946637,NA,TRUE,0.21231395789616947,0.20595646480533625
LQI_vel_lookup_up_post_correction_experiment.csv,LQI_vel,up,up,FALSE,20,6.78,400,4,100,10,2.877,6.26,1.46,-0.5200000000000005,0.5200000000000005,0.0016615375622317503,0.003938927711338564,0,-8.394839483954826e-4,0.004320432043202888,0,6.780075376884422,7.53768844221625e-5,2.6860295542232997,1.2488006239021436,NA,TRUE,0.19097044577670008,0.21119937609785633
LQI_vel_lookup_up_post_correction_experiment.csv,LQI_vel,up,up,FALSE,21,6.913,400,4,100,10,2.919,6.44,1.48,-0.47299999999999986,0.47299999999999986,0.0039278338544137216,0.009120960431441583,0,-0.008519651965196237,0.02247824782478128,0,6.912579564489112,4.2043551088788433e-4,2.7390433243826107,1.2803297418862336,NA,TRUE,0.17995667561738937,0.19967025811376637
LQI_vel_lookup_up_post_correction_experiment.csv,LQI_vel,up,up,FALSE,22,7.045,400,4,100,10,2.997,6.52,1.5,-0.5250000000000004,0.5250000000000004,0.002148149309183454,0.005128647999524974,0,-0.002721872187218967,0.007092709270928169,0,7.045083752093802,8.375209380240278e-5,2.7867273525817624,1.308630889146934,NA,TRUE,0.21027264741823748,0.19136911085306596
LQI_vel_lookup_up_post_correction_experiment.csv,LQI_vel,up,up,FALSE,23,7.178,400,4,100,10,3.026,6.7,1.52,-0.47799999999999976,0.47799999999999976,0.0034188426182678554,0.007885544888073083,0,-0.008124812481247315,0.018181818181817817,0,7.177587939698492,4.1206030150764406e-4,2.8300598873619043,1.3343655015386844,NA,TRUE,0.19594011263809552,0.18563449846131563
LQI_vel_lookup_up_post_correction_experiment.csv,LQI_vel,up,up,FALSE,24,7.31,400,4,100,10,3.053,6.86,1.56,-0.4499999999999993,0.4499999999999993,0.004365741285245447,0.009847319278346409,0,-0.01255265526552617,0.028658865886587122,0,7.310092127303182,9.212730318264306e-5,2.8746488675006763,1.361812969593387,NA,TRUE,0.17835113249932366,0.19818703040661312
LQI_vel_lookup_up_post_correction_experiment.csv,LQI_vel,up,up,FALSE,25,7.443,400,4,100,10,3.077,7.06,1.58,-0.383,0.383,0,0,0,0,0,0,7.442596314907872,4.036850921274038e-4,2.920494292998079,1.390973293311041,NA,TRUE,0.15650570700192112,0.18902670668895905
LQI_vel_lookup_up_post_correction_experiment.csv,LQI_vel,up,up,FALSE,26,7.575,400,4,100,10,3.129,7.2,1.6,-0.375,0.375,1.9694638556691068e-4,0,0,2.184218421844222e-4,0,0,7.575100502512562,1.0050251256199516e-4,2.967596163854111,1.4218464726916469,NA,TRUE,0.16140383614588893,0.1781535273083532
LQI_vel_lookup_up_post_correction_experiment.csv,LQI_vel,up,up,FALSE,27,7.708,400,4,100,10,3.176,7.36,1.62,-0.34799999999999986,0.34799999999999986,4.943110704236559e-4,0,0,-6.426642664264154e-4,0,0,7.707604690117252,3.953098827480517e-4,3.0172267352534563,1.454096266205756,NA,TRUE,0.15877326474654385,0.16590373379424417
LQI_vel_lookup_up_post_correction_experiment.csv,LQI_vel,up,up,FALSE,28,7.84,400,4,100,10,3.219,7.54,1.64,-0.2999999999999998,0.2999999999999998,0.003640401798225725,0.008459051693633209,0,-0.008375637563756545,0.021254125412540393,0,7.840108877721943,1.0887772194312362e-4,3.0700564421540086,1.4878435809235817,NA,TRUE,0.14894355784599123,0.1521564190764182
LQI_vel_lookup_up_post_correction_experiment.csv,LQI_vel,up,up,FALSE,29,7.973,400,4,100,10,3.243,7.74,1.68,-0.23299999999999965,0.23299999999999965,0,0,0,0,0,0,7.972613065326633,3.869346733669232e-4,3.1260852845557676,1.523088416845124,NA,TRUE,0.11691471544423226,0.15691158315487597
LQI_vel_lookup_up_post_correction_experiment.csv,LQI_vel,up,up,FALSE,30,8.105,400,4,100,10,3.301,7.9,1.7,-0.20500000000000007,0.20500000000000007,0.003138857155466752,0.0073690589835492554,0,-0.006483648364837311,0.015721572157215185,0,8.105117252931322,1.1725293132158754e-4,3.1855017934324557,1.559841992639318,NA,TRUE,0.1154982065675445,0.14015800736068185
LQI_vel_lookup_up_post_correction_experiment.csv,LQI_vel,up,up,FALSE,31,8.238,400,4,100,10,3.338,8.1,1.72,-0.1379999999999999,0.1379999999999999,9.999999999998899e-5,0,0,5.8205820583013807e-5,0,0,8.237621440536014,3.7855946398579476e-4,3.242133317169329,1.593719192372734,NA,TRUE,0.09586668283067112,0.1262808076272659
LQI_vel_lookup_up_post_correction_experiment.csv,LQI_vel,up,up,FALSE,32,8.37,400,4,100,10,3.395,8.22,1.74,-0.14999999999999858,0.14999999999999858,0.004015764390046217,0.009025217197084066,0,-0.01054725472547202,0.02397839783978356,0,8.370125628140704,1.2562814070449235e-4,3.2884232102617226,1.6205662408071897,NA,TRUE,0.10657678973827744,0.1194337591928103
LQI_vel_lookup_up_post_correction_experiment.csv,LQI_vel,up,up,FALSE,33,8.503,400,4,100,10,3.411,8.4,1.76,-0.10299999999999976,0.10299999999999976,0.003028000640486668,0.0069747017603953914,0,-0.006292829282928682,0.014329432943293613,0,8.502629815745394,3.7018425460644266e-4,3.324371472709637,1.6403831379426852,NA,TRUE,0.08662852729036308,0.11961686205731481
LQI_vel_lookup_up_post_correction_experiment.csv,LQI_vel,up,up,FALSE,34,8.635,400,4,100,10,3.431,8.56,1.78,-0.07499999999999929,0.07499999999999929,0.0017739985081928946,0.003938927711338913,0,-0.001638163816381413,0.0044164416441654876,0,8.635134003350084,1.3400335008384445e-4,3.357700842722216,1.658605511892061,NA,TRUE,0.07329915727778413,0.12139448810793896
LQI_vel_lookup_up_post_correction_experiment.csv,LQI_vel,up,up,FALSE,35,8.768,400,4,100,10,3.468,8.68,1.8,-0.08800000000000097,0.08800000000000097,0,0,0,0,0,0,8.767638190954774,3.6180904522709056e-4,3.389667315180173,1.6761962926801728,NA,TRUE,0.07833268481982714,0.12380370731982726
LQI_vel_lookup_up_post_correction_experiment.csv,LQI_vel,up,up,FALSE,36,8.9,400,4,100,10,3.531,8.77,1.8,-0.13000000000000078,0.13000000000000078,0.004432421870305584,0.010050378152591907,0,-0.01335673567356731,0.029978997899788994,0,8.900142378559464,1.4237855946319655e-4,3.419675971316462,1.692995062155121,NA,TRUE,0.11132402868353797,0.10700493784487897
LQI_vel_lookup_up_post_correction_experiment.csv,LQI_vel,up,up,FALSE,37,9.033,400,4,100,10,3.516,8.96,1.84,-0.07299999999999862,0.07299999999999862,0.003819923845028586,0.008816880045536756,0,-0.009071107110710642,0.022658265826583465,0,9.032646566164154,3.534338358459621e-4,3.4469803223237747,1.708800531735143,NA,TRUE,0.0690196776762253,0.13119946826485718
LQI_vel_lookup_up_post_correction_experiment.csv,LQI_vel,up,up,FALSE,38,9.165,400,4,100,10,3.528,9.1,1.84,-0.0649999999999995,0.0649999999999995,0,0,0,0,0,0,9.165150753768843,1.50753768844325e-4,3.479776975835481,1.728118254288052,NA,TRUE,0.04822302416451896,0.11188174571194809
LQI_vel_lookup_up_post_correction_experiment.csv,LQI_vel,up,up,FALSE,39,9.298,400,4,100,10,3.578,9.26,1.86,-0.038000000000000256,0.038000000000000256,0,0,0,0,0,0,9.297654941373532,3.4505862646838636e-4,3.5256225773562457,1.7551020050520325,NA,TRUE,0.05237742264375411,0.10489799494796759
LQI_vel_lookup_up_post_correction_experiment.csv,LQI_vel,up,up,FALSE,40,9.43,400,4,100,10,3.625,9.46,1.9,0.030000000000001137,0.030000000000001137,2.1904291355756618e-4,0,0,-2.7302730272996204e-4,0,0,9.430159128978223,1.591289782236771e-4,3.577180337928099,1.7857812931369326,NA,TRUE,0.047819662071900915,0.11421870686306734
LQI_vel_lookup_up_post_correction_experiment.csv,LQI_vel,up,up,FALSE,41,9.563,400,4,100,10,3.671,9.6,1.92,0.036999999999999034,0.036999999999999034,2.5643239997621454e-4,0.003938927711338564,0,3.066306630657945e-4,0.00424842484248566,0,9.562663316582912,3.3668341708903426e-4,3.6196061313028407,1.8119207980447736,NA,TRUE,0.05139386869715912,0.10807920195522636
LQI_vel_lookup_up_post_correction_experiment.csv,LQI_vel,up,up,FALSE,42,9.695,400,4,100,10,3.702,9.76,1.94,0.0649999999999995,0.0649999999999995,1.4070529413627418e-4,0,0,-1.1641164116377003e-4,0,0,9.695167504187603,1.675041876030292e-4,3.6506226896974185,1.8322501340610025,NA,TRUE,0.051377310302581414,0.10774986593899749
LQI_vel_lookup_up_post_correction_experiment.csv,LQI_vel,up,up,FALSE,43,9.828,400,4,100,10,3.731,9.82,1.94,-0.007999999999999119,0.007999999999999119,0.0017066714015086055,0.010042334631373351,0.0028141058827257964,-3.420342034191308e-4,0.029954995499549344,0.002088208820882516,9.827671691792297,3.2830820770257674e-4,3.671479667294045,1.846720112714672,NA,TRUE,0.059520332705954804,0.09327988728532799
LQI_vel_lookup_up_post_correction_experiment.csv,LQI_vel,up,up,FALSE,44,9.96,400,4,100,10,3.749,9.96,1.94,0,0,0,0.009120960431441989,0,0,0.024614461446147744,0,9.960175879396983,1.758793969823813e-4,3.683463929731592,1.8553590266565148,NA,TRUE,0.06553607026840824,0.08464097334348519
LQI_vel_lookup_up_post_correction_experiment.csv,LQI_vel,up,up,FALSE,45,10.093,400,4,100,10,3.742,10.04,1.96,-0.053000000000000824,0.053000000000000824,4.0936018074028726e-4,0.00970473174187885,0,-1.3861386138652732e-4,0.026054605460547175,0,10.092680067001677,3.1993299832322464e-4,3.686575477010059,1.8581668758865304,NA,TRUE,0.05542452298994105,0.10183312411346956
LQI_vel_lookup_up_post_correction_experiment.csv,LQI_vel,up,up,FALSE,46,10.225,400,4,100,10,3.742,10.18,1.96,-0.04499999999999993,0.04499999999999993,3.2659863237105444e-4,0.010018165319240449,0,6.300630063009744e-4,0.029714971497148437,0,10.225184254606363,1.8425460636350977e-4,3.686575477010059,1.8581668758865304,NA,TRUE,0.05542452298994105,0.10183312411346956
LQI_vel_lookup_up_post_correction_experiment.csv,LQI_vel,up,up,FALSE,47,10.358,400,4,100,10,3.815,10.2,1.96,-0.15800000000000125,0.15800000000000125,0.004331001703714206,0.009756634624291926,0,-0.012415241524151854,0.02827482748274921,0,10.357688442211057,3.1155778894387254e-4,3.688822455281149,1.858982708766629,NA,TRUE,0.12617754471885112,0.10101729123337089
LQI_vel_lookup_up_post_correction_experiment.csv,LQI_vel,up,up,FALSE,48,10.49,400,4,100,10,3.797,10.38,2,-0.10999999999999943,0.10999999999999943,0,0,0,0,0,0,10.490192629815745,1.9262981574463822e-4,3.709111359900477,1.8687571405014547,NA,TRUE,0.08788864009952313,0.1312428594985453
LQI_vel_lookup_up_post_correction_experiment.csv,LQI_vel,up,up,FALSE,49,10.623,400,4,100,10,3.817,10.54,2.02,-0.08300000000000018,0.08300000000000018,0.01431336170270018,0.00997775303139785,0.009951397039124869,-0.027195919591959546,0.02501050105010677,-0.02941494149414946,10.622696817420437,3.031825795627441e-4,3.7430875543249424,1.8852685728553975,NA,TRUE,0.07391244567505773,0.1347314271446025
LQI_vel_lookup_up_post_correction_experiment.csv,LQI_vel,up,up,FALSE,50,10.755,400,4,100,10,3.839,10.7,2.02,-0.05500000000000149,0.05500000000000149,0,0,0,0,0,0,10.755201005025125,2.0100502512399032e-4,3.7877876280236737,1.9080244527214356,NA,TRUE,0.05121237197632622,0.1119755472785644
LQI_vel_lookup_up_post_correction_experiment.csv,LQI_vel,up,up,FALSE,51,10.888,400,4,100,10,3.897,10.88,2.04,-0.007999999999999119,0.007999999999999119,0,0,0,0,0,0,10.887705192629817,2.94807370183392e-4,3.8401448333020567,1.9364294063840088,NA,TRUE,0.056855166697943105,0.10357059361599119
LQI_vel_lookup_up_post_correction_experiment.csv,LQI_vel,up,up,FALSE,52,11.02,400,4,100,10,3.954,11.06,2.08,0.040000000000000924,0.040000000000000924,3.5887028128275654e-4,0.009025217197084066,0,-6.030603060312994e-4,0.024170417041702388,0,11.020209380234505,2.0938023450511878e-4,3.900159170160093,1.970483433843116,NA,TRUE,0.05384082983990712,0.10951656615688399
LQI_vel_lookup_up_post_correction_experiment.csv,LQI_vel,up,up,FALSE,53,11.153,400,4,100,10,3.96,11.3,2.1,0.14700000000000024,0.14700000000000024,0.004105613304496691,0.009211323729436569,0,-0.0024020402040200754,0.003552355235523869,0,11.152713567839196,2.864321608040399e-4,3.962395692814347,2.0069183187636814,NA,TRUE,-0.00239569281434715,0.09308168123631866
LQI_vel_lookup_up_post_correction_experiment.csv,LQI_vel,up,up,FALSE,54,11.285,400,4,100,10,3.995,11.48,2.12,0.19500000000000028,0.19500000000000028,0.003721775941887954,0.008584693919818373,0,-0.00878787878787927,0.021746174617462286,0,11.285217755443886,2.1775544388624724e-4,4.011929524403117,2.0370653134172927,NA,TRUE,-0.01692952440311668,0.08293468658270742
LQI_vel_lookup_up_post_correction_experiment.csv,LQI_vel,up,up,FALSE,55,11.418,400,4,100,10,4.029,11.62,2.14,0.20199999999999996,0.20199999999999996,4.093601807404691e-4,0,0,-7.434743474353502e-4,0,0,11.417721943048576,2.780569514229114e-4,4.0487606649264,2.0609244178039483,NA,TRUE,-0.01976066492639994,0.07907558219605182
LQI_vel_lookup_up_post_correction_experiment.csv,LQI_vel,up,up,FALSE,56,11.55,400,4,100,10,4.05,11.78,2.14,0.22999999999999865,0.22999999999999865,2.876234912647574e-4,0,0,-4.482448244827938e-4,0,0,11.550226130653266,2.2613065326559934e-4,4.0729115517435535,2.078507846514728,NA,TRUE,-0.022911551743553638,0.06149215348527193
LQI_vel_lookup_up_post_correction_experiment.csv,LQI_vel,up,up,FALSE,57,11.683,400,4,100,10,4.108,11.84,2.16,0.15700000000000003,0.15700000000000003,1.407052941362117e-4,0,0,-1.1641164116404348e-4,0,0,11.682730318257956,2.696817420435593e-4,4.099123912517799,2.0972861427748,NA,TRUE,0.008876087482200923,0.06271385722520018
LQI_vel_lookup_up_post_correction_experiment.csv,LQI_vel,up,up,FALSE,58,11.815,400,4,100,10,4.091,12.08,2.18,0.26500000000000057,0.26500000000000057,0.0015075567228888878,0.003428932159955232,0,-0.0015385538553856022,0.0029162916291615355,0,11.815234505862646,2.345058626467278e-4,4.129924118112189,2.1180276762307577,NA,TRUE,-0.0389241181121891,0.06197232376924244
LQI_vel_lookup_up_post_correction_experiment.csv,LQI_vel,up,up,FALSE,59,11.948,400,4,100,10,4.123,12.22,2.2,0.27200000000000024,0.27200000000000024,0.003198863434522912,0.007177405625652581,0,-0.00672307230723072,0.014773477347735708,0,11.947738693467336,2.613065326642072e-4,4.165312168526726,2.140732446882601,NA,TRUE,-0.04231216852672581,0.059267553117399174
LQI_vel_lookup_up_post_correction_experiment.csv,LQI_vel,up,up,FALSE,60,12.08,400,4,100,10,4.144,12.4,2.22,0.3200000000000003,0.3200000000000003,0.0038595938447542463,0.00964836302648823,0.008187203614806654,-2.8022802280240806e-4,0.027650765076508634,-0.0199099909990998,12.080242881072028,2.4288107202785625e-4,4.206402130503458,2.1660911215285186,NA,TRUE,-0.06240213050345744,0.053908878471481625
LQI_vel_lookup_up_post_correction_experiment.csv,LQI_vel,up,up,FALSE,61,12.213,400,4,100,10,4.22,12.48,2.22,0.26700000000000124,0.26700000000000124,0.0045496586618550515,0.009886221408473997,0,-0.012838883888388554,0.027302730273025603,0,12.212747068676716,2.5293132328307877e-4,4.24603451810733,2.189752112797054,NA,TRUE,-0.026034518107330484,0.030247887202946355
LQI_vel_lookup_up_post_correction_experiment.csv,LQI_vel,up,up,FALSE,62,12.345,400,4,100,10,4.211,12.72,2.24,0.375,0.375,5.276209229967807e-4,0,0,-0.0015385538553859535,0,0,12.345251256281408,2.5125628140720835e-4,4.284209331338344,2.2117154206882073,NA,TRUE,-0.07320933133834373,0.028284579311792957
LQI_vel_lookup_up_post_correction_experiment.csv,LQI_vel,up,up,FALSE,63,12.478,400,4,100,10,4.243,12.86,2.26,0.3819999999999997,0.3819999999999997,0.001763948738346756,0.003938927711338564,0,-0.002379837983798039,0.004608460846082739,0,12.477755443886098,2.445561139019503e-4,4.3209041328371445,2.2319688306109,NA,TRUE,-0.07790413283714415,0.028031169389099997
LQI_vel_lookup_up_post_correction_experiment.csv,LQI_vel,up,up,FALSE,64,12.61,400,4,100,10,4.249,13.04,2.28,0.4299999999999997,0.4299999999999997,0.0026001359715806527,0.005752469825293104,0,-0.0014671467146722525,6.360636063601731e-4,0,12.610259631490788,2.596314907883368e-4,4.352866986221109,2.249341441323683,NA,TRUE,-0.10386698622110924,0.030658558676316616
LQI_vel_lookup_up_post_correction_experiment.csv,LQI_vel,up,up,FALSE,65,12.743,400,4,100,10,4.318,13.1,2.28,0.3569999999999993,0.3569999999999993,4.8783173121472623e-4,0,0,-1.440144014413035e-4,0,0,12.742763819095478,2.361809045225982e-4,4.3818008448946975,2.2648714982086458,NA,TRUE,-0.06380084489469784,0.015128501791354054
LQI_vel_lookup_up_post_correction_experiment.csv,LQI_vel,up,up,FALSE,66,12.875,400,4,100,10,4.317,13.28,2.3,0.40499999999999936,0.40499999999999936,0.004637081544735205,0.010000000000000675,0,-0.013703570357035247,0.02963096309630814,0,12.875268006700168,2.680067001676889e-4,4.407705708857911,2.278559001265787,NA,TRUE,-0.09070570885791085,0.02144099873421279
LQI_vel_lookup_up_post_correction_experiment.csv,LQI_vel,up,up,FALSE,67,13.008,400,4,100,10,4.364,13.34,2.3,0.33200000000000074,0.33200000000000074,4.461960433386227e-4,0,0,-7.458745874593164e-4,0,0,13.007772194304858,2.2780569514146976e-4,4.420185882708612,2.2851124601819897,NA,TRUE,-0.056185882708612134,0.014887539818010165
LQI_vel_lookup_up_post_correction_experiment.csv,LQI_vel,up,up,FALSE,68,13.14,400,4,100,10,4.333,13.54,2.32,0.3999999999999986,0.3999999999999986,4.2295258468179195e-4,0,0,-9.96699669967247e-4,0,0,13.140276381909548,2.76381909547041e-4,4.429547613130103,2.2908665335577245,NA,TRUE,-0.0965476131301024,0.029133466442275324
LQI_vel_lookup_up_post_correction_experiment.csv,LQI_vel,up,up,FALSE,69,13.273,400,4,100,10,4.382,13.58,2.32,0.3070000000000004,0.3070000000000004,0.00433734080428592,0.009999999999999787,0,-0.012337233723372467,0.029414941494149183,0,13.272780569514238,2.1943048576211766e-4,4.435790900122385,2.295821221392991,NA,TRUE,-0.05379090012238574,0.024178778607008677
LQI_vel_lookup_up_post_correction_experiment.csv,LQI_vel,up,up,FALSE,70,13.405,400,4,100,10,4.38,13.72,2.34,0.3150000000000013,0.3150000000000013,0.0035517956761688487,0.007550503361372577,0,-0.008663066306631202,0.016789678967896977,0,13.405284757118928,2.8475711892816946e-4,4.446776848841833,2.303822501988027,NA,TRUE,-0.06677684884183321,0.0361774980119729
LQI_vel_lookup_up_post_correction_experiment.csv,LQI_vel,up,up,FALSE,71,13.538,400,4,100,10,4.439,13.76,2.34,0.22199999999999953,0.22199999999999953,0.004284857057125872,0.009587449708821841,0,-0.012118811881188263,0.02730273027302984,0,13.537788944723616,2.110552763845419e-4,4.460640557471596,2.312852288232885,NA,TRUE,-0.021640557471595656,0.027147711767114835
LQI_vel_lookup_up_post_correction_experiment.csv,LQI_vel,up,up,FALSE,72,13.67,400,4,100,10,4.399,14,2.36,0.33000000000000007,0.33000000000000007,0.0027136021011999753,0.005752469825293104,0,-0.004860486048605643,0.009828982898290713,0,13.67029313232831,2.931323283092979e-4,4.47567907260721,2.3218723347454784,NA,TRUE,-0.07667907260721041,0.03812766525452149
LQI_vel_lookup_up_post_correction_experiment.csv,LQI_vel,up,up,FALSE,73,13.803,400,4,100,10,4.462,14.04,2.36,0.23699999999999832,0.23699999999999832,0.004025411704899036,0.008923920866770076,0,-0.010369636963696515,0.022286228622861958,0,13.802797319933,2.026800670016371e-4,4.493046916306865,2.3317663493863385,NA,TRUE,-0.031046916306864958,0.028233650613661343
LQI_vel_lookup_up_post_correction_experiment.csv,LQI_vel,up,up,FALSE,74,13.935,400,4,100,10,4.456,14.26,2.38,0.3249999999999993,0.3249999999999993,3.8612291966515515e-4,0,0,-8.064806480640939e-4,0,0,13.93530150753769,3.0150753768865e-4,4.528404828095175,2.3514010524756883,NA,TRUE,-0.07240482809517435,0.02859894752431158
LQI_vel_lookup_up_post_correction_experiment.csv,LQI_vel,up,up,FALSE,75,14.068,400,4,100,10,4.481,14.44,2.42,0.3719999999999999,0.3719999999999999,0.0051997960332958865,0,0.008459051693633021,-6.894689468940551e-4,0,8.280828082805985e-4,14.067805695142381,1.9430485761873229e-4,4.582445277864697,2.3811441345861337,NA,TRUE,-0.10144527786469748,0.03885586541386621
LQI_vel_lookup_up_post_correction_experiment.csv,LQI_vel,up,up,FALSE,76,14.2,400,4,100,10,4.542,14.64,2.42,0.4400000000000013,0.4400000000000013,0.00032659863237090937,0,0,-5.544554455439557e-4,0,0,14.200309882747067,3.098827470680021e-4,4.651753624912095,2.419162541008402,NA,TRUE,-0.10975362491209495,8.37458991597817e-4
LQI_vel_lookup_up_post_correction_experiment.csv,LQI_vel,up,up,FALSE,77,14.333,400,4,100,10,4.561,14.88,2.46,0.5470000000000006,0.5470000000000006,0.0033172186231752105,0.0073690589835492554,0,-0.006909690969097047,0.015649564956492775,0,14.33281407035176,1.8592964823938019e-4,4.721419401962682,2.45782603982643,NA,TRUE,-0.1604194019626819,0.0021739601735699665
LQI_vel_lookup_up_post_correction_experiment.csv,LQI_vel,up,up,FALSE,78,14.465,400,4,100,10,4.612,15.08,2.46,0.6150000000000002,0.6150000000000002,0.004977159954444176,0.008040302522073526,0.0051286479995248605,-0.0031779177917792465,0.004224422442243233,-3.720372037200818e-4,14.465318257956447,3.182579564473542e-4,4.78412639466841,2.493555235896309,NA,TRUE,-0.1721263946684095,-0.03355523589630893
LQI_vel_lookup_up_post_correction_experiment.csv,LQI_vel,up,up,FALSE,79,14.598,400,4,100,10,4.672499999999999,15.24,2.46,0.6419999999999995,0.6419999999999995,5.025189076297738e-4,0,0,-0.0014209420942097525,0,0,14.59782244556114,1.7755443886002809e-4,4.839874603029279,2.526350129218039,NA,TRUE,-0.16737460302927953,-0.06635012921803884
LQI_vel_lookup_up_post_correction_experiment.csv,LQI_vel,up,up,FALSE,80,14.73,400,4,100,10,4.701,15.42,2.48,0.6899999999999995,0.6899999999999995,3.487350880198935e-4,0,0,-6.684668466854977e-4,0,0,14.730326633165827,3.266331658267063e-4,4.887512892976977,2.555344918057606,NA,TRUE,-0.18651289297697726,-0.07534491805760624
LQI_vel_lookup_up_post_correction_experiment.csv,LQI_vel,up,up,FALSE,81,14.863,400,4,100,10,4.725,15.58,2.5,0.7170000000000005,0.7170000000000005,3.171845844394941e-4,0,0,-5.436543654362031e-4,0,0,14.86283082077052,1.6917922947889963e-4,4.924809418159499,2.5793684483501074,NA,TRUE,-0.19980941815949915,-0.07936844835010737
LQI_vel_lookup_up_post_correction_experiment.csv,LQI_vel,up,up,FALSE,82,14.995,400,4,100,10,4.748,15.74,2.5,0.745000000000001,0.745000000000001,4.923659639174953e-4,0,0,-0.001386138613861536,0,0,14.99533500837521,3.350083752113875e-4,4.951764178576846,2.598420720095543,NA,TRUE,-0.20376417857684537,-0.09842072009554315
LQI_vel_lookup_up_post_correction_experiment.csv,LQI_vel,up,up,FALSE,83,15.128,400,4,100,10,4.714,15.92,2.56,0.7919999999999998,0.7919999999999998,0.0010527021507444707,0.002814105882725734,0,-0.0014023402340235737,0.002328232823280891,0,15.1278391959799,1.6080402009954753e-4,4.9699366250636485,2.6129057985143636,NA,TRUE,-0.2559366250636481,-0.0529057985143635
LQI_vel_lookup_up_post_correction_experiment.csv,LQI_vel,up,up,FALSE,84,15.26,400,4,100,10,4.779,15.96,2.55,0.7000000000000011,0.7000000000000011,0.00786556232618331,0.007885544888073784,0.01005037815259213,-0.013692169216922748,0.017989798979899836,0.009192919291929004,15.26034338358459,3.433835845907396e-4,4.982472380337856,2.6236010198904607,NA,TRUE,-0.20347238033785597,-0.07360101989046086
LQI_vel_lookup_up_post_correction_experiment.csv,LQI_vel,up,up,FALSE,85,15.393,400,4,100,10,4.747,16.16,2.56,0.7669999999999995,0.7669999999999995,5.6595320504712e-4,0,0,-0.0016351635163520295,0,0,15.39284757118928,1.5242881072019543e-4,4.989371444399466,2.630506384223836,NA,TRUE,-0.242371444399466,-0.07050638422383582
LQI_vel_lookup_up_post_correction_experiment.csv,LQI_vel,up,up,FALSE,86,15.525,400,4,100,10,4.79,16.2,2.56,0.6749999999999989,0.6749999999999989,0.004411864170001943,0.009756634624291058,0,-0.012815481548155124,0.028202820282027113,0,15.52535175879397,3.517587939700917e-4,4.9923356459747446,2.6345711499168645,NA,TRUE,-0.20233564597474452,-0.07457114991686442
LQI_vel_lookup_up_post_correction_experiment.csv,LQI_vel,up,up,FALSE,87,15.658,400,4,100,10,4.776,16.36,2.58,0.702,0.702,0.00129251926894969,0.0019999999999999575,0,-0.0010819081908202506,0.001188118811881254,0,15.65785594639866,1.4405360133906697e-4,5.0017973537383105,2.6415983430825816,NA,TRUE,-0.22579735373831067,-0.0615983430825815
LQI_vel_lookup_up_post_correction_experiment.csv,LQI_vel,up,up,FALSE,88,15.79,400,4,100,10,4.818,16.44,2.58,0.6500000000000021,0.6500000000000021,0.0028617117149345238,0.006289320754704268,0,-0.0054803480348040706,0.011365136513648986,0,15.79036013400335,3.6013400335122014e-4,5.017637717623563,2.6509598200694713,NA,TRUE,-0.1996377176235633,-0.07095982006947121
LQI_vel_lookup_up_post_correction_experiment.csv,LQI_vel,up,up,FALSE,89,15.923,400,4,100,10,4.818,16.6,2.6,0.6770000000000014,0.6770000000000014,0.0038081650715430264,0.008040302522073526,0,-0.009679567956795412,0.019033903390337472,0,15.92286432160804,1.3567839195971487e-4,5.039856737630502,2.662655580877534,NA,TRUE,-0.2218567376305023,-0.06265558087753398
LQI_vel_lookup_up_post_correction_experiment.csv,LQI_vel,up,up,FALSE,90,16.055,400,4,100,10,4.847,16.72,2.62,0.6649999999999991,0.6649999999999991,0.004110825815926759,0.008584693919818373,0,-0.011100510051005742,0.0218901890188998,0,16.05536850921273,3.6850921273057224e-4,5.06883619090956,2.677383857518122,NA,TRUE,-0.22183619090955986,-0.05738385751812203
LQI_vel_lookup_up_post_correction_experiment.csv,LQI_vel,up,up,FALSE,91,16.188,400,4,100,10,4.888,16.84,2.62,0.652000000000001,0.652000000000001,0.0016211668076364504,0.002814105882725734,0,-0.0021344134413447662,0.002112211221122587,0,16.187872696817422,1.2730318257681006e-4,5.097631030381569,2.6927709758954537,NA,TRUE,-0.20963103038156916,-0.07277097589545356
LQI_vel_lookup_up_post_correction_experiment.csv,LQI_vel,up,up,FALSE,92,16.32,400,4,100,10,4.871,17.06,2.64,0.7399999999999984,0.7399999999999984,5.876678784427534e-4,0,0,-0.0016471647164717808,0,0,16.32037688442211,3.7688442210992434e-4,5.126241256046529,2.708816936009529,NA,TRUE,-0.2552412560465287,-0.06881693600952898
LQI_vel_lookup_up_post_correction_experiment.csv,LQI_vel,up,up,FALSE,93,16.453,400,4,100,10,4.883,17.22,2.66,0.7669999999999995,0.7669999999999995,0.004709757762541281,0.00964836302648823,0,-0.013600960096009794,0.02733873387338347,0,16.452881072026802,1.1892797319745796e-4,5.1559416349064335,2.725851298619755,NA,TRUE,-0.27294163490643353,-0.06585129861975503
LQI_vel_lookup_up_post_correction_experiment.csv,LQI_vel,up,up,FALSE,94,16.585,400,4,100,10,4.96,17.24,2.66,0.6549999999999976,0.6549999999999976,0.0017078251276599202,0.003938927711339263,0,-0.0028952895289531687,0.004296429642965283,0,16.585385259631494,3.8525963149282916e-4,5.178225817383071,2.738882052501746,NA,TRUE,-0.2182258173830709,-0.07888205250174574
LQI_vel_lookup_up_post_correction_experiment.csv,LQI_vel,up,up,FALSE,95,16.718,400,4,100,10,4.926,17.46,2.68,0.7420000000000009,0.7420000000000009,0.003908175838397842,0.008459051693632834,0,-0.009691569156916007,0.02051005100509549,0,16.717889447236182,1.1055276381810586e-4,5.193093803476442,2.7479091976555017,NA,TRUE,-0.26709380347644185,-0.06790919765550152
LQI_vel_lookup_up_post_correction_experiment.csv,LQI_vel,up,up,FALSE,96,16.85,400,4,100,10,4.979,17.5,2.68,0.6499999999999986,0.6499999999999986,0.0044913384655493865,0.009451631252505015,0,-0.012862886288630068,0.02631863186318497,0,16.85039363484087,3.9363484086862854e-4,5.205067935146832,2.755773041045418,NA,TRUE,-0.22606793514683154,-0.07577304104541804
LQI_vel_lookup_up_post_correction_experiment.csv,LQI_vel,up,up,FALSE,97,16.983,400,4,100,10,4.98,17.64,2.7,0.657,0.657,4.943110704238754e-4,0,0,-0.0014395439543964444,0,0,16.982897822445562,1.0217755443875376e-4,5.217915972572349,2.7646453304867533,NA,TRUE,-0.23791597257234898,-0.06464533048675314
LQI_vel_lookup_up_post_correction_experiment.csv,LQI_vel,up,up,FALSE,98,17.115,400,4,100,10,5.016,17.76,2.7,0.6450000000000031,0.6450000000000031,4.7609522856968233e-4,0,0,-0.0013285328532858707,0,0,17.115402010050254,4.0201005025508607e-4,5.242486702232533,2.779906657407223,NA,TRUE,-0.22648670223253298,-0.07990665740722269
LQI_vel_lookup_up_post_correction_experiment.csv,LQI_vel,up,up,FALSE,99,17.248,400,4,100,10,5.013,18,2.7,0.7519999999999989,0.7519999999999989,4.852365870940718e-4,0,0,-0.0013555355535561223,0,0,17.24790619765494,9.380234505940166e-5,5.2787801241273815,2.8015570218068255,NA,TRUE,-0.2657801241273816,-0.10155702180682535
LQI_vel_lookup_up_post_correction_experiment.csv,LQI_vel,up,up,FALSE,100,17.38,400,4,100,10,5.035,18.16,2.74,0.7800000000000011,0.7800000000000011,0.004528372954622816,0.009886221408473997,0,-0.013428742874287764,0.02903090309030672,0,17.38041038525963,4.1038525963088546e-4,5.323819642528636,2.8283176045237797,NA,TRUE,-0.2888196425286358,-0.08831760452377946
LQI_vel_lookup_up_post_correction_experiment.csv,LQI_vel,up,up,FALSE,101,17.513,400,4,100,10,5.071999999999999,18.3,2.76,0.786999999999999,0.786999999999999,0.004705208805036235,0.010048367875913613,0,-0.014054605460546387,0.029990999099906893,0,17.51291457286432,8.542713568004956e-5,5.361944132591052,2.851679686068418,NA,TRUE,-0.289944132591053,-0.09167968606841814
LQI_vel_lookup_up_post_correction_experiment.csv,LQI_vel,up,up,FALSE,102,17.645,400,4,100,10,5.107,18.42,2.76,0.7750000000000021,0.7750000000000021,0.004507804679697412,0.00937652344524448,0,-0.012659465946594834,0.026114611461148133,0,17.645418760469013,4.1876046901379027e-4,5.388990334073586,2.86931486148738,NA,TRUE,-0.2819903340735861,-0.10931486148738001
LQI_vel_lookup_up_post_correction_experiment.csv,LQI_vel,up,up,FALSE,103,17.778,400,4,100,10,5.104,18.58,2.78,0.8019999999999996,0.8019999999999996,0.004188054199720781,0.009025217197084066,0,-0.011101110111010778,0.023546354635460478,0,17.7779229480737,7.705192629714475e-5,5.4063431220851115,2.881658137375148,NA,TRUE,-0.3023431220851114,-0.10165813737514817
LQI_vel_lookup_up_post_correction_experiment.csv,LQI_vel,up,up,FALSE,104,17.91,400,4,100,10,5.146,18.66,2.78,0.75,0.75,0.0023365994457111043,0.0047736651315187385,0,-0.003771377137713795,0.006624662466243063,0,17.910427135678393,4.2713567839314237e-4,5.422009008026508,2.892979934080157,NA,TRUE,-0.2760090080265085,-0.11297993408015738
LQI_vel_lookup_up_post_correction_experiment.csv,LQI_vel,up,up,FALSE,105,18.043,400,4,100,10,5.12,18.86,2.8,0.8170000000000002,0.8170000000000002,6.741998624634672e-4,0,0,-0.002059405940594331,0,0,18.042931323283085,6.867671691423993e-5,5.435987991897777,2.903280251602407,NA,TRUE,-0.31598799189777704,-0.10328025160240717
LQI_vel_lookup_up_post_correction_experiment.csv,LQI_vel,up,up,FALSE,106,18.175,400,4,100,10,5.184,18.88,2.8,0.7049999999999983,0.7049999999999983,5.558685986723422e-4,0,0,-0.0015571557155726907,0,0,18.175435510887773,4.3551088777249447e-4,5.4482800736989185,2.912559089941897,NA,TRUE,-0.26428007369891837,-0.11255908994189712
LQI_vel_lookup_up_post_correction_experiment.csv,LQI_vel,up,up,FALSE,107,18.308,400,4,100,10,5.192,19,2.8,0.6920000000000002,0.6920000000000002,0.004317172662516248,0.009587449708821841,0,-0.012351635163515414,0.02718271827182335,0,18.30793969849246,6.0301507538440546e-5,5.452235322072396,2.915820673109084,NA,TRUE,-0.2602353220723961,-0.11582067310908428
LQI_vel_lookup_up_post_correction_experiment.csv,LQI_vel,up,up,FALSE,108,18.44,400,4,100,10,5.194,19.12,2.82,0.6799999999999997,0.6799999999999997,6.669696281306833e-4,0,0,-0.002015001500151099,0,0,18.440443886097153,4.4388609715184657e-4,5.461502361223426,2.920682375358063,NA,TRUE,-0.26750236122342574,-0.10068237535806324
LQI_vel_lookup_up_post_correction_experiment.csv,LQI_vel,up,up,FALSE,109,18.573,400,4,100,10,5.208,19.24,2.84,0.666999999999998,0.666999999999998,0.004102856851443139,0.008584693919819898,0,-0.01101650165016504,0.021794179417949443,0,18.572948073701845,5.192629815553573e-5,5.480244451393046,2.9294726016421935,NA,TRUE,-0.2722444513930462,-0.08947260164219362
LQI_vel_lookup_up_post_correction_experiment.csv,LQI_vel,up,up,FALSE,110,18.705,400,4,100,10,5.209,19.44,2.84,0.735000000000003,0.735000000000003,0.0027136021011999753,0.005752469825293104,0,-0.004774077407739783,0.009636963696372453,0,18.705452261306533,4.522613065347514e-4,5.506845776663755,2.9423812260138784,NA,TRUE,-0.2978457766637552,-0.10238122601387856
LQI_vel_lookup_up_post_correction_experiment.csv,LQI_vel,up,up,FALSE,111,18.838,400,4,100,10,5.227,19.58,2.86,0.7419999999999973,0.7419999999999973,0.0032858896370800807,0.0069747017603953914,0,-0.006921692169216474,0.013489348934893631,0,18.83795644891122,4.355108877973635e-5,5.534726900704936,2.9567017834426292,NA,TRUE,-0.30772690070493525,-0.09670178344262936
LQI_vel_lookup_up_post_correction_experiment.csv,LQI_vel,up,up,FALSE,112,18.97,400,4,100,10,5.276,19.68,2.86,0.7100000000000009,0.7100000000000009,0.0035484951996330974,0.007722458393307218,0,-0.007857785778578178,0.016705670567058923,0,18.970460636515913,4.606365159141035e-4,5.563887823516591,2.9724342739284464,NA,TRUE,-0.28788782351659137,-0.11243427392844652
LQI_vel_lookup_up_post_correction_experiment.csv,LQI_vel,up,up,FALSE,113,19.103,400,4,100,10,5.28,19.86,2.88,0.7569999999999979,0.7569999999999979,0.0035439377744954097,0.0073690589835492554,0,-0.008555055505550392,0.01567356735673453,0,19.102964824120605,3.517587939683153e-5,5.594328545098719,2.9895786974713303,NA,TRUE,-0.31432854509871877,-0.10957869747133042
LQI_vel_lookup_up_post_correction_experiment.csv,LQI_vel,up,up,FALSE,114,19.235,400,4,100,10,5.354,19.92,2.88,0.6850000000000023,0.6850000000000023,0.0025201210488804875,0.005128647999524746,0,-0.0049558955895593546,0.006996699669966864,0,19.235469011725293,4.690117252934556e-4,5.627988375715706,3.0092443842147403,NA,TRUE,-0.2739883757157058,-0.12924438421474038
LQI_vel_lookup_up_post_correction_experiment.csv,LQI_vel,up,up,FALSE,115,19.368,400,4,100,10,5.311,20.2,2.92,0.8320000000000007,0.8320000000000007,6.558978733021685e-4,0,0,-0.0018151815181518818,0,0,19.367973199329985,2.680067001392672e-5,5.664907746239041,3.031458560004812,NA,TRUE,-0.35390774623904075,-0.11145856000481213
LQI_vel_lookup_up_post_correction_experiment.csv,LQI_vel,up,up,FALSE,116,19.5,400,4,100,10,5.395,20.26,2.92,0.7600000000000016,0.7600000000000016,4.943110704234364e-4,0,0,-0.0014263426342629765,0,0,19.500477386934676,4.773869346763604e-4,5.7050866566687235,3.056221224841545,NA,TRUE,-0.3100866566687239,-0.13622122484154486
LQI_vel_lookup_up_post_correction_experiment.csv,LQI_vel,up,up,FALSE,117,19.633,400,4,100,10,5.394,20.5,2.92,0.8670000000000009,0.8670000000000009,4.940044575104353e-4,0,0,-0.0013225322532247653,0,0,19.632981574539365,1.842546063457462e-5,5.742648503677334,3.0800686495251828,NA,TRUE,-0.34864850367733347,-0.16006864952518285
LQI_vel_lookup_up_post_correction_experiment.csv,LQI_vel,up,up,FALSE,118,19.765,400,4,100,10,5.397,20.66,2.96,0.8949999999999996,0.8949999999999996,4.7258156262541866e-4,0,0,-0.001301530153016178,0,0,19.765485762144053,4.857621440521598e-4,5.773092416370945,3.0999966055050368,NA,TRUE,-0.3760924163709447,-0.1399966055050368
LQI_vel_lookup_up_post_correction_experiment.csv,LQI_vel,up,up,FALSE,119,19.898,400,4,100,10,5.422,20.8,2.96,0.902000000000001,0.902000000000001,0.0033909564813759743,0.0069747017603953914,0,-0.0081788178817884,0.01444944494449691,0,19.897989949748744,1.005025125522252e-5,5.796418394749558,3.116005092781106,NA,TRUE,-0.37441839474955785,-0.15600509278110586
LQI_vel_lookup_up_post_correction_experiment.csv,LQI_vel,up,up,FALSE,120,20.03,400,4,100,10,5.483,20.86,2.96,0.8299999999999983,0.8299999999999983,0.0046119191211247326,0.009977753031396964,0,-0.013795979597960117,0.029282928292830503,0,20.030494137353436,4.941373534350646e-4,5.820417928268208,3.132011527001582,NA,TRUE,-0.3374179282682084,-0.17201152700158184
LQI_vel_lookup_up_post_correction_experiment.csv,LQI_vel,up,up,FALSE,121,20.163,400,4,100,10,5.449,21.14,3,0.9770000000000003,0.9770000000000003,7.666666666665607e-4,0,0,-0.002441644164416636,0,0,20.162998324958124,1.67504187587042e-6,5.86402511844263,3.1590536548133423,NA,TRUE,-0.4150251184426299,-0.15905365481334233
LQI_vel_lookup_up_post_correction_experiment.csv,LQI_vel,up,up,FALSE,122,20.296,400,4,100,10,5.509,21.32,3,1.024000000000001,1.024000000000001,5.416025603091773e-4,0,0,-0.0015553555355548477,0,0,20.295502512562813,4.974874371868054e-4,5.927282627955086,3.1971666745906564,NA,TRUE,-0.41828262795508575,-0.1971666745906564
LQI_vel_lookup_up_post_correction_experiment.csv,LQI_vel,up,up,FALSE,123,20.428,400,4,100,10,5.514,21.54,3.04,1.1119999999999983,1.1119999999999983,0.0035484951996327474,0.007722458393307218,0,-0.00831143114311429,0.017713771377139854,0,20.428006700167504,6.70016750348168e-6,5.98102785194283,3.22974506656669,NA,TRUE,-0.4670278519428299,-0.18974506656668977
LQI_vel_lookup_up_post_correction_experiment.csv,LQI_vel,up,up,FALSE,124,20.561,400,4,100,10,5.581,21.64,3.04,1.0790000000000006,1.0790000000000006,6.305360874491062e-4,0,0,-0.0015517551755172597,0,0,20.560510887772196,4.891122278039006e-4,6.023496331111239,3.2548800368905595,NA,TRUE,-0.4424963311112382,-0.21488003689055946
LQI_vel_lookup_up_post_correction_experiment.csv,LQI_vel,up,up,FALSE,125,20.693,400,4,100,10,5.575,21.84,3.06,1.1469999999999985,1.1469999999999985,5.77350269189427e-4,0,0,-0.0016693669366930595,0,0,20.693015075376884,1.507537688283378e-5,6.05546751382413,3.2725708684572217,NA,TRUE,-0.4804675138241299,-0.21257086845722162
LQI_vel_lookup_up_post_correction_experiment.csv,LQI_vel,up,up,FALSE,126,20.826,400,4,100,10,5.621,21.92,3.06,1.0940000000000012,1.0940000000000012,0.0038412303374116405,0.007722458393307218,0,-0.009869186918692792,0.0175937593759416,0,20.825519262981576,4.807370184245485e-4,6.0769414000815045,3.2828175612666763,NA,TRUE,-0.4559414000815041,-0.2228175612666763
LQI_vel_lookup_up_post_correction_experiment.csv,LQI_vel,up,up,FALSE,127,20.958,400,4,100,10,5.598,22.1,3.08,1.142000000000003,1.142000000000003,5.298179599700423e-4,0,0,-0.0015031503150308527,0,0,20.958023450586264,2.3450586265738593e-5,6.089148334568119,3.287670516621736,NA,TRUE,-0.4911483345681189,-0.20767051662173586
LQI_vel_lookup_up_post_correction_experiment.csv,LQI_vel,up,up,FALSE,128,21.091,400,4,100,10,5.626,22.16,3.08,1.068999999999999,1.068999999999999,0.0047236670398143644,0.009886221408473997,0,-0.014007200720072516,0.02876687668766633,0,21.090527638190956,4.723618090451964e-4,6.091265546250788,3.2888428153329645,NA,TRUE,-0.4652655462507873,-0.20884281533296445
LQI_vel_lookup_up_post_correction_experiment.csv,LQI_vel,up,up,FALSE,129,21.223,400,4,100,10,5.663,22.2,3.08,0.9770000000000003,0.9770000000000003,5.932277740627347e-4,0,0,-0.0017473747374743736,0,0,21.223031825795644,3.182579564509069e-5,6.091265546250788,3.2888428153329645,NA,TRUE,-0.4282655462507874,-0.20884281533296445
LQI_vel_lookup_up_post_correction_experiment.csv,LQI_vel,up,up,FALSE,130,21.356,400,4,100,10,5.644,22.34,3.1,0.9839999999999982,0.9839999999999982,0.004834002043604816,0.010048367875913613,0,-0.01468166816681583,0.029990999099911205,0,21.355536013400336,4.639865996658443e-4,6.091265546250788,3.2919789198180496,NA,TRUE,-0.4472655462507875,-0.1919789198180495
LQI_vel_lookup_up_post_correction_experiment.csv,LQI_vel,up,up,FALSE,131,21.488,400,4,100,10,5.692,22.4,3.1,0.911999999999999,0.911999999999999,0.0035434389505053995,0.007369058983550564,0,-0.008452445244523968,0.015769576957700183,0,21.488040201005028,4.020100502799551e-5,6.10494473722024,3.304228527948542,NA,TRUE,-0.41294473722023994,-0.20422852794854185
LQI_vel_lookup_up_post_correction_experiment.csv,LQI_vel,up,up,FALSE,132,21.621,400,4,100,10,5.679,22.64,3.1,1.019000000000002,1.019000000000002,6.112580172368095e-4,0,0,-0.0017119711971186145,0,0,21.620544388609716,4.556113902829395e-4,6.133452547317172,3.32308328179184,NA,TRUE,-0.4544525473171719,-0.22308328179184
LQI_vel_lookup_up_post_correction_experiment.csv,LQI_vel,up,up,FALSE,133,21.753,400,4,100,10,5.702,22.78,3.14,1.027000000000001,1.027000000000001,0.0013693617181562336,0.0019999999999999575,0,-0.002135013501349782,0.0011881188118827307,0,21.753048576214407,4.8576214407347607e-5,6.1730950063751315,3.3481054092110627,NA,TRUE,-0.4710950063751316,-0.20810540921106258
LQI_vel_lookup_up_post_correction_experiment.csv,LQI_vel,up,up,FALSE,134,21.886,400,4,100,10,5.736,22.92,3.16,1.0340000000000025,1.0340000000000025,0.0044205557491467954,0.007885544888074483,0.0028141058827257964,-0.01019201920192097,0.018253825382538703,0.0014881488148807667,21.885552763819096,4.472361809035874e-4,6.213626450130766,3.3725070423439143,NA,TRUE,-0.4776264501307663,-0.21250704234391415
LQI_vel_lookup_up_post_correction_experiment.csv,LQI_vel,up,up,FALSE,135,22.018,400,4,100,10,5.783,23.02,3.16,1.001999999999999,1.001999999999999,6.435381994423156e-4,0,0,-0.00190819081908264,0,0,22.018056951423787,5.6951423786699706e-5,6.2416461691946745,3.3874237995790364,NA,TRUE,-0.45864616919467416,-0.22742379957903625
LQI_vel_lookup_up_post_correction_experiment.csv,LQI_vel,up,up,FALSE,136,22.151,400,4,100,10,5.772,23.18,3.18,1.029,1.029,7.587869106392197e-4,0,0,-0.0023894389438949217,0,0,22.150561139028476,4.388609715242353e-4,6.257154163566857,3.392855680916428,NA,TRUE,-0.4851541635668566,-0.21285568091642793
LQI_vel_lookup_up_post_correction_experiment.csv,LQI_vel,up,up,FALSE,137,22.283,400,4,100,10,5.811,23.24,3.18,0.9569999999999972,0.9569999999999972,0.006163725752458156,0.010032271160931625,0.004773665131518844,-0.015223522352235213,0.02804680468046501,0.003048304830483042,22.283065326633167,6.53266331660518e-5,6.268246795146527,3.395453484192588,NA,TRUE,-0.4572467951465269,-0.21545348419258792
LQI_vel_lookup_up_post_correction_experiment.csv,LQI_vel,up,up,FALSE,138,22.416,400,4,100,10,5.789,23.42,3.2,1.0040000000000013,1.0040000000000013,0.004271777242328971,0.008923920866769283,0,-0.012057605760576426,0.023654365436544974,0,22.415569514237855,4.304857621448832e-4,6.281124909229112,3.400362817031098,NA,TRUE,-0.492124909229112,-0.20036281703109804
LQI_vel_lookup_up_post_correction_experiment.csv,LQI_vel,up,up,FALSE,139,22.548,400,4,100,10,5.836,23.48,3.2,0.9320000000000022,0.9320000000000022,0.0022157380146341672,0,0.0034289321599553085,-0.0024830483048314863,0,0.0014761476147611829,22.548073701842547,7.370184254895662e-5,6.295788505814611,3.407583679431958,NA,TRUE,-0.4597885058146103,-0.20758367943195788
LQI_vel_lookup_up_post_correction_experiment.csv,LQI_vel,up,up,FALSE,140,22.681,400,4,100,10,5.826,23.64,3.22,0.9589999999999996,0.9589999999999996,0.0048497006051502365,0.010018165319240449,0,-0.014609060906090444,0.029378937893785637,0,22.680577889447235,4.221105527655311e-4,6.310738252204075,3.415819049533127,NA,TRUE,-0.4847382522040755,-0.19581904953312668
LQI_vel_lookup_up_post_correction_experiment.csv,LQI_vel,up,up,FALSE,141,22.813,400,4,100,10,5.876,23.7,3.22,0.8870000000000005,0.8870000000000005,4.6882617226230727e-4,0,0,-0.0012721272127223801,0,0,22.813082077051927,8.207705192830872e-5,6.326800251919994,3.425568456258154,NA,TRUE,-0.4508002519199934,-0.2055684562581539
LQI_vel_lookup_up_post_correction_experiment.csv,LQI_vel,up,up,FALSE,142,22.946,400,4,100,10,5.844,23.92,3.24,0.9740000000000002,0.9740000000000002,5.972157622390399e-4,0,0,-0.0017659765976599522,0,0,22.94558626465662,4.137353433826263e-4,6.343974504962368,3.4368318996070393,NA,TRUE,-0.49997450496236784,-0.19683189960703906
LQI_vel_lookup_up_post_correction_experiment.csv,LQI_vel,up,up,FALSE,143,23.078,400,4,100,10,5.908,23.96,3.24,0.8820000000000014,0.8820000000000014,4.8783173121472623e-4,0,0,-0.0013801380138018053,0,0,23.078090452261307,9.045226130766082e-5,6.363169949170266,3.450140811348109,NA,TRUE,-0.45516994917026565,-0.2101408113481087
LQI_vel_lookup_up_post_correction_experiment.csv,LQI_vel,up,up,FALSE,144,23.211,400,4,100,10,5.884,24.2,3.26,0.9890000000000008,0.9890000000000008,6.256309946078662e-4,0,0,-0.0015871587158716959,0,0,23.210594639866,4.053601339997215e-4,6.392191734050859,3.4693070655485867,NA,TRUE,-0.5081917340508584,-0.2093070655485869
LQI_vel_lookup_up_post_correction_experiment.csv,LQI_vel,up,up,FALSE,145,23.343,400,4,100,10,5.98,24.22,3.26,0.8769999999999989,0.8769999999999989,0.003149859705068623,0.006759953379792478,0,-0.006478247824781859,0.013261326132604905,0,23.343098827470687,9.882747068701292e-5,6.429305078894184,3.492640064661734,NA,TRUE,-0.4493050788941835,-0.23264006466173415
LQI_vel_lookup_up_post_correction_experiment.csv,LQI_vel,up,up,FALSE,146,23.476,400,4,100,10,5.998,24.44,3.26,0.9640000000000022,0.9640000000000022,5.120763831911971e-4,0,0,-0.0011977197719767849,0,0,23.47560301507538,3.969849246203694e-4,6.474509983700241,3.5201398086875497,NA,TRUE,-0.47650998370024045,-0.26013980868754993
LQI_vel_lookup_up_post_correction_experiment.csv,LQI_vel,up,up,FALSE,147,23.608,400,4,100,10,6.001,24.68,3.28,1.0719999999999992,1.0719999999999992,5.737524894862707e-4,0,0,-0.0016423642364220932,0,0,23.608107202680067,1.0720268006636502e-4,6.52423458728168,3.5504898296146647,NA,TRUE,-0.5232345872816797,-0.27048982961466495
LQI_vel_lookup_up_post_correction_experiment.csv,LQI_vel,up,up,FALSE,148,23.741,400,4,100,10,6.038,24.82,3.32,1.0790000000000006,1.0790000000000006,5.416025603091773e-4,0,0,-0.001532553255327679,0,0,23.74061139028476,3.886097152410173e-4,6.5749429085475946,3.581913918557825,NA,TRUE,-0.5369429085475943,-0.2619139185578252
LQI_vel_lookup_up_post_correction_experiment.csv,LQI_vel,up,up,FALSE,149,23.873,400,4,100,10,6.053,25.04,3.34,1.166999999999998,1.166999999999998,5.563227026602062e-4,0,0,-0.001622562256225347,0,0,23.873115577889447,1.1557788944571712e-4,6.626634947497984,3.61441207551703,NA,TRUE,-0.5736349474979843,-0.2744120755170303
LQI_vel_lookup_up_post_correction_experiment.csv,LQI_vel,up,up,FALSE,150,24.006,400,4,100,10,6.077,25.24,3.36,1.2339999999999982,1.2339999999999982,4.521553322085022e-4,0,0,-0.001123312331234831,0,0,24.00561976549414,3.802345058616652e-4,6.6784017662937805,3.6474528687239536,NA,TRUE,-0.6014017662937805,-0.2874528687239537
LQI_vel_lookup_up_post_correction_experiment.csv,LQI_vel,up,up,FALSE,151,24.138,400,4,100,10,6.097,25.42,3.38,1.282,1.282,0.004785700501800184,0.009376523445242814,0,-0.014072007200720141,0.02611461146114779,0,24.138123953098827,1.2395309882506922e-4,6.721492196058389,3.674497808186299,NA,TRUE,-0.6244921960583882,-0.294497808186299
LQI_vel_lookup_up_post_correction_experiment.csv,LQI_vel,up,up,FALSE,152,24.271,400,4,100,10,6.17,25.48,3.38,1.2089999999999996,1.2089999999999996,0.004760220264830098,0.009999999999999787,0,-0.01425202520252255,0.029558955895589146,0,24.27062814070352,3.718592964823131e-4,6.756284732573912,3.695220045361164,NA,TRUE,-0.5862847325739118,-0.3152200453611642
LQI_vel_lookup_up_post_correction_experiment.csv,LQI_vel,up,up,FALSE,153,24.403,400,4,100,10,6.147,25.7,3.4,1.2970000000000006,1.2970000000000006,6.145541210312865e-4,0,0,-0.0017923792379230287,0,0,24.40313232830821,1.3232830821152675e-4,6.782779375840352,3.709619580248547,NA,TRUE,-0.635779375840352,-0.3096195802485471
LQI_vel_lookup_up_post_correction_experiment.csv,LQI_vel,up,up,FALSE,154,24.536,400,4,100,10,6.195,25.76,3.4,1.2240000000000002,1.2240000000000002,0.0020580219982920802,0.004380858271152491,0,-0.0036765676567658907,0.005532553255320019,0,24.5356365159129,3.63484087102961e-4,6.799106964342499,3.7180394173817746,NA,TRUE,-0.604106964342499,-0.31803941738177466
LQI_vel_lookup_up_post_correction_experiment.csv,LQI_vel,up,up,FALSE,155,24.668,400,4,100,10,6.186,25.9,3.42,1.2319999999999993,1.2319999999999993,0.004596705012255947,0.009587449708821841,0,-0.013267326732673754,0.027158715871590695,0,24.66814070351759,1.4070351759087885e-4,6.808993865615905,3.722502340536731,NA,TRUE,-0.6229938656159053,-0.30250234053673086
LQI_vel_lookup_up_post_correction_experiment.csv,LQI_vel,up,up,FALSE,156,24.801,400,4,100,10,6.2245,25.94,3.42,1.139000000000003,1.139000000000003,6.236905474589521e-4,0,0,-0.0018319831983194472,0,0,24.80064489112228,3.5510887772005617e-4,6.812440079660568,3.723008349713416,NA,TRUE,-0.5879400796605685,-0.30300834971341617
LQI_vel_lookup_up_post_correction_experiment.csv,LQI_vel,up,up,FALSE,157,24.933,400,4,100,10,6.198,26.1,3.44,1.1670000000000016,1.1670000000000016,0.0012663077641455736,0.0019999999999999575,0,-0.0030513051305129948,0.001116111611157795,0,24.93314907872697,1.4907872697023095e-4,6.815777215126324,3.723362370896473,NA,TRUE,-0.6177772151263232,-0.283362370896473
LQI_vel_lookup_up_post_correction_experiment.csv,LQI_vel,up,up,FALSE,158,25.066,400,4,100,10,6.239,26.14,3.44,1.0740000000000016,1.0740000000000016,0.004026427847623757,0.008584693919818373,0,-0.010835883588359269,0.021746174617464413,0,25.06565326633166,3.4673366834070407e-4,6.82081150629265,3.7260877320729295,NA,TRUE,-0.5818115062926505,-0.2860877320729296
LQI_vel_lookup_up_post_correction_experiment.csv,LQI_vel,up,up,FALSE,159,25.198,400,4,100,10,6.237,26.26,3.46,1.0620000000000012,1.0620000000000012,7.247430753397207e-4,0,0,-0.0022322232223219267,0,0,25.19815745393635,1.5745393634958305e-4,6.827164457377445,3.731511281785687,NA,TRUE,-0.5901644573774449,-0.27151128178568706
LQI_vel_lookup_up_post_correction_experiment.csv,LQI_vel,up,up,FALSE,160,25.331,400,4,100,10,6.268,26.34,3.46,1.0090000000000003,1.0090000000000003,4.999999999997229e-4,0,0,-0.0011395139513944844,0,0,25.33066164154104,3.3835845895779926e-4,6.834983153643866,3.7391188605254624,NA,TRUE,-0.5669831536438661,-0.2791188605254624
LQI_vel_lookup_up_post_correction_experiment.csv,LQI_vel,up,up,FALSE,161,25.463,400,4,100,10,6.263,26.5,3.48,1.036999999999999,1.036999999999999,5.33617348619409e-4,0,0,-0.0015007500750065558,0,0,25.46316582914573,1.6582914572893515e-4,6.8519452028635035,3.751325340134781,NA,TRUE,-0.5889452028635036,-0.2713253401347808
LQI_vel_lookup_up_post_correction_experiment.csv,LQI_vel,up,up,FALSE,162,25.596,400,4,100,10,6.317,26.58,3.48,0.9839999999999982,0.9839999999999982,7.316095442600593e-4,0,0,-0.0022604260426052685,0,0,25.59567001675042,3.2998324957844716e-4,6.8782579451927806,3.768204667710751,NA,TRUE,-0.5612579451927804,-0.28820466771075104
LQI_vel_lookup_up_post_correction_experiment.csv,LQI_vel,up,up,FALSE,163,25.728,400,4,100,10,6.31,26.8,3.5,1.0719999999999992,1.0719999999999992,7.640270765733152e-4,0,0,-0.0023408340834069606,0,0,25.72817420435511,1.7420435510828725e-4,6.913921380631698,3.789756843253376,NA,TRUE,-0.6039213806316983,-0.28975684325337614
LQI_vel_lookup_up_post_correction_experiment.csv,LQI_vel,up,up,FALSE,164,25.861,400,4,100,10,6.344,26.94,3.52,1.0790000000000006,1.0790000000000006,0.0010199524647270186,0.0019999999999999575,0,-0.0015619561956187243,9.000900089986304e-4,0,25.8606783919598,3.2160804019909506e-4,6.954674508943183,3.814017514797725,NA,TRUE,-0.6106745089431831,-0.2940175147977251
LQI_vel_lookup_up_post_correction_experiment.csv,LQI_vel,up,up,FALSE,165,25.993,400,4,100,10,6.373,27.1,3.54,1.1070000000000029,1.1070000000000029,5.874099974040988e-4,0,0,-0.0016645664566455117,0,0,25.99318257956449,1.8257956449119206e-4,6.998470195782129,3.839969837075826,NA,TRUE,-0.6254701957821291,-0.2999698370758259
LQI_vel_lookup_up_post_correction_experiment.csv,LQI_vel,up,up,FALSE,166,26.126,400,4,100,10,6.389,27.3,3.56,1.1739999999999995,1.1739999999999995,0.004886592665527538,0.009977753031396964,0,-0.01483708370837208,0.02947494749474246,0,26.12568676716918,3.1323283081974296e-4,7.045308441148531,3.867613810087681,NA,TRUE,-0.6563084411485312,-0.30761381008768085
LQI_vel_lookup_up_post_correction_experiment.csv,LQI_vel,up,up,FALSE,167,26.258,400,4,100,10,6.478,27.34,3.56,1.0820000000000007,1.0820000000000007,0.0036842416266631307,0.008040302522073526,0,-0.008721872187220241,0.018673867386742517,0,26.25819095477387,1.9095477387054416e-4,7.084574629691522,3.89094612685835,NA,TRUE,-0.6065746296915222,-0.33094612685835
LQI_vel_lookup_up_post_correction_experiment.csv,LQI_vel,up,up,FALSE,168,26.391,400,4,100,10,6.445,27.58,3.58,1.189,1.189,7.967104083337175e-4,0,0,-0.0024554455445536267,0,0,26.39069514237856,3.0485762143683814e-4,7.108575902816774,3.9055225753648295,NA,TRUE,-0.663575902816774,-0.3255225753648294
LQI_vel_lookup_up_post_correction_experiment.csv,LQI_vel,up,up,FALSE,169,26.523,400,4,100,10,6.493,27.62,3.58,1.0970000000000013,1.0970000000000013,6.907761700954365e-4,0,0,-0.0020750075007487773,0,0,26.52319932998325,1.9932998324989626e-4,7.117312260524287,3.9113431556071174,NA,TRUE,-0.6243122605242863,-0.33134315560711736
LQI_vel_lookup_up_post_correction_experiment.csv,LQI_vel,up,up,FALSE,170,26.656,400,4,100,10,6.506,27.7,3.6,1.0440000000000005,1.0440000000000005,0.004694247500500979,0.009920899274976953,0,-0.013674167416740438,0.028130813081310223,0,26.65570351758794,2.9648241205748604e-4,7.122388233430666,3.915445479162728,NA,TRUE,-0.6163882334306656,-0.3154454791627277
LQI_vel_lookup_up_post_correction_experiment.csv,LQI_vel,up,up,FALSE,171,26.788,400,4,100,10,6.533,27.78,3.6,0.9920000000000009,0.9920000000000009,3.942772444037942e-4,0,0,-8.982898289835626e-4,0,0,26.78820770519263,2.0770519262924836e-4,7.128363001405307,3.920009632244787,NA,TRUE,-0.5953630014053068,-0.32000963224478696
LQI_vel_lookup_up_post_correction_experiment.csv,LQI_vel,up,up,FALSE,172,26.921,400,4,100,10,6.503,27.96,3.62,1.0390000000000015,1.0390000000000015,5.378595813900417e-4,0,0,-0.001527752775277928,0,0,26.92071189279732,2.8810720267813394e-4,7.134495628226732,3.924376992995528,NA,TRUE,-0.6314956282267321,-0.304376992995528
LQI_vel_lookup_up_post_correction_experiment.csv,LQI_vel,up,up,FALSE,173,27.053,400,4,100,10,6.547,28,3.62,0.9469999999999992,0.9469999999999992,0.0036486610246401663,0.008040302522073526,0,-0.00871647164716652,0.01910591059105489,0,27.053216080402013,2.1608040201215317e-4,7.1404994603111,3.928343328120097,NA,TRUE,-0.5934994603110999,-0.3083433281200967
LQI_vel_lookup_up_post_correction_experiment.csv,LQI_vel,up,up,FALSE,174,27.186,400,4,100,10,6.554,28.12,3.64,0.934000000000001,0.934000000000001,0.0020666666666667396,0.003938927711338564,0,-0.003961596159615505,0.004152415241524787,0,27.1857202680067,2.7973199329878184e-4,7.153843533666115,3.9362897543060145,NA,TRUE,-0.5998435336661148,-0.29628975430601434
LQI_vel_lookup_up_post_correction_experiment.csv,LQI_vel,up,up,FALSE,175,27.318,400,4,100,10,6.573,28.26,3.66,0.9420000000000002,0.9420000000000002,0.0043486442796239755,0,0.006759953379792629,-0.001656165616563118,0,-5.400540054003925e-4,27.318224455611393,2.2445561139150527e-4,7.182136778256042,3.952953869210732,NA,TRUE,-0.6091367782560413,-0.2929538692107321
LQI_vel_lookup_up_post_correction_experiment.csv,LQI_vel,up,up,FALSE,176,27.451,400,4,100,10,6.593,28.44,3.68,0.9890000000000008,0.9890000000000008,0.004388909346583247,0.009296463974234436,0,-0.01228142814281527,0.025598559855985668,0,27.45072864321608,2.7135678391942974e-4,7.22537919408088,3.9783356728342505,NA,TRUE,-0.6323791940808796,-0.29833567283425033
LQI_vel_lookup_up_post_correction_experiment.csv,LQI_vel,up,up,FALSE,177,27.583,400,4,100,10,6.648,28.58,3.68,0.9969999999999999,0.9969999999999999,0.0020369069441165065,0,0.0034289321599553085,-7.55475547554299e-4,0,-0.0027002700270031097,27.583232830820773,2.3283082077441009e-4,7.272361615049934,4.005232277103677,NA,TRUE,-0.624361615049934,-0.3252322771036771
LQI_vel_lookup_up_post_correction_experiment.csv,LQI_vel,up,up,FALSE,178,27.716,400,4,100,10,6.648,28.78,3.72,1.064,1.064,0.004722383835618264,0,0.007550503361372744,-0.0037533753375331652,0,0.0026042604260424485,27.71573701842546,0.00026298157454007764,7.3166869444794465,4.0295257483856375,NA,TRUE,-0.6686869444794468,-0.3095257483856373
LQI_vel_lookup_up_post_correction_experiment.csv,LQI_vel,up,up,FALSE,179,27.848,400,4,100,10,6.703,28.9,3.72,1.0519999999999996,1.0519999999999996,7.474535896540974e-4,0,0,-0.002336033603358663,0,0,27.848241206030153,2.4120603015376219e-4,7.358355182369419,4.05121608668013,NA,TRUE,-0.6553551823694184,-0.3312160866801297
LQI_vel_lookup_up_post_correction_experiment.csv,LQI_vel,up,up,FALSE,180,27.981,400,4,100,10,6.714,29.08,3.74,1.0989999999999966,1.0989999999999966,7.227193316378205e-4,0,0,-0.002200420042004359,0,0,27.98074539363484,2.5460636516072555e-4,7.396540305908997,4.07040221103851,NA,TRUE,-0.6825403059089963,-0.33040221103850964
LQI_vel_lookup_up_post_correction_experiment.csv,LQI_vel,up,up,FALSE,181,28.113,400,4,100,10,6.74,29.22,3.76,1.1069999999999993,1.1069999999999993,0.004556391891695246,0.009376523445242814,0,-0.01325712571257206,0.02611461146115104,0,28.113249581239533,2.495812395331143e-4,7.432344542678438,4.089040990617061,NA,TRUE,-0.6923445426784376,-0.32904099061706127
LQI_vel_lookup_up_post_correction_experiment.csv,LQI_vel,up,up,FALSE,182,28.246,400,4,100,10,6.785,29.34,3.76,1.0940000000000012,1.0940000000000012,0.0016185790001720618,0.003428932159955232,0,-0.0026186618661867343,0.0031323132313163227,0,28.24575376884422,2.4623115577782073e-4,7.465767892677743,4.107132425415781,NA,TRUE,-0.6807678926777427,-0.34713242541578104
LQI_vel_lookup_up_post_correction_experiment.csv,LQI_vel,up,up,FALSE,183,28.378,400,4,100,10,6.775,29.52,3.8,1.1419999999999995,1.1419999999999995,4.983812179285632e-4,0,0,-0.0013219321932211058,0,0,28.378257956448913,2.579564489124664e-4,7.496776318221725,4.124336480792239,NA,TRUE,-0.7217763182217247,-0.32433648079223953
LQI_vel_lookup_up_post_correction_experiment.csv,LQI_vel,up,up,FALSE,184,28.511,400,4,100,10,6.83,29.6,3.8,1.0890000000000022,1.0890000000000022,0.0036305521743818497,0.0073690589835492554,0,-0.008936693669366929,0.015841584158420286,0,28.510762144053604,2.3785594639491592e-4,7.524903247887194,4.140107080171749,NA,TRUE,-0.6949032478871935,-0.34010708017174895
LQI_vel_lookup_up_post_correction_experiment.csv,LQI_vel,up,up,FALSE,185,28.643,400,4,100,10,6.842499999999999,29.74,3.82,1.0969999999999978,1.0969999999999978,0.004287767425473148,0.008816880045537538,0,-0.012000600060006387,0.023090309030905764,0,28.643266331658293,2.663316582918185e-4,7.54991599007575,4.154541496954845,NA,TRUE,-0.7074159900757504,-0.3345414969548455
LQI_vel_lookup_up_post_correction_experiment.csv,LQI_vel,up,up,FALSE,186,28.776,400,4,100,10,6.891,29.82,3.82,1.0440000000000005,1.0440000000000005,6.092717958450178e-4,0,0,-0.0017539753975395675,0,0,28.775770519262984,2.2948073701556382e-4,7.57183010816779,4.167655791893944,NA,TRUE,-0.6808301081677897,-0.34765579189394424
LQI_vel_lookup_up_post_correction_experiment.csv,LQI_vel,up,up,FALSE,187,28.908,400,4,100,10,6.872,30.02,3.84,1.1119999999999983,1.1119999999999983,7.255092255537524e-4,0,0,-0.0021512151215122622,0,0,28.908274706867672,2.747068676711706e-4,7.593349949128261,4.181197816155878,NA,TRUE,-0.7213499491282613,-0.3411978161558782
LQI_vel_lookup_up_post_correction_experiment.csv,LQI_vel,up,up,FALSE,188,29.041,1,0.01,1,10,6.871,30.02,3.84,0.9789999999999992,0.9789999999999992,NA,NA,NA,0,0,0,29.040778894472364,2.2110552763621172e-4,7.616371779456916,4.195347050381065,incomplete_hold,FALSE,-0.7453717794569155,-0.35534705038106473
PID_lookup_up_post_correction_experiment.csv,PID,up,down,TRUE,1,0,2,0.01,2,5,0.279,-0.02,-0.15,-0.02,0.02,0.39456558390209356,0.0282842712474619,0.21213203435596426,0,0,0,2.74,2.74,0.8289671809180673,0.3824036625174389,startup_or_zero_reference,FALSE,-0.5499671809180673,-0.5324036625174389
PID_lookup_up_post_correction_experiment.csv,PID,up,down,TRUE,2,5,403,4.03,100,10,1.941,4.06,0.82,-0.9400000000000004,0.9400000000000004,0.002705680518965071,0.009920899274976953,0,0.0013915391539151925,0.029234923492348654,0,5.012361809045227,0.012361809045226657,1.4909630028585317,0.6943780701313857,down_branch_warmup,FALSE,0.4500369971414684,0.1256219298686142
PID_lookup_up_post_correction_experiment.csv,PID,up,down,TRUE,3,10,774,7.74,100,10,3.329,9.46,1.68,-0.5399999999999991,0.5399999999999991,8.347866115773804e-4,0,0,0.002711671167116828,0,0,9.958090452261306,0.04190954773869393,3.044421126064581,1.6292967926591235,down_branch_warmup,FALSE,0.28457887393541936,0.05070320734087641
PID_lookup_up_post_correction_experiment.csv,PID,up,down,TRUE,4,15,963,9.63,100,10,4.288,14.82,2.3,-0.17999999999999972,0.17999999999999972,0.004020151261036763,0.007885544888073083,0,-0.009600960096009784,0.018469846984699025,0,15.03748743718593,0.03748743718593062,4.1991719451994935,2.316033402822367,down_branch_warmup,FALSE,0.0888280548005067,-0.016033402822367204
PID_lookup_up_post_correction_experiment.csv,PID,up,down,TRUE,5,20,913,9.13,100,10,5.195,20.06,2.84,0.05999999999999872,0.05999999999999872,0.014900762640641234,0.010018165319240449,0,-0.044396039603960484,0.029786978697869455,0,19.98321608040201,0.01678391959799086,5.212224556264825,2.911069648127709,down_branch_warmup,FALSE,-0.017224556264824997,-0.07106964812770933
PID_lookup_up_post_correction_experiment.csv,PID,up,down,TRUE,6,25,453,4.53,100,10,6.235,25.4,3.44,0.3999999999999986,0.3999999999999986,0.005557150276168489,0.018505800346504318,0,-0.016407440744075314,0.06055805580558552,0,25.062613065326637,0.06261306532663724,6.472102908244862,3.5746707665339548,down_branch_warmup,FALSE,-0.2371029082448617,-0.13467076653395482
PID_lookup_up_post_correction_experiment.csv,PID,up,down,TRUE,7,28,488,4.88,100,10,6.851,28.38,3.82,0.379999999999999,0.379999999999999,0.007928977668570437,0.01924955725582959,0,-0.025326132613263178,0.06318631863186618,0,28.00331658291457,0.0033165829145715975,7.0459472001154095,3.88950686446587,down_branch_warmup,FALSE,-0.19494720011540956,-0.06950686446587007
PID_lookup_up_post_correction_experiment.csv,PID,up,down,TRUE,8,28.939,400,4,100,10,7.135,29.54,3.96,0.6009999999999991,0.6009999999999991,0.008929686048752918,0.01879071337365599,0,-0.029095109510949048,0.061626162616255295,0,28.938994974874376,5.025125624058546e-6,7.433304248515304,4.121772498857926,NA,TRUE,-0.29830424851530424,-0.16177249885792566
PID_lookup_up_post_correction_experiment.csv,PID,up,down,TRUE,9,28.805,400,4,100,10,7.017,29.62,3.92,0.8150000000000013,0.8150000000000013,0,0,0,0,0,0,28.805326633165834,3.2663316583381174e-4,7.418612368060398,4.1114532333574925,NA,TRUE,-0.40161236806039735,-0.19145323335749254
PID_lookup_up_post_correction_experiment.csv,PID,up,down,TRUE,10,28.672,400,4,100,10,6.959,29.54,3.84,0.8679999999999986,0.8679999999999986,4.6056618647158306e-4,0,0,-0.0012601260126021152,0,0,28.67165829145729,3.417085427095401e-4,7.387611670794162,4.090946667720008,NA,TRUE,-0.4286116707941625,-0.25094666772000807
PID_lookup_up_post_correction_experiment.csv,PID,up,down,TRUE,11,28.538,400,4,100,10,6.841,29.54,3.82,1.001999999999999,1.001999999999999,2.726599243441396e-4,0,0,-4.4164416441623994e-4,0,0,28.53798994974875,1.0050251251669806e-5,7.340302156716597,4.060252801945476,NA,TRUE,-0.49930215671659717,-0.2402528019454766
PID_lookup_up_post_correction_experiment.csv,PID,up,down,TRUE,12,28.404,400,4,100,10,6.854,29.26,3.78,0.8560000000000016,0.8560000000000016,6.435381994424967e-4,0,0,-0.0019801980198016302,0,0,28.40432160804021,3.216080402097532e-4,7.280693259960088,4.023099666136561,NA,TRUE,-0.42669325996008833,-0.24309966613656142
PID_lookup_up_post_correction_experiment.csv,PID,up,down,TRUE,13,28.271,400,4,100,10,6.724,29.24,3.74,0.9689999999999976,0.9689999999999976,0.0016631478004255987,0.003428932159955232,0,-3.924392439259286e-4,-0.0018361836183558736,0,28.270653266331657,3.467336683442568e-4,7.211764468274386,3.9822576312869886,NA,TRUE,-0.4877644682743858,-0.2422576312869884
PID_lookup_up_post_correction_experiment.csv,PID,up,down,TRUE,14,28.137,400,4,100,10,6.738,28.92,3.7,0.7830000000000013,0.7830000000000013,6.644660649838883e-4,0,0,-0.0020612061206114252,0,0,28.13698492462311,1.5075376889939207e-5,7.133515781659494,3.937726697396758,NA,TRUE,-0.3955157816594932,-0.237726697396758
PID_lookup_up_post_correction_experiment.csv,PID,up,down,TRUE,15,28.003,400,4,100,10,6.599,28.88,3.68,0.8769999999999989,0.8769999999999989,4.02015126103462e-4,0,0,-9.600960095993215e-4,0,0,28.00331658291457,3.165829145714838e-4,7.0459472001154095,3.88950686446587,NA,TRUE,-0.44694720011540934,-0.20950686446586975
PID_lookup_up_post_correction_experiment.csv,PID,up,down,TRUE,16,27.87,400,4,100,10,6.615,28.54,3.64,0.6699999999999982,0.6699999999999982,0.002901253647524262,0.005453198486885699,0,-0.0036441644164413632,0.00307230723072552,0,27.86964824120603,3.5175879397186804e-4,6.959045836572549,3.8432711327580407,NA,TRUE,-0.3440458365725485,-0.20327113275804054
PID_lookup_up_post_correction_experiment.csv,PID,up,down,TRUE,17,27.736,400,4,100,10,6.481,28.54,3.62,0.8039999999999985,0.8039999999999985,0.0011446405637588269,0.0019999999999999575,0.0020000000000000018,-0.001289528952895587,9.240924092474654e-4,-9.000900090012241e-4,27.735979899497487,2.0100502513997753e-5,6.8964242050229885,3.8112732569966106,NA,TRUE,-0.4154242050229886,-0.19127325699661046
PID_lookup_up_post_correction_experiment.csv,PID,up,down,TRUE,18,27.602,400,4,100,10,6.526,28.24,3.58,0.6379999999999981,0.6379999999999981,6.079440431452018e-4,0,0,-0.0018391839183921374,0,0,27.602311557788944,3.1155778894387254e-4,6.858082305466728,3.793513237181579,NA,TRUE,-0.3320823054667281,-0.2135132371815791
PID_lookup_up_post_correction_experiment.csv,PID,up,down,TRUE,19,27.469,400,4,100,10,6.437,28.24,3.58,0.7709999999999972,0.7709999999999972,0,0,0,0,0,0,27.4686432160804,3.567839195994793e-4,6.840010703771383,3.7874498720151983,NA,TRUE,-0.4030107037713826,-0.20744987201519827
PID_lookup_up_post_correction_experiment.csv,PID,up,down,TRUE,20,27.335,400,4,100,10,6.448,28.08,3.54,0.7449999999999974,0.7449999999999974,0.0030134211572078714,0.005752469825294126,0,-0.0010663066306630742,9.240924092428668e-4,0,27.33497487437186,2.5125628141609013e-5,6.839229912187199,3.7874498720151983,NA,TRUE,-0.3912299121871987,-0.2474498720151983
PID_lookup_up_post_correction_experiment.csv,PID,up,down,TRUE,21,27.201,400,4,100,10,6.377,28.08,3.54,0.8789999999999978,0.8789999999999978,0.004149370160310115,0.008187203614807927,0,-0.001158715871586498,0.0016441644164428568,0,27.201306532663317,3.065326633162613e-4,6.838883449897395,3.7874498720151983,NA,TRUE,-0.46188344989739516,-0.2474498720151983
PID_lookup_up_post_correction_experiment.csv,PID,up,down,TRUE,22,27.068,400,4,100,10,6.412,27.86,3.52,0.791999999999998,0.791999999999998,5.84220105194403e-4,0,0,-0.0016951695169507702,0,0,27.067638190954774,3.6180904522709056e-4,6.831608367232991,3.7850661242721544,NA,TRUE,-0.4196083672329909,-0.26506612427215437
PID_lookup_up_post_correction_experiment.csv,PID,up,down,TRUE,23,26.934,400,4,100,10,6.329,27.86,3.52,0.9259999999999984,0.9259999999999984,2.3868325657580973e-4,0,0,-3.348334833485594e-4,0,0,26.933969849246232,3.0150753769220273e-5,6.819277930631452,3.7799784409576223,NA,TRUE,-0.49027793063145264,-0.25997844095762224
PID_lookup_up_post_correction_experiment.csv,PID,up,down,TRUE,24,26.8,400,4,100,10,6.345,27.64,3.48,0.8399999999999999,0.8399999999999999,4.852365870940718e-4,0,0,-0.0013975397539767497,0,0,26.80030150753769,3.0150753768865e-4,6.793947630768029,3.768070944290614,NA,TRUE,-0.44894763076802935,-0.288070944290614
PID_lookup_up_post_correction_experiment.csv,PID,up,down,TRUE,25,26.667,400,4,100,10,6.236,27.64,3.46,0.972999999999999,0.972999999999999,0,0,0,0,0,0,26.666633165829147,3.668341708547018e-4,6.7556174676427165,3.7493436342711286,NA,TRUE,-0.5196174676427168,-0.28934363427112864
PID_lookup_up_post_correction_experiment.csv,PID,up,down,TRUE,26,26.533,400,4,100,10,6.278,27.32,3.44,0.786999999999999,0.786999999999999,0.004393797280878464,0.008584693919818373,0,-0.0028274827482744668,0.0029522952295171546,0,26.532964824120604,3.517587939683153e-5,6.7042874412555165,3.723796510899167,NA,TRUE,-0.4262874412555169,-0.28379651089916713
PID_lookup_up_post_correction_experiment.csv,PID,up,down,TRUE,27,26.399,400,4,100,10,6.152,27.3,3.4,0.9009999999999998,0.9009999999999998,3.942772444037942e-4,0,0,-9.222922292231598e-4,0,0,26.399296482412066,2.9648241206459147e-4,6.639957551606429,3.691429574174729,NA,TRUE,-0.48795755160642873,-0.29142957417472903
PID_lookup_up_post_correction_experiment.csv,PID,up,down,TRUE,28,26.266,400,4,100,10,6.194,26.96,3.38,0.6940000000000026,0.6940000000000026,6.963106238230238e-4,0,0,-0.0021890189018905297,0,0,26.26562814070352,3.7185929647876037e-4,6.579484279512236,3.6597739719003184,NA,TRUE,-0.3854842795122364,-0.2797739719003185
PID_lookup_up_post_correction_experiment.csv,PID,up,down,TRUE,29,26.132,400,4,100,10,6.098,26.96,3.38,0.8279999999999994,0.8279999999999994,3.8612291966515515e-4,0,0,-8.820882088220428e-4,0,0,26.131959798994977,4.020100502444279e-5,6.554332854423725,3.641451885276724,NA,TRUE,-0.4563328544237253,-0.261451885276724
PID_lookup_up_post_correction_experiment.csv,PID,up,down,TRUE,30,25.998,400,4,100,10,6.119,26.78,3.34,0.782,0.782,0.005022887012405612,0.010042334631373351,0,-1.4701470147172134e-4,-0.002568256825685548,0,25.998291457286435,2.914572864334275e-4,6.554332854423725,3.635117194936676,NA,TRUE,-0.4353328544237254,-0.295117194936676
PID_lookup_up_post_correction_experiment.csv,PID,up,down,TRUE,31,25.865,400,4,100,10,6.049,26.78,3.34,0.9150000000000027,0.9150000000000027,0,0,0,0,0,0,25.864623115577892,3.7688442210637163e-4,6.554332854423725,3.630207919872218,NA,TRUE,-0.5053328544237248,-0.29020791987221806
PID_lookup_up_post_correction_experiment.csv,PID,up,down,TRUE,32,25.731,400,4,100,10,6.07,26.6,3.3,0.8689999999999998,0.8689999999999998,4.923659639170581e-4,0,0.00438085827115181,-0.001440144014399902,0,2.2802280228092727e-4,25.73095477386935,4.522613065205405e-5,6.554332854423725,3.625411835365302,NA,TRUE,-0.48433285442372487,-0.32541183536530216
PID_lookup_up_post_correction_experiment.csv,PID,up,down,TRUE,33,25.597,400,4,100,10,5.999,26.6,3.3,1.0030000000000001,1.0030000000000001,1.407052941362117e-4,0,0.008187203614806654,-1.1401140114073791e-4,0,0.001548154815481712,25.597286432160807,2.8643216080581624e-4,6.553584865360685,3.620728941415928,NA,TRUE,-0.5545848653606855,-0.3207289414159282
PID_lookup_up_post_correction_experiment.csv,PID,up,down,TRUE,34,25.464,400,4,100,10,6.028,26.4,3.28,0.9359999999999999,0.9359999999999999,0.00053285963812193225,0,0,-0.0014839483948393432,0,0,25.463618090452265,3.819095477339829e-4,6.551438230216485,3.616159238024096,NA,TRUE,-0.5234382302164855,-0.3361592380240963
PID_lookup_up_post_correction_experiment.csv,PID,up,down,TRUE,35,25.33,400,4,100,10,5.964,26.38,3.28,1.0500000000000007,1.0500000000000007,4.0936018074010544e-4,0,0,-9.942994299431292e-4,0,0,25.32994974874372,5.025125627966531e-5,6.547892948991124,3.6117027251898057,NA,TRUE,-0.5838929489911235,-0.3317027251898059
PID_lookup_up_post_correction_experiment.csv,PID,up,down,TRUE,36,25.196,400,4,100,10,5.979,26.16,3.26,0.9639999999999986,0.9639999999999986,6.301354672377776e-4,0,0,-0.0019039903990417494,0,0,25.19628140703518,2.81407035178205e-4,6.5217960107602035,3.598026844429027,NA,TRUE,-0.5427960107602035,-0.3380268444290273
PID_lookup_up_post_correction_experiment.csv,PID,up,down,TRUE,37,25.063,400,4,100,10,5.899,26.08,3.24,1.0169999999999995,1.0169999999999995,0.0017156145643276678,0.0028141058827262336,0,0.0016879687968794595,-0.0023522352235238833,0,25.062613065326637,3.8693467336159415e-4,6.472102908244862,3.5746707665339548,NA,TRUE,-0.573102908244862,-0.33467076653395456
PID_lookup_up_post_correction_experiment.csv,PID,up,down,TRUE,38,24.929,400,4,100,10,5.914,25.8,3.22,0.8710000000000022,0.8710000000000022,5.00000000000167e-4,0,0,-0.001483948394839172,0,0,24.928944723618095,5.527638190372386e-5,6.416413379207684,3.5480717566712476,NA,TRUE,-0.5024133792076846,-0.32807175667124744
PID_lookup_up_post_correction_experiment.csv,PID,up,down,TRUE,39,24.795,400,4,100,10,5.8355,25.7,3.18,0.9049999999999976,0.9049999999999976,0.001073980606637959,0.0019999999999999575,0,-9.582958295834065e-4,-0.0010441044104390104,0,24.795276381909552,2.763819095505937e-4,6.357848449901391,3.519488479254293,NA,TRUE,-0.5223484499013917,-0.33948847925429293
PID_lookup_up_post_correction_experiment.csv,PID,up,down,TRUE,40,24.662,400,4,100,10,5.805,25.5,3.16,0.838000000000001,0.838000000000001,4.943110704238754e-4,0,0,-0.0014503450345041214,0,0,24.66160804020101,3.919597989892054e-4,6.296408120325984,3.4889209342830916,NA,TRUE,-0.4914081203259846,-0.32892093428309144
PID_lookup_up_post_correction_experiment.csv,PID,up,down,TRUE,41,24.528,400,4,100,10,5.791,25.26,3.14,0.7320000000000029,0.7320000000000029,0.0048589810629079315,0.00964836302648823,0,-0.0026594659465946397,0.0021602160215958696,0,24.52793969849246,6.0301507538440546e-5,6.232092390481461,3.4563691217576435,NA,TRUE,-0.44109239048146076,-0.3163691217576434
PID_lookup_up_post_correction_experiment.csv,PID,up,down,TRUE,42,24.394,400,4,100,10,5.732,25.12,3.12,0.7260000000000026,0.7260000000000026,5.978919195596915e-4,0,0,-0.0017647764776467663,0,0,24.39427135678392,2.7135678392298246e-4,6.171195962200605,3.424668893295207,NA,TRUE,-0.4391959622006052,-0.3046688932952071
PID_lookup_up_post_correction_experiment.csv,PID,up,down,TRUE,43,24.261,400,4,100,10,5.697,24.94,3.1,0.679000000000002,0.679000000000002,6.257117159806208e-4,0,0,-0.0018865886588674238,0,0,24.260603015075375,3.969849246239221e-4,6.115068589688622,3.3944283321294932,NA,TRUE,-0.41806858968862226,-0.29442833212949315
PID_lookup_up_post_correction_experiment.csv,PID,up,down,TRUE,44,24.127,400,4,100,10,5.656,24.78,3.08,0.6530000000000022,0.6530000000000022,0.004060788100849643,0.008459051693632834,0,0.008419441944194573,-0.019621962196217164,0,24.126934673366833,6.53266331660518e-5,6.063421283703537,3.3655661845102185,NA,TRUE,-0.40742128370353736,-0.2855661845102184
PID_lookup_up_post_correction_experiment.csv,PID,up,down,TRUE,45,23.993,400,4,100,10,5.598,24.66,3.06,0.6670000000000016,0.6670000000000016,0.00492095088125828,0.009920899274976953,0,0.013782178217821954,-0.027842784278428293,0,23.99326633165829,2.663316582918185e-4,6.014123321489656,3.3386274319638045,NA,TRUE,-0.41612332148965603,-0.27862743196380446
PID_lookup_up_post_correction_experiment.csv,PID,up,down,TRUE,46,23.86,400,4,100,10,5.613,24.4,3.02,0.5399999999999991,0.5399999999999991,0.003999696958217633,0.008187203614806472,0.010000000000000009,0.0039447944794478804,-0.009444944494446156,0.02970297029702883,23.859597989949748,4.0201005025153336e-4,5.967252317234696,3.3136656347949107,NA,TRUE,-0.3542523172346952,-0.2936656347949107
PID_lookup_up_post_correction_experiment.csv,PID,up,down,TRUE,47,23.726,400,4,100,10,5.519,24.36,3.02,0.6340000000000003,0.6340000000000003,0.0036845294917746277,0.007177405625652581,0,0.007656765676566695,-0.014485448544847509,0,23.725929648241205,7.035175879366307e-5,5.922808270938655,3.2906807930035367,NA,TRUE,-0.40380827093865523,-0.27068079300353665
PID_lookup_up_post_correction_experiment.csv,PID,up,down,TRUE,48,23.592,400,4,100,10,5.558,24.08,3,0.48799999999999955,0.48799999999999955,0.00187552012987755,0.003428932159955232,0,-0.002900690069007364,0.0029162916291608112,0,23.592261306532663,2.613065326642072e-4,5.889938184288497,3.272216204827893,NA,TRUE,-0.3319381842884974,-0.2722162048278931
PID_lookup_up_post_correction_experiment.csv,PID,up,down,TRUE,49,23.459,400,4,100,10,5.484,24.08,3,0.6209999999999987,0.6209999999999987,0,0,0,0,0,0,23.45859296482412,4.070351758791446e-4,5.885847378316332,3.261545103669609,NA,TRUE,-0.4018473783163321,-0.2615451036696088
PID_lookup_up_post_correction_experiment.csv,PID,up,down,TRUE,50,23.325,400,4,100,10,5.517,23.88,2.96,0.5549999999999997,0.5549999999999997,0.0046882617226218235,0.009296463974234436,0,0.01220522052205369,-0.02396639663966158,0,23.324924623115574,7.537688442482704e-5,5.885847378316332,3.261545103669609,NA,TRUE,-0.36884737831633174,-0.30154510366960885
PID_lookup_up_post_correction_experiment.csv,PID,up,down,TRUE,51,23.191,400,4,100,10,5.447,23.88,2.96,0.6890000000000001,0.6890000000000001,9.425947424450014e-4,0.0019999999999999575,0,1.0441044104324633e-4,-0.0010441044104381064,0,23.191256281407036,2.5628140703659597e-4,5.885847378316332,3.261545103669609,NA,TRUE,-0.438847378316332,-0.30154510366960885
PID_lookup_up_post_correction_experiment.csv,PID,up,down,TRUE,52,23.058,400,4,100,10,5.48,23.68,2.94,0.6219999999999999,0.6219999999999999,4.923659639174953e-4,0,0,-0.0014401440144015262,0,0,23.057587939698493,4.120603015067559e-4,5.885847378316332,3.261545103669609,NA,TRUE,-0.40584737831633166,-0.32154510366960887
PID_lookup_up_post_correction_experiment.csv,PID,up,down,TRUE,53,22.924,400,4,100,10,5.419,23.66,2.94,0.7360000000000007,0.7360000000000007,3.77525168068763e-4,0,0,-8.394839483950538e-4,0,0,22.92391959798995,8.040201004888559e-5,5.885847378316332,3.261545103669609,NA,TRUE,-0.4668473783163325,-0.32154510366960887
PID_lookup_up_post_correction_experiment.csv,PID,up,down,TRUE,54,22.79,400,4,100,10,5.401,23.56,2.94,0.7699999999999996,0.7699999999999996,4.999999999997229e-4,0,0,-0.0014839483948380823,0,0,22.790251256281408,2.512562814089847e-4,5.885847378316332,3.261545103669609,NA,TRUE,-0.4848473783163323,-0.32154510366960887
PID_lookup_up_post_correction_experiment.csv,PID,up,down,TRUE,55,22.657,400,4,100,10,5.392,23.44,2.92,0.7830000000000013,0.7830000000000013,5.00000000000167e-4,0,0,-0.0014779477947795018,0,0,22.656582914572866,4.1708542713436714e-4,5.885847378316332,3.261545103669609,NA,TRUE,-0.49384737831633174,-0.3415451036696089
PID_lookup_up_post_correction_experiment.csv,PID,up,down,TRUE,56,22.523,400,4,100,10,5.331,23.42,2.92,0.897000000000002,0.897000000000002,0.004811854049525877,0.009756634624292791,0,0.012292829282927914,-0.025538553855391298,0,22.522914572864323,8.542713567649685e-5,5.885847378316332,3.261545103669609,NA,TRUE,-0.5548473783163317,-0.3415451036696089
PID_lookup_up_post_correction_experiment.csv,PID,up,down,TRUE,57,22.389,400,4,100,10,5.391,23.14,2.9,0.7510000000000012,0.7510000000000012,4.852365870940718e-4,0,0,-0.0013975397539753467,0,0,22.38924623115578,2.4623115578137345e-4,5.873814709471728,3.261545103669609,NA,TRUE,-0.4828147094717279,-0.3615451036696089
PID_lookup_up_post_correction_experiment.csv,PID,up,down,TRUE,58,22.256,400,4,100,10,5.304,23.14,2.9,0.8840000000000003,0.8840000000000003,3.861229196654981e-4,0,0,-8.736873687366593e-4,0,0,22.25557788944724,4.221105527619784e-4,5.857140805709219,3.261545103669609,NA,TRUE,-0.5531408057092184,-0.3615451036696089
PID_lookup_up_post_correction_experiment.csv,PID,up,down,TRUE,59,22.122,400,4,100,10,5.344,22.9,2.86,0.7779999999999987,0.7779999999999987,4.923659639170581e-4,0,0,-0.0014365436543639818,0,0,22.121909547738696,9.04522613041081e-5,5.8456926039863175,3.261545103669609,NA,TRUE,-0.5016926039863172,-0.40154510366960894
PID_lookup_up_post_correction_experiment.csv,PID,up,down,TRUE,60,21.988,400,4,100,10,5.267,22.9,2.86,0.911999999999999,0.911999999999999,4.2923469599068996e-4,0,0,-0.001082508250824148,0,0,21.988241206030153,2.4120603015376219e-4,5.839470104303027,3.2603587517419035,NA,TRUE,-0.5724701043030267,-0.4003587517419036
PID_lookup_up_post_correction_experiment.csv,PID,up,down,TRUE,61,21.855,400,4,100,10,5.283,22.68,2.84,0.8249999999999993,0.8249999999999993,5.730478499948534e-4,0,0,-0.0016279627962790407,0,0,21.85457286432161,4.2713567838958966e-4,5.813398581915325,3.2474565985643737,NA,TRUE,-0.5303985819153247,-0.4074565985643739
PID_lookup_up_post_correction_experiment.csv,PID,up,down,TRUE,62,21.721,400,4,100,10,5.238,22.52,2.82,0.7989999999999995,0.7989999999999995,5.846521887568114e-4,0,0,-0.0015793579357931578,0,0,21.72090452261307,9.547738693171937e-5,5.757262928954949,3.21806507247536,NA,TRUE,-0.5192629289549489,-0.39806507247536027
PID_lookup_up_post_correction_experiment.csv,PID,up,down,TRUE,63,21.587,400,4,100,10,5.209,22.3,2.8,0.713000000000001,0.713000000000001,5.021167315684e-4,0,0.004773665131518844,-0.0014941494149416056,0,-0.0025922592259227497,21.58723618090453,2.3618090452970364e-4,5.687154128066213,3.1803942490628874,NA,TRUE,-0.4781541280662136,-0.38039424906288755
PID_lookup_up_post_correction_experiment.csv,PID,up,down,TRUE,64,21.454,400,4,100,10,5.174,22.1,2.76,0.6460000000000008,0.6460000000000008,0.004553375925973054,0.009521904571391956,0.005453198486885819,0.012196219621961383,-0.026930693069311562,0.008208820882088276,21.453567839195983,4.321608040172009e-4,5.620882093226234,3.144220117057287,NA,TRUE,-0.4468820932262334,-0.3842201170572874
PID_lookup_up_post_correction_experiment.csv,PID,up,down,TRUE,65,21.32,400,4,100,10,5.113,21.96,2.76,0.6400000000000006,0.6400000000000006,0.0034509550720184905,0.0073690589835492554,0,0.006070207020701263,-0.015841584158413545,0,21.31989949748744,1.0050251255933063e-4,5.558829771254587,3.109911607062146,NA,TRUE,-0.4458297712545862,-0.3499116070621464
PID_lookup_up_post_correction_experiment.csv,PID,up,down,TRUE,66,21.186,400,4,100,10,5.106,21.72,2.72,0.5339999999999989,0.5339999999999989,5.02116731568846e-4,0,0,-0.001494149414941308,0,0,21.1862311557789,2.3115577889853967e-4,5.50099716215127,3.077468719077467,NA,TRUE,-0.39499716215127023,-0.3574687190774668
PID_lookup_up_post_correction_experiment.csv,PID,up,down,TRUE,67,21.053,400,4,100,10,5.054,21.58,2.72,0.5269999999999975,0.5269999999999975,0.0029648445204264453,0.006289320754704268,0,0.004117611761176695,-0.011365136513651203,0,21.052562814070356,4.371859296448122e-4,5.447384265916284,3.046891453103247,NA,TRUE,-0.39338426591628384,-0.32689145310324674
PID_lookup_up_post_correction_experiment.csv,PID,up,down,TRUE,68,20.919,400,4,100,10,5.033,21.4,2.7,0.4809999999999981,0.4809999999999981,0.0031042492870843558,0.006030226891556216,0,0.005232523252324841,-0.01080108010801005,0,20.918894472361817,1.0552763818338917e-4,5.404613110216467,3.0208083945076254,NA,TRUE,-0.37161311021646704,-0.3208083945076252
PID_lookup_up_post_correction_experiment.csv,PID,up,down,TRUE,69,20.785,400,4,100,10,4.993,21.28,2.68,0.495000000000001,0.495000000000001,4.943110704234364e-4,0,0,-9.762976297622259e-4,0,0,20.785226130653264,2.2613065326382298e-4,5.3732194822922414,3.0000847734322456,NA,TRUE,-0.3802194822922411,-0.3200847734322454
PID_lookup_up_post_correction_experiment.csv,PID,up,down,TRUE,70,20.652,400,4,100,10,4.997,21.08,2.66,0.42799999999999727,0.42799999999999727,4.793724854412624e-4,0,0,-0.001357935793579252,0,0,20.65155778894472,4.4221105527952886e-4,5.3455213090523666,2.9827808929781523,NA,TRUE,-0.34852130905236667,-0.32278089297815216
PID_lookup_up_post_correction_experiment.csv,PID,up,down,TRUE,71,20.518,400,4,100,10,4.931,21.02,2.66,0.5019999999999989,0.5019999999999989,0.003241523522585416,0.006030226891555144,0,0.005857785778577335,-0.01051305130513202,0,20.51788944723618,1.1055276382165857e-4,5.317608194759971,2.966828747488778,NA,TRUE,-0.38660819475997066,-0.30682874748877786
PID_lookup_up_post_correction_experiment.csv,PID,up,down,TRUE,72,20.384,400,4,100,10,4.955,20.78,2.64,0.3960000000000008,0.3960000000000008,5.016135580467594e-4,0,0,-0.0014875487548751552,0,0,20.384221105527637,2.2110552763621172e-4,5.289097192595478,2.951859406360535,NA,TRUE,-0.3340971925954781,-0.31185940636053466
PID_lookup_up_post_correction_experiment.csv,PID,up,down,TRUE,73,20.251,400,4,100,10,4.858,20.78,2.64,0.5289999999999999,0.5289999999999999,4.824181513241544e-4,0,0,-0.0013393339333930168,0,0,20.250552763819098,4.472361809035874e-4,5.261803950577297,2.937953319148532,NA,TRUE,-0.4038039505772977,-0.29795331914853174
PID_lookup_up_post_correction_experiment.csv,PID,up,down,TRUE,74,20.117,400,4,100,10,4.918,20.48,2.6,0.36299999999999955,0.36299999999999955,5.876678784428427e-4,0,0,-0.0017035703570357466,0,0,20.11688442211055,1.1557788944926983e-4,5.238539783447094,2.925235052408589,NA,TRUE,-0.320539783447094,-0.32523505240858874
PID_lookup_up_post_correction_experiment.csv,PID,up,down,TRUE,75,19.983,400,4,100,10,4.822,20.48,2.6,0.4969999999999999,0.4969999999999999,2.3868325657602175e-4,0,0,-3.132313231330182e-4,0,0,19.98321608040201,2.1608040200860046e-4,5.212224556264825,2.911069648127709,NA,TRUE,-0.3902245562648252,-0.3110696481277091
PID_lookup_up_post_correction_experiment.csv,PID,up,down,TRUE,76,19.85,400,4,100,10,4.874,20.18,2.58,0.3299999999999983,0.3299999999999983,4.943110704234364e-4,0,0,-0.0014443444344420177,0,0,19.849547738693467,4.522613065347514e-4,5.180463924905995,2.8945660221259804,NA,TRUE,-0.3064639249059953,-0.3145660221259803
PID_lookup_up_post_correction_experiment.csv,PID,up,down,TRUE,77,19.716,400,4,100,10,4.773,20.18,2.58,0.46399999999999864,0.46399999999999864,0,0,0,0,0,0,19.715879396984924,1.2060301507688109e-4,5.149708411110149,2.877769245143825,NA,TRUE,-0.3767084111101493,-0.29776924514382497
PID_lookup_up_post_correction_experiment.csv,PID,up,down,TRUE,78,19.582,400,4,100,10,4.819,19.9,2.56,0.31799999999999784,0.31799999999999784,5.551412596646227e-4,0,0,-0.0015463546354642645,0,0,19.58221105527638,2.110552763809892e-4,5.12188494772157,2.8613225041496197,NA,TRUE,-0.30288494772157026,-0.3013225041496197
PID_lookup_up_post_correction_experiment.csv,PID,up,down,TRUE,79,19.449,400,4,100,10,4.724,19.9,2.56,0.45099999999999696,0.45099999999999696,0.00032659863237090937,0,0,-5.676567656770419e-4,0,0,19.44854271356784,4.5728643216236264e-4,5.096993534740257,2.8452257991433636,NA,TRUE,-0.37299353474025665,-0.28522579914336355
PID_lookup_up_post_correction_experiment.csv,PID,up,down,TRUE,80,19.315,400,4,100,10,4.776,19.62,2.52,0.3049999999999997,0.3049999999999997,0.004536396024256315,0.008923920866769283,0,-0.004144614461446657,0.004716471647166138,0,19.314874371859297,1.2562814070449235e-4,5.075079012337293,2.829568972074009,NA,TRUE,-0.29907901233729284,-0.3095689720740089
PID_lookup_up_post_correction_experiment.csv,PID,up,down,TRUE,81,19.181,400,4,100,10,4.687,19.62,2.52,0.43900000000000006,0.43900000000000006,0.004605661864718694,0.009211323729436569,0,0.004464446444645036,-0.009648964896486674,0,19.18120603015075,2.0603015074982522e-4,5.055429752495401,2.814419641862841,NA,TRUE,-0.368429752495401,-0.2944196418628411
PID_lookup_up_post_correction_experiment.csv,PID,up,down,TRUE,82,19.048,400,4,100,10,4.723,19.38,2.5,0.33200000000000074,0.33200000000000074,4.623173950190287e-4,0,0,-0.0011965196519648864,0,0,19.047537688442212,4.623115577864212e-4,5.038045755214583,2.799777808509861,NA,TRUE,-0.3150457552145829,-0.299777808509861
PID_lookup_up_post_correction_experiment.csv,PID,up,down,TRUE,83,18.914,400,4,100,10,4.637,19.38,2.5,0.4659999999999975,0.4659999999999975,2.1904291355766346e-4,0,0,-2.6702670267100316e-4,0,0,18.91386934673367,1.306532663321036e-4,5.022016342913214,2.7858180787718516,NA,TRUE,-0.3850163429132145,-0.2858180787718516
PID_lookup_up_post_correction_experiment.csv,PID,up,down,TRUE,84,18.78,400,4,100,10,4.686,19.12,2.48,0.33999999999999986,0.33999999999999986,4.943110704238754e-4,0,0,-0.001444344434444019,0,0,18.780201005025127,2.0100502512576668e-4,5.006870424620018,2.772761531176416,NA,TRUE,-0.32087042462001847,-0.29276153117641623
PID_lookup_up_post_correction_experiment.csv,PID,up,down,TRUE,85,18.647,400,4,100,10,4.602,19.12,2.48,0.47300000000000253,0.47300000000000253,0,0,0,0,0,0,18.646532663316584,4.6733668341403245e-4,4.993071361336108,2.760568519688001,NA,TRUE,-0.39107136133610787,-0.28056851968800123
PID_lookup_up_post_correction_experiment.csv,PID,up,down,TRUE,86,18.513,400,4,100,10,4.643,18.88,2.44,0.36699999999999733,0.36699999999999733,4.2687494916226055e-4,0,0,-0.001006900690069362,0,0,18.51286432160804,1.3567839196326759e-4,4.980619153061484,2.7492390443066075,NA,TRUE,-0.3376191530614845,-0.30923904430660754
PID_lookup_up_post_correction_experiment.csv,PID,up,down,TRUE,87,18.379,400,4,100,10,4.571,18.86,2.44,0.4809999999999981,0.4809999999999981,3.684529491772664e-4,0,0,-7.812781278124032e-4,0,0,18.3791959798995,1.9597989949815542e-4,4.96743181944353,2.738526439723585,NA,TRUE,-0.39643181944353056,-0.29852643972358495
PID_lookup_up_post_correction_experiment.csv,PID,up,down,TRUE,88,18.246,400,4,100,10,4.603,18.62,2.42,0.37400000000000233,0.37400000000000233,4.975698519564092e-4,0,0,-0.0014635463546352838,0,0,18.245527638190957,4.723618090416437e-4,4.947283054084009,2.7268156003903457,NA,TRUE,-0.34428305408400917,-0.3068156003903457
PID_lookup_up_post_correction_experiment.csv,PID,up,down,TRUE,89,18.112,400,4,100,10,4.507,18.62,2.42,0.5080000000000027,0.5080000000000027,2.3868325657580973e-4,0,0,-3.1323132313259525e-4,0,0,18.111859296482415,1.4070351758377342e-4,4.920172856982918,2.71410652630689,NA,TRUE,-0.4131728569829187,-0.29410652630689027
PID_lookup_up_post_correction_experiment.csv,PID,up,down,TRUE,90,17.978,400,4,100,10,4.567,18.3,2.4,0.3219999999999992,0.3219999999999992,4.988876515695823e-4,0,0,-0.001474947494747945,0,0,17.978190954773872,1.9095477387054416e-4,4.887034378488936,2.7002067162833416,NA,TRUE,-0.3200343784889359,-0.3002067162833417
PID_lookup_up_post_correction_experiment.csv,PID,up,down,TRUE,91,17.845,400,4,100,10,4.461,18.3,2.4,0.45500000000000185,0.45500000000000185,0,0,0,0,0,0,17.84452261306533,4.7738693466925497e-4,4.850615244592945,2.683957626811963,NA,TRUE,-0.38961524459294505,-0.28395762681196324
PID_lookup_up_post_correction_experiment.csv,PID,up,down,TRUE,92,17.711,400,4,100,10,4.515,17.98,2.36,0.2690000000000019,0.2690000000000019,5.016135580467594e-4,0,0,-0.0014875487548765315,0,0,17.710854271356787,1.4572864321138468e-4,4.810915455294946,2.6653592578927534,NA,TRUE,-0.29591545529494656,-0.30535925789275353
PID_lookup_up_post_correction_experiment.csv,PID,up,down,TRUE,93,17.577,400,4,100,10,4.404,17.98,2.36,0.4029999999999987,0.4029999999999987,0,0,0,0,0,0,17.577185929648245,1.859296482429329e-4,4.7690980219855525,2.6450649094921967,NA,TRUE,-0.36509802198555263,-0.28506490949219687
PID_lookup_up_post_correction_experiment.csv,PID,up,down,TRUE,94,17.444,400,4,100,10,4.457,17.66,2.32,0.21600000000000108,0.21600000000000108,5.860327153276239e-4,0,0,-0.0016789678967891759,0,0,17.4435175879397,4.8241206030041894e-4,4.7280612396272215,2.6246545994833776,NA,TRUE,-0.2710612396272216,-0.3046545994833778
PID_lookup_up_post_correction_experiment.csv,PID,up,down,TRUE,95,17.31,400,4,100,10,4.351,17.66,2.32,0.3500000000000014,0.3500000000000014,0,0,0,0,0,0,17.309849246231156,1.5075376884254865e-4,4.6919317278938015,2.6055512479377776,NA,TRUE,-0.34093172789380155,-0.28555124793777775
PID_lookup_up_post_correction_experiment.csv,PID,up,down,TRUE,96,17.176,400,4,100,10,4.404,17.36,2.3,0.18400000000000105,0.18400000000000105,4.3519413988938997e-4,0,0,-0.0011179117911789792,0,0,17.176180904522614,1.8090452261532164e-4,4.660709486785293,2.587754854855397,NA,TRUE,-0.2567094867852928,-0.2877548548553972
PID_lookup_up_post_correction_experiment.csv,PID,up,down,TRUE,97,17.043,400,4,100,10,4.307,17.36,2.3,0.31700000000000017,0.31700000000000017,0,0,0,0,0,0,17.04251256281407,4.874371859280302e-4,4.633171966522676,2.5708496744448883,NA,TRUE,-0.32617196652267566,-0.2708496744448885
PID_lookup_up_post_correction_experiment.csv,PID,up,down,TRUE,98,16.909,400,4,100,10,4.355,17.08,2.28,0.17099999999999937,0.17099999999999937,4.960449637485833e-4,0,0,-0.0014497449744960993,0,0,16.90884422110553,1.557788944701599e-4,4.607286042439457,2.5553107393560675,NA,TRUE,-0.2522860424394562,-0.27531073935606765
PID_lookup_up_post_correction_experiment.csv,PID,up,down,TRUE,99,16.775,400,4,100,10,4.262,17.08,2.28,0.3049999999999997,0.3049999999999997,0,0,0,0,0,0,16.775175879396986,1.7587939698771038e-4,4.583051714535631,2.541138049588933,NA,TRUE,-0.3210517145356313,-0.2611380495889333
PID_lookup_up_post_correction_experiment.csv,PID,up,down,TRUE,100,16.642,400,4,100,10,4.312,16.8,2.26,0.15800000000000125,0.15800000000000125,4.852365870936408e-4,0,0,-0.0013915391539141874,0,0,16.641507537688444,4.924623115556415e-4,4.5593059714205895,2.5276783051770035,NA,TRUE,-0.2473059714205892,-0.26767830517700375
PID_lookup_up_post_correction_experiment.csv,PID,up,down,TRUE,101,16.508,400,4,100,10,4.217,16.8,2.26,0.2920000000000016,0.2920000000000016,0,0,0,0,0,0,16.507839195979898,1.6080402010132389e-4,4.533372010294997,2.5134278620517816,NA,TRUE,-0.3163720102949972,-0.2534278620517818
PID_lookup_up_post_correction_experiment.csv,PID,up,down,TRUE,102,16.374,400,4,100,10,4.273,16.5,2.22,0.12600000000000122,0.12600000000000122,5.00000000000167e-4,0,0,-0.0014779477947805876,0,0,16.374170854271355,1.708542713565464e-4,4.505249831158856,2.498386720213269,NA,TRUE,-0.2322498311588559,-0.2783867202132688
PID_lookup_up_post_correction_experiment.csv,PID,up,down,TRUE,103,16.241,400,4,100,10,4.174,16.5,2.22,0.25900000000000034,0.25900000000000034,0.001407052941362992,0.002814105882725734,0,-0.0010921092109217254,0.002136213621361738,0,16.240502512562813,4.974874371868054e-4,4.474939434012166,2.4825548796614645,NA,TRUE,-0.3009394340121654,-0.2625548796614643
PID_lookup_up_post_correction_experiment.csv,PID,up,down,TRUE,104,16.107,400,4,100,10,4.206,16.24,2.18,0.13299999999999912,0.13299999999999912,0.0014310764472870315,0.002814105882725734,0.010000000000000009,1.0261026102676842e-4,-0.0011521152115197444,-0.014581458145814623,16.10683417085427,1.6582914572893515e-4,4.442904724108549,2.465727185219521,NA,TRUE,-0.23690472410854824,-0.2857271852195207
PID_lookup_up_post_correction_experiment.csv,PID,up,down,TRUE,105,15.973,400,4,100,10,4.12,16.2,2.18,0.22699999999999854,0.22699999999999854,0.00494996173845016,0.009756634624291058,0,0.013848784878488167,-0.027266726672664537,0,15.97316582914573,1.6582914572893515e-4,4.405454591425071,2.444200387438472,NA,TRUE,-0.28545459142507124,-0.26420038743847174
PID_lookup_up_post_correction_experiment.csv,PID,up,down,TRUE,106,15.839,400,4,100,10,4.162,15.9,2.16,0.06099999999999994,0.06099999999999994,0.0015309599550081296,0.002814105882725734,0,-0.0012985298529865057,-1.2001200120023897e-4,0,15.839497487437187,4.974874371868054e-4,4.363655134617114,2.4187266832907146,NA,TRUE,-0.20165513461711448,-0.25872668329071447
PID_lookup_up_post_correction_experiment.csv,PID,up,down,TRUE,107,15.706,400,4,100,10,4.078,15.86,2.16,0.15399999999999991,0.15399999999999991,0.004526956299030692,0.0081872036148072,0,0.011474347434742778,-0.019573957395743215,0,15.705829145728645,1.7085427135477005e-4,4.327257123776848,2.396185829827677,NA,TRUE,-0.2492571237768475,-0.23618582982767666
PID_lookup_up_post_correction_experiment.csv,PID,up,down,TRUE,108,15.572,400,4,100,10,4.124,15.6,2.14,0.02800000000000047,0.02800000000000047,4.923659639174953e-4,0.008703882797784706,0,-0.001436543654366033,0.0024842484248426846,0,15.572160804020102,1.6080402010310024e-4,4.2962605589042715,2.376577827049358,NA,TRUE,-0.17226055890427183,-0.23657782704935792
PID_lookup_up_post_correction_experiment.csv,PID,up,down,TRUE,109,15.438,400,4,100,10,4.026,15.58,2.14,0.14199999999999946,0.14199999999999946,0.004231805975961249,0.008459051693632834,0,0.009355535553554744,-0.020438043804383355,0,15.438492462311558,4.924623115574178e-4,4.2706654399993855,2.359902674955758,NA,TRUE,-0.24466543999938573,-0.21990267495575777
PID_lookup_up_post_correction_experiment.csv,PID,up,down,TRUE,110,15.305,400,4,100,10,4.078,15.34,2.12,0.03500000000000014,0.03500000000000014,4.960449637490239e-4,0.008459051693632834,0,-0.001454545454545576,0.0032523252325241518,0,15.304824120603016,1.7587939698415767e-4,4.250471767062191,2.3461603735468772,NA,TRUE,-0.17247176706219047,-0.22616037354687712
PID_lookup_up_post_correction_experiment.csv,PID,up,down,TRUE,111,15.171,400,4,100,10,3.98,15.32,2.1,0.1490000000000009,0.1490000000000009,4.4619604333842453e-4,0,0,-9.054905490546419e-4,0,0,15.171155778894471,1.5577889447193627e-4,4.22798844308428,2.331673155146121,NA,TRUE,-0.24798844308428025,-0.23167315514612108
PID_lookup_up_post_correction_experiment.csv,PID,up,down,TRUE,112,15.037,400,4,100,10,4.026,15.06,2.08,0.022999999999999687,0.022999999999999687,3.487350880198935e-4,0,0,-7.104710471045815e-4,0,0,15.03748743718593,4.8743718592980656e-4,4.1991719451994935,2.316033402822367,NA,TRUE,-0.17317194519949375,-0.23603340282236696
PID_lookup_up_post_correction_experiment.csv,PID,up,down,TRUE,113,14.904,400,4,100,10,3.941,15,2.08,0.09600000000000009,0.09600000000000009,0,0,0,0,0,0,14.903819095477388,1.8090452261176893e-4,4.1629561747524475,2.2984889196032157,NA,TRUE,-0.22195617475244767,-0.2184889196032156
PID_lookup_up_post_correction_experiment.csv,PID,up,down,TRUE,114,14.77,400,4,100,10,3.98,14.72,2.06,-0.049999999999998934,0.049999999999998934,4.852365870938563e-4,0,0,-0.0013807380738071085,0,0,14.770150753768846,1.5075376884610137e-4,4.127781946406352,2.2804285440915786,NA,TRUE,-0.14778194640635212,-0.22042854409157853
PID_lookup_up_post_correction_experiment.csv,PID,up,down,TRUE,115,14.636,400,4,100,10,3.905,14.72,2.06,0.0840000000000014,0.0840000000000014,0,0,0,0,0,0,14.636482412060303,4.8241206030397166e-4,4.121669835726797,2.263123678221726,NA,TRUE,-0.2166698357267971,-0.20312367822172606
PID_lookup_up_post_correction_experiment.csv,PID,up,down,TRUE,116,14.503,400,4,100,10,3.948,14.54,2.04,0.036999999999999034,0.036999999999999034,0.0028959044573781353,0.002000000000000135,0,-0.0018253825382536428,2.2802280227733667e-4,0,14.50281407035176,1.8592964823938019e-4,4.121669835726797,2.250848329310292,NA,TRUE,-0.17366983572679695,-0.21084832931029185
PID_lookup_up_post_correction_experiment.csv,PID,up,down,TRUE,117,14.369,400,4,100,10,3.861,14.54,2.04,0.17099999999999937,0.17099999999999937,3.015113445778643e-4,0,0,-4.740474047406685e-4,0,0,14.369145728643216,1.4572864321671375e-4,4.121669835726797,2.250848329310292,NA,TRUE,-0.2606698357267967,-0.21084832931029185
PID_lookup_up_post_correction_experiment.csv,PID,up,down,TRUE,118,14.235,400,4,100,10,3.915,14.3,2,0.06500000000000128,0.06500000000000128,3.9427724440361915e-4,0,0,-9.162916291632203e-4,0,0,14.235477386934674,4.7738693467458404e-4,4.121669835726797,2.250848329310292,NA,TRUE,-0.20666983572679687,-0.2508483293102919
PID_lookup_up_post_correction_experiment.csv,PID,up,down,TRUE,119,14.102,400,4,100,10,3.867,14.26,2,0.15799999999999947,0.15799999999999947,0.004725815626252508,0.009521904571390264,0,0.01295529552955234,-0.026306630663067574,0,14.101809045226132,1.909547738687678e-4,4.121669835726797,2.250848329310292,NA,TRUE,-0.2546698357267969,-0.2508483293102919
PID_lookup_up_post_correction_experiment.csv,PID,up,down,TRUE,120,13.968,400,4,100,10,3.819,14.22,2,0.25200000000000067,0.25200000000000067,0,0,0,0,0,0,13.968140703517587,1.4070351758732613e-4,4.121669835726797,2.250848329310292,NA,TRUE,-0.30266983572679695,-0.2508483293102919
PID_lookup_up_post_correction_experiment.csv,PID,up,down,TRUE,121,13.834,400,4,100,10,3.862,14,1.98,0.16600000000000037,0.16600000000000037,0.004660287848221716,0.009211323729436569,0,-0.0019375937593761187,0.001416141614160425,0,13.834472361809048,4.7236180904874914e-4,4.121669835726797,2.250848329310292,NA,TRUE,-0.2596698357267968,-0.2708483293102919
PID_lookup_up_post_correction_experiment.csv,PID,up,down,TRUE,122,13.701,400,4,100,10,3.793,13.98,1.98,0.2789999999999999,0.2789999999999999,0,0,0,0,0,0,13.700804020100504,1.9597989949637906e-4,4.110558518296717,2.242135985429654,NA,TRUE,-0.31755851829671666,-0.2621359854296541
PID_lookup_up_post_correction_experiment.csv,PID,up,down,TRUE,123,13.567,400,4,100,10,3.821,13.72,1.96,0.15300000000000047,0.15300000000000047,0.0017429511719720988,0.003428932159955232,0,-4.8664866486663436e-4,1.3201320131595438e-4,0,13.56713567839196,1.3567839195971487e-4,4.0751011088367015,2.222239699365454,NA,TRUE,-0.25410110883670134,-0.2622396993654541
PID_lookup_up_post_correction_experiment.csv,PID,up,down,TRUE,124,13.433,400,4,100,10,3.736,13.66,1.96,0.2270000000000003,0.2270000000000003,4.512608598543637e-4,0,0.009951397039124869,-0.001184518451845564,0,-0.011269126912691035,13.433467336683416,4.673366834158088e-4,4.027666950864912,2.1964382703105176,NA,TRUE,-0.2916669508649119,-0.23643827031051767
PID_lookup_up_post_correction_experiment.csv,PID,up,down,TRUE,125,13.3,400,4,100,10,3.759,13.36,1.92,0.05999999999999872,0.05999999999999872,4.923659639172767e-4,0,0,-0.0014281428142805652,0,0,13.299798994974877,2.0100502512399032e-4,3.967075343688901,2.1640358116422056,NA,TRUE,-0.2080753436889009,-0.24403581164220567
PID_lookup_up_post_correction_experiment.csv,PID,up,down,TRUE,126,13.166,400,4,100,10,3.714,13.18,1.9,0.013999999999999346,0.013999999999999346,4.229525846816041e-4,0.006030226891555144,0,-0.0010291029102915397,0.002448244824480388,0,13.166130653266332,1.306532663321036e-4,3.89332628730867,2.125032323360517,NA,TRUE,-0.17932628730866984,-0.22503232336051715
PID_lookup_up_post_correction_experiment.csv,PID,up,down,TRUE,127,13.032,400,4,100,10,3.673,12.96,1.86,-0.07199999999999918,0.07199999999999918,0.0045604802157207915,0.009025217197084066,0.00717740562565266,0.01217521752175227,-0.02383438343834095,-0.0033483348334834226,13.03246231155779,4.623115577899739e-4,3.814714513926062,2.0835908080023327,NA,TRUE,-0.14171451392606205,-0.22359080800233255
PID_lookup_up_post_correction_experiment.csv,PID,up,down,TRUE,128,12.899,400,4,100,10,3.652,12.74,1.84,-0.15899999999999892,0.15899999999999892,0.001407052941362918,0.002814105882725734,0.008584693919818564,-9.48094809481311e-4,-0.0010321032103206055,-0.0011521152115214668,12.898793969849248,2.0603015075160158e-4,3.750511603663736,2.049095664354362,NA,TRUE,-0.09851160366373568,-0.209095664354362
PID_lookup_up_post_correction_experiment.csv,PID,up,down,TRUE,129,12.765,400,4,100,10,3.585,12.64,1.84,-0.125,0.125,0.0036272119688082853,0.0069747017603953914,0,0.00764416441644152,-0.014377437743778096,0,12.765125628140703,1.25628140702716e-4,3.700717556521692,2.0215468924166062,NA,TRUE,-0.11571755652169191,-0.18154689241660615
PID_lookup_up_post_correction_experiment.csv,PID,up,down,TRUE,130,12.631,400,4,100,10,3.583,12.44,1.82,-0.19100000000000072,0.19100000000000072,0.004450161726717359,0.00870388279778548,0,0.010758475847585306,-0.02082208220822379,0,12.63145728643216,4.572864321605863e-4,3.663985034024028,2.0003853292503693,NA,TRUE,-0.08098503402402768,-0.1803853292503692
PID_lookup_up_post_correction_experiment.csv,PID,up,down,TRUE,131,12.498,400,4,100,10,3.511,12.38,1.82,-0.11799999999999855,0.11799999999999855,0.005314464728788415,0.009847319278346409,0,0.015886588658866455,-0.02861086108610889,0,12.497788944723618,2.110552763809892e-4,3.630576805102106,1.9821365518565532,NA,TRUE,-0.11957680510210578,-0.16213655185655318
PID_lookup_up_post_correction_experiment.csv,PID,up,down,TRUE,132,12.364,400,4,100,10,3.546,12.12,1.8,-0.24400000000000155,0.24400000000000155,2.245084417211432e-4,0,0,-2.814281428145041e-4,0,0,12.364120603015076,1.2060301507510474e-4,3.600492869755924,1.966800560235158,NA,TRUE,-0.05449286975592438,-0.16680056023515788
PID_lookup_up_post_correction_experiment.csv,PID,up,down,TRUE,133,12.23,400,4,100,10,3.45,12.12,1.8,-0.11000000000000121,0.11000000000000121,0,0,0,0,0,0,12.230452261306532,4.5226130653119867e-4,3.5728340588343,1.953669413202565,NA,TRUE,-0.12283405883429976,-0.1536694132025649
PID_lookup_up_post_correction_experiment.csv,PID,up,down,TRUE,134,12.097,400,4,100,10,3.506,11.82,1.76,-0.27699999999999925,0.27699999999999925,3.3874396636319424e-4,0,0,-6.108610861079903e-4,0,0,12.096783919597993,2.160804020068241e-4,3.5428213180131474,1.9382269847388456,NA,TRUE,-0.036821318013147586,-0.17822698473884557
PID_lookup_up_post_correction_experiment.csv,PID,up,down,TRUE,135,11.963,400,4,100,10,3.428,11.78,1.76,-0.18299999999999983,0.18299999999999983,0.0037644804596801184,0.007722458393307218,0,0.007675967596759346,-0.01716171617161575,0,11.963115577889448,1.1557788944926983e-4,3.511870446860311,1.921010761212523,NA,TRUE,-0.08387044686031109,-0.1610107612125229
PID_lookup_up_post_correction_experiment.csv,PID,up,down,TRUE,136,11.829,400,4,100,10,3.451,11.54,1.72,-0.2890000000000015,0.2890000000000015,0.0018460714498576916,0.004380858271151713,0,0.0012703270327038122,-0.005556555655565455,0,11.829447236180906,4.4723618090536377e-4,3.4799814453757905,1.9020207426235969,NA,TRUE,-0.028981445375790393,-0.1820207426235969
PID_lookup_up_post_correction_experiment.csv,PID,up,down,TRUE,137,11.696,400,4,100,10,3.364,11.52,1.74,-0.17600000000000016,0.17600000000000016,0.0038744305544443753,0.007177405625652581,0,0.008034203420341878,-0.012469246924693138,0,11.695778894472362,2.2110552763798808e-4,3.451614208487479,1.884549925697257,NA,TRUE,-0.08761420848747914,-0.1445499256972571
PID_lookup_up_post_correction_experiment.csv,PID,up,down,TRUE,138,11.562,400,4,100,10,3.409,11.24,1.7,-0.3219999999999992,0.3219999999999992,2.876234912647574e-4,0,0,-4.7344734473417295e-4,0,0,11.56211055276382,1.1055276381988222e-4,3.42072922468061,1.8648081441130568,NA,TRUE,-0.011729224680609995,-0.1648081441130569
PID_lookup_up_post_correction_experiment.csv,PID,up,down,TRUE,139,11.428,400,4,100,10,3.329,11.2,1.7,-0.22800000000000153,0.22800000000000153,4.2923469599107116e-4,0,0,-7.344734473450081e-4,0,0,11.428442211055277,4.4221105527597615e-4,3.3873264939551833,1.8427953978709937,NA,TRUE,-0.05832649395518308,-0.1427953978709937
PID_lookup_up_post_correction_experiment.csv,PID,up,down,TRUE,140,11.295,400,4,100,10,3.347,10.96,1.66,-0.3349999999999991,0.3349999999999991,0.004878317312145746,0.009804142600004607,0.010042334631373575,0.01182118211821142,-0.023918391839183262,0.02995499549955008,11.294773869346734,2.2613065326559934e-4,3.3509105421998986,1.8179990761559672,NA,TRUE,-0.0039105421998986145,-0.1579990761559673
PID_lookup_up_post_correction_experiment.csv,PID,up,down,TRUE,141,11.161,400,4,100,10,3.256,10.94,1.68,-0.22100000000000009,0.22100000000000009,0,0,0,0,0,0,11.161105527638192,1.0552763819227096e-4,3.3176840635448,1.7952654522396163,NA,TRUE,-0.06168406354480016,-0.11526545223961637
PID_lookup_up_post_correction_experiment.csv,PID,up,down,TRUE,142,11.027,400,4,100,10,3.292,10.68,1.64,-0.34699999999999953,0.34699999999999953,0.002072694045454061,0.003938927711338564,0,-0.003432943294328837,0.0023042304230422466,0,11.02743718592965,4.3718592965014125e-4,3.2876470579898873,1.774594526121941,NA,TRUE,0.004352942010112493,-0.134594526121941
PID_lookup_up_post_correction_experiment.csv,PID,up,down,TRUE,143,10.894,400,4,100,10,3.228,10.62,1.64,-0.2740000000000009,0.2740000000000009,0.003015113445777572,0.006289320754704268,0,0.005088508850884984,-0.011125112511251239,0,10.893768844221109,2.3115577889143424e-4,3.26079952553516,1.755986297802941,NA,TRUE,-0.032799525535159635,-0.11598629780294112
PID_lookup_up_post_correction_experiment.csv,PID,up,down,TRUE,144,10.76,400,4,100,10,3.246,10.4,1.6,-0.35999999999999943,0.35999999999999943,0.0031143850017930556,0.006531972647421669,0.005752469825293232,0.005128112811280626,-0.01260126012601193,0.004620462046204665,10.760100502512564,1.005025125646597e-4,3.233502173403224,1.7381564909601177,NA,TRUE,0.012497826596776118,-0.13815649096011762
PID_lookup_up_post_correction_experiment.csv,PID,up,down,TRUE,145,10.626,400,4,100,10,3.181,10.34,1.6,-0.2859999999999996,0.2859999999999996,0.005249569486918018,0.009977753031396964,0.007550503361372744,0.015972397239724576,-0.029570957095711274,0.0013321332133212462,10.626432160804022,4.3216080402253e-4,3.2056459966341593,1.7210836353964187,NA,TRUE,-0.02464599663415923,-0.12108363539641864
PID_lookup_up_post_correction_experiment.csv,PID,up,down,TRUE,146,10.493,400,4,100,10,3.197,10.12,1.58,-0.3730000000000011,0.3730000000000011,0.004426492785924223,0.008584693919819137,0,0.011429342934294146,-0.021890189018904126,0,10.492763819095478,2.361809045225982e-4,3.1767148054679435,1.704221371172804,NA,TRUE,0.020285194532056572,-0.12422137117280396
PID_lookup_up_post_correction_experiment.csv,PID,up,down,TRUE,147,10.359,400,4,100,10,3.119,10.08,1.58,-0.2789999999999999,0.2789999999999999,2.726599243442607e-4,0,0,-3.9843984398475003e-4,0,0,10.359095477386935,9.547738693527208e-5,3.1457534080288534,1.6863030723501566,NA,TRUE,-0.026753408028853176,-0.10630307235015657
PID_lookup_up_post_correction_experiment.csv,PID,up,down,TRUE,148,10.225,400,4,100,10,3.142,9.84,1.56,-0.3849999999999998,0.3849999999999998,0.0010480862791224644,0.002814105882725734,0,-7.038703870393616e-4,-0.002328232823281529,0,10.225427135678393,4.2713567839314237e-4,3.1131862237957897,1.6677001787491117,NA,TRUE,0.028813776204210217,-0.10770017874911164
PID_lookup_up_post_correction_experiment.csv,PID,up,down,TRUE,149,10.092,400,4,100,10,3.071,9.78,1.54,-0.31200000000000117,0.31200000000000117,0,0,0,0,0,0,10.091758793969849,2.4120603015198583e-4,3.0790132527687524,1.648412690369668,NA,TRUE,-0.0080132527687522,-0.10841269036966805
PID_lookup_up_post_correction_experiment.csv,PID,up,down,TRUE,150,9.958,400,4,100,10,3.091,9.54,1.52,-0.41800000000000104,0.41800000000000104,0.004225272688588288,0.008459051693633585,0,0.00508610861086116,-0.011917191719172085,0,9.958090452261306,9.045226130588446e-5,3.044421126064581,1.6292967926591235,NA,TRUE,0.046578873935419374,-0.10929679265912351
PID_lookup_up_post_correction_experiment.csv,PID,up,down,TRUE,151,9.824,400,4,100,10,3.011,9.5,1.52,-0.32399999999999984,0.32399999999999984,3.684529491774301e-4,0,0,-5.280528052803102e-4,0,0,9.824422110552764,4.2211055276375475e-4,3.010828754785661,1.6099951068470628,NA,TRUE,1.7124521433897755e-4,-0.0899951068470628
PID_lookup_up_post_correction_experiment.csv,PID,up,down,TRUE,152,9.691,400,4,100,10,3.034,9.26,1.48,-0.43100000000000094,0.43100000000000094,5.02116731568623e-4,0,0,-0.0014317431743177292,0,0,9.69075376884422,2.4623115578137345e-4,2.9781849397849514,1.5904122034406876,NA,TRUE,0.05581506021504845,-0.11041220344068758
PID_lookup_up_post_correction_experiment.csv,PID,up,down,TRUE,153,9.557,400,4,100,10,2.956,9.22,1.48,-0.33699999999999974,0.33699999999999974,4.6056618647178754e-4,0,0,-7.020702070205881e-4,0,0,9.55708542713568,8.542713568004956e-5,2.946747322424262,1.5709464503576025,NA,TRUE,0.009252677575737778,-0.09094645035760252
PID_lookup_up_post_correction_experiment.csv,PID,up,down,TRUE,154,9.423,400,4,100,10,2.986,8.96,1.46,-0.4629999999999992,0.4629999999999992,4.6056618647178754e-4,0,0,-0.0012169216921690616,0,0,9.423417085427136,4.170854271361435e-4,2.9122545319079727,1.550300798918712,NA,TRUE,0.07374546809202753,-0.09030079891871212
PID_lookup_up_post_correction_experiment.csv,PID,up,down,TRUE,155,9.29,400,4,100,10,2.912,8.9,1.46,-0.3899999999999988,0.3899999999999988,0.005154932912592742,0.009587449708821841,0,0.015075907590758471,-0.02689468946894631,0,9.289748743718594,2.51256281405432e-4,2.8747065682360806,1.5284752491240161,NA,TRUE,0.037293431763919305,-0.06847524912401615
PID_lookup_up_post_correction_experiment.csv,PID,up,down,TRUE,156,9.156,400,4,100,10,2.927,8.66,1.42,-0.49600000000000044,0.49600000000000044,4.512608598541633e-4,0,0,-7.668766876687742e-4,0,0,9.156080402010051,8.040201005066194e-5,2.834103431408587,1.5054698009735152,NA,TRUE,0.09289656859141315,-0.08546980097351531
PID_lookup_up_post_correction_experiment.csv,PID,up,down,TRUE,157,9.022,400,4,100,10,2.8465,8.6,1.42,-0.4220000000000006,0.4220000000000006,0.005200194246566071,0.010048367875913613,0,0.015362736273626864,-0.029630963096308905,0,9.022412060301509,4.1206030150853223e-4,2.795242209825759,1.483676376774938,NA,TRUE,0.051257790174240814,-0.06367637677493798
PID_lookup_up_post_correction_experiment.csv,PID,up,down,TRUE,158,8.889,400,4,100,10,2.864,8.38,1.38,-0.5089999999999986,0.5089999999999986,0.005094451328988759,0.009951397039125532,0,0.014714071407140747,-0.029318931893190417,0,8.888743718592966,2.5628140703304325e-4,2.7616128829627904,1.4645198018934154,NA,TRUE,0.10238711703720949,-0.08451980189341546
PID_lookup_up_post_correction_experiment.csv,PID,up,down,TRUE,159,8.755,400,4,100,10,2.799,8.32,1.38,-0.4350000000000005,0.4350000000000005,0.0035706293478033014,0.006531972647421669,0,0.006696069606960491,-0.011689168916890563,0,8.755075376884424,7.537688442305068e-5,2.7332154508196793,1.4480000763289471,NA,TRUE,0.06578454918032062,-0.06800007632894722
PID_lookup_up_post_correction_experiment.csv,PID,up,down,TRUE,160,8.621,400,4,100,10,2.818,8.1,1.36,-0.5210000000000008,0.5210000000000008,0.0038612291966537804,0.007550503361372577,0,0.008208820882088214,-0.01563756375637573,0,8.62140703517588,4.070351758791446e-4,2.706930434030854,1.4322780268081232,NA,TRUE,0.11106956596914586,-0.07227802680812312
PID_lookup_up_post_correction_experiment.csv,PID,up,down,TRUE,161,8.488,400,4,100,10,2.745,8.06,1.36,-0.42799999999999905,0.42799999999999905,0,0,0,0,0,0,8.487738693467337,2.6130653266243087e-4,2.6800627723192445,1.4156633573766966,NA,TRUE,0.0649372276807556,-0.055663357376696476
PID_lookup_up_post_correction_experiment.csv,PID,up,down,TRUE,162,8.354,400,4,100,10,2.763,7.84,1.32,-0.5139999999999993,0.5139999999999993,0.003369500757313348,0.006289320754704548,0,0.006762676267626918,-0.011557155715572922,0,8.354070351758795,7.035175879543942e-5,2.652612465684851,1.398156068034668,NA,TRUE,0.1103875343151488,-0.07815606803466801
PID_lookup_up_post_correction_experiment.csv,PID,up,down,TRUE,163,8.22,400,4,100,10,2.688,7.8,1.32,-0.4200000000000008,0.4200000000000008,1.9694638556691068e-4,0,0,-1.896189618959552e-4,0,0,8.220402010050252,4.0201005025153336e-4,2.6245795141276735,1.3797561587820366,NA,TRUE,0.06342048587232663,-0.05975615878203655
PID_lookup_up_post_correction_experiment.csv,PID,up,down,TRUE,164,8.087,400,4,100,10,2.702,7.58,1.28,-0.5069999999999997,0.5069999999999997,4.163331998931807e-4,0,0,-9.636963696364288e-4,0,0,8.086733668341708,2.663316582918185e-4,2.593595948719692,1.3594581646097186,NA,TRUE,0.10840405128030817,-0.07945816460971855
PID_lookup_up_post_correction_experiment.csv,PID,up,down,TRUE,165,7.953,400,4,100,10,2.617,7.54,1.28,-0.41300000000000026,0.41300000000000026,0.004249052181892303,0.008584693919818755,0,0.010302430243024475,-0.021122112211220373,0,7.953065326633166,6.53266331660518e-5,2.554605946249424,1.334599888963397,NA,TRUE,0.06239405375057583,-0.05459988896339696
PID_lookup_up_post_correction_experiment.csv,PID,up,down,TRUE,166,7.819,400,4,100,10,2.646,7.26,1.26,-0.5590000000000002,0.5590000000000002,1.714466079977464e-4,0,0,-1.67416741674608e-4,0,0,7.819396984924624,3.969849246239221e-4,2.5076095067168707,1.3051813318430718,NA,TRUE,0.13839049328312925,-0.045181331843071826
PID_lookup_up_post_correction_experiment.csv,PID,up,down,TRUE,167,7.686,400,4,100,10,2.571,7.16,1.24,-0.5259999999999998,0.5259999999999998,0.004147422224841794,0.007722458393307218,0,0.009980798079808001,-0.01771377137713615,0,7.68572864321608,2.713567839203179e-4,2.448820737602086,1.2696743474206211,NA,TRUE,0.1221792623979141,-0.02967434742062114
PID_lookup_up_post_correction_experiment.csv,PID,up,down,TRUE,168,7.552,400,4,100,10,2.562,6.92,1.2,-0.6319999999999997,0.6319999999999997,0,0,0,0,0,0,7.552060301507538,6.0301507538440546e-5,2.384167395378032,1.231895635121452,NA,TRUE,0.17783260462196804,-0.031895635121452104
PID_lookup_up_post_correction_experiment.csv,PID,up,down,TRUE,169,7.418,400,4,100,10,2.517,6.74,1.18,-0.6779999999999999,0.6779999999999999,0.0021659439354039588,0.004773665131518951,0,0.002135013501350073,-0.006624662466246971,0,7.418391959798996,3.9195979899542266e-4,2.3136494800447083,1.1918451949455644,NA,TRUE,0.20335051995529163,-0.011845194945564463
PID_lookup_up_post_correction_experiment.csv,PID,up,down,TRUE,170,7.285,400,4,100,10,2.417,6.68,1.16,-0.6050000000000004,0.6050000000000004,0.0023868325657594755,0.005128647999524746,0,0.003048304830483131,-0.007140714071407037,0,7.284723618090453,2.76381909547041e-4,2.2500751445053777,1.1556558275791455,NA,TRUE,0.1669248554946221,0.004344172420854386
PID_lookup_up_post_correction_experiment.csv,PID,up,down,TRUE,171,7.151,400,4,100,10,2.454,6.36,1.12,-0.7909999999999995,0.7909999999999995,0.005016135580466034,0.010018165319240449,0.00603022689155521,0.009966996699670362,-0.019849984998498802,0.0034083408340832527,7.15105527638191,5.527638190994111e-5,2.1903578281705265,1.1213382770695746,NA,TRUE,0.2636421718294737,-0.0013382770695744561
PID_lookup_up_post_correction_experiment.csv,PID,up,down,TRUE,172,7.017,400,4,100,10,2.351,6.32,1.12,-0.6970000000000001,0.6970000000000001,0.001100000000000012,0,0,6.534653465346345e-4,0,0,7.017386934673367,3.869346733669232e-4,2.133435424716848,1.0882337797707715,NA,TRUE,0.2175645752831521,0.03176622022922859
PID_lookup_up_post_correction_experiment.csv,PID,up,down,TRUE,173,6.884,400,4,100,10,2.373,6.04,1.08,-0.8440000000000003,0.8440000000000003,0.0045113885071701625,0.009120960431441179,0,0.003672967296729511,-0.009180918091809136,0,6.883718592964825,2.8140703517554044e-4,2.078479301627633,1.0561765990709715,NA,TRUE,0.2945206983723674,0.02382340092902857
PID_lookup_up_post_correction_experiment.csv,PID,up,down,TRUE,174,6.75,400,4,100,10,2.28,6,1.08,-0.75,0.75,0.004846700429210162,0.009521904571390264,0,0.013527752775278023,-0.026570657065706087,0,6.750050251256281,5.025125628144167e-5,2.031525770213663,1.028456510542938,NA,TRUE,0.24847422978633693,0.05154348945706211
PID_lookup_up_post_correction_experiment.csv,PID,up,down,TRUE,175,6.616,400,4,100,10,2.301,5.76,1.04,-0.8559999999999999,0.8559999999999999,0.0021904291355759535,0.004380858271151907,0,0.0013261326132612404,-0.002772277227722735,0,6.616381909547739,3.8190954773931196e-4,1.9959533402128755,1.006731337332443,NA,TRUE,0.30504665978712464,0.033268662667557125
PID_lookup_up_post_correction_experiment.csv,PID,up,down,TRUE,176,6.483,400,4,100,10,2.231,5.72,1.04,-0.7629999999999999,0.7629999999999999,0,0,0,0,0,0,6.4827135678391965,2.864321608031517e-4,1.9717620116252697,0.9910010794394856,NA,TRUE,0.2592379883747302,0.04899892056051447
PID_lookup_up_post_correction_experiment.csv,PID,up,down,TRUE,177,6.349,400,4,100,10,2.245,5.5,1,-0.8490000000000002,0.8490000000000002,0.004020151261036763,0.008187203614806472,0.008187203614806654,0.008664866486648416,-0.018037803780377316,0.01990999099909985,6.349045226130654,4.522613065383041e-5,1.9391053100999431,0.9705167246489038,NA,TRUE,0.30589468990005697,0.029483275351096183
PID_lookup_up_post_correction_experiment.csv,PID,up,down,TRUE,178,6.215,400,4,100,10,2.146,5.48,1,-0.7349999999999994,0.7349999999999994,0.004396968652757699,0.008326663997864723,0,0.01062586258625846,-0.019633963396339955,0,6.215376884422112,3.768844221117007e-4,1.8963863736241255,0.9443246339988532,NA,TRUE,0.24961362637587436,0.05567536600114675
PID_lookup_up_post_correction_experiment.csv,PID,up,down,TRUE,179,6.082,400,4,100,10,2.171,5.2,0.96,-0.8819999999999997,0.8819999999999997,2.3868325657591574e-4,0,0,-3.132313231319858e-4,0,0,6.081708542713568,2.9145728643165114e-4,1.8436052021978164,0.912424807489334,NA,TRUE,0.3273947978021834,0.047575192510666
PID_lookup_up_post_correction_experiment.csv,PID,up,down,TRUE,180,5.948,400,4,100,10,2.088,5.12,0.96,-0.8280000000000003,0.8280000000000003,4.163331998931807e-4,0,0,0.0010285028502848561,0,0,5.948040201005026,4.020100502533097e-5,1.7854281419392066,0.8772845548676623,NA,TRUE,0.30257185806079345,0.08271544513233764
PID_lookup_up_post_correction_experiment.csv,PID,up,down,TRUE,181,5.814,400,4,100,10,2.088,4.88,0.92,-0.9340000000000002,0.9340000000000002,0.0024638804903459087,0.004773665131518951,0,-5.808580858085365e-4,-0.0014161416141617446,0,5.814371859296482,3.718592964823131e-4,1.7299337462988773,0.8432980674873959,NA,TRUE,0.35806625370112277,0.07670193251260415
PID_lookup_up_post_correction_experiment.csv,PID,up,down,TRUE,182,5.681,400,4,100,10,1.99,4.84,0.92,-0.8410000000000002,0.8410000000000002,0,0,0.0034289321599553085,0,0,-3.960396039605507e-4,5.68070351758794,2.964824120601506e-4,1.6771220152768282,0.8104653453485344,NA,TRUE,0.31287798472317174,0.10953465465146561
PID_lookup_up_post_correction_experiment.csv,PID,up,down,TRUE,183,5.547,400,4,100,10,2.018,4.56,0.86,-0.9870000000000001,0.9870000000000001,0.0046420454390909294,0.009120960431441583,0,0.008935493549355066,-0.016933693369338084,0,5.547035175879397,3.517587939771971e-5,1.6269929488730597,0.7787863884510782,NA,TRUE,0.3910070511269401,0.08121361154892182
PID_lookup_up_post_correction_experiment.csv,PID,up,down,TRUE,184,5.413,400,4,100,10,1.918,4.54,0.86,-0.8730000000000002,0.8730000000000002,0.0037371192924578627,0.007369058983549583,0,0.007399939993998943,-0.01495349534953527,0,5.413366834170855,3.668341708547018e-4,1.5834699706459652,0.7513694579075959,NA,TRUE,0.33453002935403475,0.10863054209240408
PID_lookup_up_post_correction_experiment.csv,PID,up,down,TRUE,185,5.28,400,4,100,10,1.939,4.3,0.82,-0.9800000000000004,0.9800000000000004,0.0017078547001333785,0.003428932159955385,0,6.300630063009108e-4,-0.0024122412241224128,0,5.2796984924623125,3.0150753768776184e-4,1.547444945962946,0.728829696289392,NA,TRUE,0.39155505403705404,0.09117030371060797
PID_lookup_up_post_correction_experiment.csv,PID,up,down,TRUE,186,5.146,400,4,100,10,1.866,4.26,0.82,-0.8860000000000001,0.8860000000000001,1.4070529413630543e-4,0,0,1.1641164116430762e-4,0,0,5.146030150753769,3.0150753769220273e-5,1.5189178748240024,0.7111671035964664,NA,TRUE,0.3470821251759977,0.10883289640353355
PID_lookup_up_post_correction_experiment.csv,PID,up,down,TRUE,187,5.012,400,4,100,10,1.874,4.06,0.78,-0.952,0.952,2.1904291355756618e-4,0,0,-2.670267026701194e-4,0,0,5.012361809045227,3.6180904522709056e-4,1.4909630028585317,0.6943780701313857,NA,TRUE,0.38303699714146844,0.08562192986861428
PID_lookup_up_post_correction_experiment.csv,PID,up,down,TRUE,188,4.879,400,4,100,10,1.794,4.02,0.78,-0.859,0.859,0.005425147207424125,0.010032271160932069,0,0.01642544254425411,-0.029894989498950888,0,4.878693467336683,3.065326633162613e-4,1.456429653067196,0.6741838534436462,NA,TRUE,0.33757034693280397,0.10581614655635385
PID_lookup_up_post_correction_experiment.csv,PID,up,down,TRUE,189,4.745,400,4,100,10,1.811,3.78,0.74,-0.9650000000000003,0.9650000000000003,0.002190429135575905,0.00438085827115181,0,-2.1002100210051582e-4,3.000300030002981e-4,0,4.745025125628141,2.5125628140720835e-5,1.4153178254499963,0.6505844535332478,NA,TRUE,0.39568217455000365,0.0894155464667522
PID_lookup_up_post_correction_experiment.csv,PID,up,down,TRUE,190,4.611,400,4,100,10,1.709,3.76,0.74,-0.851,0.851,2.1904291355756618e-4,0,0,2.73027302730261e-4,0,0,4.611356783919598,3.567839195985911e-4,1.3693770346006084,0.6244987217170703,NA,TRUE,0.33962296539939163,0.11550127828292966
PID_lookup_up_post_correction_experiment.csv,PID,up,down,TRUE,191,4.478,400,4,100,10,1.729,3.5,0.7,-0.9779999999999998,0.9779999999999998,0.0010339685242263892,0.0020000000000000018,0,-6.192619261920534e-4,5.880588058801494e-4,0,4.477688442211056,3.1155778894387254e-4,1.3219717368776245,0.5975656774114739,NA,TRUE,0.4070282631223756,0.10243432258852603
PID_lookup_up_post_correction_experiment.csv,PID,up,down,TRUE,192,4.344,400,4,100,10,1.644,3.5,0.7,-0.8440000000000003,0.8440000000000003,4.351941398892933e-4,0,0,9.198919891989746e-4,0,0,4.344020100502513,2.0100502513109575e-5,1.3033578389684797,0.5857707241885506,NA,TRUE,0.34064216103152023,0.11422927581144937
PID_lookup_up_post_correction_experiment.csv,PID,up,down,TRUE,193,4.21,400,4,100,10,1.681,3.3,0.66,-0.9100000000000001,0.9100000000000001,0.005288934513002398,0.009847319278346627,0,0.01535853585358546,-0.02777077707770732,0,4.21035175879397,3.517587939700917e-4,1.3033578389684797,0.5857707241885506,NA,TRUE,0.3776421610315204,0.07422927581144945
PID_lookup_up_post_correction_experiment.csv,PID,up,down,TRUE,194,4.077,400,4,100,10,1.626,3.28,0.66,-0.7970000000000002,0.7970000000000002,4.934930126510426e-4,0,0,7.326732673265607e-4,0,0,4.076683417085428,3.16582914572372e-4,1.3033578389684797,0.5857707241885506,NA,TRUE,0.3226421610315202,0.07422927581144945
PID_lookup_up_post_correction_experiment.csv,PID,up,down,TRUE,195,3.943,400,4,100,10,1.571,3.26,0.66,-0.6830000000000003,0.6830000000000003,0,0,0,0,0,0,3.9430150753768847,1.5075376884610137e-5,1.3033578389684797,0.5857707241885506,NA,TRUE,0.2676421610315203,0.07422927581144945
PID_lookup_up_post_correction_experiment.csv,PID,up,down,TRUE,196,3.809,400,4,100,10,1.608,3.06,0.62,-0.7490000000000001,0.7490000000000001,4.093601807403782e-4,0,0,-7.182718271824715e-4,0,0,3.8093467336683418,3.4673366834159225e-4,1.3033578389684797,0.5857707241885506,NA,TRUE,0.3046421610315204,0.03422927581144941
PID_lookup_up_post_correction_experiment.csv,PID,up,down,TRUE,197,3.676,400,4,100,10,1.562,3.02,0.62,-0.6560000000000001,0.6560000000000001,0.005024173885558069,0.009296463974234644,0,0.013182718271827727,-0.02348634863486375,0,3.6756783919597993,3.216080402008714e-4,1.3033578389684797,0.5857707241885506,NA,TRUE,0.2586421610315204,0.03422927581144941
PID_lookup_up_post_correction_experiment.csv,PID,up,down,TRUE,198,3.542,400,4,100,10,1.506,3,0.62,-0.5419999999999998,0.5419999999999998,4.2923469599088056e-4,0,0,7.632763276326224e-4,0,0,3.542010050251257,1.0050251256998877e-5,1.3033578389684797,0.5857707241885506,NA,TRUE,0.20264216103152033,0.03422927581144941
PID_lookup_up_post_correction_experiment.csv,PID,up,down,TRUE,199,3.408,400,4,100,10,1.542,2.8,0.58,-0.6080000000000001,0.6080000000000001,4.512608598541633e-4,0,0,-0.001116111611160706,0,0,3.408341708542714,3.41708542713981e-4,1.3033578389684797,0.5857707241885506,NA,TRUE,0.23864216103152036,-0.005770724188550624
PID_lookup_up_post_correction_experiment.csv,PID,up,down,TRUE,200,3.275,400,4,100,10,1.486,2.78,0.58,-0.4950000000000001,0.4950000000000001,0,0,0,0,0,0,3.274673366834171,3.2663316582892676e-4,1.3033578389684797,0.5857707241885506,NA,TRUE,0.1826421610315203,-0.005770724188550624
PID_lookup_up_post_correction_experiment.csv,PID,up,down,TRUE,201,3.141,400,4,100,10,1.43,2.76,0.58,-0.3810000000000002,0.3810000000000002,0.0027265992434429096,0.005752469825293104,0,0.00420042004200426,-0.009396939693969096,0,3.1410050251256285,5.025125628499438e-6,1.3033578389684797,0.5857707241885506,NA,TRUE,0.12664216103152026,-0.005770724188550624
PID_lookup_up_post_correction_experiment.csv,PID,up,down,TRUE,202,3.007,400,4,100,10,1.416,2.36,0.5,-0.6470000000000002,0.6470000000000002,0.004560823512383584,0.009521904571390476,0.009376523445243022,0.009956795679567773,-0.021698169816981847,0.026114611461146107,3.0073366834170856,3.3668341708548155e-4,1.15184652372374,0.521723442007883,NA,TRUE,0.26415347627625985,-0.02172344200788301
PID_lookup_up_post_correction_experiment.csv,PID,up,down,TRUE,203,2.874,400,4,100,10,1.317,2.12,0.44,-0.754,0.754,4.379705261980354e-4,0,0,-9.522952295230865e-4,0,0,2.873668341708543,3.316582914569821e-4,0.9980405396253504,0.4563870565766839,NA,TRUE,0.3189594603746495,-0.01638705657668388
PID_lookup_up_post_correction_experiment.csv,PID,up,down,TRUE,204,2.74,400,4,100,10,1.224,1.84,0.38,-0.9000000000000001,0.9000000000000001,0.0018167292177165679,0.0034289321599553085,0,-0.0011563156315632438,0.0011881188118809225,0,2.74,0,0.8289671809180673,0.3824036625174389,NA,TRUE,0.39503281908193266,-0.002403662517438898
PID_lookup_down_post_correction_experiment.csv,PID,down,up,TRUE,1,0,2,0.01,2,5,0.279,0.01,-0.15,0.01,0.01,0.39456558390209356,0.01414213562373095,0.21213203435596426,0,0,0,4.395,4.395,1.170010257114741,0.49411956424322806,startup_or_zero_reference,FALSE,-0.891010257114741,-0.644119564243228
PID_lookup_down_post_correction_experiment.csv,PID,down,up,TRUE,2,4.395,400,4,100,10,1.797,3.1,0.74,-1.2949999999999995,1.2949999999999995,0.004326988361762522,0.007247430753394793,0,0.010209420942094243,0.01502550255025492,0,4.395,0,1.170010257114741,0.49411956424322806,NA,TRUE,0.6269897428852589,0.24588043575677193
PID_lookup_down_post_correction_experiment.csv,PID,down,up,TRUE,3,4.528,400,4,100,10,1.942,3.52,0.82,-1.0079999999999996,1.0079999999999996,9.931075602685727e-4,0,0,0.0032271227122706706,0,0,4.5275041876046895,4.958123953100468e-4,1.4357574419183106,0.6013053296716775,NA,TRUE,0.5062425580816894,0.21869467032832246
PID_lookup_down_post_correction_experiment.csv,PID,down,up,TRUE,4,4.66,400,4,100,10,2.079,3.94,0.92,-0.7200000000000002,0.7200000000000002,0.0034538223591968928,0.006759953379792629,0,-0.005474947494749219,0.011341134113411684,0,4.6600083752093795,8.3752093793521e-6,1.7124724103177305,0.7155431386981355,NA,TRUE,0.36652758968226973,0.20445686130186458
PID_lookup_down_post_correction_experiment.csv,PID,down,up,TRUE,5,4.793,400,4,100,10,2.224,4.36,1,-0.43299999999999983,0.43299999999999983,0.0033120532860595256,0.0073690589835492554,0,-0.006174617461746551,0.015697569756974748,0,4.79251256281407,4.8743718592980656e-4,2.0001551623130007,0.8368329913226024,NA,TRUE,0.22384483768699948,0.16316700867739764
PID_lookup_down_post_correction_experiment.csv,PID,down,up,TRUE,6,4.925,400,4,100,10,2.212,4.52,1.04,-0.40500000000000025,0.40500000000000025,6.030226891555233e-4,0,0,0.0018289828982898488,0,0,4.92501675041876,1.6750418760480557e-5,2.0001551623130007,0.8368329913226024,NA,TRUE,0.21184483768699947,0.20316700867739768
PID_lookup_down_post_correction_experiment.csv,PID,down,up,TRUE,7,5.058,400,4,100,10,2.251,4.58,1.04,-0.47799999999999976,0.47799999999999976,0.00453074792585903,0.009211323729436569,0,-0.01074587458745871,0.02246624662466155,0,5.05752093802345,4.790619765495663e-4,2.0001551623130007,0.8368329913226024,NA,TRUE,0.25084483768699917,0.20316700867739768
PID_lookup_down_post_correction_experiment.csv,PID,down,up,TRUE,8,5.19,400,4,100,10,2.289,4.64,1.06,-0.5500000000000007,0.5500000000000007,4.902071300001432e-4,0.002000000000000046,0,0.0014203420342033253,0.0011881188118814802,0,5.19002512562814,2.5125628139832656e-5,2.0001551623130007,0.8368329913226024,NA,TRUE,0.2888448376869994,0.2231670086773977
PID_lookup_down_post_correction_experiment.csv,PID,down,up,TRUE,9,5.323,400,4,100,10,2.284,4.88,1.1,-0.4430000000000005,0.4430000000000005,0.0035147452743313733,0.006759953379792478,0,0.004601860186018362,-0.004380438043804323,0,5.32252931323283,4.706867671702142e-4,2.048479614777055,0.8724717742865346,NA,TRUE,0.23552038522294483,0.22752822571346554
PID_lookup_down_post_correction_experiment.csv,PID,down,up,TRUE,10,5.455,400,4,100,10,2.373,4.94,1.1,-0.5149999999999997,0.5149999999999997,5.02418393795636e-4,0,0,0.0014983498349830657,0,0,5.455033500837521,3.350083752096111e-5,2.099470346500061,0.9058124475615482,NA,TRUE,0.2735296534999394,0.19418755243845187
PID_lookup_down_post_correction_experiment.csv,PID,down,up,TRUE,11,5.588,400,4,100,10,2.379,5.16,1.16,-0.42799999999999994,0.42799999999999994,0.0023141855036825213,0.0047736651315187385,0,-0.0014779477947795888,0.00580858085808609,0,5.587537688442211,4.623115577890857e-4,2.148298952664236,0.936629701371878,NA,TRUE,0.23070104733576402,0.22337029862812197
PID_lookup_down_post_correction_experiment.csv,PID,down,up,TRUE,12,5.72,400,4,100,10,2.444,5.26,1.16,-0.45999999999999996,0.45999999999999996,4.975698519561882e-4,0,0,0.0014695469546951382,0,0,5.720041876046901,4.187604690120139e-5,2.194965433269582,0.964923535717524,NA,TRUE,0.24903456673041813,0.19507646428247594
PID_lookup_down_post_correction_experiment.csv,PID,down,up,TRUE,13,5.853,400,4,100,10,2.468,5.44,1.2,-0.41299999999999937,0.41299999999999937,0.0011254179919326205,0,0,-1.2421242124217855e-4,0,0,5.852546063651591,4.5393634840884545e-4,2.241726446453536,0.9922391158980616,NA,TRUE,0.22627355354646417,0.20776088410193838
PID_lookup_down_post_correction_experiment.csv,PID,down,up,TRUE,14,5.985,400,4,100,10,2.521,5.58,1.22,-0.40500000000000025,0.40500000000000025,5.800557270336811e-4,0,0,0.0016807680768075874,0,0,5.985050251256281,5.025125628055349e-5,2.296901938710922,1.0241061545105772,NA,TRUE,0.22409806128907794,0.1958938454894228
PID_lookup_down_post_correction_experiment.csv,PID,down,up,TRUE,15,6.118,400,4,100,10,2.552,5.78,1.26,-0.3380000000000001,0.3380000000000001,0.0049630859575692425,0.009521904571390686,0,-0.014183618361835357,0.026906690669067448,0,6.117554438860971,4.4556113902949335e-4,2.3604919100417403,1.06052465155507,NA,TRUE,0.19150808995825974,0.1994753484449301
PID_lookup_down_post_correction_experiment.csv,PID,down,up,TRUE,16,6.25,400,4,100,10,2.61,5.94,1.28,-0.3099999999999996,0.3099999999999996,0.003932511470376912,0.008187203614806472,0.005752469825293232,-0.008494449444944598,0.018565856585658194,-2.760276027603043e-4,6.250058626465661,5.862646566079377e-5,2.431329580931119,1.100821952508166,NA,TRUE,0.17867041906888081,0.17917804749183408
PID_lookup_down_post_correction_experiment.csv,PID,down,up,TRUE,17,6.383,400,4,100,10,2.667,6.1,1.32,-0.28300000000000036,0.28300000000000036,5.86032715327754e-4,0,0,0.0016909690969097897,0,0,6.382562814070352,4.371859296483649e-4,2.501302224936036,1.1404404849729304,NA,TRUE,0.16569777506396388,0.17955951502706968
PID_lookup_down_post_correction_experiment.csv,PID,down,up,TRUE,18,6.515,400,4,100,10,2.709,6.28,1.34,-0.23499999999999943,0.23499999999999943,0.002932162300687899,0.005453198486885941,0,-0.004826882688269131,0.008832883288328597,0,6.515067001675042,6.700167504192223e-5,2.566754378660273,1.1781810125350962,NA,TRUE,0.14224562133972718,0.16181898746490386
PID_lookup_down_post_correction_experiment.csv,PID,down,up,TRUE,19,6.648,400,4,100,10,2.746,6.46,1.38,-0.18799999999999972,0.18799999999999972,0.004334079189890479,0.008923920866769679,0,-0.010348634863486618,0.02223822382238304,0,6.647571189279732,4.288107202681246e-4,2.6276860421038304,1.2140435351946637,NA,TRUE,0.11831395789616961,0.1659564648053362
PID_lookup_down_post_correction_experiment.csv,PID,down,up,TRUE,20,6.78,400,4,100,10,2.823,6.56,1.38,-0.22000000000000064,0.22000000000000064,0.00485236587093921,0.00964836302648823,0,-0.013867386738674076,0.027410741074105686,0,6.780075376884422,7.53768844221625e-5,2.6860295542232997,1.2488006239021436,NA,TRUE,0.13697044577670026,0.13119937609785626
PID_lookup_down_post_correction_experiment.csv,PID,down,up,TRUE,21,6.913,400,4,100,10,2.832,6.78,1.42,-0.133,0.133,0.00478038923228227,0.009704731741877987,0,-0.005264926492649235,0.011317131713169656,0,6.912579564489112,4.2043551088788433e-4,2.7390433243826107,1.2803297418862336,NA,TRUE,0.09295667561738918,0.13967025811376632
PID_lookup_down_post_correction_experiment.csv,PID,down,up,TRUE,22,7.045,400,4,100,10,2.907,6.86,1.42,-0.1849999999999996,0.1849999999999996,0.005096830070512146,0.009886221408473997,0.0028141058827257964,-0.014613261326132786,0.028934893489348332,6.720672067208228e-4,7.045083752093802,8.375209380240278e-5,2.7867273525817624,1.308630889146934,NA,TRUE,0.12027264741823762,0.11136911085306589
PID_lookup_down_post_correction_experiment.csv,PID,down,up,TRUE,23,7.178,400,4,100,10,2.906,7.08,1.46,-0.097999999999999865,0.097999999999999865,0.004927873719358134,0.009999999999999787,0.009886221408474215,-0.014436843684368705,0.02948694869486978,-0.012997299729973108,7.177587939698492,4.1206030150764406e-4,2.8300598873619043,1.3343655015386844,NA,TRUE,0.07594011263809586,0.12563449846131558
PID_lookup_down_post_correction_experiment.csv,PID,down,up,TRUE,24,7.31,400,4,100,10,2.968,7.18,1.48,-0.1299999999999999,0.1299999999999999,4.923659639172767e-4,0,0,0.0014365436543649314,0,0,7.310092127303182,9.212730318264306e-5,2.8746488675006763,1.361812969593387,NA,TRUE,0.0933511324993237,0.11818703040661305
PID_lookup_down_post_correction_experiment.csv,PID,down,up,TRUE,25,7.443,400,4,100,10,2.9795,7.38,1.5,-0.06299999999999972,0.06299999999999972,0.015439484342674056,0.009804142600004171,0,0.014562856285628527,-0.008988898889888785,0,7.442596314907872,4.036850921274038e-4,2.920494292998079,1.390973293311041,NA,TRUE,0.05900570700192098,0.10902670668895897
PID_lookup_down_post_correction_experiment.csv,PID,down,up,TRUE,26,7.575,400,4,100,10,3.055,7.46,1.52,-0.11500000000000021,0.11500000000000021,2.876234912647574e-4,0.002000000000000046,0,4.902490249021407e-4,0.0011881188118822313,0,7.575100502512562,1.0050251256199516e-4,2.967596163854111,1.4218464726916469,NA,TRUE,0.08740383614588909,0.09815352730835314
PID_lookup_down_post_correction_experiment.csv,PID,down,up,TRUE,27,7.708,400,4,100,10,3.046,7.66,1.56,-0.04800000000000004,0.04800000000000004,4.6882617226209905e-4,0,0,7.6807680768054e-4,0,0,7.707604690117252,3.953098827480517e-4,3.0172267352534563,1.454096266205756,NA,TRUE,0.028773264746543514,0.10590373379424411
PID_lookup_down_post_correction_experiment.csv,PID,down,up,TRUE,28,7.84,400,4,100,10,3.099,7.82,1.58,-0.019999999999999574,0.019999999999999574,4.4619604333842453e-4,0.009376523445242814,0,6.294629462945322e-4,0.025946594659464833,0,7.840108877721943,1.0887772194312362e-4,3.0700564421540086,1.4878435809235817,NA,TRUE,0.028943557845991563,0.09215641907641836
PID_lookup_down_post_correction_experiment.csv,PID,down,up,TRUE,29,7.973,400,4,100,10,3.155,8,1.6,0.027000000000000135,0.027000000000000135,6.343691688790698e-4,0,0,0.0019081908190812615,0,0,7.972613065326633,3.869346733669232e-4,3.1260852845557676,1.523088416845124,NA,TRUE,0.028914715444232186,0.07691158315487612
PID_lookup_down_post_correction_experiment.csv,PID,down,up,TRUE,30,8.105,400,4,100,10,3.167,8.2,1.62,0.09499999999999886,0.09499999999999886,4.819992036541065e-4,0,0,0.001340534053405366,0,0,8.105117252931322,1.1725293132158754e-4,3.1855017934324557,1.559841992639318,NA,TRUE,-0.018501793432455838,0.060158007360682
PID_lookup_down_post_correction_experiment.csv,PID,down,up,TRUE,31,8.238,400,4,100,10,3.22,8.34,1.64,0.10200000000000031,0.10200000000000031,0.0015399068579992927,0.0019999999999999575,0,-5.868586858693003e-4,0.001188118811880252,0,8.237621440536014,3.7855946398579476e-4,3.242133317169329,1.593719192372734,NA,TRUE,-0.02213331716932876,0.04628080762726583
PID_lookup_down_post_correction_experiment.csv,PID,down,up,TRUE,32,8.37,400,4,100,10,3.272,8.46,1.66,0.09000000000000163,0.09000000000000163,4.461960433386227e-4,0,0,0.0011815181518149219,0,0,8.370125628140704,1.2562814070449235e-4,3.2884232102617226,1.6205662408071897,NA,TRUE,-0.016423210261722776,0.039433759192810225
PID_lookup_down_post_correction_experiment.csv,PID,down,up,TRUE,33,8.503,400,4,100,10,3.325,8.56,1.68,0.057000000000000384,0.057000000000000384,0.0014354811251306061,0.003428932159955232,0,-1.83618361836197e-4,0.003420342034203142,0,8.502629815745394,3.7018425460644266e-4,3.324371472709637,1.6403831379426852,NA,TRUE,6.285272903632233e-4,0.03961686205731474
PID_lookup_down_post_correction_experiment.csv,PID,down,up,TRUE,34,8.635,400,4,100,10,3.303,8.8,1.7,0.16500000000000092,0.16500000000000092,0.004214872657050467,0.0081872036148072,0.009451631252505225,-0.01019681968196838,0.01990999099910149,-8.520852085210684e-4,8.635134003350084,1.3400335008384445e-4,3.357700842722216,1.658605511892061,NA,TRUE,-0.05470084272221598,0.04139448810793889
PID_lookup_down_post_correction_experiment.csv,PID,down,up,TRUE,35,8.768,400,4,100,10,3.362,8.88,1.72,0.1120000000000001,0.1120000000000001,3.487350880197386e-4,0,0,7.188718871882986e-4,0,0,8.767638190954774,3.6180904522709056e-4,3.389667315180173,1.6761962926801728,NA,TRUE,-0.027667315180172736,0.04380370731982719
PID_lookup_down_post_correction_experiment.csv,PID,down,up,TRUE,36,8.9,400,4,100,10,3.367,9.06,1.74,0.16000000000000014,0.16000000000000014,5.025189076295507e-4,0,0,0.001416141614161715,0,0,8.900142378559464,1.4237855946319655e-4,3.419675971316462,1.692995062155121,NA,TRUE,-0.05267597131646218,0.047004937844878913
PID_lookup_down_post_correction_experiment.csv,PID,down,up,TRUE,37,9.033,400,4,100,10,3.391,9.2,1.76,0.16699999999999982,0.16699999999999982,0.005273250583574863,0.010048367875914507,0,-0.015832583258326195,0.029582958295832656,0,9.032646566164154,3.534338358459621e-4,3.4469803223237747,1.708800531735143,NA,TRUE,-0.0559803223237747,0.051199468264857106
PID_lookup_down_post_correction_experiment.csv,PID,down,up,TRUE,38,9.165,400,4,100,10,3.4395,9.3,1.78,0.13500000000000156,0.13500000000000156,5.025189076295507e-4,0,0.0028141058827257964,0.0014881488148810044,0,-0.0010081008100812907,9.165150753768843,1.50753768844325e-4,3.479776975835481,1.728118254288052,NA,TRUE,-0.04027697583548129,0.051881745711948035
PID_lookup_down_post_correction_experiment.csv,PID,down,up,TRUE,39,9.298,400,4,100,10,3.451,9.5,1.8,0.20199999999999996,0.20199999999999996,0.005002332789142701,0.009847319278346409,0,-0.01469846984698417,0.028634863486346297,0,9.297654941373532,3.4505862646838636e-4,3.5256225773562457,1.7551020050520325,NA,TRUE,-0.07462257735624567,0.044897994947967534
PID_lookup_down_post_correction_experiment.csv,PID,down,up,TRUE,40,9.43,400,4,100,10,3.508,9.62,1.82,0.1899999999999995,0.1899999999999995,0.004747982027486244,0.009587449708822693,0,-0.013443144314431865,0.0273027302730302,0,9.430159128978223,1.591289782236771e-4,3.577180337928099,1.7857812931369326,NA,TRUE,-0.06918033792809908,0.034218706863067494
PID_lookup_down_post_correction_experiment.csv,PID,down,up,TRUE,41,9.563,400,4,100,10,3.516,9.82,1.84,0.2569999999999997,0.2569999999999997,0.005179602574356599,0.009999999999999787,0,-0.015121512151215133,0.028838883888388532,0,9.562663316582912,3.3668341708903426e-4,3.6196061313028407,1.8119207980447736,NA,TRUE,-0.10360613130284069,0.028079201955226507
PID_lookup_down_post_correction_experiment.csv,PID,down,up,TRUE,42,9.695,400,4,100,10,3.553,9.94,1.84,0.24499999999999922,0.24499999999999922,0.004147422224841794,0.007722458393307218,0,-0.009673567356735762,0.017569756975697768,0,9.695167504187603,1.675041876030292e-4,3.6506226896974185,1.8322501340610025,NA,TRUE,-0.09762268969741861,0.007749865938997624
PID_lookup_down_post_correction_experiment.csv,PID,down,up,TRUE,43,9.828,400,4,100,10,3.59,10.04,1.86,0.21199999999999974,0.21199999999999974,5.009082659619779e-4,0,0,0.001486948694868879,0,0,9.827671691792297,3.2830820770257674e-4,3.671479667294045,1.846720112714672,NA,TRUE,-0.08147966729404521,0.01327988728532814
PID_lookup_down_post_correction_experiment.csv,PID,down,up,TRUE,44,9.96,400,4,100,10,3.648,10.08,1.86,0.11999999999999922,0.11999999999999922,0.003461826457846059,0.007177405625652581,0,-0.006731473147314526,0.014797479747973265,0,9.960175879396983,1.758793969823813e-4,3.683463929731592,1.8553590266565148,NA,TRUE,-0.03546392973159174,0.004640973343485344
PID_lookup_down_post_correction_experiment.csv,PID,down,up,TRUE,45,10.093,400,4,100,10,3.626,10.26,1.88,0.16699999999999982,0.16699999999999982,0.004494261211632343,0.009211323729436569,0,-0.011506750675068135,0.024914491449143757,0,10.092680067001677,3.1993299832322464e-4,3.686575477010059,1.8581668758865304,NA,TRUE,-0.06057547701005905,0.021833124113469493
PID_lookup_down_post_correction_experiment.csv,PID,down,up,TRUE,46,10.225,400,4,100,10,3.673,10.3,1.88,0.07500000000000107,0.07500000000000107,0,0,0,0,0,0,10.225184254606363,1.8425460636350977e-4,3.686575477010059,1.8581668758865304,NA,TRUE,-0.0135754770100589,0.021833124113469493
PID_lookup_down_post_correction_experiment.csv,PID,down,up,TRUE,47,10.358,400,4,100,10,3.65,10.48,1.92,0.12199999999999989,0.12199999999999989,0.0049604496374884765,0.009951397039124647,0,-0.014005400540052941,0.028190819081907573,0,10.357688442211057,3.1155778894387254e-4,3.688822455281149,1.858982708766629,NA,TRUE,-0.038822455281148915,0.06101729123337085
PID_lookup_down_post_correction_experiment.csv,PID,down,up,TRUE,48,10.49,400,4,100,10,3.667,10.62,1.94,0.129999999999999,0.129999999999999,0.004004845549929136,0.0081872036148072,0.006974701760395546,-0.009374137413740774,0.019909990999099958,-0.014449444944494376,10.490192629815745,1.9262981574463822e-4,3.709111359900477,1.8687571405014547,NA,TRUE,-0.04211135990047721,0.07124285949854525
PID_lookup_down_post_correction_experiment.csv,PID,down,up,TRUE,49,10.623,400,4,100,10,3.766,10.66,1.92,0.03700000000000081,0.03700000000000081,4.999999999999449e-4,0.009025217197084066,0,-0.0014851485148518412,0.024050405040502494,0,10.622696817420437,3.031825795627441e-4,3.7430875543249424,1.8852685728553975,NA,TRUE,0.02291244567505757,0.03473142714460242
PID_lookup_down_post_correction_experiment.csv,PID,down,up,TRUE,50,10.755,400,4,100,10,3.726,10.92,1.96,0.16499999999999915,0.16499999999999915,0.0039639282628128785,0.008459051693632834,0,-0.008646864686468317,0.020870087008700373,0,10.755201005025125,2.0100502512399032e-4,3.7877876280236737,1.9080244527214356,NA,TRUE,-0.06178762802367377,0.05197554727856435
PID_lookup_down_post_correction_experiment.csv,PID,down,up,TRUE,51,10.888,400,4,100,10,3.816,10.98,1.96,0.09200000000000053,0.09200000000000053,1.4070529413633668e-4,0,0,1.1401140113989196e-4,0,0,10.887705192629817,2.94807370183392e-4,3.8401448333020567,1.9364294063840088,NA,TRUE,-0.024144833302056856,0.02357059361599112
PID_lookup_down_post_correction_experiment.csv,PID,down,up,TRUE,52,11.02,400,4,100,10,3.842,11.18,1.96,0.16000000000000014,0.16000000000000014,0,0,0,0,0,0,11.020209380234505,2.0938023450511878e-4,3.900159170160093,1.970483433843116,NA,TRUE,-0.05815917016009298,-0.010483433843116119
PID_lookup_down_post_correction_experiment.csv,PID,down,up,TRUE,53,11.153,400,4,100,10,3.8440000000000003,11.44,2.02,0.28699999999999903,0.28699999999999903,0.005258144236142799,0.010048367875913613,0,-0.01586198619862005,0.029654965496547423,0,11.152713567839196,2.864321608040399e-4,3.962395692814347,2.0069183187636814,NA,TRUE,-0.11839569281434681,0.013081681236318587
PID_lookup_down_post_correction_experiment.csv,PID,down,up,TRUE,54,11.285,400,4,100,10,3.864,11.62,2.04,0.3349999999999991,0.3349999999999991,0.00356825226720642,0.007550503361373247,0,-0.006661266126611967,0.016765676567656988,0,11.285217755443886,2.1775544388624724e-4,4.011929524403117,2.0370653134172927,NA,TRUE,-0.1479295244031169,0.0029346865827073465
PID_lookup_down_post_correction_experiment.csv,PID,down,up,TRUE,55,11.418,400,4,100,10,3.885,11.78,2.06,0.3620000000000001,0.3620000000000001,0.0018839835294911923,0.003428932159955232,0,0.002614461446145889,-0.002316231623161465,0,11.417721943048576,2.780569514229114e-4,4.0487606649264,2.0609244178039483,NA,TRUE,-0.16376066492640007,-9.24417803948252e-4
PID_lookup_down_post_correction_experiment.csv,PID,down,up,TRUE,56,11.55,400,4,100,10,3.956,11.82,2.06,0.2699999999999996,0.2699999999999996,0.004870805628923011,0.008923920866769283,0,-0.01353435343534432,0.02355835583558503,0,11.550226130653266,2.2613065326559934e-4,4.0729115517435535,2.078507846514728,NA,TRUE,-0.1169115517435535,-0.018507846514728143
PID_lookup_down_post_correction_experiment.csv,PID,down,up,TRUE,57,11.683,400,4,100,10,3.947,12.02,2.08,0.33699999999999974,0.33699999999999974,0.0048208721286512966,0.009120960431441179,0,-0.013314131413141087,0.024686468646864662,0,11.682730318257956,2.696817420435593e-4,4.099123912517799,2.0972861427748,NA,TRUE,-0.15212391251779867,-0.017286142774799895
PID_lookup_down_post_correction_experiment.csv,PID,down,up,TRUE,58,11.815,400,4,100,10,3.993,12.12,2.1,0.3049999999999997,0.3049999999999997,4.923659639174953e-4,0,0,4.212421242127133e-4,0,0,11.815234505862646,2.345058626467278e-4,4.129924118112189,2.1180276762307577,NA,TRUE,-0.1369241181121894,-0.018027676230757628
PID_lookup_down_post_correction_experiment.csv,PID,down,up,TRUE,59,11.948,400,4,100,10,3.983,12.34,2.12,0.39199999999999946,0.39199999999999946,0.0035065739128187392,0.006289320754704268,0,-0.006739273927393329,0.011653165316529402,0,11.947738693467336,2.613065326642072e-4,4.165312168526726,2.140732446882601,NA,TRUE,-0.18231216852672594,-0.020732446882600897
PID_lookup_down_post_correction_experiment.csv,PID,down,up,TRUE,60,12.08,400,4,100,10,4.01,12.5,2.14,0.41999999999999993,0.41999999999999993,0.001957606248003423,0.003938927711338564,0,-8.466846684678753e-4,0.002232223222321389,0,12.080242881072028,2.4288107202785625e-4,4.206402130503458,2.1660911215285186,NA,TRUE,-0.19640213050345778,-0.026091121528518446
PID_lookup_down_post_correction_experiment.csv,PID,down,up,TRUE,61,12.213,400,4,100,10,4.096,12.54,2.14,0.32699999999999996,0.32699999999999996,0.00481353311093842,0.009296463974234436,0,-0.012516051605160526,0.023030303030303255,0,12.212747068676716,2.5293132328307877e-4,4.24603451810733,2.189752112797054,NA,TRUE,-0.15003451810733015,-0.049752112797053716
PID_lookup_down_post_correction_experiment.csv,PID,down,up,TRUE,62,12.345,400,4,100,10,4.078,12.78,2.16,0.4349999999999987,0.4349999999999987,0.0025716991199664857,0.005752469825293615,0.005453198486885819,-0.0029852985298535633,0.009660966096609788,-0.0032883288328838423,12.345251256281408,2.5125628140720835e-4,4.284209331338344,2.2117154206882073,NA,TRUE,-0.20620933133834374,-0.051715420688207114
PID_lookup_down_post_correction_experiment.csv,PID,down,up,TRUE,63,12.478,400,4,100,10,4.151,12.84,2.16,0.3620000000000001,0.3620000000000001,0.0014802061008554921,0.002814105882725734,0.0028141058827257964,-6.966696669674677e-4,0.0018961896189625066,0.0021602160216018652,12.477755443886098,2.445561139019503e-4,4.3209041328371445,2.2319688306109,NA,TRUE,-0.16990413283714467,-0.07196883061089965
PID_lookup_down_post_correction_experiment.csv,PID,down,up,TRUE,64,12.61,400,4,100,10,4.117,13.1,2.18,0.4900000000000002,0.4900000000000002,2.876234912647574e-4,0,0,4.842484248419393e-4,0,0,12.610259631490788,2.596314907883368e-4,4.352866986221109,2.249341441323683,NA,TRUE,-0.2358669862211089,-0.06934144132368303
PID_lookup_down_post_correction_experiment.csv,PID,down,up,TRUE,65,12.743,400,4,100,10,4.202,13.12,2.2,0.3769999999999989,0.3769999999999989,0,0,0,0,0,0,12.742763819095478,2.361809045225982e-4,4.3818008448946975,2.2648714982086458,NA,TRUE,-0.1798008448946975,-0.06487149820864557
PID_lookup_down_post_correction_experiment.csv,PID,down,up,TRUE,66,12.875,400,4,100,10,4.172,13.36,2.22,0.48499999999999943,0.48499999999999943,2.5643239997610065e-4,0,0,3.834383438341484e-4,0,0,12.875268006700168,2.680067001676889e-4,4.407705708857911,2.278559001265787,NA,TRUE,-0.2357057088579113,-0.058559001265786836
PID_lookup_down_post_correction_experiment.csv,PID,down,up,TRUE,67,13.008,400,4,100,10,4.23,13.4,2.22,0.39200000000000124,0.39200000000000124,0.003147485769096864,0.006289320754704268,0,-0.005250525052505343,0.011413141314126933,0,13.007772194304858,2.2780569514146976e-4,4.420185882708612,2.2851124601819897,NA,TRUE,-0.1901858827086116,-0.06511246018198946
PID_lookup_down_post_correction_experiment.csv,PID,down,up,TRUE,68,13.14,400,4,100,10,4.234,13.54,2.24,0.3999999999999986,0.3999999999999986,0.004020151261036763,0.0081872036148072,0,-0.009600960096010285,0.019909990999102182,0,13.140276381909548,2.76381909547041e-4,4.429547613130103,2.2908665335577245,NA,TRUE,-0.1955476131301026,-0.0508665335577243
PID_lookup_down_post_correction_experiment.csv,PID,down,up,TRUE,69,13.273,400,4,100,10,4.245,13.66,2.26,0.38700000000000045,0.38700000000000045,0.004425579914062996,0.008040302522073526,0,-0.011042904290430361,0.018529852985295223,0,13.272780569514238,2.1943048576211766e-4,4.435790900122385,2.295821221392991,NA,TRUE,-0.1907909001223853,-0.035821221392991376
PID_lookup_down_post_correction_experiment.csv,PID,down,up,TRUE,70,13.405,400,4,100,10,4.282,13.74,2.26,0.33500000000000085,0.33500000000000085,0.002564323999762373,0.005453198486885699,0,-0.003906390639063878,0.008832883288328748,0,13.405284757118928,2.8475711892816946e-4,4.446776848841833,2.303822501988027,NA,TRUE,-0.16477684884183308,-0.043822501988027174
PID_lookup_down_post_correction_experiment.csv,PID,down,up,TRUE,71,13.538,400,4,100,10,4.301,13.86,2.28,0.3219999999999992,0.3219999999999992,0.00439724431613218,0.008923920866770076,0,-0.011000300030003183,0.023558355835582474,0,13.537788944723616,2.110552763845419e-4,4.460640557471596,2.312852288232885,NA,TRUE,-0.15964055747159556,-0.03285228823288522
PID_lookup_down_post_correction_experiment.csv,PID,down,up,TRUE,72,13.67,400,4,100,10,4.311,14,2.28,0.33000000000000007,0.33000000000000007,3.144660377353251e-4,0,0,4.0744074407382113e-4,0,0,13.67029313232831,2.931323283092979e-4,4.47567907260721,2.3218723347454784,NA,TRUE,-0.16467907260721049,-0.04187233474547858
PID_lookup_down_post_correction_experiment.csv,PID,down,up,TRUE,73,13.803,400,4,100,10,4.293,14.2,2.3,0.39699999999999847,0.39699999999999847,0.001474736751033314,0.002814105882725734,0,0.0011623162316220144,5.040504050410996e-4,0,13.802797319933,2.026800670016371e-4,4.493046916306865,2.3317663493863385,NA,TRUE,-0.20004691630686455,-0.03176634938633871
PID_lookup_down_post_correction_experiment.csv,PID,down,up,TRUE,74,13.935,400,4,100,10,4.324,14.34,2.32,0.40499999999999936,0.40499999999999936,0.0045935725847000035,0.008816880045535973,0,-0.012108610861085882,0.022946294629461482,0,13.93530150753769,3.0150753768865e-4,4.528404828095175,2.3514010524756883,NA,TRUE,-0.2044048280951749,-0.031401052475688473
PID_lookup_down_post_correction_experiment.csv,PID,down,up,TRUE,75,14.068,400,4,100,10,4.383,14.46,2.34,0.39200000000000124,0.39200000000000124,4.093601807404691e-4,0,0,9.774977497746461e-4,0,0,14.067805695142381,1.9430485761873229e-4,4.582445277864697,2.3811441345861337,NA,TRUE,-0.19944527786469735,-0.04114413458613386
PID_lookup_down_post_correction_experiment.csv,PID,down,up,TRUE,76,14.2,400,4,100,10,4.397,14.7,2.36,0.5,0.5,5.021167315684e-4,0,0,0.001472547254724646,0,0,14.200309882747067,3.098827470680021e-4,4.651753624912095,2.419162541008402,NA,TRUE,-0.2547536249120945,-0.059162541008402236
PID_lookup_down_post_correction_experiment.csv,PID,down,up,TRUE,77,14.333,400,4,100,10,4.421,14.92,2.38,0.5869999999999997,0.5869999999999997,5.000000000000432e-4,0,0,0.001301530153014799,0,0,14.33281407035176,1.8592964823938019e-4,4.721419401962682,2.45782603982643,NA,TRUE,-0.3004194019626816,-0.0778260398264301
PID_lookup_down_post_correction_experiment.csv,PID,down,up,TRUE,78,14.465,400,4,100,10,4.448,15.12,2.4,0.6549999999999994,0.6549999999999994,4.6536615322315605e-4,0,0,0.0010513051305132727,0,0,14.465318257956447,3.182579564473542e-4,4.78412639466841,2.493555235896309,NA,TRUE,-0.3361263946684092,-0.09355523589630899
PID_lookup_down_post_correction_experiment.csv,PID,down,up,TRUE,79,14.598,400,4,100,10,4.478,15.3,2.42,0.702,0.702,0.003234457786355864,0.00603022689155568,0,-0.002867686768676705,0.004560456045604362,0,14.59782244556114,1.7755443886002809e-4,4.839874603029279,2.526350129218039,NA,TRUE,-0.3618746030292792,-0.10635012921803888
PID_lookup_down_post_correction_experiment.csv,PID,down,up,TRUE,80,14.73,400,4,100,10,4.511,15.46,2.44,0.7300000000000004,0.7300000000000004,0.0025029074003137157,0.005453198486885699,0,-0.002484848484847711,0.008808880888088035,0,14.730326633165827,3.266331658267063e-4,4.887512892976977,2.555344918057606,NA,TRUE,-0.37651289297697677,-0.11534491805760627
PID_lookup_down_post_correction_experiment.csv,PID,down,up,TRUE,81,14.863,400,4,100,10,4.573,15.54,2.44,0.6769999999999996,0.6769999999999996,0.004258455640774724,0.008459051693633585,0,-0.01007680768076916,0.021062106210620178,0,14.86283082077052,1.6917922947889963e-4,4.924809418159499,2.5793684483501074,NA,TRUE,-0.3518094181594984,-0.13936844835010742
PID_lookup_down_post_correction_experiment.csv,PID,down,up,TRUE,82,14.995,400,4,100,10,4.583,15.7,2.46,0.7050000000000001,0.7050000000000001,2.5643239997632844e-4,0,0,1.3861386138560688e-4,0,0,14.99533500837521,3.350083752113875e-4,4.951764178576846,2.598420720095543,NA,TRUE,-0.3687641785768454,-0.13842072009554318
PID_lookup_down_post_correction_experiment.csv,PID,down,up,TRUE,83,15.128,400,4,100,10,4.626,15.78,2.46,0.6519999999999992,0.6519999999999992,0.005113055185829303,0.010042334631374243,0,-0.014712871287129224,0.029018901890189398,0,15.1278391959799,1.6080402009954753e-4,4.9699366250636485,2.6129057985143636,NA,TRUE,-0.3439366250636482,-0.1529057985143636
PID_lookup_down_post_correction_experiment.csv,PID,down,up,TRUE,84,15.26,400,4,100,10,4.612,15.96,2.48,0.7000000000000011,0.7000000000000011,4.6482319871188696e-4,0,0,0.0012499249924987526,0,0,15.26034338358459,3.433835845907396e-4,4.982472380337856,2.6236010198904607,NA,TRUE,-0.3704723803378558,-0.1436010198904607
PID_lookup_down_post_correction_experiment.csv,PID,down,up,TRUE,85,15.393,400,4,100,10,4.665,16,2.48,0.6069999999999993,0.6069999999999993,0.005218227571685513,0.009920899274976953,0,-0.015183918391839869,0.02851485148514634,0,15.39284757118928,1.5242881072019543e-4,4.989371444399466,2.630506384223836,NA,TRUE,-0.32437144439946586,-0.1505063842238359
PID_lookup_down_post_correction_experiment.csv,PID,down,up,TRUE,86,15.525,400,4,100,10,4.672,16.12,2.48,0.5950000000000006,0.5950000000000006,4.902071299999255e-4,0,0,0.0013939393939387745,0,0,15.52535175879397,3.517587939700917e-4,4.9923356459747446,2.6345711499168645,NA,TRUE,-0.32033564597474484,-0.1545711499168645
PID_lookup_down_post_correction_experiment.csv,PID,down,up,TRUE,87,15.658,400,4,100,10,4.655,16.3,2.5,0.6420000000000012,0.6420000000000012,0.0035405301206674076,0.006759953379792478,0,-0.007050705070506921,0.013213321332132296,0,15.65785594639866,1.4405360133906697e-4,5.0017973537383105,2.6415983430825816,NA,TRUE,-0.3467973537383102,-0.14159834308258157
PID_lookup_down_post_correction_experiment.csv,PID,down,up,TRUE,88,15.79,400,4,100,10,4.707,16.36,2.5,0.5700000000000003,0.5700000000000003,0.005327828598571308,0.009920899274976953,0,-0.015749774977496068,0.028514851485149123,0,15.79036013400335,3.6013400335122014e-4,5.017637717623563,2.6509598200694713,NA,TRUE,-0.31063771762356307,-0.15095982006947128
PID_lookup_down_post_correction_experiment.csv,PID,down,up,TRUE,89,15.923,400,4,100,10,4.682,16.58,2.54,0.6569999999999983,0.6569999999999983,4.2923469599107116e-4,0,0,0.0010825082508245125,0,0,15.92286432160804,1.3567839195971487e-4,5.039856737630502,2.662655580877534,NA,TRUE,-0.3578567376305015,-0.12265558087753403
PID_lookup_down_post_correction_experiment.csv,PID,down,up,TRUE,90,16.055,400,4,100,10,4.746,16.64,2.54,0.5850000000000009,0.5850000000000009,0.0017823772571676187,0.003428932159955232,0,-0.0019555955595560166,0.003060306030603847,0,16.05536850921273,3.6850921273057224e-4,5.06883619090956,2.677383857518122,NA,TRUE,-0.32283619090955984,-0.1373838575181221
PID_lookup_down_post_correction_experiment.csv,PID,down,up,TRUE,91,16.188,400,4,100,10,4.718,16.88,2.56,0.6920000000000002,0.6920000000000002,0.004770447748080972,0.009451631252505015,0,-0.012937293729373507,0.024950495049505222,0,16.187872696817422,1.2730318257681006e-4,5.097631030381569,2.6927709758954537,NA,TRUE,-0.3796310303815691,-0.1327709758954536
PID_lookup_down_post_correction_experiment.csv,PID,down,up,TRUE,92,16.32,400,4,100,10,4.803,16.9,2.56,0.5799999999999983,0.5799999999999983,0,0,0,0,0,0,16.32037688442211,3.7688442210992434e-4,5.126241256046529,2.708816936009529,NA,TRUE,-0.3232412560465292,-0.14881693600952905
PID_lookup_down_post_correction_experiment.csv,PID,down,up,TRUE,93,16.453,400,4,100,10,4.776,17.14,2.58,0.6870000000000012,0.6870000000000012,0.0011425648976993302,0.0019999999999999575,0,0.0016573657365737966,-6.600660065994272e-4,0,16.452881072026802,1.1892797319745796e-4,5.1559416349064335,2.725851298619755,NA,TRUE,-0.37994163490643373,-0.1458512986197551
PID_lookup_down_post_correction_experiment.csv,PID,down,up,TRUE,94,16.585,400,4,100,10,4.844,17.18,2.58,0.5949999999999989,0.5949999999999989,0,0,0,0,0,0,16.585385259631494,3.8525963149282916e-4,5.178225817383071,2.738882052501746,NA,TRUE,-0.33422581738307056,-0.1588820525017458
PID_lookup_down_post_correction_experiment.csv,PID,down,up,TRUE,95,16.718,400,4,100,10,4.801,17.42,2.6,0.7020000000000017,0.7020000000000017,4.461960433382264e-4,0,0,0.0010015001500130508,0,0,16.717889447236182,1.1055276381810586e-4,5.193093803476442,2.7479091976555017,NA,TRUE,-0.39209380347644185,-0.1479091976555016
PID_lookup_down_post_correction_experiment.csv,PID,down,up,TRUE,96,16.85,400,4,100,10,4.87,17.44,2.6,0.5899999999999999,0.5899999999999999,0,0,0,0,0,0,16.85039363484087,3.9363484086862854e-4,5.205067935146832,2.755773041045418,NA,TRUE,-0.33506793514683153,-0.15577304104541811
PID_lookup_down_post_correction_experiment.csv,PID,down,up,TRUE,97,16.983,400,4,100,10,4.835,17.66,2.62,0.6769999999999996,0.6769999999999996,0.0010231660113924196,0.0019999999999999575,0,-2.2922292229192158e-4,7.080708070821254e-4,0,16.982897822445562,1.0217755443875376e-4,5.217915972572349,2.7646453304867533,NA,TRUE,-0.38291597257234944,-0.1446453304867532
PID_lookup_down_post_correction_experiment.csv,PID,down,up,TRUE,98,17.115,400,4,100,10,4.927,17.66,2.62,0.5450000000000017,0.5450000000000017,0.0030841890704399167,0.005752469825293104,0,-0.005495949594959692,0.008532853285330745,0,17.115402010050254,4.0201005025508607e-4,5.242486702232533,2.779906657407223,NA,TRUE,-0.3154867022325334,-0.15990665740722276
PID_lookup_down_post_correction_experiment.csv,PID,down,up,TRUE,99,17.248,400,4,100,10,4.875,17.96,2.64,0.7119999999999997,0.7119999999999997,2.453609997576233e-4,0,0,3.3243324332404286e-4,0,0,17.24790619765494,9.380234505940166e-5,5.2787801241273815,2.8015570218068255,NA,TRUE,-0.4037801241273815,-0.1615570218068254
PID_lookup_down_post_correction_experiment.csv,PID,down,up,TRUE,100,17.38,400,4,100,10,4.987,17.96,2.66,0.5800000000000018,0.5800000000000018,0.004876080558826122,0.009025217197084066,0,-0.012891689168916814,0.02354635463546091,0,17.38041038525963,4.1038525963088546e-4,5.323819642528636,2.8283176045237797,NA,TRUE,-0.33681964252863583,-0.16831760452377953
PID_lookup_down_post_correction_experiment.csv,PID,down,up,TRUE,101,17.513,400,4,100,10,4.947,18.24,2.68,0.7269999999999968,0.7269999999999968,1.4070529413633668e-4,0,0,1.14011401139912e-4,0,0,17.51291457286432,8.542713568004956e-5,5.361944132591052,2.851679686068418,NA,TRUE,-0.4149441325910521,-0.17167968606841777
PID_lookup_down_post_correction_experiment.csv,PID,down,up,TRUE,102,17.645,400,4,100,10,4.978,18.36,2.7,0.7149999999999999,0.7149999999999999,3.487350880198935e-4,0,0,-6.168616861691213e-4,0,0,17.645418760469013,4.1876046901379027e-4,5.388990334073586,2.86931486148738,NA,TRUE,-0.41099033407358654,-0.16931486148737962
PID_lookup_down_post_correction_experiment.csv,PID,down,up,TRUE,103,17.778,400,4,100,10,5.041,18.4,2.7,0.6219999999999999,0.6219999999999999,0.004183408788405855,0.008459051693634336,0,-0.010356435643566008,0.021254125412540712,0,17.7779229480737,7.705192629714475e-5,5.4063431220851115,2.881658137375148,NA,TRUE,-0.3653431220851111,-0.1816581373751478
PID_lookup_down_post_correction_experiment.csv,PID,down,up,TRUE,104,17.91,400,4,100,10,5.009,18.62,2.72,0.7100000000000009,0.7100000000000009,0.00460016468743392,0.009025217197084066,0,-0.012359435943594446,0.02373837383738362,0,17.910427135678393,4.2713567839314237e-4,5.422009008026508,2.892979934080157,NA,TRUE,-0.4130090080265081,-0.172979934080157
PID_lookup_down_post_correction_experiment.csv,PID,down,up,TRUE,105,18.043,400,4,100,10,5.069,18.66,2.72,0.6170000000000009,0.6170000000000009,0.001407052941362867,0.003428932159955232,0,-0.0011761176117613087,0.0034923492349235134,0,18.042931323283085,6.867671691423993e-5,5.435987991897777,2.903280251602407,NA,TRUE,-0.3669879918977772,-0.1832802516024068
PID_lookup_down_post_correction_experiment.csv,PID,down,up,TRUE,106,18.175,400,4,100,10,5.035,18.88,2.74,0.7049999999999983,0.7049999999999983,4.960449637490239e-4,0,0,0.0014365436543656543,0,0,18.175435510887773,4.3551088777249447e-4,5.4482800736989185,2.912559089941897,NA,TRUE,-0.4132800736989184,-0.17255908994189673
PID_lookup_down_post_correction_experiment.csv,PID,down,up,TRUE,107,18.308,400,4,100,10,5.084,18.92,2.74,0.6120000000000019,0.6120000000000019,0.005341007736032774,0.009999999999999787,0,-0.015908190819081548,0.0297029702970277,0,18.30793969849246,6.0301507538440546e-5,5.452235322072396,2.915820673109084,NA,TRUE,-0.3682353220723966,-0.1758206731090839
PID_lookup_down_post_correction_experiment.csv,PID,down,up,TRUE,108,18.44,400,4,100,10,5.077,19.08,2.76,0.639999999999997,0.639999999999997,0.003861229196653609,0.007885544888074483,0,-0.008856885688569066,0.018469846984702915,0,18.440443886097153,4.4388609715184657e-4,5.461502361223426,2.920682375358063,NA,TRUE,-0.38450236122342574,-0.1606823753580633
PID_lookup_down_post_correction_experiment.csv,PID,down,up,TRUE,109,18.573,400,4,100,10,5.131,19.14,2.76,0.5670000000000002,0.5670000000000002,2.0000000000002102e-4,0,0,-1.4401440143881287e-5,0,0,18.572948073701845,5.192629815553573e-5,5.480244451393046,2.9294726016421935,NA,TRUE,-0.34924445139304616,-0.1694726016421937
PID_lookup_down_post_correction_experiment.csv,PID,down,up,TRUE,110,18.705,400,4,100,10,5.1,19.38,2.78,0.6750000000000007,0.6750000000000007,5.29054808029439e-4,0,0,0.0014167416741677481,0,0,18.705452261306533,4.522613065347514e-4,5.506845776663755,2.9423812260138784,NA,TRUE,-0.4068457766637552,-0.1623812260138786
PID_lookup_down_post_correction_experiment.csv,PID,down,up,TRUE,111,18.838,400,4,100,10,5.144,19.48,2.8,0.6419999999999995,0.6419999999999995,0.004905531818696323,0.009521904571390264,0,-0.013792979297930252,0.026714671467148347,0,18.83795644891122,4.355108877973635e-5,5.534726900704936,2.9567017834426292,NA,TRUE,-0.39072690070493543,-0.15670178344262942
PID_lookup_down_post_correction_experiment.csv,PID,down,up,TRUE,112,18.97,400,4,100,10,5.188,19.58,2.8,0.6099999999999994,0.6099999999999994,0.004494396061719065,0.008816880045537538,0,-0.011356735673567429,0.0230183018301839,0,18.970460636515913,4.606365159141035e-4,5.563887823516591,2.9724342739284464,NA,TRUE,-0.37588782351659145,-0.17243427392844657
PID_lookup_down_post_correction_experiment.csv,PID,down,up,TRUE,113,19.103,400,4,100,10,5.181,19.78,2.82,0.6769999999999996,0.6769999999999996,0.00483856561097571,0.009804142600003736,0,-0.013884188418841835,0.028382838283827486,0,19.102964824120605,3.517587939683153e-5,5.594328545098719,2.9895786974713303,NA,TRUE,-0.41332854509871897,-0.16957869747133048
PID_lookup_down_post_correction_experiment.csv,PID,down,up,TRUE,114,19.235,400,4,100,10,5.250500000000001,19.84,2.82,0.6050000000000004,0.6050000000000004,5.025189076297738e-4,0,0,5.328532853280967e-4,0,0,19.235469011725293,4.690117252934556e-4,5.627988375715706,3.0092443842147403,NA,TRUE,-0.37748837571570526,-0.18924438421474044
PID_lookup_down_post_correction_experiment.csv,PID,down,up,TRUE,115,19.368,400,4,100,10,5.221,20.1,2.86,0.7320000000000029,0.7320000000000029,0.0041367898548306786,0.008187203614807927,0,-0.008139813981398507,0.01597359735973846,0,19.367973199329985,2.680067001392672e-5,5.664907746239041,3.031458560004812,NA,TRUE,-0.4439077462390406,-0.1714585600048122
PID_lookup_down_post_correction_experiment.csv,PID,down,up,TRUE,116,19.5,400,4,100,10,5.296,20.16,2.86,0.6600000000000001,0.6600000000000001,0.004257506739438598,0.008459051693632834,0,-0.009822382238224254,0.020726072607258873,0,19.500477386934676,4.773869346763604e-4,5.7050866566687235,3.056221224841545,NA,TRUE,-0.40908665666872324,-0.19622122484154492
PID_lookup_down_post_correction_experiment.csv,PID,down,up,TRUE,117,19.633,400,4,100,10,5.266,20.42,2.88,0.7870000000000026,0.7870000000000026,0.005068530358989708,0.010042334631373351,0,-0.014940894089408473,0.029930993099304786,0,19.632981574539365,1.842546063457462e-5,5.742648503677334,3.0800686495251828,NA,TRUE,-0.4766485036773336,-0.20006864952518288
PID_lookup_down_post_correction_experiment.csv,PID,down,up,TRUE,118,19.765,400,4,100,10,5.353,20.44,2.88,0.6750000000000007,0.6750000000000007,0.0051105357603265155,0.009521904571390264,0,-0.014601860186018523,0.02669066906690744,0,19.765485762144053,4.857621440521598e-4,5.773092416370945,3.0999966055050368,NA,TRUE,-0.4200924163709452,-0.21999660550503686
PID_lookup_down_post_correction_experiment.csv,PID,down,up,TRUE,119,19.898,400,4,100,10,5.309,20.7,2.9,0.8019999999999996,0.8019999999999996,4.560480215722209e-4,0,0,0.001217521752175166,0,0,19.897989949748744,1.005025125522252e-5,5.796418394749558,3.116005092781106,NA,TRUE,-0.4874183947495574,-0.2160050927811059
PID_lookup_down_post_correction_experiment.csv,PID,down,up,TRUE,120,20.03,400,4,100,10,5.378,20.74,2.9,0.7099999999999973,0.7099999999999973,0.0018526257642120583,0.002814105882725734,0,-0.001852385238523874,0.0023282328232791753,0,20.030494137353436,4.941373534350646e-4,5.820417928268208,3.132011527001582,NA,TRUE,-0.4424179282682079,-0.2320115270015819
PID_lookup_down_post_correction_experiment.csv,PID,down,up,TRUE,121,20.163,400,4,100,10,5.396,20.92,2.9,0.7570000000000014,0.7570000000000014,3.861229196654981e-4,0,0,6.804680468050942e-4,0,0,20.162998324958124,1.67504187587042e-6,5.86402511844263,3.1590536548133423,NA,TRUE,-0.46802511844262984,-0.2590536548133424
PID_lookup_down_post_correction_experiment.csv,PID,down,up,TRUE,122,20.296,400,4,100,10,5.39,21.18,2.96,0.8840000000000003,0.8840000000000003,0.0046207262536434755,0.009451631252505015,0,-0.011293129312930849,0.024350435043502077,0,20.295502512562813,4.974874371868054e-4,5.927282627955086,3.1971666745906564,NA,TRUE,-0.5372826279550864,-0.23716667459065643
PID_lookup_down_post_correction_experiment.csv,PID,down,up,TRUE,123,20.428,400,4,100,10,5.418,21.36,2.98,0.9319999999999986,0.9319999999999986,0.0042554184116940985,0.008703882797784706,0.007885544888073259,-0.010020402040204154,0.022502250225018654,-0.01846984698469861,20.428006700167504,6.70016750348168e-6,5.98102785194283,3.22974506656669,NA,TRUE,-0.56302785194283,-0.24974506656668982
PID_lookup_down_post_correction_experiment.csv,PID,down,up,TRUE,124,20.561,400,4,100,10,5.496,21.42,2.96,0.8590000000000018,0.8590000000000018,4.163331998933656e-4,0,0.0020000000000000018,4.308430843087101e-4,0,3.720372037204787e-4,20.560510887772196,4.891122278039006e-4,6.023496331111239,3.2548800368905595,NA,TRUE,-0.5274963311112382,-0.2948800368905595
PID_lookup_down_post_correction_experiment.csv,PID,down,up,TRUE,125,20.693,400,4,100,10,5.4595,21.68,3,0.9869999999999983,0.9869999999999983,0.005097672275290172,0.009951397039124647,0,-0.014057005700569827,0.027038703870389032,0,20.693015075376884,1.507537688283378e-5,6.05546751382413,3.2725708684572217,NA,TRUE,-0.5959675138241298,-0.27257086845722167
PID_lookup_down_post_correction_experiment.csv,PID,down,up,TRUE,126,20.826,400,4,100,10,5.537,21.7,3,0.8739999999999988,0.8739999999999988,4.461960433386227e-4,0,0,-9.774977497753856e-4,0,0,20.825519262981576,4.807370184245485e-4,6.0769414000815045,3.2828175612666763,NA,TRUE,-0.5399414000815046,-0.28281756126667634
PID_lookup_down_post_correction_experiment.csv,PID,down,up,TRUE,127,20.958,400,4,100,10,5.491,21.94,3.02,0.9820000000000029,0.9820000000000029,2.5643239997610065e-4,0,0,3.906390639053694e-4,0,0,20.958023450586264,2.3450586265738593e-5,6.089148334568119,3.287670516621736,NA,TRUE,-0.5981483345681191,-0.2676705166217359
PID_lookup_down_post_correction_experiment.csv,PID,down,up,TRUE,128,21.091,400,4,100,10,5.548,21.96,3.02,0.8689999999999998,0.8689999999999998,0.002398884420860376,0.004380858271151713,0,-0.0036129612961304357,0.0052205220522030605,0,21.090527638190956,4.723618090451964e-4,6.091265546250788,3.2888428153329645,NA,TRUE,-0.5432655462507876,-0.2688428153329645
PID_lookup_down_post_correction_experiment.csv,PID,down,up,TRUE,129,21.223,400,4,100,10,5.53,22.12,3.04,0.897000000000002,0.897000000000002,5.02418393795413e-4,0,0,0.001445544554454366,0,0,21.223031825795644,3.182579564509069e-5,6.091265546250788,3.2888428153329645,NA,TRUE,-0.5612655462507874,-0.24884281533296448
PID_lookup_down_post_correction_experiment.csv,PID,down,up,TRUE,130,21.356,400,4,100,10,5.576,22.16,3.04,0.8039999999999985,0.8039999999999985,4.5126085985396287e-4,0,0,4.584458445844523e-4,0,0,21.355536013400336,4.639865996658443e-4,6.091265546250788,3.2919789198180496,NA,TRUE,-0.515265546250788,-0.25197891981804954
PID_lookup_down_post_correction_experiment.csv,PID,down,up,TRUE,131,21.488,400,4,100,10,5.562,22.34,3.06,0.8520000000000003,0.8520000000000003,0.001515442396320541,0.002814105882725734,0,-7.848784878480059e-4,0.0023522352235182996,0,21.488040201005028,4.020100502799551e-5,6.10494473722024,3.304228527948542,NA,TRUE,-0.5429447372202398,-0.24422852794854188
PID_lookup_down_post_correction_experiment.csv,PID,down,up,TRUE,132,21.621,400,4,100,10,5.584,22.48,3.08,0.8590000000000018,0.8590000000000018,1.7144660799782254e-4,0,0.008459051693633021,1.6741674167389047e-4,0,0.019597959795979576,21.620544388609716,4.556113902829395e-4,6.133452547317172,3.32308328179184,NA,TRUE,-0.5494525473171725,-0.24308328179184002
PID_lookup_down_post_correction_experiment.csv,PID,down,up,TRUE,133,21.753,400,4,100,10,5.659,22.54,3.08,0.786999999999999,0.786999999999999,3.8612291966515515e-4,0,0,6.804680468039347e-4,0,0,21.753048576214407,4.8576214407347607e-5,6.1730950063751315,3.3481054092110627,NA,TRUE,-0.5140950063751317,-0.26810540921106263
PID_lookup_down_post_correction_experiment.csv,PID,down,up,TRUE,134,21.886,400,4,100,10,5.632,22.8,3.1,0.9140000000000015,0.9140000000000015,0,0,0,0,0,0,21.885552763819096,4.472361809035874e-4,6.213626450130766,3.3725070423439143,NA,TRUE,-0.5816264501307664,-0.2725070423439142
PID_lookup_down_post_correction_experiment.csv,PID,down,up,TRUE,135,22.018,400,4,100,10,5.715,22.82,3.1,0.8019999999999996,0.8019999999999996,0.0035887028128262907,0.0073690589835492554,0,-0.0070027002700273405,0.014833483348336144,0,22.018056951423787,5.6951423786699706e-5,6.2416461691946745,3.3874237995790364,NA,TRUE,-0.5266461691946747,-0.2874237995790363
PID_lookup_down_post_correction_experiment.csv,PID,down,up,TRUE,136,22.151,400,4,100,10,5.673,23.06,3.12,0.9089999999999989,0.9089999999999989,9.999999999999788e-4,0.0019999999999999575,0,-6.600660066083691e-5,1.560156015571859e-4,0,22.150561139028476,4.388609715242353e-4,6.257154163566857,3.392855680916428,NA,TRUE,-0.5841541635668568,-0.272855680916428
PID_lookup_down_post_correction_experiment.csv,PID,down,up,TRUE,137,22.283,400,4,100,10,5.728,23.1,3.12,0.8170000000000002,0.8170000000000002,5.41136103793194e-4,0,0,-4.6864686468688576e-4,0,0,22.283065326633167,6.53266331660518e-5,6.268246795146527,3.395453484192588,NA,TRUE,-0.5402467951465271,-0.27545348419258797
PID_lookup_down_post_correction_experiment.csv,PID,down,up,TRUE,138,22.416,400,4,100,10,5.694,23.32,3.14,0.9039999999999999,0.9039999999999999,0.003989113974685383,0.007885544888073083,0,-0.0046534653465352014,0.009780978097807827,0,22.415569514237855,4.304857621448832e-4,6.281124909229112,3.400362817031098,NA,TRUE,-0.5871249092291118,-0.2603628170310981
PID_lookup_down_post_correction_experiment.csv,PID,down,up,TRUE,139,22.548,400,4,100,10,5.764,23.34,3.14,0.7920000000000016,0.7920000000000016,0.004549114687985643,0.009025217197084066,0,-0.011692169216922134,0.023354335433540974,0,22.548073701842547,7.370184254895662e-5,6.295788505814611,3.407583679431958,NA,TRUE,-0.5317885058146103,-0.26758367943195793
PID_lookup_down_post_correction_experiment.csv,PID,down,up,TRUE,140,22.681,400,4,100,10,5.762,23.5,3.16,0.8189999999999991,0.8189999999999991,0.0035157797244290954,0.0073690589835492554,0,-0.0065736573657378915,0.016033603360336456,0,22.680577889447235,4.221105527655311e-4,6.310738252204075,3.415819049533127,NA,TRUE,-0.5487382522040756,-0.25581904953312673
PID_lookup_down_post_correction_experiment.csv,PID,down,up,TRUE,141,22.813,400,4,100,10,5.802,23.58,3.16,0.7669999999999995,0.7669999999999995,3.487350880198935e-4,0,0,-7.212721272130768e-4,0,0,22.813082077051927,8.207705192830872e-5,6.326800251919994,3.425568456258154,NA,TRUE,-0.5248002519199941,-0.26556845625815395
PID_lookup_down_post_correction_experiment.csv,PID,down,up,TRUE,142,22.946,400,4,100,10,5.792,23.76,3.18,0.8140000000000001,0.8140000000000001,4.975698519564092e-4,0,0,0.0014371437143707911,0,0,22.94558626465662,4.137353433826263e-4,6.343974504962368,3.4368318996070393,NA,TRUE,-0.5519745049623683,-0.2568318996070391
PID_lookup_down_post_correction_experiment.csv,PID,down,up,TRUE,143,23.078,400,4,100,10,5.806,23.9,3.2,0.8219999999999992,0.8219999999999992,0.001048086279122517,0.0020000000000003127,0,1.3741374137514782e-4,0.0011641164116415173,0,23.078090452261307,9.045226130766082e-5,6.363169949170266,3.450140811348109,NA,TRUE,-0.557169949170266,-0.2501408113481087
PID_lookup_down_post_correction_experiment.csv,PID,down,up,TRUE,144,23.211,400,4,100,10,5.8695,23.96,3.2,0.7490000000000023,0.7490000000000023,0.004162980187366321,0.0073690589835492554,0,-0.009857185718572128,0.015649564956491186,0,23.210594639866,4.053601339997215e-4,6.392191734050859,3.4693070655485867,NA,TRUE,-0.5226917340508583,-0.2693070655485865
PID_lookup_down_post_correction_experiment.csv,PID,down,up,TRUE,145,23.343,400,4,100,10,5.839,24.22,3.24,0.8769999999999989,0.8769999999999989,4.461960433386227e-4,0,0,6.966696669665979e-4,0,0,23.343098827470687,9.882747068701292e-5,6.429305078894184,3.492640064661734,NA,TRUE,-0.5903050788941835,-0.2526400646617337
PID_lookup_down_post_correction_experiment.csv,PID,down,up,TRUE,146,23.476,400,4,100,10,5.869,24.38,3.24,0.9039999999999999,0.9039999999999999,0.0014361494534083118,0.002814105882725734,0,1.9741974197316214e-4,0.002304230423043754,0,23.47560301507538,3.969849246203694e-4,6.474509983700241,3.5201398086875497,NA,TRUE,-0.6055099837002409,-0.2801398086875495
PID_lookup_down_post_correction_experiment.csv,PID,down,up,TRUE,147,23.608,400,4,100,10,5.943,24.46,3.26,0.8520000000000003,0.8520000000000003,4.1633319989299583e-4,0,0,6.204620462040807e-4,0,0,23.608107202680067,1.0720268006636502e-4,6.52423458728168,3.5504898296146647,NA,TRUE,-0.5812345872816804,-0.29048982961466496
PID_lookup_down_post_correction_experiment.csv,PID,down,up,TRUE,148,23.741,400,4,100,10,5.926,24.72,3.28,0.9789999999999992,0.9789999999999992,4.512608598543637e-4,0,0,0.0011845184518459314,0,0,23.74061139028476,3.886097152410173e-4,6.5749429085475946,3.581913918557825,NA,TRUE,-0.6489429085475944,-0.30191391855782523
PID_lookup_down_post_correction_experiment.csv,PID,down,up,TRUE,149,23.873,400,4,100,10,5.972,24.86,3.3,0.9869999999999983,0.9869999999999983,0.005259824861700033,0.009756634624291058,0,-0.015526552655265478,0.027842784278431957,0,23.873115577889447,1.1557788944571712e-4,6.626634947497984,3.61441207551703,NA,TRUE,-0.6546349474979838,-0.3144120755170303
PID_lookup_down_post_correction_experiment.csv,PID,down,up,TRUE,150,24.006,400,4,100,10,6.006,25.03,3.32,1.024000000000001,1.024000000000001,0.005147628658720334,0.010050378152591907,0,-0.015042904290427546,0.029618961896183255,0,24.00561976549414,3.802345058616652e-4,6.6784017662937805,3.6474528687239536,NA,TRUE,-0.6724017662937802,-0.32745286872395374
PID_lookup_down_post_correction_experiment.csv,PID,down,up,TRUE,151,24.138,400,4,100,10,6.063,25.12,3.32,0.9819999999999993,0.9819999999999993,0.0036136106345567177,0.0073690589835492554,0,-0.006916291629162594,0.015697569756972275,0,24.138123953098827,1.2395309882506922e-4,6.721492196058389,3.674497808186299,NA,TRUE,-0.6584921960583889,-0.35449780818629906
PID_lookup_down_post_correction_experiment.csv,PID,down,up,TRUE,152,24.271,400,4,100,10,6.05,25.34,3.34,1.068999999999999,1.068999999999999,0.003128558579902037,0.005752469825293104,0,-0.005730573057306681,0.009516951695169607,0,24.27062814070352,3.718592964823131e-4,6.756284732573912,3.695220045361164,NA,TRUE,-0.7062847325739119,-0.35522004536116425
PID_lookup_down_post_correction_experiment.csv,PID,down,up,TRUE,153,24.403,400,4,100,10,6.111,25.4,3.34,0.9969999999999999,0.9969999999999999,0,0,0,0,0,0,24.40313232830821,1.3232830821152675e-4,6.782779375840352,3.709619580248547,NA,TRUE,-0.6717793758403525,-0.36961958024854713
PID_lookup_down_post_correction_experiment.csv,PID,down,up,TRUE,154,24.536,400,4,100,10,6.081,25.62,3.38,1.0839999999999996,1.0839999999999996,5.02116731568846e-4,0,0.0028141058827257964,0.0011377137713784685,0,-0.0012001200120018258,24.5356365159129,3.63484087102961e-4,6.799106964342499,3.7180394173817746,NA,TRUE,-0.7181069643424989,-0.3380394173817747
PID_lookup_down_post_correction_experiment.csv,PID,down,up,TRUE,155,24.668,400,4,100,10,6.134,25.66,3.38,0.9920000000000009,0.9920000000000009,0.002605433328312558,0.004380858271151713,0.0028141058827257964,-0.004465646564655455,0.0055565556555720146,0.0018241824182416238,24.66814070351759,1.4070351759087885e-4,6.808993865615905,3.722502340536731,NA,TRUE,-0.6749938656159049,-0.3425023405367309
PID_lookup_down_post_correction_experiment.csv,PID,down,up,TRUE,156,24.801,400,4,100,10,6.141,25.78,3.38,0.9790000000000028,0.9790000000000028,0.001077361160756764,0.0019999999999999575,0,6.330633063317937e-4,0.0011401140114071153,0,24.80064489112228,3.5510887772005617e-4,6.812440079660568,3.723008349713416,NA,TRUE,-0.6714400796605684,-0.3430083497134162
PID_lookup_down_post_correction_experiment.csv,PID,down,up,TRUE,157,24.933,400,4,100,10,6.188,25.82,3.38,0.8870000000000005,0.8870000000000005,0.0040251733132897595,0.007885544888073083,0,-0.00892889288928912,0.017605760576055667,0,24.93314907872697,1.4907872697023095e-4,6.815777215126324,3.723362370896473,NA,TRUE,-0.6277772151263239,-0.34336237089647303
PID_lookup_down_post_correction_experiment.csv,PID,down,up,TRUE,158,25.066,400,4,100,10,6.155,26.02,3.4,0.9540000000000006,0.9540000000000006,0.003893480694596085,0.0069747017603953914,0,-0.008854485448544658,0.014281428142817992,0,25.06565326633166,3.4673366834070407e-4,6.82081150629265,3.7260877320729295,NA,TRUE,-0.6658115062926502,-0.3260877320729296
PID_lookup_down_post_correction_experiment.csv,PID,down,up,TRUE,159,25.198,400,4,100,10,6.206,26.06,3.4,0.8619999999999983,0.8619999999999983,4.87831731214293e-4,0,0,4.956495649568895e-4,0,0,25.19815745393635,1.5745393634958305e-4,6.827164457377445,3.731511281785687,NA,TRUE,-0.6211644573774446,-0.3315112817856871
PID_lookup_down_post_correction_experiment.csv,PID,down,up,TRUE,160,25.331,400,4,100,10,6.207,26.2,3.42,0.8689999999999998,0.8689999999999998,4.988876515700255e-4,0,0,0.0013153315331528117,0,0,25.33066164154104,3.3835845895779926e-4,6.834983153643866,3.7391188605254624,NA,TRUE,-0.627983153643866,-0.31911886052546246
PID_lookup_down_post_correction_experiment.csv,PID,down,up,TRUE,161,25.463,400,4,100,10,6.238,26.3,3.44,0.8369999999999997,0.8369999999999997,5.016135580463138e-4,0,0,0.001163516351632567,0,0,25.46316582914573,1.6582914572893515e-4,6.8519452028635035,3.751325340134781,NA,TRUE,-0.6139452028635031,-0.31132534013478086
PID_lookup_down_post_correction_experiment.csv,PID,down,up,TRUE,162,25.596,400,4,100,10,6.238,26.48,3.46,0.8840000000000003,0.8840000000000003,0.00505209227584335,0.00964836302648823,0,-0.014599459945995062,0.02707470747074079,0,25.59567001675042,3.2998324957844716e-4,6.8782579451927806,3.768204667710751,NA,TRUE,-0.6402579451927801,-0.30820466771075106
PID_lookup_down_post_correction_experiment.csv,PID,down,up,TRUE,163,25.728,400,4,100,10,6.298,26.56,3.46,0.8319999999999972,0.8319999999999972,0,0,0,0,0,0,25.72817420435511,1.7420435510828725e-4,6.913921380631698,3.789756843253376,NA,TRUE,-0.6159213806316979,-0.3297568432533762
PID_lookup_down_post_correction_experiment.csv,PID,down,up,TRUE,164,25.861,400,4,100,10,6.271,26.82,3.48,0.9589999999999996,0.9589999999999996,4.551611991062678e-4,0,0,0.0010675067506748287,0,0,25.8606783919598,3.2160804019909506e-4,6.954674508943183,3.814017514797725,NA,TRUE,-0.6836745089431835,-0.3340175147977251
PID_lookup_down_post_correction_experiment.csv,PID,down,up,TRUE,165,25.993,400,4,100,10,6.36,26.86,3.5,0.8670000000000009,0.8670000000000009,1.9694638556682324e-4,0,0,-2.2322232223183906e-4,0,0,25.99318257956449,1.8257956449119206e-4,6.998470195782129,3.839969837075826,NA,TRUE,-0.638470195782129,-0.33996983707582595
PID_lookup_down_post_correction_experiment.csv,PID,down,up,TRUE,166,26.126,400,4,100,10,6.339,27.12,3.52,0.9939999999999998,0.9939999999999998,0.0039763314903579865,0.007885544888073083,0,-0.0021116111611162525,0.005556555655567633,0,26.12568676716918,3.1323283081974296e-4,7.045308441148531,3.867613810087681,NA,TRUE,-0.706308441148531,-0.3476138100876809
PID_lookup_down_post_correction_experiment.csv,PID,down,up,TRUE,167,26.258,400,4,100,10,6.423,27.16,3.52,0.902000000000001,0.902000000000001,0.0015710769644683097,0.0019999999999999575,0,-0.00210861086108758,9.96099609958717e-4,0,26.25819095477387,1.9095477387054416e-4,7.084574629691522,3.89094612685835,NA,TRUE,-0.6615746296915219,-0.37094612685835004
PID_lookup_down_post_correction_experiment.csv,PID,down,up,TRUE,168,26.391,400,4,100,10,6.39,27.4,3.56,1.0090000000000003,1.0090000000000003,3.379976689894438e-4,0,0,5.994599459949195e-4,0,0,26.39069514237856,3.0485762143683814e-4,7.108575902816774,3.9055225753648295,NA,TRUE,-0.7185759028167746,-0.34552257536482944
PID_lookup_down_post_correction_experiment.csv,PID,down,up,TRUE,169,26.523,400,4,100,10,6.443,27.44,3.56,0.9170000000000016,0.9170000000000016,0.005175495877281217,0.009847319278346409,0,-0.014730873087306933,0.027722772277228795,0,26.52319932998325,1.9932998324989626e-4,7.117312260524287,3.9113431556071174,NA,TRUE,-0.674312260524287,-0.3513431556071174
PID_lookup_down_post_correction_experiment.csv,PID,down,up,TRUE,170,26.656,400,4,100,10,6.482,27.5,3.56,0.8440000000000012,0.8440000000000012,0.005310281622389806,0.010018165319240449,0,-0.015662166216620567,0.0290669066906652,0,26.65570351758794,2.9648241205748604e-4,7.122388233430666,3.915445479162728,NA,TRUE,-0.6403882334306656,-0.35544547916272773
PID_lookup_down_post_correction_experiment.csv,PID,down,up,TRUE,171,26.788,400,4,100,10,6.45,27.7,3.58,0.911999999999999,0.911999999999999,4.6482319871188696e-4,0,0,0.001249924992500467,0,0,26.78820770519263,2.0770519262924836e-4,7.128363001405307,3.920009632244787,NA,TRUE,-0.678363001405307,-0.340009632244787
PID_lookup_down_post_correction_experiment.csv,PID,down,up,TRUE,172,26.921,400,4,100,10,6.501,27.74,3.58,0.8189999999999991,0.8189999999999991,0,0,0,0,0,0,26.92071189279732,2.8810720267813394e-4,7.134495628226732,3.924376992995528,NA,TRUE,-0.6334956282267319,-0.34437699299552804
PID_lookup_down_post_correction_experiment.csv,PID,down,up,TRUE,173,27.053,400,4,100,10,6.49,27.9,3.6,0.8469999999999978,0.8469999999999978,2.7265992434438176e-4,0,0,3.9843984398422154e-4,0,0,27.053216080402013,2.1608040201215317e-4,7.1404994603111,3.928343328120097,NA,TRUE,-0.6504994603110994,-0.3283433281200967
PID_lookup_down_post_correction_experiment.csv,PID,down,up,TRUE,174,27.186,400,4,100,10,6.528,27.98,3.6,0.7940000000000005,0.7940000000000005,0,0,0,0,0,0,27.1857202680067,2.7973199329878184e-4,7.153843533666115,3.9362897543060145,NA,TRUE,-0.6258435336661154,-0.3362897543060144
PID_lookup_down_post_correction_experiment.csv,PID,down,up,TRUE,175,27.318,400,4,100,10,6.529,28.16,3.62,0.8419999999999987,0.8419999999999987,0.0010634420957010904,0,0,-3.9963996399752425e-4,0,0,27.318224455611393,2.2445561139150527e-4,7.182136778256042,3.952953869210732,NA,TRUE,-0.6531367782560418,-0.3329538692107321
PID_lookup_down_post_correction_experiment.csv,PID,down,up,TRUE,176,27.451,400,4,100,10,6.577,28.28,3.64,0.8290000000000006,0.8290000000000006,4.512608598543637e-4,0,0,0.0011161116111605524,0,0,27.45072864321608,2.7135678391942974e-4,7.22537919408088,3.9783356728342505,NA,TRUE,-0.6483791940808796,-0.33833567283425037
PID_lookup_down_post_correction_experiment.csv,PID,down,up,TRUE,177,27.583,400,4,100,10,6.586,28.48,3.66,0.897000000000002,0.897000000000002,5.021167315684e-4,0,0,0.0014545454545454096,0,0,27.583232830820773,2.3283082077441009e-4,7.272361615049934,4.005232277103677,NA,TRUE,-0.6863616150499334,-0.3452322771036771
PID_lookup_down_post_correction_experiment.csv,PID,down,up,TRUE,178,27.716,400,4,100,10,6.625,28.62,3.68,0.9039999999999999,0.9039999999999999,3.5887028128275654e-4,0,0,4.7704770477116144e-4,0,0,27.71573701842546,0.00026298157454007764,7.3166869444794465,4.0295257483856375,NA,TRUE,-0.6916869444794465,-0.3495257483856373
PID_lookup_down_post_correction_experiment.csv,PID,down,up,TRUE,179,27.848,400,4,100,10,6.671,28.74,3.7,0.8919999999999995,0.8919999999999995,0.00491910314565343,0.009451631252506695,0,-0.013748574857484874,0.026534653465353955,0,27.848241206030153,2.4120603015376219e-4,7.358355182369419,4.05121608668013,NA,TRUE,-0.6873551823694184,-0.3512160866801297
PID_lookup_down_post_correction_experiment.csv,PID,down,up,TRUE,180,27.981,400,4,100,10,6.681,28.92,3.72,0.9390000000000001,0.9390000000000001,0.0038595938447543456,0.008040302522073526,0,-0.008423042304230568,0.019201920192018072,0,27.98074539363484,2.5460636516072555e-4,7.396540305908997,4.07040221103851,NA,TRUE,-0.7155403059089966,-0.35040221103850966
PID_lookup_down_post_correction_experiment.csv,PID,down,up,TRUE,181,28.113,400,4,100,10,6.722,29.04,3.72,0.9269999999999996,0.9269999999999996,0.0035723262940997435,0.0073690589835492554,0.0034289321599553085,-0.006738073807380572,0.01612961296129383,-5.880588058804694e-4,28.113249581239533,2.495812395331143e-4,7.432344542678438,4.089040990617061,NA,TRUE,-0.7103445426784374,-0.36904099061706086
PID_lookup_down_post_correction_experiment.csv,PID,down,up,TRUE,182,28.246,400,4,100,10,6.728,29.22,3.74,0.9740000000000002,0.9740000000000002,0.005184232115392299,0.009999999999999787,0,-0.0156921692169223,0.02970297029702621,0,28.24575376884422,2.4623115577782073e-4,7.465767892677743,4.107132425415781,NA,TRUE,-0.7377678926777431,-0.3671324254157806
PID_lookup_down_post_correction_experiment.csv,PID,down,up,TRUE,183,28.378,400,4,100,10,6.783,29.3,3.76,0.9220000000000006,0.9220000000000006,0,0,0,0,0,0,28.378257956448913,2.579564489124664e-4,7.496776318221725,4.124336480792239,NA,TRUE,-0.7137763182217247,-0.36433648079223957
PID_lookup_down_post_correction_experiment.csv,PID,down,up,TRUE,184,28.511,400,4,100,10,6.774,29.5,3.78,0.9890000000000008,0.9890000000000008,0.005178471362918323,0.010018165319240449,0,-0.015597959795981522,0.029714971497152867,0,28.510762144053604,2.3785594639491592e-4,7.524903247887194,4.140107080171749,NA,TRUE,-0.7509032478871935,-0.36010708017174897
PID_lookup_down_post_correction_experiment.csv,PID,down,up,TRUE,185,28.643,400,4,100,10,6.844,29.54,3.78,0.8969999999999985,0.8969999999999985,0,0,0,0,0,0,28.643266331658293,2.663316582918185e-4,7.54991599007575,4.154541496954845,NA,TRUE,-0.7059159900757495,-0.3745414969548455
PID_lookup_down_post_correction_experiment.csv,PID,down,up,TRUE,186,28.776,400,4,100,10,6.828,29.74,3.82,0.9639999999999986,0.9639999999999986,0.004279278236130994,0.008703882797786253,0.007550503361372744,-0.010507650765077517,0.02250225022502497,-0.00944494449444912,28.775770519262984,2.2948073701556382e-4,7.57183010816779,4.167655791893944,NA,TRUE,-0.7438301081677894,-0.34765579189394424
PID_lookup_down_post_correction_experiment.csv,PID,down,up,TRUE,187,28.908,400,4,100,10,6.884,29.8,3.82,0.8919999999999995,0.8919999999999995,0.004617260108450922,0.008923920866769283,0,-0.011879387938793754,0.023654365436535055,0,28.908274706867672,2.747068676711706e-4,7.593349949128261,4.181197816155878,NA,TRUE,-0.7093499491282609,-0.3611978161558782
PID_lookup_down_post_correction_experiment.csv,PID,down,up,TRUE,188,29.041,1,0.01,1,10,6.874,29.82,3.82,0.7789999999999999,0.7789999999999999,NA,NA,NA,0,0,0,29.040778894472364,2.2110552763621172e-4,7.616371779456916,4.195347050381065,incomplete_hold,FALSE,-0.7423717794569162,-0.37534705038106475
