hold_id,u_ss_v,u_prev_v,du_v,branch,n_samples,tail_fraction_used,tail_n_samples,s_ss_mm,p_ss_bar,s_tail_std_mm,p_tail_std_bar,s_tail_slope_mm_s,p_tail_slope_bar_s,steady_enough,u_ff_v,p_ff_bar,u_abs_error_v,p_abs_error_bar,dataset_role
2,4.074,0.0,4.074,up,400,0.05,20,9.967999999999998,2.1000000000000005,0.009797958971132503,4.440892098500626e-16,0.09999999999999787,0.0,True,3.655369271729844,1.8387164861512015,0.418630728270156,0.261283513848799,single_design_dataset
5,2.58,1.538,1.042,up,400,0.05,20,5.019999999999999,1.1999999999999997,8.881784197001252e-16,2.220446049250313e-16,0.0,0.0,True,2.156611262855737,0.9307524944866714,0.42338873714426306,0.2692475055133283,single_design_dataset
6,6.557,2.58,3.9770000000000003,up,400,0.05,20,22.044999999999998,3.5799999999999996,0.01774823934929847,4.440892098500626e-16,0.2999999999999936,0.0,True,6.0961574632548094,3.309272058143349,0.46084253674519093,0.27072794185665083,single_design_dataset
8,6.43,5.764,0.6659999999999995,up,400,0.05,20,22.315,3.5200000000000005,0.008660254037844203,4.440892098500626e-16,0.09999999999999787,0.0,True,6.141944484871735,3.340397987101107,0.28805551512826444,0.17960201289889355,single_design_dataset
9,7.088,6.43,0.6580000000000004,up,400,0.05,20,25.77,3.900000000000001,0.009999999999999787,8.881784197001252e-16,0.09999999999999787,0.0,True,6.733296003118815,3.6911285518542614,0.35470399688118537,0.20887144814573944,single_design_dataset
12,6.232,5.598,0.6340000000000003,up,400,0.05,20,22.639999999999997,3.4,3.552713678800501e-15,0.0,0.0,0.0,True,6.179778615331108,3.3624051211894024,0.05222138466889259,0.03759487881059753,single_design_dataset
14,6.087,4.968,1.1189999999999998,up,400,0.05,20,21.860000000000003,3.2999999999999994,3.552713678800501e-15,4.440892098500626e-16,0.0,0.0,True,6.055271182896234,3.281642569634508,0.03172881710376618,0.0183574303654912,single_design_dataset
16,4.877,3.795,1.0819999999999999,up,400,0.05,20,15.62,2.5799999999999996,0.0,4.440892098500626e-16,0.0,0.0,True,4.837972029856984,2.5549052638245056,0.03902797014301562,0.02509473617549407,single_design_dataset
21,4.532,1.62,2.912,up,400,0.05,20,12.898000000000001,2.36,0.005999999999999872,0.0,0.09999999999999787,0.0,True,4.301733557074486,2.2339767716131376,0.23026644292551435,0.1260232283868623,single_design_dataset
24,3.745,2.808,0.9370000000000003,up,400,0.05,20,9.699999999999998,1.8999999999999997,1.7763568394002505e-15,2.220446049250313e-16,0.0,0.0,True,3.5656242822489133,1.7853196981056307,0.17937571775108685,0.11468030189436895,single_design_dataset
27,3.227,2.608,0.6189999999999998,up,400,0.05,20,7.8199999999999985,1.5799999999999996,1.7763568394002505e-15,4.440892098500626e-16,0.0,0.0,True,3.1059353863016366,1.5049569550553337,0.1210646136983633,0.07504304494466596,single_design_dataset
29,4.834,2.16,2.6739999999999995,up,400,0.05,20,14.009,2.54,0.009949874371065986,0.0,0.09999999999999787,0.0,True,4.5702626710678285,2.3921889163133847,0.26373732893217117,0.14781108368661533,single_design_dataset
30,6.804,4.834,1.9700000000000006,up,400,0.05,20,24.407000000000004,3.7399999999999998,0.011445523142260968,4.440892098500626e-16,0.2000000000000135,0.0,True,6.502333930502063,3.5518189477165705,0.3016660694979372,0.1881810522834293,single_design_dataset
32,6.906,5.135,1.771,up,400,0.05,20,25.291000000000004,3.7999999999999994,0.009949874371065986,4.440892098500626e-16,0.09999999999999787,0.0,True,6.672293308991716,3.655335925681517,0.23370669100828412,0.14466407431848216,single_design_dataset
34,5.046,4.717,0.3290000000000006,up,400,0.05,20,16.899999999999995,2.68,3.552713678800501e-15,0.0,0.0,0.0,True,5.069455614849296,2.6927208356606704,0.023455614849296147,0.012720835660670282,single_design_dataset
35,5.709,5.046,0.6629999999999994,up,400,0.05,20,19.920000000000005,3.0799999999999996,3.552713678800501e-15,4.440892098500626e-16,0.0,0.0,True,5.666738771143049,3.046450474723709,0.04226122885695105,0.03354952527629074,single_design_dataset
37,3.976,3.634,0.3420000000000001,up,400,0.05,20,11.72,2.04,0.0,0.0,0.0,0.0,True,3.9883040806351673,2.0367762824625224,0.012304080635167303,0.003223717537477633,single_design_dataset
38,4.873,3.976,0.8970000000000002,up,400,0.05,20,15.363,2.5799999999999996,0.007141428428543333,4.440892098500626e-16,0.10000000000000675,0.0,True,4.78896648391983,2.525432779549273,0.0840335160801704,0.054567220450726595,single_design_dataset
40,3.736,3.347,0.38900000000000023,up,400,0.05,20,10.520000000000001,1.8800000000000001,1.7763568394002505e-15,2.220446049250313e-16,0.0,0.0,True,3.8199051672820703,1.9349461916735586,0.08390516728207009,0.05494619167355852,single_design_dataset
42,4.638,2.013,2.625,up,400,0.05,20,13.639999999999997,2.4399999999999995,3.552713678800501e-15,4.440892098500626e-16,0.0,0.0,True,4.5572847222257264,2.3842157975560383,0.08071527777427345,0.055784202443961206,single_design_dataset
44,3.311,1.982,1.329,up,400,0.05,20,8.139999999999997,1.6200000000000003,3.552713678800501e-15,2.220446049250313e-16,0.0,0.0,True,3.2071992484700123,1.5644216682614207,0.10380075152998769,0.05557833173857962,single_design_dataset
47,3.38,1.872,1.5079999999999998,up,400,0.05,20,8.107000000000001,1.6800000000000002,0.009539392014169255,2.220446049250313e-16,0.09999999999999787,0.0,True,3.1967813363867545,1.5583373855979081,0.18321866361324535,0.12166261440209203,single_design_dataset
49,4.813,1.526,3.287,up,400,0.05,20,13.921000000000001,2.54,0.009949874371065988,0.0,0.19999999999999574,0.0,True,4.565995785728347,2.389683954267806,0.24700421427165242,0.15031604573219415,single_design_dataset
51,4.066,1.669,2.397,up,400,0.05,20,10.673000000000002,2.0799999999999996,0.009539392014169253,4.440892098500626e-16,0.09999999999999787,0.0,True,3.8619511844310725,1.9602650789469753,0.2040488155689273,0.1197349210530243,single_design_dataset
52,5.064,4.066,0.9980000000000002,up,400,0.05,20,15.350000000000003,2.68,0.009999999999999787,0.0,0.09999999999999787,0.0,True,4.786515888769595,2.5239212829651043,0.27748411123040473,0.15607871703489584,single_design_dataset
54,2.705,2.014,0.6910000000000003,up,400,0.05,20,6.08,1.2600000000000002,0.0,2.220446049250313e-16,0.0,0.0,True,2.5727004607239854,1.1876816972681643,0.13229953927601468,0.07231830273183593,single_design_dataset
55,4.668,2.705,1.963,up,400,0.05,20,13.341,2.46,0.004358898943540581,0.0,0.09999999999999787,0.0,True,4.494565083705747,2.3470371190268473,0.17343491629425323,0.11296288097315266,single_design_dataset
59,4.739,1.656,3.083,up,400,0.05,20,13.459999999999999,2.4799999999999995,0.010954451150103576,4.440892098500626e-16,0.20000000000000462,0.0,True,4.52745112346723,2.3664217586645173,0.21154887653276955,0.11357824133548222,single_design_dataset
60,5.423,4.739,0.6840000000000002,up,400,0.05,20,17.187999999999995,2.8999999999999995,0.009797958971132503,4.440892098500626e-16,0.09999999999999787,0.0,True,5.110926727121328,2.71616572794007,0.31207327287867237,0.1838342720599293,single_design_dataset
62,5.897,4.433,1.4640000000000004,up,400,0.05,20,19.945999999999998,3.182,0.009165151389911483,0.006000000000000005,0.09999999999999787,0.0,True,5.670804173162467,3.048865688276006,0.22619582683753325,0.13313431172399381,single_design_dataset
64,6.843,4.771,2.072,up,400,0.05,20,24.960000000000004,3.7600000000000002,0.01414213562373065,4.440892098500626e-16,0.19999999999999574,0.0,True,6.618885422439835,3.621072562299409,0.22411457756016517,0.13892743770059113,single_design_dataset
66,6.694,4.691,2.003,up,400,0.05,20,24.509999999999998,3.6599999999999993,0.009999999999999787,8.881784197001252e-16,0.09999999999999787,0.0,True,6.526432142043669,3.566120208416879,0.1675678579563309,0.09387979158312021,single_design_dataset
67,7.136,6.694,0.44200000000000017,up,400,0.05,20,26.741000000000003,3.94,0.004358898943541355,0.0,0.10000000000001563,0.0,True,6.99674459790048,3.848041595628605,0.13925540209952025,0.09195840437139502,single_design_dataset
70,4.992,3.767,1.225,up,400,0.05,20,16.361,2.64,0.004358898943540581,0.0,0.09999999999999787,0.0,True,4.994458107742443,2.6471190176714936,0.0024581077424432607,0.007119017671493477,single_design_dataset
71,5.405,4.992,0.41300000000000026,up,400,0.05,20,18.420000000000005,2.893,3.552713678800501e-15,0.009539392014169467,0.0,0.10000000000000009,True,5.335329086640994,2.8450710643400816,0.06967091335900655,0.04792893565991818,single_design_dataset
72,6.697,5.405,1.2919999999999998,up,400,0.05,20,24.835999999999995,3.680000000000001,0.00799999999999983,8.881784197001252e-16,0.09999999999999787,0.0,True,6.595681321239478,3.607069636786285,0.10131867876052247,0.07293036321371593,single_design_dataset
74,6.617,5.66,0.9569999999999999,up,400,0.05,20,24.740000000000002,3.62,3.552713678800501e-15,0.0,0.0,0.0,True,6.576394741325433,3.595653070934347,0.040605258674567324,0.024346929065653278,single_design_dataset
77,6.139,3.76,2.3790000000000004,up,400,0.05,20,22.188999999999997,3.3400000000000007,0.009949874371065986,8.881784197001252e-16,0.09999999999999787,0.0,True,6.123119290207533,3.327627637398312,0.015880709792467584,0.012372362601688724,single_design_dataset
80,2.488,2.018,0.4700000000000002,up,400,0.05,20,5.959999999999999,1.1400000000000001,8.881784197001252e-16,2.220446049250313e-16,0.0,0.0,True,2.5310157457555102,1.161344466923347,0.04301574575551026,0.021344466923346905,single_design_dataset
81,3.723,2.488,1.2349999999999999,up,400,0.05,20,9.900000000000002,1.8800000000000001,1.7763568394002505e-15,2.220446049250313e-16,0.0,0.0,True,3.6339289065040616,1.8262400371512955,0.08907109349593823,0.05375996284870466,single_design_dataset
83,3.674,1.476,2.198,up,400,0.05,20,9.438999999999998,1.8400000000000005,0.0043588989435405815,4.440892098500626e-16,0.09999999999999787,0.0,True,3.473202896471525,1.7270935835060295,0.2007971035284748,0.11290641649397104,single_design_dataset
85,2.88,1.558,1.3219999999999998,up,400,0.05,20,6.58,1.3799999999999997,0.0,2.220446049250313e-16,0.0,0.0,True,2.755503884235166,1.2947322274178958,0.12449611576483388,0.08526777258210383,single_design_dataset
86,4.185,2.88,1.3049999999999997,up,400,0.05,20,11.379999999999999,2.1599999999999993,1.7763568394002505e-15,8.881784197001252e-16,0.0,0.0,True,3.972683355603718,2.0276035556518783,0.21231664439628162,0.13239644434812092,single_design_dataset
87,4.585,4.185,0.40000000000000036,up,400,0.05,20,13.360000000000003,2.3999999999999995,3.552713678800501e-15,4.440892098500626e-16,0.0,0.0,True,4.500840771577487,2.3507253246064153,0.08415922842251256,0.04927467539358421,single_design_dataset
90,5.265,1.737,3.5279999999999996,up,400,0.05,20,16.55,2.7999999999999994,0.009999999999999787,4.440892098500626e-16,0.09999999999999787,0.0,True,5.022836484611272,2.6643683063437136,0.24216351538872782,0.1356316936562858,single_design_dataset
91,6.372,5.265,1.1070000000000002,up,400,0.05,20,22.750999999999998,3.4799999999999995,0.009949874371067756,4.440892098500626e-16,0.10000000000001563,0.0,True,6.191357468937566,3.3676509565917514,0.18064253106243378,0.11234904340824814,single_design_dataset
92,7.094,6.372,0.7220000000000004,up,400,0.05,20,26.544999999999998,3.900000000000001,0.008660254037844203,8.881784197001252e-16,0.09999999999999787,0.0,True,6.944568280073552,3.815977397579188,0.1494317199264481,0.08402260242081283,single_design_dataset
95,5.734,3.543,2.191,up,400,0.05,20,20.064999999999998,3.0799999999999996,0.008660254037844203,4.440892098500626e-16,0.09999999999999787,0.0,True,5.687873394110035,3.058813324072063,0.04612660588996498,0.021186675927936438,single_design_dataset
96,6.482,5.734,0.7480000000000002,up,400,0.05,20,23.977000000000004,3.5400000000000005,0.007141428428542697,4.440892098500626e-16,0.09999999999999787,0.0,True,6.400820762747173,3.4897501456257207,0.08117923725282683,0.05024985437427976,single_design_dataset
98,6.325,5.133,1.1920000000000002,up,400,0.05,20,23.408000000000005,3.44,0.009797958971134245,0.0,0.10000000000001563,0.0,True,6.288528897914361,3.4179655665402247,0.036471102085639195,0.022034433459775293,single_design_dataset
99,7.037,6.325,0.7119999999999997,up,400,0.05,20,26.737000000000002,3.872999999999999,0.007141428428542697,0.009539392014169465,0.09999999999999787,0.0,True,6.995787215917502,3.8474563966306374,0.04121278408249829,0.025543603369361456,single_design_dataset
103,3.017,2.105,0.9119999999999999,up,400,0.05,20,7.8199999999999985,1.4600000000000002,1.7763568394002505e-15,2.220446049250313e-16,0.0,0.0,True,3.1059353863016366,1.5049569550553337,0.08893538630163667,0.04495695505533348,single_design_dataset
104,4.766,3.017,1.749,up,400,0.05,20,14.967000000000002,2.5,0.009539392014169255,0.0,0.09999999999999787,0.0,True,4.71906491050322,2.4817914967005064,0.04693508949678016,0.01820850329949364,single_design_dataset
106,6.174,2.528,3.6460000000000004,up,400,0.05,20,22.162,3.3600000000000003,0.012489995996796531,4.440892098500626e-16,0.19999999999999574,0.0,True,6.118457241067886,3.3244522117820012,0.05554275893211447,0.03554778821799909,single_design_dataset
109,5.269,3.138,2.1310000000000002,up,400,0.05,20,17.722,2.7999999999999994,0.005999999999999872,4.440892098500626e-16,0.09999999999999787,0.0,True,5.237650111082505,2.784087887093134,0.031349888917494795,0.01591211290686534,single_design_dataset
110,6.536,5.269,1.2669999999999995,up,400,0.05,20,24.306,3.5799999999999996,0.009165151389911485,4.440892098500626e-16,0.09999999999999787,0.0,True,6.477742330252445,3.5371617964719433,0.05825766974755453,0.04283820352805634,single_design_dataset
113,6.503,4.182,2.3209999999999997,up,400,0.05,20,24.278,3.5400000000000005,0.008717797887081161,4.440892098500626e-16,0.19999999999999574,0.0,True,6.470999145575122,3.533079403001223,0.03200085442487843,0.006920596998777562,single_design_dataset
116,4.895,4.213,0.6819999999999995,up,400,0.05,20,16.687999999999995,2.5799999999999996,0.009797958971132503,4.440892098500626e-16,0.09999999999999787,0.0,True,5.041466751339723,2.675905633173338,0.1464667513397231,0.09590563317333833,single_design_dataset
117,6.5,4.895,1.6050000000000004,up,400,0.05,20,24.331999999999994,3.5400000000000005,0.009797958971132503,4.440892098500626e-16,0.09999999999999787,0.0,True,6.484051740125136,3.5409403283555942,0.0159482598748637,0.0009403283555937669,single_design_dataset
119,6.99,3.794,3.196,up,400,0.05,20,26.572999999999997,3.8400000000000007,0.009539392014169255,8.881784197001252e-16,0.09999999999999787,0.0,True,6.952707701093699,3.8209994387301482,0.03729229890630137,0.0190005612698525,single_design_dataset
123,3.012,2.259,0.7530000000000001,up,400,0.05,20,7.860000000000002,1.4600000000000002,1.7763568394002505e-15,2.220446049250313e-16,0.0,0.0,True,3.117225551936712,1.5116003644160159,0.10522555193671179,0.051600364416015676,single_design_dataset
126,2.439,0.998,1.441,up,400,0.05,20,5.36,1.1000000000000003,0.0,2.220446049250313e-16,0.0,0.0,True,2.304667205317887,1.019042385943953,0.13433279468211312,0.08095761405604729,single_design_dataset
128,2.591,1.35,1.241,up,400,0.05,20,5.64,1.1999999999999997,0.0,2.220446049250313e-16,0.0,0.0,True,2.4159561230134527,1.0883251492628936,0.17504387698654744,0.11167485073710615,single_design_dataset
130,6.369,1.149,5.22,up,400,0.05,20,22.628,3.4599999999999995,0.014696938456698755,4.440892098500626e-16,0.2999999999999936,0.0,True,6.178552801630107,3.3618440000907173,0.19044719836989277,0.09815599990928225,single_design_dataset
133,3.419,2.511,0.9079999999999999,up,400,0.05,20,8.860000000000003,1.7,3.552713678800501e-15,0.0,0.0,0.0,True,3.3709927422858565,1.6594857347485472,0.04800725771414349,0.04051426525145274,single_design_dataset
134,4.074,3.419,0.6549999999999998,up,400,0.05,20,11.400000000000002,2.1000000000000005,1.7763568394002505e-15,4.440892098500626e-16,0.0,0.0,True,3.973432216413842,2.0280691589181203,0.10056778358615803,0.07193084108188019,single_design_dataset
136,2.495,1.595,0.9000000000000001,up,400,0.05,20,5.5600000000000005,1.1400000000000001,8.881784197001252e-16,2.220446049250313e-16,0.0,0.0,True,2.3855139416430062,1.0692042728414788,0.10948605835699388,0.07079572715852134,single_design_dataset
138,3.329,1.036,2.293,up,400,0.05,20,7.913999999999997,1.64,0.009165151389911485,0.0,0.09999999999999787,0.0,True,3.134084968298897,1.521519143000225,0.19491503170110303,0.11848085699977484,single_design_dataset
139,4.313,3.329,0.9839999999999995,up,400,0.05,20,11.974999999999998,2.2400000000000007,0.008660254037844203,4.440892098500626e-16,0.09999999999999787,0.0,True,4.015561064157145,2.0545970454052878,0.2974389358428544,0.1854029545947129,single_design_dataset
141,3.422,2.999,0.42300000000000004,up,400,0.05,20,8.72,1.7,0.0,0.0,0.0,0.0,True,3.351982241030705,1.6482549410262628,0.07001775896929496,0.05174505897373716,single_design_dataset
142,5.661,3.422,2.2389999999999994,up,400,0.05,20,18.904000000000003,3.04,0.013564659966251714,0.0,0.2000000000000135,0.0,True,5.414627936917086,2.898993121698284,0.24637206308291315,0.1410068783017162,single_design_dataset
143,6.664,5.661,1.0030000000000001,up,400,0.05,20,24.507999999999996,3.6399999999999997,0.009797958971132503,4.440892098500626e-16,0.09999999999999787,0.0,True,6.525972815289562,3.565847955964585,0.1380271847104373,0.07415204403541464,single_design_dataset
148,2.975,1.147,1.828,up,400,0.05,20,7.0,1.4200000000000004,0.0,4.440892098500626e-16,0.0,0.0,True,2.9001737278294426,1.3788343833742398,0.07482627217055748,0.04116561662576057,single_design_dataset
150,4.894,2.144,2.75,up,400,0.05,20,14.888,2.5799999999999996,0.009797958971132503,4.440892098500626e-16,0.09999999999999787,0.0,True,4.706472183337985,2.4738670731483534,0.18752781666201557,0.10613292685164621,single_design_dataset
152,4.746,2.64,2.1060000000000003,up,400,0.05,20,14.300999999999998,2.5,0.0076811457478686875,0.0,0.20000000000000462,0.0,True,4.603237786381984,2.4115520196109634,0.142762213618016,0.08844798038903656,single_design_dataset
156,4.631,2.654,1.9770000000000003,up,400,0.05,20,13.765999999999996,2.4200000000000004,0.009165151389911483,4.440892098500626e-16,0.09999999999999787,0.0,True,4.563762019232872,2.3882522166928943,0.06723798076712839,0.03174778330710604,single_design_dataset
157,6.647,4.631,2.016,up,400,0.05,20,24.331999999999994,3.6399999999999997,0.009797958971132503,4.440892098500626e-16,0.09999999999999787,0.0,True,6.484051740125136,3.5409403283555942,0.16294825987486394,0.09905967164440543,single_design_dataset
160,4.635,3.254,1.3809999999999998,up,400,0.05,20,14.462000000000003,2.4200000000000004,0.005999999999999872,4.440892098500626e-16,0.09999999999999787,0.0,True,4.630074721875839,2.427449538259814,0.004925278124161103,0.007449538259813426,single_design_dataset
161,7.107,4.635,2.4720000000000004,up,400,0.05,20,26.814999999999998,3.9200000000000004,0.012449899597988466,4.440892098500626e-16,0.19999999999999574,0.0,True,7.013254671795453,3.858030444838399,0.09374532820454728,0.06196955516160152,single_design_dataset
163,7.061,6.291,0.7699999999999996,up,400,0.05,20,27.119999999999997,3.879999999999999,3.552713678800501e-15,8.881784197001252e-16,0.0,0.0,True,7.061712109630787,3.8855399658904743,0.000712109630787161,0.00553996589047534,single_design_dataset
166,5.855,4.604,1.2510000000000003,up,400,0.05,20,21.62,3.1599999999999993,0.0,8.881784197001252e-16,0.0,0.0,True,5.998916709724219,3.245048309159298,0.14391670972421888,0.08504830915929862,single_design_dataset
167,6.704,5.855,0.8489999999999993,up,400,0.05,20,25.641,3.680000000000001,0.004358898943540581,8.881784197001252e-16,0.09999999999999787,0.0,True,6.7166139828841604,3.681828851348798,0.012613982884160713,0.001828851348796956,single_design_dataset
169,6.562,5.366,1.1960000000000006,up,400,0.05,20,25.137999999999998,3.5799999999999996,0.005999999999999872,4.440892098500626e-16,0.09999999999999787,0.0,True,6.648851954636542,3.640045160100185,0.0868519546365416,0.060045160100185235,single_design_dataset
172,2.57,1.892,0.6779999999999999,up,400,0.05,20,6.379999999999999,1.18,8.881784197001252e-16,0.0,0.0,0.0,True,2.6810124202277494,1.2520359916174835,0.1110124202277496,0.07203599161748353,single_design_dataset
174,3.017,1.475,1.5419999999999998,up,400,0.05,20,7.340000000000001,1.4600000000000002,8.881784197001252e-16,2.220446049250313e-16,0.0,0.0,True,2.98711009272488,1.433581748895341,0.029889907275119754,0.02641825110465912,single_design_dataset
176,4.529,1.37,3.159,up,400,0.05,20,13.313999999999998,2.36,0.009165151389911485,0.0,0.09999999999999787,0.0,True,4.485647000940644,2.341795984782199,0.043352999059355746,0.018204015217800684,single_design_dataset
177,5.155,4.529,0.6260000000000003,up,400,0.05,20,16.736,2.7400000000000007,0.007999999999999828,4.440892098500626e-16,0.09999999999999787,0.0,True,5.047908465144342,2.6798451063426896,0.10709153485565803,0.06015489365731108,single_design_dataset
178,6.139,5.155,0.984,up,400,0.05,20,22.168,3.3400000000000007,0.009797958971132503,8.881784197001252e-16,0.09999999999999787,0.0,True,6.119493251987808,3.3251578619189592,0.019506748012192432,0.014842138081041512,single_design_dataset
181,4.883,2.332,2.551,up,400,0.05,20,15.456999999999997,2.5799999999999996,0.007141428428543333,4.440892098500626e-16,0.10000000000000675,0.0,True,4.806862455310941,2.5363770133253905,0.07613754468905931,0.04362298667460918,single_design_dataset
182,5.752,4.883,0.8689999999999998,up,400,0.05,20,20.174,3.1000000000000005,0.009165151389911487,4.440892098500626e-16,0.09999999999999787,0.0,True,5.700110093659903,3.06547972357887,0.05188990634009638,0.034520276421130536,single_design_dataset
184,4.278,3.005,1.2729999999999997,up,400,0.05,20,12.860000000000003,2.2199999999999998,3.552713678800501e-15,4.440892098500626e-16,0.0,0.0,True,4.283528576714859,2.2231439533435706,0.005528576714859845,0.003143953343570871,single_design_dataset
186,5.748,3.262,2.486,up,400,0.05,20,20.002999999999997,3.1000000000000005,0.009539392014169253,4.440892098500626e-16,0.19999999999999574,0.0,True,5.679716785281964,3.054160579525274,0.06828321471803633,0.045839420474726555,single_design_dataset
187,6.379,5.748,0.6309999999999993,up,400,0.05,20,23.544999999999998,3.4799999999999995,0.008660254037844203,4.440892098500626e-16,0.09999999999999787,0.0,True,6.311883199158162,3.432616088667319,0.06711680084183769,0.047383911332680384,single_design_dataset
189,6.511,5.93,0.5810000000000004,up,400,0.05,20,24.56,3.56,0.0,0.0,0.0,0.0,True,6.537915310896322,3.572926519724225,0.02691531089632182,0.012926519724224761,single_design_dataset
191,6.225,4.701,1.524,up,400,0.05,20,23.267999999999994,3.38,0.009797958971132503,0.0,0.09999999999999787,0.0,True,6.265298961607041,3.4044460477911143,0.04029896160704105,0.024446047791114367,single_design_dataset
195,4.87,3.35,1.52,up,400,0.05,20,16.199999999999996,2.5600000000000005,3.552713678800501e-15,4.440892098500626e-16,0.0,0.0,True,4.961932294259262,2.6275413732071877,0.09193229425926219,0.06754137320718723,single_design_dataset
197,3.306,2.487,0.819,up,400,0.05,20,9.06,1.6200000000000003,0.0,2.220446049250313e-16,0.0,0.0,True,3.400338334109959,1.678106195629684,0.09433833410995884,0.05810619562968378,single_design_dataset
198,5.232,3.306,1.9260000000000002,up,400,0.05,20,17.557,2.7800000000000002,0.007141428428542699,4.440892098500626e-16,0.09999999999999787,0.0,True,5.201013257522681,2.7649065428764237,0.03098674247731914,0.01509345712357657,single_design_dataset
201,2.054,1.221,0.8329999999999997,up,400,0.05,20,4.659999999999999,0.8800000000000001,8.881784197001252e-16,1.1102230246251565e-16,0.0,0.0,True,2.0196379996835905,0.8485208122098646,0.03436200031640935,0.03147918779013548,single_design_dataset
202,3.953,2.054,1.899,up,400,0.05,20,10.997,2.0200000000000005,0.007141428428542699,4.440892098500626e-16,0.09999999999999787,0.0,True,3.9374120162847857,2.004936702967218,0.015587983715214193,0.015063297032782419,single_design_dataset
205,3.409,2.056,1.3529999999999998,up,400,0.05,20,8.72,1.6800000000000002,0.0,2.220446049250313e-16,0.0,0.0,True,3.351982241030705,1.6482549410262628,0.05701775896929462,0.03174505897373736,single_design_dataset
207,6.479,3.011,3.468,up,400,0.05,20,23.589000000000006,3.5400000000000005,0.011789826122553004,4.440892098500626e-16,0.2000000000000135,0.0,True,6.319700400459204,3.4376437705180307,0.15929959954079642,0.10235622948196976,single_design_dataset
209,5.043,3.911,1.1320000000000001,up,400,0.05,20,16.694999999999997,2.68,0.008660254037844203,0.0,0.09999999999999787,0.0,True,5.0424209981898604,2.6764988889658468,0.000579001810139701,0.0035011110341534035,single_design_dataset
211,5.458,2.68,2.778,up,400,0.05,20,18.535000000000004,2.9200000000000004,0.008660254037844203,4.440892098500626e-16,0.09999999999999787,0.0,True,5.350645125520083,2.8565967674749393,0.10735487447991687,0.06340323252506108,single_design_dataset
213,6.083,3.392,2.6910000000000003,up,400,0.05,20,21.872999999999998,3.2999999999999994,0.009539392014169255,4.440892098500626e-16,0.09999999999999787,0.0,True,6.058242749484873,3.283641270632241,0.024757250515127005,0.016358729367758507,single_design_dataset
217,3.666,2.191,1.475,up,400,0.05,20,10.080000000000002,1.8400000000000005,1.7763568394002505e-15,4.440892098500626e-16,0.0,0.0,True,3.689396865548233,1.8581602866634686,0.02339686554823306,0.018160286663468028,single_design_dataset
218,4.37,3.666,0.7040000000000002,up,400,0.05,20,13.080000000000002,2.2599999999999993,1.7763568394002505e-15,4.440892098500626e-16,0.0,0.0,True,4.392435884108953,2.287129287640677,0.02243588410895292,0.027129287640677457,single_design_dataset
219,6.832,4.37,2.4619999999999997,up,400,0.05,20,25.596000000000004,3.7399999999999998,0.010198039027186745,4.440892098500626e-16,0.2000000000000135,0.0,True,6.711453957674991,3.678934419075073,0.12054604232500843,0.06106558092492698,single_design_dataset
221,5.537,4.033,1.5039999999999996,up,400,0.05,20,19.441,2.96,0.004358898943540581,0.0,0.09999999999999787,0.0,True,5.554301252225376,2.9780248536366183,0.017301252225376373,0.01802485363661832,single_design_dataset
224,4.167,3.002,1.165,up,400,0.05,20,12.599999999999998,2.14,1.7763568394002505e-15,0.0,0.0,0.0,True,4.172175999329097,2.155202134894104,0.005175999329097181,0.015202134894103825,single_design_dataset
226,2.766,2.027,0.7389999999999999,up,400,0.05,20,6.959999999999999,1.3000000000000003,8.881784197001252e-16,2.220446049250313e-16,0.0,0.0,True,2.8883952204295715,1.3718742415929968,0.12239522042957152,0.07187424159299649,single_design_dataset
227,3.729,2.766,0.9630000000000001,up,400,0.05,20,10.22,1.8800000000000001,0.0,2.220446049250313e-16,0.0,0.0,True,3.7323347550584374,1.8828449903621371,0.0033347550584372776,0.0028449903621370343,single_design_dataset
229,3.687,1.839,1.8479999999999999,up,400,0.05,20,9.879999999999999,1.86,1.7763568394002505e-15,0.0,0.0,0.0,True,3.627575722196212,1.8225299327015279,0.059424277803787895,0.03747006729847224,single_design_dataset
230,4.864,3.687,1.177,up,400,0.05,20,15.202000000000002,2.5600000000000005,0.006000000000000405,4.440892098500626e-16,0.10000000000000675,0.0,True,4.7591924054370365,2.506909915755947,0.1048075945629634,0.05309008424405359,single_design_dataset
233,3.586,1.488,2.098,up,400,0.05,20,9.419999999999998,1.7999999999999996,1.7763568394002505e-15,4.440892098500626e-16,0.0,0.0,True,3.4681742957390833,1.723805575577219,0.11782570426091654,0.07619442442278057,single_design_dataset
234,4.577,3.586,0.9910000000000001,up,400,0.05,20,13.737,2.3999999999999995,0.007141428428542699,4.440892098500626e-16,0.09999999999999787,0.0,True,4.562460411747375,2.387437618081144,0.014539588252625357,0.012562381918855614,single_design_dataset
235,6.065,4.577,1.4880000000000004,up,400,0.05,20,21.585,3.28,0.013964240043770169,0.0,0.2000000000000135,0.0,True,5.990706834164439,3.2399682524317726,0.07429316583556123,0.04003174756822725,single_design_dataset
237,4.521,3.758,0.7629999999999999,up,400,0.05,20,14.180000000000001,2.36,1.7763568394002505e-15,0.0,0.0,0.0,True,4.587097318201896,2.402023848849521,0.06609731820189602,0.04202384884952126,single_design_dataset
239,2.668,1.094,1.574,up,400,0.05,20,6.260000000000001,1.2399999999999998,8.881784197001252e-16,2.220446049250313e-16,0.0,0.0,True,2.637106577658719,1.2267172842160685,0.03089342234128134,0.013282715783931254,single_design_dataset
241,3.866,1.722,2.144,up,400,0.05,20,10.360000000000003,1.9600000000000002,3.552713678800501e-15,2.220446049250313e-16,0.0,0.0,True,3.773956487091946,1.9073425368503143,0.09204351290805413,0.05265746314968589,single_design_dataset
242,7.121,3.866,3.2550000000000003,up,400,0.05,20,26.724,3.9200000000000004,0.013564659966250248,4.440892098500626e-16,0.19999999999999574,0.0,True,6.992675724472824,3.8455544998872444,0.1283242755271763,0.07444550011275597,single_design_dataset
244,5.738,5.146,0.5920000000000005,up,400,0.05,20,20.839999999999996,3.0949999999999998,3.552713678800501e-15,0.008660254037844393,0.0,0.10000000000000009,True,5.8045748746428485,3.1269794294258437,0.06657487464284806,0.031979429425843975,single_design_dataset
246,4.02,3.24,0.7799999999999994,up,400,0.05,20,12.0,2.0600000000000005,0.0,4.440892098500626e-16,0.0,0.0,True,4.019234530324832,2.0568793579868307,0.0007654696751675516,0.00312064201316975,single_design_dataset
248,3.869,2.722,1.1470000000000002,up,400,0.05,20,11.020000000000001,1.9600000000000002,1.7763568394002505e-15,2.220446049250313e-16,0.0,0.0,True,3.941379880384886,2.007300503870429,0.07237988038488563,0.04730050387042861,single_design_dataset
249,5.813,3.869,1.9439999999999995,up,400,0.05,20,20.406000000000002,3.14,0.009165151389913114,0.0,0.10000000000001563,0.0,True,5.720865242367721,3.07557428478064,0.09213475763227841,0.06442571521936014,single_design_dataset
251,5.305,4.76,0.5449999999999999,up,400,0.05,20,18.360000000000003,2.82,3.552713678800501e-15,0.0,0.0,0.0,True,5.328214275080525,2.839555717098305,0.02321427508052487,0.01955571709830517,single_design_dataset
253,6.02,4.299,1.7209999999999992,up,400,0.05,20,21.815,3.2599999999999993,0.008660254037844203,4.440892098500626e-16,0.09999999999999787,0.0,True,6.044700826974527,3.2746634380407134,0.024700826974527246,0.014663438040714016,single_design_dataset
256,2.93,1.853,1.0770000000000002,up,400,0.05,20,7.56,1.3999999999999997,0.0,2.220446049250313e-16,0.0,0.0,True,3.0404707673083013,1.466335026063848,0.11047076730830119,0.06633502606384822,single_design_dataset
257,3.378,2.93,0.44799999999999995,up,400,0.05,20,9.020000000000001,1.6779999999999997,1.7763568394002505e-15,0.0060000000000000045,0.0,0.0,True,3.3943107638382637,1.6741721159396863,0.016310763838263576,0.0038278840603134245,single_design_dataset
259,3.836,2.955,0.8809999999999998,up,400,0.05,20,10.681999999999999,1.9399999999999995,0.005999999999999873,4.440892098500626e-16,0.09999999999999787,0.0,True,3.8643906676862727,1.9617318662067955,0.028390667686272852,0.021731866206796013,single_design_dataset
261,4.677,2.859,1.8179999999999996,up,400,0.05,20,14.381,2.46,0.004358898943540581,0.0,0.0,0.0,True,4.6154875718025625,2.4187995826842195,0.061512428197437075,0.0412004173157805,single_design_dataset
263,6.464,3.083,3.3810000000000002,up,400,0.05,20,23.685999999999996,3.5200000000000005,0.014282856857085396,4.440892098500626e-16,0.19999999999999574,0.0,True,6.338676242909831,3.449981409065552,0.12532375709016907,0.07001859093444862,single_design_dataset
266,3.279,2.443,0.8359999999999999,up,400,0.05,20,8.837,1.6090000000000004,0.007141428428542698,0.00994987437106621,-0.09999999999999787,-0.10000000000000009,True,3.3678448620068004,1.657593587617065,0.08884486200680053,0.04859358761706467,single_design_dataset
267,6.119,3.279,2.84,up,400,0.05,20,22.009999999999998,3.3199999999999994,0.009999999999999787,4.440892098500626e-16,0.09999999999999787,0.0,True,6.088921645445601,3.30434853970511,0.03007835455439878,0.015651460294889397,single_design_dataset
268,6.684,6.119,0.5650000000000004,up,400,0.05,20,25.184999999999995,3.6599999999999993,0.008660254037844201,8.881784197001252e-16,0.09999999999999787,0.0,True,6.656297113165121,3.644876337575215,0.02770288683487898,0.015123662424784357,single_design_dataset
272,5.276,3.482,1.7939999999999996,up,400,0.05,20,18.240000000000002,2.7999999999999994,3.552713678800501e-15,4.440892098500626e-16,0.0,0.0,True,5.314544236334976,2.82897206157632,0.03854423633497639,0.028972061576320485,single_design_dataset
274,4.68,4.214,0.4659999999999993,up,400,0.05,20,15.540000000000003,2.46,3.552713678800501e-15,0.0,0.0,0.0,True,4.822693758757261,2.545868523104626,0.14269375875726098,0.0858685231046259,single_design_dataset
276,5.964,3.708,2.2560000000000002,up,400,0.05,20,21.597000000000005,3.22,0.007141428428543965,0.0,0.10000000000001563,0.0,True,5.993521387314655,3.241702083117551,0.029521387314654923,0.021702083117550952,single_design_dataset
277,7.177,5.964,1.2129999999999992,up,400,0.05,20,27.613,3.9599999999999986,0.009539392014169255,1.3322676295501878e-15,0.09999999999999787,0.0,True,7.105976030804659,3.9066512911209084,0.07102396919534026,0.05334870887909027,single_design_dataset
280,3.964,3.082,0.8820000000000001,up,400,0.05,20,12.240000000000002,2.0200000000000005,1.7763568394002505e-15,4.440892098500626e-16,0.0,0.0,True,4.065243802035821,2.085688249112436,0.10124380203582062,0.06568824911243576,single_design_dataset
281,5.461,3.964,1.4970000000000003,up,400,0.05,20,19.259999999999998,2.9200000000000004,3.552713678800501e-15,4.440892098500626e-16,0.0,0.0,True,5.5036743390320595,2.948338764478183,0.042674339032059194,0.028338764478182732,single_design_dataset
282,6.662,5.461,1.2009999999999996,up,400,0.05,20,25.438,3.6399999999999997,0.005999999999999872,4.440892098500626e-16,0.09999999999999787,0.0,True,6.692419126690374,3.667879316374023,0.030419126690373943,0.02787931637402341,single_design_dataset
285,4.098,2.766,1.3319999999999999,up,400,0.05,20,12.620000000000001,2.1000000000000005,1.7763568394002505e-15,4.440892098500626e-16,0.0,0.0,True,4.179515661471653,2.1598550497536873,0.08151566147165301,0.05985504975368672,single_design_dataset
286,4.992,4.098,0.8940000000000001,up,400,0.05,20,16.821999999999996,2.64,0.005999999999999873,0.0,0.09999999999999787,0.0,True,5.059335532095311,2.6867587775335564,0.06733553209531085,0.046758777533556284,single_design_dataset
290,3.49,2.208,1.282,up,400,0.05,20,9.620000000000001,1.7399999999999998,1.7763568394002505e-15,2.220446049250313e-16,0.0,0.0,True,3.534933320827155,1.7662555180750292,0.044933320827154954,0.02625551807502946,single_design_dataset
292,4.716,2.801,1.915,up,400,0.05,20,14.829999999999998,2.4799999999999995,0.009999999999999787,4.440892098500626e-16,0.09999999999999787,0.0,True,4.696885650773186,2.4678935621841536,0.019114349226813765,0.012106437815845972,single_design_dataset
294,4.376,1.357,3.019,up,400,0.05,20,13.053,2.2779999999999996,0.0095393920141701,0.006000000000000005,0.10000000000000675,0.0,True,4.380149950232511,2.2799294123480465,0.004149950232510413,0.0019294123480468883,single_design_dataset
295,5.301,4.376,0.9249999999999998,up,400,0.05,20,17.815,2.82,0.008660254037844203,0.0,0.09999999999999787,0.0,True,5.255924367370766,2.7934834454426207,0.045075632629234086,0.026516554557379113,single_design_dataset
296,6.369,5.301,1.0679999999999996,up,400,0.05,20,23.608,3.4599999999999995,0.009797958971132503,4.440892098500626e-16,0.09999999999999787,0.0,True,6.323417318052624,3.4400604213675448,0.04558268194737547,0.01993957863245477,single_design_dataset
301,2.524,1.057,1.467,up,400,0.05,20,5.86,1.16,0.0,0.0,0.0,0.0,True,2.496179342859574,1.139104092790288,0.02782065714042581,0.020895907209711906,single_design_dataset
302,3.222,2.524,0.698,up,400,0.05,20,8.123,1.5799999999999996,0.007141428428543333,4.440892098500626e-16,0.10000000000000675,0.0,True,3.201910052130388,1.5613375531550553,0.020089947869612157,0.018662446844944336,single_design_dataset
304,3.204,2.092,1.112,up,400,0.05,20,8.0,1.5599999999999998,0.0,2.220446049250313e-16,0.0,0.0,True,3.161594672739373,1.5376989771546064,0.04240532726062707,0.02230102284539348,single_design_dataset
307,3.159,1.346,1.8129999999999997,up,400,0.05,20,7.6800000000000015,1.5399999999999998,1.7763568394002505e-15,2.220446049250313e-16,0.0,0.0,True,3.0688972973921604,1.483160213443045,0.09010270260783937,0.05683978655695476,single_design_dataset
309,2.678,1.422,1.256,up,400,0.05,20,6.08,1.2399999999999998,0.0,2.220446049250313e-16,0.0,0.0,True,2.5727004607239854,1.1876816972681643,0.10529953927601454,0.052318302731835464,single_design_dataset
310,4.415,2.678,1.737,up,400,0.05,20,12.652,2.2919999999999994,0.009797958971132503,0.00979795897113272,0.09999999999999787,0.10000000000000009,True,4.191259120899741,2.1672997135290193,0.22374087910025864,0.12470028647098008,single_design_dataset
314,3.461,1.929,1.5319999999999998,up,400,0.05,20,8.856000000000003,1.72,0.00799999999999983,0.0,0.09999999999999787,0.0,True,3.370417637569016,1.6591289728509675,0.09058236243098383,0.060871027149032475,single_design_dataset
315,5.081,3.461,1.6200000000000006,up,400,0.05,20,16.089000000000006,2.7000000000000006,0.009949874371067756,4.440892098500626e-16,0.10000000000001563,0.0,True,4.93527042176997,2.611480413915373,0.1457295782300303,0.08851958608462773,single_design_dataset
318,3.539,1.1,2.439,up,400,0.05,20,9.070000000000004,1.7600000000000002,0.009999999999999787,2.220446049250313e-16,0.09999999999999787,0.0,True,3.4018452266778834,1.679089715552184,0.13715477332211679,0.08091028444781623,single_design_dataset
319,5.957,3.539,2.4179999999999997,up,400,0.05,20,20.749,3.22,0.009949874371067756,0.0,0.10000000000001563,0.0,True,5.78325217707654,3.113671678764252,0.1737478229234597,0.1063283212357482,single_design_dataset
321,5.369,4.438,0.931,up,400,0.05,20,18.297000000000004,2.86,0.007141428428542697,0.0,0.09999999999999787,0.0,True,5.320788683872469,2.833800520737582,0.0482113161275306,0.026199479262417835,single_design_dataset
322,6.426,5.369,1.0570000000000004,up,400,0.05,20,23.737000000000002,3.5,0.007141428428542697,0.0,0.09999999999999787,0.0,True,6.349063846682554,3.4566878360798836,0.07693615331744574,0.04331216392011639,single_design_dataset
324,6.371,5.053,1.3180000000000005,up,400,0.05,20,23.755,3.4799999999999995,0.008660254037845741,4.440892098500626e-16,0.10000000000001563,0.0,True,6.352796553008755,3.4590903758810043,0.018203446991245542,0.020909624118995218,single_design_dataset
326,6.12,5.712,0.40800000000000036,up,400,0.05,20,22.920000000000005,3.3199999999999994,3.552713678800501e-15,4.440892098500626e-16,0.0,0.0,True,6.21147892322848,3.3768561864120232,0.09147892322847984,0.056856186412023835,single_design_dataset
328,5.665,4.814,0.851,up,400,0.05,20,20.740000000000002,3.04,3.552713678800501e-15,0.0,0.0,0.0,True,5.781258391591202,3.1124071172170593,0.11625839159120233,0.07240711721705928,single_design_dataset
330,4.585,3.32,1.2650000000000001,up,400,0.05,20,14.959999999999999,2.3999999999999995,1.7763568394002505e-15,4.440892098500626e-16,0.0,0.0,True,4.717949099235414,2.4810893325882897,0.13294909923541365,0.08108933258829021,single_design_dataset
331,6.474,4.585,1.8890000000000002,up,400,0.05,20,24.327999999999996,3.530000000000001,0.009797958971132503,0.010000000000000009,0.09999999999999787,0.0,True,6.483076689971701,3.540360135323009,0.009076689971700524,0.010360135323007835,single_design_dataset
334,6.171,4.239,1.9320000000000004,up,400,0.05,20,22.955999999999996,3.3600000000000003,0.00799999999999983,4.440892098500626e-16,0.09999999999999787,0.0,True,6.216156573332152,3.3790707873332124,0.04515657333215195,0.019070787333212103,single_design_dataset
337,4.104,2.693,1.411,up,400,0.05,20,12.458000000000002,2.1199999999999997,0.006000000000000404,4.440892098500626e-16,0.10000000000000675,0.0,True,4.124151121377059,2.124092768000714,0.020151121377058878,0.00409276800071412,single_design_dataset
340,6.517,3.093,3.4240000000000004,up,400,0.05,20,24.264999999999997,3.56,0.013964240043769597,0.0,0.2000000000000135,0.0,True,6.46786838126065,3.531184006032674,0.04913161873935046,0.028815993967326037,single_design_dataset
345,2.69,1.128,1.562,up,400,0.05,20,6.540000000000001,1.2600000000000002,8.881784197001252e-16,2.220446049250313e-16,0.0,0.0,True,2.740448778169221,1.286052277627669,0.05044877816922089,0.02605227762766882,single_design_dataset
347,3.47,1.398,2.072,up,400,0.05,20,9.020000000000001,1.72,1.7763568394002505e-15,0.0,0.0,0.0,True,3.3943107638382637,1.6741721159396863,0.0756892361617365,0.045827884060313684,single_design_dataset
349,2.814,1.596,1.218,up,400,0.05,20,6.7,1.32,0.0,0.0,0.0,0.0,True,2.800956389789313,1.3210471986473975,0.013043610210687007,0.0010471986473974404,single_design_dataset
350,3.763,2.814,0.9489999999999998,up,400,0.05,20,10.091999999999999,1.8999999999999997,0.009797958971132503,2.220446049250313e-16,0.09999999999999787,0.0,True,3.693090247094287,1.8602779657278525,0.06990975290571289,0.039722034272147155,single_design_dataset
351,5.391,3.763,1.6280000000000001,up,400,0.05,20,17.995,2.8800000000000003,0.008660254037844203,4.440892098500626e-16,0.09999999999999787,0.0,True,5.284608126347431,2.8086756497751684,0.1063918736525693,0.07132435022483197,single_design_dataset
352,6.863,5.391,1.4720000000000004,up,400,0.05,20,25.920000000000005,3.7600000000000002,0.010954451150104062,4.440892098500626e-16,0.2000000000000135,0.0,True,6.757617144401766,3.70449224519376,0.10538285559823457,0.05550775480624015,single_design_dataset
354,6.202,5.013,1.189,up,400,0.05,20,23.196999999999996,3.38,0.007141428428542699,0.0,0.09999999999999787,0.0,True,6.253592774672481,3.3979941526123567,0.051592774672481134,0.017994152612356817,single_design_dataset
356,5.236,4.808,0.42799999999999994,up,400,0.05,20,18.759999999999998,2.7800000000000002,3.552713678800501e-15,4.440892098500626e-16,0.0,0.0,True,5.386184094316181,2.8817077685152763,0.15018409431618096,0.10170776851527608,single_design_dataset
359,2.632,2.148,0.484,up,400,0.05,20,6.8,1.2199999999999998,0.0,2.220446049250313e-16,0.0,0.0,True,2.8375538556802797,1.342268528542999,0.20555385568027962,0.12226852854299919,single_design_dataset
360,3.551,2.632,0.919,up,400,0.05,20,9.740000000000002,1.78,1.7763568394002505e-15,0.0,0.0,0.0,True,3.5800122559584273,1.7940855679372225,0.029012255958427158,0.014085567937222487,single_design_dataset
361,4.994,3.551,1.4429999999999996,up,400,0.05,20,16.308,2.64,0.009797958971132503,0.0,0.09999999999999787,0.0,True,4.984493817054788,2.641112520758658,0.009506182945211883,0.0011125207586579755,single_design_dataset
363,3.277,1.289,1.9880000000000002,up,400,0.05,20,8.498000000000001,1.6000000000000003,0.005999999999999872,2.220446049250313e-16,0.09999999999999787,0.0,True,3.3097741535607743,1.6238510729452258,0.03277415356077418,0.023851072945225482,single_design_dataset
366,3.166,1.878,1.288,up,400,0.05,20,7.925999999999999,1.5399999999999998,0.009165151389911893,2.220446049250313e-16,0.10000000000000231,0.0,True,3.137913660872529,1.5237715713374258,0.02808633912747105,0.016228428662574013,single_design_dataset
367,4.543,3.166,1.3770000000000002,up,400,0.05,20,13.623999999999999,2.371,0.00800000000000054,0.009949874371066208,0.10000000000000675,0.0,True,4.555248806167354,2.3829916586152318,0.012248806167353798,0.01199165861523177,single_design_dataset
368,5.68,4.543,1.1369999999999996,up,400,0.05,20,19.680999999999997,3.0600000000000005,0.011789826122551344,4.440892098500626e-16,0.19999999999999574,0.0,True,5.618626876428689,3.016936424640322,0.06137312357131108,0.04306357535967864,single_design_dataset
372,2.506,1.348,1.1579999999999997,up,400,0.05,20,5.8199999999999985,1.1400000000000001,1.7763568394002505e-15,2.220446049250313e-16,0.0,0.0,True,2.4819728130962746,1.1300675144656063,0.024027186903725184,0.009932485534393853,single_design_dataset
373,4.019,2.506,1.5130000000000003,up,400,0.05,20,11.185999999999996,2.0600000000000005,0.009165151389911483,4.440892098500626e-16,0.09999999999999787,0.0,True,3.9626579526389953,2.0207539866743844,0.05634204736100479,0.03924601332561606,single_design_dataset
374,6.183,4.019,2.1639999999999997,up,400,0.05,20,22.221,3.3600000000000003,0.013379088160259367,4.440892098500626e-16,0.19999999999999574,0.0,True,6.1286446817804485,3.331391104795422,0.05435531821955131,0.02860889520457821,single_design_dataset
376,5.208,4.186,1.0220000000000002,up,400,0.05,20,17.711000000000006,2.775,0.009949874371065988,0.008660254037844393,0.09999999999999787,0.0,True,5.235474751827757,2.7829688334705143,0.02747475182775716,0.007968833470514358,single_design_dataset
378,2.478,1.199,1.2790000000000001,up,400,0.05,20,5.840000000000001,1.1200000000000003,8.881784197001252e-16,2.220446049250313e-16,0.0,0.0,True,2.489076077977925,1.1345858036279473,0.011076077977924648,0.014585803627946925,single_design_dataset
379,2.843,2.478,0.36499999999999977,up,400,0.05,20,6.900000000000001,1.34,8.881784197001252e-16,0.0,0.0,0.0,True,2.8707274593297654,1.3614340289211326,0.02772745932976539,0.021434028921132553,single_design_dataset
380,5.022,2.843,2.1790000000000003,up,400,0.05,20,16.059999999999995,2.6599999999999993,0.010954451150103088,8.881784197001252e-16,0.19999999999999574,0.0,True,4.928698822877149,2.6075825704004614,0.09330117712285091,0.05241742959953788,single_design_dataset
384,2.499,0.961,1.5380000000000003,up,400,0.05,20,5.659999999999999,1.1400000000000001,8.881784197001252e-16,2.220446049250313e-16,0.0,0.0,True,2.4235666683560644,1.0931053683682472,0.07543333164393573,0.04689463163175289,single_design_dataset
386,2.806,1.097,1.709,up,400,0.05,20,6.42,1.32,0.0,0.0,0.0,0.0,True,2.695785325612214,1.2604932091999852,0.1102146743877861,0.059506790800014864,single_design_dataset
387,3.869,2.806,1.0630000000000002,up,400,0.05,20,10.299000000000003,1.9600000000000002,0.004358898943540968,2.220446049250313e-16,0.10000000000000675,0.0,True,3.75598838926515,1.8966923653780916,0.11301161073485,0.06330763462190858,single_design_dataset
389,3.739,3.128,0.6109999999999998,up,400,0.05,20,10.0,1.8800000000000001,0.0,2.220446049250313e-16,0.0,0.0,True,3.6650904837690974,1.844271164899244,0.07390951623090247,0.035728835100756084,single_design_dataset
390,5.037,3.739,1.298,up,400,0.05,20,15.964000000000004,2.6599999999999993,0.00799999999999983,8.881784197001252e-16,0.09999999999999787,0.0,True,4.9070309571650474,2.594744745465656,0.12996904283495248,0.06525525453434344,single_design_dataset
392,5.359,1.769,3.59,up,400,0.05,20,17.615000000000002,2.86,0.01072380529476338,0.0,0.19999999999999574,0.0,True,5.2143902491057625,2.7719471877284785,0.14460975089423744,0.0880528122715214,single_design_dataset
393,7.144,5.359,1.7850000000000001,up,400,0.05,20,27.101,3.938999999999999,0.014798648586949686,0.004358898943540677,0.2000000000000135,0.10000000000000009,True,7.059580775577821,3.8844437085133627,0.08441922442217908,0.05455629148663643,single_design_dataset
398,1.852,1.04,0.812,up,400,0.05,20,4.14,0.74,0.0,0.0,0.0,0.0,True,1.749543545961112,0.7062551927783566,0.10245645403888815,0.033744807221643414,single_design_dataset
399,2.19,1.852,0.33799999999999986,up,400,0.05,20,4.879999999999999,0.9600000000000002,8.881784197001252e-16,2.220446049250313e-16,0.0,0.0,True,2.0994920217066584,0.8966943107601575,0.09050797829334156,0.0633056892398427,single_design_dataset
401,4.019,1.524,2.495,up,400,0.05,20,11.019000000000002,2.0600000000000005,0.0043588989435405815,4.440892098500626e-16,0.09999999999999787,0.0,True,3.941207364554447,2.0071977299181154,0.07779263544555315,0.052802270081885094,single_design_dataset
403,3.666,2.64,1.0259999999999998,up,400,0.05,20,9.749999999999998,1.8400000000000005,0.009999999999999787,4.440892098500626e-16,0.09999999999999787,0.0,True,3.5835187371242485,1.796204605301576,0.08248126287575142,0.04379539469842442,single_design_dataset
406,2.9,1.232,1.668,up,400,0.05,20,6.779999999999999,1.3799999999999997,8.881784197001252e-16,2.220446049250313e-16,0.0,0.0,True,2.8308195553328797,1.3383882707664985,0.06918044466712026,0.041611729233501205,single_design_dataset
408,6.015,2.442,3.5729999999999995,up,400,0.05,20,21.012999999999998,3.2599999999999993,0.013076696830621742,4.440892098500626e-16,0.19999999999999574,0.0,True,5.8473289345793,3.153273107373138,0.16767106542069943,0.10672689262686141,single_design_dataset
410,5.182,4.508,0.6740000000000004,up,400,0.05,20,17.447999999999997,2.7599999999999993,0.009797958971132503,4.440892098500626e-16,0.09999999999999787,0.0,True,5.17321632277488,2.7500860676080467,0.008783677225120634,0.009913932391952596,single_design_dataset
411,6.529,5.182,1.3469999999999995,up,400,0.05,20,24.299,3.56,0.007681145747868445,0.0,0.19999999999999574,0.0,True,6.4760565340831135,3.536141198104263,0.05294346591688637,0.02385880189573708,single_design_dataset
413,6.523,5.722,0.8009999999999993,up,400,0.05,20,24.698999999999995,3.56,0.0043588989435405815,0.0,0.09999999999999787,0.0,True,6.567976535122379,3.5906916919508625,0.044976535122379424,0.03069169195086241,single_design_dataset
415,6.681,5.664,1.0170000000000003,up,400,0.05,20,25.611,3.6599999999999993,0.009949874371065988,8.881784197001252e-16,0.09999999999999787,0.0,True,6.713173966078047,3.6798992298329813,0.03217396607804712,0.01989922983298209,single_design_dataset
418,6.788,5.194,1.5940000000000003,up,400,0.05,20,26.226,3.72,0.009165151389911485,0.0,0.09999999999999787,0.0,True,6.833501832357085,3.7476893683063497,0.04550183235708438,0.027689368306349493,single_design_dataset
420,7.029,6.386,0.6429999999999998,up,400,0.05,20,27.52,3.8600000000000003,0.0,4.440892098500626e-16,0.0,0.0,True,7.094234152567449,3.900359261435241,0.06523415256744869,0.0403592614352406,single_design_dataset
422,6.781,6.245,0.5359999999999996,up,400,0.05,20,26.755000000000003,3.72,0.008660254037845741,0.0,0.10000000000001563,0.0,True,7.000095434840902,3.8500897921214894,0.21909543484090221,0.1300897921214892,single_design_dataset
425,3.124,2.299,0.8250000000000002,up,400,0.05,20,8.800000000000002,1.52,1.7763568394002505e-15,0.0,0.0,0.0,True,3.3629205858349356,1.6546896340912116,0.23892058583493547,0.1346896340912116,single_design_dataset
427,3.653,2.532,1.121,up,400,0.05,20,10.419999999999998,1.8400000000000005,1.7763568394002505e-15,4.440892098500626e-16,0.0,0.0,True,3.7914191503085735,1.917788128894397,0.13841915030857344,0.07778812889439646,single_design_dataset
428,5.793,3.653,2.14,up,400,0.05,20,20.882999999999992,3.1199999999999997,0.009539392014169253,4.440892098500626e-16,0.19999999999999574,0.0,True,5.814752027457434,3.133313261228845,0.021752027457433876,0.013313261228845352,single_design_dataset
429,6.363,5.793,0.5700000000000003,up,400,0.05,20,24.112000000000002,3.4599999999999995,0.009797958971132503,4.440892098500626e-16,0.09999999999999787,0.0,True,6.431626758539528,3.5090223463755295,0.06862675853952727,0.049022346375529935,single_design_dataset
431,4.976,2.751,2.225,up,400,0.05,20,16.865,2.6199999999999997,0.008660254037844203,4.440892098500626e-16,0.09999999999999787,0.0,True,5.064925748093384,2.6900597078399495,0.08892574809338427,0.07005970783994986,single_design_dataset
433,4.377,3.489,0.8879999999999999,up,400,0.05,20,13.959999999999999,2.2800000000000002,1.7763568394002505e-15,4.440892098500626e-16,0.0,0.0,True,4.567840507770277,2.390767530733256,0.19084050777027706,0.11076753073325563,single_design_dataset
434,4.869,4.377,0.492,up,400,0.05,20,16.300000000000004,2.5600000000000005,3.552713678800501e-15,4.440892098500626e-16,0.0,0.0,True,4.982865499895012,2.6401334468145268,0.11386549989501216,0.08013344681452628,single_design_dataset
435,6.096,4.869,1.2270000000000003,up,400,0.05,20,22.651000000000003,3.2999999999999994,0.009949874371065986,4.440892098500626e-16,0.09999999999999787,0.0,True,6.180902277890359,3.362919482196531,0.0849022778903592,0.06291948219653154,single_design_dataset
437,6.359,5.382,0.9770000000000003,up,400,0.05,20,24.211000000000006,3.4599999999999995,0.009949874371065988,4.440892098500626e-16,0.09999999999999787,0.0,True,6.4548636679543865,3.5233108186248585,0.0958636679543865,0.06331081862485899,single_design_dataset
440,2.17,1.328,0.8419999999999999,up,400,0.05,20,5.379999999999999,0.9400000000000001,8.881784197001252e-16,1.1102230246251565e-16,0.0,0.0,True,2.31303088450287,1.0241383969696385,0.14303088450287005,0.08413839696963843,single_design_dataset
441,5.983,2.17,3.8129999999999997,up,400,0.05,20,21.831999999999994,3.2400000000000007,0.009797958971132503,4.440892098500626e-16,0.09999999999999787,0.0,True,6.048694072544947,3.2772999988650344,0.06569407254494752,0.03729999886503377,single_design_dataset
443,5.699,4.644,1.0549999999999997,up,400,0.05,20,20.802,3.0600000000000005,0.005999999999999873,4.440892098500626e-16,0.09999999999999787,0.0,True,5.7956269235223825,3.1214026317066783,0.09662692352238267,0.06140263170667781,single_design_dataset
444,6.785,5.699,1.0860000000000003,up,400,0.05,20,26.225,3.72,0.008660254037844201,0.0,0.09999999999999787,0.0,True,6.83318450360918,3.747500105549796,0.04818450360918014,0.027500105549795872,single_design_dataset
446,6.727,5.429,1.298,up,400,0.05,20,26.183,3.680000000000001,0.007141428428542699,8.881784197001252e-16,0.09999999999999787,0.0,True,6.81985669619715,3.7395510697745307,0.09285669619714998,0.05955106977452962,single_design_dataset
452,2.038,1.222,0.8159999999999998,up,400,0.05,20,4.739999999999999,0.86,8.881784197001252e-16,0.0,0.0,0.0,True,2.047384811359266,0.8653419985999173,0.009384811359266276,0.0053419985999173525,single_design_dataset
454,3.485,1.273,2.2119999999999997,up,400,0.05,20,9.180000000000001,1.72,1.7763568394002505e-15,0.0,0.0,0.0,True,3.418992537584872,1.6906658021882865,0.0660074624151279,0.029334197811713425,single_design_dataset
455,3.975,3.485,0.4900000000000002,up,400,0.05,20,11.34,2.0200000000000005,0.0,4.440892098500626e-16,0.0,0.0,True,3.971185633983471,2.0266723491193943,0.0038143660165292914,0.00667234911939385,single_design_dataset
456,6.43,3.975,2.4549999999999996,up,400,0.05,20,23.989,3.5,0.009949874371065986,0.0,0.09999999999999787,0.0,True,6.403531320369279,3.4914565469565666,0.02646867963072097,0.008543453043433402,single_design_dataset
457,6.946,6.43,0.516,up,400,0.05,20,26.872999999999998,3.819999999999999,0.009539392014169255,8.881784197001252e-16,0.09999999999999787,0.0,True,7.0255792498811225,3.8654304205088916,0.07957924988112275,0.04543042050889268,single_design_dataset
459,4.764,4.178,0.5860000000000003,up,400,0.05,20,16.420000000000005,2.5,3.552713678800501e-15,0.0,0.0,0.0,True,5.00432502600431,2.6530912657180847,0.24032502600431016,0.15309126571808473,single_design_dataset
462,1.656,1.303,0.353,up,400,0.05,20,3.819999999999999,0.6370000000000001,8.881784197001252e-16,0.007141428428542855,0.0,0.0,True,1.0266854900019053,0.40849108302723136,0.6293145099980946,0.22850891697276876,single_design_dataset
463,3.77,1.656,2.114,up,400,0.05,20,10.373,1.8999999999999997,0.009539392014170102,2.220446049250313e-16,0.10000000000000675,0.0,True,3.7777400641222143,1.9096057484598652,0.007740064122214285,0.009605748459865504,single_design_dataset
466,3.118,2.026,1.092,up,400,0.05,20,7.919999999999997,1.52,2.6645352591003757e-15,0.0,0.0,0.0,True,3.1359993145857126,1.5226453571688252,0.01799931458571269,0.002645357168825191,single_design_dataset
468,4.642,1.423,3.2190000000000003,up,400,0.05,20,14.127999999999997,2.4399999999999995,0.009797958971133372,4.440892098500626e-16,0.10000000000000675,0.0,True,4.580818011102151,2.3983241495473004,0.061181988897849315,0.04167585045269906,single_design_dataset
470,2.071,1.53,0.5410000000000001,up,400,0.05,20,4.72,0.8800000000000001,0.0,1.1102230246251565e-16,0.0,0.0,True,2.0402968101766277,0.8610552309243571,0.0307031898233725,0.01894476907564302,single_design_dataset
471,6.291,2.071,4.220000000000001,up,400,0.05,20,22.819999999999997,3.4200000000000004,0.015491933384829338,4.440892098500626e-16,0.19999999999999574,0.0,True,6.1989439253880025,3.3710017040686027,0.09205607461199783,0.048998295931397706,single_design_dataset
473,6.888,5.09,1.798,up,400,0.05,20,26.349,3.78,0.009949874371065986,0.0,0.09999999999999787,0.0,True,6.876701372018087,3.773960704593024,0.011298627981912723,0.0060392954069756755,single_design_dataset
475,6.992,5.744,1.2480000000000002,up,400,0.05,20,27.179999999999996,3.8400000000000007,3.552713678800501e-15,8.881784197001252e-16,0.0,0.0,True,7.066088382079592,3.887413331242778,0.07408838207959167,0.04741333124277736,single_design_dataset
477,7.012,4.727,2.2849999999999993,up,400,0.05,20,27.339999999999996,3.8600000000000003,3.552713678800501e-15,4.440892098500626e-16,0.0,0.0,True,7.076677092854221,3.8916955105545523,0.06467709285422174,0.031695510554552,single_design_dataset
479,7.17,6.1,1.0700000000000003,up,400,0.05,20,28.243000000000002,3.944,0.007141428428543966,0.008000000000000007,0.10000000000001563,-0.10000000000000009,True,7.137199705141592,3.9241438132779374,0.03280029485840785,0.019856186722062574,single_design_dataset
483,3.773,2.61,1.1630000000000003,up,400,0.05,20,11.360000000000003,1.8999999999999997,3.552713678800501e-15,2.220446049250313e-16,0.0,0.0,True,3.9719344947935946,2.0271379523856363,0.19893449479359449,0.12713795238563663,single_design_dataset
485,4.081,2.244,1.8370000000000002,up,400,0.05,20,12.313999999999998,2.1000000000000005,0.009165151389911485,4.440892098500626e-16,0.09999999999999787,0.0,True,4.083204014747055,2.0972481993845626,0.0022040147470550053,0.0027518006154378938,single_design_dataset
486,6.484,4.081,2.4029999999999996,up,400,0.05,20,24.610000000000003,3.5400000000000005,0.009999999999999787,4.440892098500626e-16,0.09999999999999787,0.0,True,6.548803830974231,3.5793635284630287,0.06480383097423115,0.03936352846302826,single_design_dataset
488,2.959,1.828,1.131,up,400,0.05,20,7.840000000000001,1.4200000000000004,8.881784197001252e-16,4.440892098500626e-16,0.0,0.0,True,3.111580469119174,1.5082786597356748,0.1525804691191741,0.08827865973567439,single_design_dataset
489,4.144,2.959,1.185,up,400,0.05,20,12.468999999999998,2.14,0.009949874371065986,0.0,0.09999999999999787,0.0,True,4.127594356017518,2.1263720799634434,0.016405643982482232,0.013627920036556773,single_design_dataset
491,4.742,3.342,1.4,up,400,0.05,20,15.322999999999997,2.4799999999999995,0.007141428428542699,4.440892098500626e-16,0.09999999999999787,0.0,True,4.781476943310813,2.520786325174019,0.039476943310813084,0.04078632517401948,single_design_dataset
493,5.635,3.773,1.8619999999999997,up,400,0.05,20,20.065999999999995,3.0200000000000005,0.009165151389911483,4.440892098500626e-16,0.09999999999999787,0.0,True,5.687995444204354,3.0588815262901012,0.052995444204354314,0.038881526290100776,single_design_dataset
494,6.643,5.635,1.008,up,400,0.05,20,25.476000000000006,3.6399999999999997,0.007999999999999828,4.440892098500626e-16,0.09999999999999787,0.0,True,6.697108591412929,3.6706465708400366,0.05410859141292956,0.03064657084003697,single_design_dataset
496,4.832,2.833,1.9989999999999997,up,400,0.05,20,16.199999999999996,2.54,3.552713678800501e-15,0.0,0.0,0.0,True,4.961932294259262,2.6275413732071877,0.12993229425926245,0.08754137320718769,single_design_dataset
498,3.272,2.48,0.7919999999999998,up,400,0.05,20,9.161999999999999,1.6000000000000003,0.005999999999999872,2.220446049250313e-16,0.0,0.0,True,3.4161556955661285,1.6887305590063966,0.14415569556612873,0.08873055900639626,single_design_dataset
500,2.309,0.994,1.3150000000000002,up,400,0.05,20,5.42,1.02,0.0,0.0,0.0,0.0,True,2.3296855970507973,1.0343136693400687,0.02068559705079709,0.014313669340068724,single_design_dataset
501,6.624,2.309,4.3149999999999995,up,400,0.05,20,24.883999999999993,3.62,0.014966629547095446,0.0,0.19999999999999574,0.0,True,6.604844026376657,3.612551047283791,0.019155973623342426,0.007448952716209156,single_design_dataset
506,2.732,1.866,0.8660000000000001,up,400,0.05,20,6.899000000000001,1.2800000000000002,0.004358898943540774,2.220446049250313e-16,0.0,0.0,True,2.8704329966447686,1.3612600253766016,0.13843299664476838,0.08126002537660137,single_design_dataset
507,3.377,2.732,0.6449999999999996,up,400,0.05,20,9.020000000000001,1.6599999999999997,1.7763568394002505e-15,2.220446049250313e-16,0.0,0.0,True,3.3943107638382637,1.6741721159396863,0.01731076383826391,0.014172115939686591,single_design_dataset
508,4.639,3.377,1.2620000000000005,up,400,0.05,20,14.51,2.4399999999999995,0.009999999999999787,4.440892098500626e-16,0.09999999999999787,0.0,True,4.638868690745185,2.432675323465018,0.00013130925481519284,0.007324676534981478,single_design_dataset
510,6.295,3.067,3.2279999999999998,up,400,0.05,20,23.221,3.4200000000000004,0.011789826122551346,4.440892098500626e-16,0.19999999999999574,0.0,True,6.257536290577113,3.400101966670466,0.03746370942288735,0.019898033329534215,single_design_dataset
512,5.545,3.121,2.424,up,400,0.05,20,19.558,2.9799999999999995,0.008717797887081161,4.440892098500626e-16,0.19999999999999574,0.0,True,5.5875046495679515,2.9980049388029855,0.042504649567951525,0.018004938802985926,single_design_dataset
514,4.421,3.217,1.2040000000000002,up,400,0.05,20,13.998000000000001,2.2999999999999994,0.005999999999999872,4.440892098500626e-16,0.09999999999999787,0.0,True,4.56963792924703,2.391823323186771,0.14863792924702945,0.09182332318677178,single_design_dataset
517,3.664,0.956,2.708,up,400,0.05,20,9.961000000000002,1.8400000000000005,0.004358898943540581,4.440892098500626e-16,0.09999999999999787,0.0,True,3.653242756596258,1.837501400175068,0.010757243403741956,0.0024985998249325014,single_design_dataset
518,5.312,3.664,1.6480000000000001,up,400,0.05,20,17.945999999999998,2.8400000000000007,0.009165151389911483,8.881784197001252e-16,0.09999999999999787,0.0,True,5.277614235500387,2.8046043001414915,0.03438576449961328,0.03539569985850921,single_design_dataset
520,5.274,3.85,1.424,up,400,0.05,20,18.002,2.7999999999999994,0.005999999999999873,4.440892098500626e-16,0.09999999999999787,0.0,True,5.2856072536112935,2.8092572711514077,0.011607253611293444,0.009257271151408286,single_design_dataset
522,5.734,3.974,1.7599999999999998,up,400,0.05,20,20.494,3.0799999999999996,0.009165151389911487,4.440892098500626e-16,0.09999999999999787,0.0,True,5.732574765015518,3.082151930514618,0.0014252349844818823,0.002151930514618261,single_design_dataset
525,4.131,3.044,1.0870000000000002,up,400,0.05,20,12.773,2.1199999999999997,0.009539392014169253,4.440892098500626e-16,0.09999999999999787,0.0,True,4.242195741798654,2.1985047919843232,0.11119574179865399,0.07850479198432359,single_design_dataset
527,4.708,2.982,1.726,up,400,0.05,20,15.196999999999997,2.4679999999999995,0.007141428428542699,0.009797958971132722,0.09999999999999787,0.0,True,4.75830608211329,2.506356575996379,0.05030608211328946,0.038356575996379316,single_design_dataset
529,4.001,3.028,0.9730000000000003,up,400,0.05,20,12.039999999999997,2.04,1.7763568394002505e-15,0.0,0.0,0.0,True,4.025112076193131,2.0605310581172986,0.024112076193130605,0.020531058117298606,single_design_dataset
531,3.547,1.786,1.7610000000000001,up,400,0.05,20,9.800000000000002,1.78,1.7763568394002505e-15,0.0,0.0,0.0,True,3.601051142953361,1.8067997921233492,0.054051142953361,0.026799792123349153,single_design_dataset
533,3.602,1.907,1.6949999999999998,up,400,0.05,20,9.875,1.7999999999999996,0.008660254037844971,4.440892098500626e-16,0.10000000000000675,0.0,True,3.62598742611925,1.8216024065890863,0.023987426119250088,0.021602406589086742,single_design_dataset
535,3.291,1.655,1.636,up,400,0.05,20,8.577000000000002,1.6200000000000003,0.007141428428542697,2.220446049250313e-16,0.09999999999999787,0.0,True,3.3268790844387697,1.6337270261663213,0.03587908443876975,0.013727026166320933,single_design_dataset
538,5.628,1.115,4.513,up,400,0.05,20,19.214000000000006,3.0200000000000005,0.012806248474865424,4.440892098500626e-16,0.19999999999999574,0.0,True,5.491397130924296,2.941348281827038,0.13660286907570374,0.07865171817296268,single_design_dataset
542,2.215,1.3,0.9149999999999998,up,400,0.05,20,5.040000000000001,0.9600000000000002,8.881784197001252e-16,2.220446049250313e-16,0.0,0.0,True,2.164974011304295,0.9357274667079568,0.05002598869570507,0.024272533292043375,single_design_dataset
543,2.592,2.215,0.3770000000000002,up,400,0.05,20,6.0600000000000005,1.1999999999999997,8.881784197001252e-16,2.220446049250313e-16,0.0,0.0,True,2.5656201300778907,1.1832891513614254,0.02637986992210939,0.016710848638574305,single_design_dataset
544,3.147,2.592,0.5549999999999997,up,400,0.05,20,7.840000000000001,1.5399999999999998,8.881784197001252e-16,2.220446049250313e-16,0.0,0.0,True,3.111580469119174,1.5082786597356748,0.03541953088082561,0.03172134026432505,single_design_dataset
546,4.838,2.36,2.478,up,400,0.05,20,15.004,2.54,0.00799999999999983,0.0,0.09999999999999787,0.0,True,4.725096166263838,2.4855801034517695,0.11290383373616208,0.05441989654823054,single_design_dataset
547,5.63,4.838,0.7919999999999998,up,400,0.05,20,19.446999999999996,3.0200000000000005,0.009539392014169255,4.440892098500626e-16,0.09999999999999787,0.0,True,5.556047812402046,2.979073155952704,0.0739521875979543,0.040926844047296296,single_design_dataset
548,6.782,5.63,1.1520000000000001,up,400,0.05,20,25.698,3.72,0.010770329614268779,0.0,0.19999999999999574,0.0,True,6.723735319572986,3.6858055467742026,0.058264680427013715,0.034194453225797616,single_design_dataset
551,5.579,4.78,0.7989999999999995,up,400,0.05,20,20.399999999999995,3.0,3.552713678800501e-15,0.0,0.0,0.0,True,5.7200668658235525,3.075125808935141,0.14106686582355277,0.07512580893514098,single_design_dataset
553,4.987,4.157,0.8300000000000001,up,400,0.05,20,17.326,2.64,0.009165151389911487,0.0,0.0,0.0,True,5.140841345939911,2.732539147325668,0.15384134593991128,0.09253914732566804,single_design_dataset
554,6.896,4.987,1.9089999999999998,up,400,0.05,20,26.539000000000005,3.78,0.007681145747868444,0.0,0.19999999999999574,0.0,True,6.94282411842638,3.8149012459039833,0.04682411842637979,0.03490124590398347,single_design_dataset
556,6.767,5.723,1.0440000000000005,up,400,0.05,20,26.339999999999996,3.7030000000000007,3.552713678800501e-15,0.007141428428542856,0.0,0.0,True,6.8733068853926556,3.771870764768896,0.1063068853926552,0.06887076476889531,single_design_dataset
561,3.15,0.997,2.153,up,400,0.05,20,8.120000000000001,1.5399999999999998,1.7763568394002505e-15,2.220446049250313e-16,0.0,0.0,True,3.200976664541043,1.5607932975480499,0.05097666454104299,0.020793297548050038,single_design_dataset
564,2.37,1.634,0.7360000000000002,up,400,0.05,20,5.5600000000000005,1.0599999999999998,8.881784197001252e-16,2.220446049250313e-16,0.0,0.0,True,2.3855139416430062,1.0692042728414788,0.015513941643006124,0.009204272841478955,single_design_dataset
566,2.483,1.114,1.369,up,400,0.05,20,5.645999999999999,1.1200000000000003,0.009165151389911893,2.220446049250313e-16,0.10000000000000231,0.0,True,2.418239286616236,1.0897592149944995,0.06476071338376421,0.03024078500550087,single_design_dataset
567,2.867,2.483,0.3839999999999999,up,400,0.05,20,6.860000000000001,1.3599999999999999,8.881784197001252e-16,2.220446049250313e-16,0.0,0.0,True,2.857756756722479,1.3539093018725004,0.009243243277520907,0.0060906981274995164,single_design_dataset
568,6.352,2.867,3.4850000000000003,up,400,0.05,20,23.233999999999998,3.4599999999999995,0.012806248474866146,4.440892098500626e-16,0.2000000000000135,0.0,True,6.259683412351348,3.401303521022986,0.09231658764865269,0.058696478977013467,single_design_dataset
570,4.487,3.979,0.508,up,400,0.05,20,14.420000000000002,2.3400000000000007,1.7763568394002505e-15,8.881784197001252e-16,0.0,0.0,True,4.622511014430436,2.4229643761095057,0.13551101443043567,0.08296437610950491,single_design_dataset
574,1.724,1.36,0.3639999999999999,up,400,0.05,20,3.94,0.6799999999999999,0.0,1.1102230246251565e-16,0.0,0.0,True,1.2930659936698339,0.5170089914458588,0.4309340063301661,0.16299100855414117,single_design_dataset
575,2.754,1.724,1.03,up,400,0.05,20,6.56,1.3000000000000003,0.0,2.220446049250313e-16,0.0,0.0,True,2.747976331202193,1.2903922525227822,0.006023668797806803,0.009607747477218043,single_design_dataset
577,3.06,1.602,1.458,up,400,0.05,20,7.460000000000001,1.48,8.881784197001252e-16,0.0,0.0,0.0,True,3.0168580821052164,1.4520789439260482,0.04314191789478361,0.02792105607395179,single_design_dataset
578,5.106,3.06,2.046,up,400,0.05,20,16.463000000000005,2.718,0.011445523142259354,0.0060000000000000045,0.19999999999999574,0.0,True,5.0114453866464785,2.6574026649758666,0.09455461335352133,0.060597335024133336,single_design_dataset
582,1.748,0.963,0.785,up,400,0.05,20,3.7000000000000006,0.6799999999999999,4.440892098500626e-16,1.1102230246251565e-16,0.0,0.0,True,1.0266854900019053,0.40849108302723136,0.7213145099980947,0.2715089169727686,single_design_dataset
583,3.313,1.748,1.5650000000000002,up,400,0.05,20,8.240000000000002,1.64,1.7763568394002505e-15,0.0,0.0,0.0,True,3.23828082750768,1.5825432441762515,0.07471917249231996,0.05745675582374843,single_design_dataset
585,2.724,1.17,1.5540000000000003,up,400,0.05,20,6.242,1.2800000000000002,0.005999999999999873,2.220446049250313e-16,0.09999999999999787,0.0,True,2.630620587214184,1.222846761217341,0.0933794127858163,0.05715323878265921,single_design_dataset
586,4.153,2.724,1.4289999999999994,up,400,0.05,20,11.568000000000003,2.14,0.009797958971132503,0.0,0.09999999999999787,0.0,True,3.9802418076920882,2.0319802263545528,0.17275819230791134,0.10801977364544735,single_design_dataset
588,4.754,3.076,1.6779999999999995,up,400,0.05,20,14.602,2.5,0.005999999999999873,0.0,0.09999999999999787,0.0,True,4.6565293943553066,2.4432288227370123,0.09747060564469301,0.05677117726298775,single_design_dataset
589,5.964,4.754,1.2100000000000009,up,400,0.05,20,21.184999999999995,3.22,0.010723805294763378,0.0,0.19999999999999574,0.0,True,5.8924049528037346,3.1804649567129504,0.07159504719626586,0.03953504328704982,single_design_dataset
591,2.476,1.528,0.948,up,400,0.05,20,5.879999999999999,1.1200000000000003,8.881784197001252e-16,2.220446049250313e-16,0.0,0.0,True,2.5032826077412236,1.1436223819526283,0.027282607741223597,0.023622381952628002,single_design_dataset
592,4.512,2.476,2.0359999999999996,up,400,0.05,20,13.553,2.36,0.0095393920141701,0.0,0.10000000000000675,0.0,True,4.5455872713758785,2.377192060312037,0.03358727137587891,0.01719206031203724,single_design_dataset
593,6.755,4.512,2.2430000000000003,up,400,0.05,20,25.363,3.7000000000000006,0.01452583904633364,4.440892098500626e-16,0.19999999999999574,0.0,True,6.682321326612265,3.661638679741019,0.0726786733877347,0.038361320258981646,single_design_dataset
597,2.441,1.709,0.7319999999999998,up,400,0.05,20,5.840000000000001,1.1000000000000003,8.881784197001252e-16,2.220446049250313e-16,0.0,0.0,True,2.489076077977925,1.1345858036279473,0.048076077977925014,0.03458580362794694,single_design_dataset
598,4.126,2.441,1.6850000000000005,up,400,0.05,20,11.798000000000002,2.1199999999999997,0.006000000000000404,4.440892098500626e-16,0.10000000000000675,0.0,True,3.9940950797189725,2.0407676671789807,0.13190492028102785,0.07923233282101894,single_design_dataset
600,4.574,3.093,1.4809999999999999,up,400,0.05,20,13.974,2.3999999999999995,0.009165151389911487,4.440892098500626e-16,0.09999999999999787,0.0,True,4.568502715682765,2.3911565069003404,0.00549728431723473,0.008843493099659039,single_design_dataset
601,6.126,4.574,1.5520000000000005,up,400,0.05,20,22.211000000000006,3.3199999999999994,0.009949874371065988,4.440892098500626e-16,0.09999999999999787,0.0,True,6.126917996913914,3.330215021233826,0.0009179969139134769,0.010215021233826782,single_design_dataset
603,5.437,4.58,0.8570000000000002,up,400,0.05,20,19.171000000000003,2.918,0.009949874371065986,0.006000000000000005,0.09999999999999787,0.0,True,5.4799206103018205,2.9348137002183567,0.04292061030182026,0.016813700218356598,single_design_dataset
605,5.398,4.159,1.2389999999999999,up,400,0.05,20,18.959999999999997,2.8800000000000003,3.552713678800501e-15,4.440892098500626e-16,0.0,0.0,True,5.427490970686148,2.9060599878573763,0.029490970686148366,0.026059987857375955,single_design_dataset
607,5.226,2.964,2.262,up,400,0.05,20,17.865999999999996,2.7800000000000002,0.009165151389911483,4.440892098500626e-16,0.09999999999999787,0.0,True,5.264488196324189,2.797822387948692,0.038488196324188984,0.01782238794869162,single_design_dataset
609,3.602,2.209,1.3929999999999998,up,400,0.05,20,10.180000000000001,1.7999999999999996,1.7763568394002505e-15,4.440892098500626e-16,0.0,0.0,True,3.7201750450986895,1.8758076122000067,0.11817504509868959,0.07580761220000709,single_design_dataset
610,4.367,3.602,0.7650000000000001,up,400,0.05,20,13.419999999999998,2.2599999999999993,1.7763568394002505e-15,4.440892098500626e-16,0.0,0.0,True,4.518062274157327,2.360869653650728,0.15106227415732665,0.10086965365072853,single_design_dataset
612,4.883,2.853,2.03,up,400,0.05,20,15.813999999999998,2.5799999999999996,0.009165151389911485,4.440892098500626e-16,0.09999999999999787,0.0,True,4.87565119415603,2.57655537178382,0.007348805843969686,0.003444628216179524,single_design_dataset
613,6.583,4.883,1.7000000000000002,up,400,0.05,20,24.785000000000004,3.599999999999999,0.01072380529476338,8.881784197001252e-16,0.19999999999999574,0.0,True,6.58563423593854,3.6010984868918294,0.0026342359385393976,0.0010984868918302304,single_design_dataset
617,5.341,2.308,3.0330000000000004,up,400,0.05,20,18.452999999999996,2.8569999999999998,0.009539392014169253,0.007141428428542858,0.09999999999999787,0.0,True,5.33967300359986,2.8483493802906072,0.0013269964001398904,0.008650619709392515,single_design_dataset
618,6.762,5.341,1.4209999999999994,up,400,0.05,20,25.895999999999997,3.7000000000000006,0.007999999999999828,4.440892098500626e-16,0.09999999999999787,0.0,True,6.753400355513073,3.702185987545063,0.008599644486926294,0.0021859875450624955,single_design_dataset
622,3.266,2.659,0.6070000000000002,up,400,0.05,20,9.379999999999999,1.6000000000000003,1.7763568394002505e-15,2.220446049250313e-16,0.0,0.0,True,3.4575877678813107,1.7168834536218287,0.1915877678813107,0.11688345362182839,single_design_dataset
623,4.14,3.266,0.8739999999999997,up,400,0.05,20,12.718,2.14,0.006000000000000405,0.0,0.10000000000000675,0.0,True,4.218929049513436,2.1842674945152103,0.07892904951343649,0.04426749451521017,single_design_dataset
624,5.108,4.14,0.968,up,400,0.05,20,17.399999999999995,2.711,3.552713678800501e-15,0.009949874371066208,0.0,0.10000000000000009,True,5.160512184772911,2.7432078420451815,0.05251218477291175,0.03220784204518168,single_design_dataset
627,3.784,3.458,0.3259999999999996,up,400,0.05,20,11.56,1.9200000000000004,0.0,4.440892098500626e-16,0.0,0.0,True,3.979888644796347,2.031793985048056,0.19588864479634704,0.1117939850480556,single_design_dataset
628,5.442,3.784,1.6580000000000004,up,400,0.05,20,19.048,2.916,0.009797958971132503,0.008000000000000007,0.09999999999999787,0.0,True,5.448460556860868,2.9174080492283636,0.006460556860868216,0.0014080492283636836,single_design_dataset
631,3.464,1.612,1.8519999999999999,up,400,0.05,20,9.647,1.72,0.009539392014169253,0.0,0.0,0.0,True,3.5452915203069986,1.7726896788353572,0.0812915203069986,0.052689678835357245,single_design_dataset
633,5.993,2.3,3.6930000000000005,up,400,0.05,20,21.631,3.2400000000000007,0.009949874371065988,4.440892098500626e-16,0.09999999999999787,0.0,True,6.001498645641832,3.246695986529521,0.008498645641831892,0.006695986529520415,single_design_dataset
635,2.487,1.136,1.3510000000000002,up,400,0.05,20,6.0600000000000005,1.1200000000000003,8.881784197001252e-16,2.220446049250313e-16,0.0,0.0,True,2.5656201300778907,1.1832891513614254,0.0786201300778906,0.0632891513614251,single_design_dataset
637,2.717,1.408,1.3090000000000002,up,400,0.05,20,6.540000000000001,1.2800000000000002,8.881784197001252e-16,2.220446049250313e-16,0.0,0.0,True,2.740448778169221,1.286052277627669,0.023448778169220752,0.006052277627668801,single_design_dataset
638,6.165,2.717,3.448,up,400,0.05,20,22.338,3.3600000000000003,0.0139999999999997,4.440892098500626e-16,0.19999999999999574,0.0,True,6.145129266947674,3.3425532822171826,0.01987073305232645,0.0174467177828177,single_design_dataset
640,4.187,1.843,2.3440000000000003,up,400,0.05,20,12.419999999999998,2.1599999999999993,1.7763568394002505e-15,8.881784197001252e-16,0.0,0.0,True,4.112256310800921,2.1162187812203723,0.07474368919907892,0.04378121877962693,single_design_dataset
641,5.2,4.187,1.013,up,400,0.05,20,17.516,2.7599999999999993,0.007999999999999828,4.440892098500626e-16,0.09999999999999787,0.0,True,5.190557529773508,2.7593318686929056,0.009442470226492361,0.0006681313070937556,single_design_dataset
642,6.588,5.2,1.388,up,400,0.05,20,24.888999999999996,3.599999999999999,0.009949874371065986,8.881784197001252e-16,0.09999999999999787,0.0,True,6.605798474828447,3.613122027543948,0.017798474828446764,0.013122027543948978,single_design_dataset
644,5.064,4.608,0.4560000000000004,up,400,0.05,20,17.828999999999997,2.68,0.009949874371065986,0.0,0.09999999999999787,0.0,True,5.258275222377588,2.7946745276991893,0.19427522237758765,0.11467452769918918,single_design_dataset
649,4.994,1.29,3.7039999999999997,up,400,0.05,20,16.353,2.64,0.009539392014169253,0.0,0.09999999999999787,0.0,True,4.993120220520495,2.646309221326193,0.0008797794795043501,0.0063092213261928265,single_design_dataset
651,4.445,3.752,0.6930000000000005,up,400,0.05,20,14.066999999999998,2.2999999999999994,0.009539392014169253,4.440892098500626e-16,0.09999999999999787,0.0,True,4.575407290580356,2.395179198057646,0.13040729058035527,0.09517919805764663,single_design_dataset
653,3.255,2.478,0.7769999999999997,up,400,0.05,20,8.950000000000001,1.6000000000000003,0.010000000000000675,2.220446049250313e-16,0.10000000000000675,0.0,True,3.38393259841477,1.6675128774440904,0.12893259841477,0.06751287744409007,single_design_dataset
654,5.278,3.255,2.0229999999999997,up,400,0.05,20,17.868,2.7999999999999994,0.009797958971132503,4.440892098500626e-16,0.09999999999999787,0.0,True,5.264824032753736,2.7979925425567735,0.013175967246263909,0.002007457443225835,single_design_dataset
656,6.294,4.206,2.087999999999999,up,400,0.05,20,23.413000000000004,3.4200000000000004,0.009539392014170948,4.440892098500626e-16,0.10000000000001563,0.0,True,6.289361935329987,3.418466794942961,0.004638064670012376,0.0015332050570395772,single_design_dataset
660,2.001,1.401,0.5999999999999999,up,400,0.05,20,4.959999999999999,0.8400000000000001,8.881784197001252e-16,1.1102230246251565e-16,0.0,0.0,True,2.131523017510068,0.915827577822817,0.13052301751006823,0.0758275778228169,single_design_dataset
661,3.437,2.001,1.436,up,400,0.05,20,9.34,1.7,0.0,0.0,0.0,0.0,True,3.447229587393269,1.7100923933986527,0.010229587393268957,0.010092393398652755,single_design_dataset
664,2.386,1.457,0.929,up,400,0.05,20,5.64,1.0699999999999996,0.0,0.010000000000000009,0.0,0.0,True,2.4159561230134527,1.0883251492628936,0.02995612301345263,0.01832514926289397,single_design_dataset
665,4.512,2.386,2.1259999999999994,up,400,0.05,20,13.651000000000002,2.3400000000000007,0.009949874371065986,8.881784197001252e-16,0.09999999999999787,0.0,True,4.557871656089006,2.3845811586465144,0.04587165608900623,0.044581158646513686,single_design_dataset
669,2.529,1.426,1.103,up,400,0.05,20,5.9399999999999995,1.16,8.881784197001252e-16,0.0,0.0,0.0,True,2.524166121104342,1.156957142732513,0.004833878895658117,0.003042857267486987,single_design_dataset
671,5.989,1.344,4.645,up,400,0.05,20,21.138000000000005,3.2400000000000007,0.01536229149573689,4.440892098500626e-16,0.19999999999999574,0.0,True,5.880199557664559,3.173136388019989,0.10880044233544073,0.06686361198001167,single_design_dataset
673,5.886,4.516,1.37,up,400,0.05,20,21.212000000000007,3.18,0.009797958971132503,0.0,0.09999999999999787,0.0,True,5.899416562777308,3.1846749855365695,0.013416562777307739,0.004674985536569309,single_design_dataset
676,5.492,3.138,2.354,up,400,0.05,20,19.154000000000003,2.9399999999999995,0.009165151389911485,4.440892098500626e-16,0.09999999999999787,0.0,True,5.475469045353936,2.932310800686969,0.01653095464606391,0.007689199313030581,single_design_dataset
677,6.235,5.492,0.7430000000000003,up,400,0.05,20,23.223000000000003,3.397,0.007141428428542699,0.007141428428542858,0.09999999999999787,0.0,True,6.257866617003918,3.400286821186239,0.02286661700391779,0.0032868211862391306,single_design_dataset
680,4.793,3.391,1.4020000000000001,up,400,0.05,20,16.020999999999997,2.5200000000000005,0.004358898943540581,4.440892098500626e-16,0.09999999999999787,0.0,True,4.9198611554006,2.6023406429148928,0.12686115540059983,0.08234064291489229,single_design_dataset
681,5.79,4.793,0.9969999999999999,up,400,0.05,20,21.064999999999998,3.1199999999999997,0.008660254037844203,4.440892098500626e-16,0.09999999999999787,0.0,True,5.861023329711111,3.161554618376649,0.07102332971111114,0.04155461837664953,single_design_dataset
684,4.046,3.522,0.5240000000000005,up,400,0.05,20,12.9,2.0799999999999996,0.0,4.440892098500626e-16,0.0,0.0,True,4.302691713935518,2.2345469199431145,0.2566917139355178,0.15454691994311487,single_design_dataset
685,6.487,4.046,2.441,up,400,0.05,20,24.532000000000004,3.5400000000000005,0.009797958971132503,4.440892098500626e-16,0.09999999999999787,0.0,True,6.531484736338838,3.569114985392112,0.04448473633883765,0.029114985392111326,single_design_dataset
688,5.676,2.712,2.964,up,400,0.05,20,20.417000000000005,3.0480000000000005,0.007141428428543965,0.009797958971132722,0.10000000000001563,0.10000000000000009,True,5.722328932698696,3.0763964904973875,0.04632893269869598,0.028396490497387017,single_design_dataset
689,7.091,5.676,1.415,up,400,0.05,20,27.569,3.900000000000001,0.009949874371065986,8.881784197001252e-16,0.09999999999999787,0.0,True,7.100420733574151,3.9036744168610227,0.009420733574151186,0.0036744168610218786,single_design_dataset
693,6.231,1.133,5.098,up,400,0.05,20,23.106,3.38,0.014282856857086365,0.0,0.2000000000000135,0.0,True,6.238694350797582,3.3902947486068817,0.007694350797581961,0.010294748606881843,single_design_dataset
696,3.303,1.96,1.343,up,400,0.05,20,9.119,1.6200000000000003,0.004358898943540581,2.220446049250313e-16,0.0,0.0,True,3.4093787951880192,1.6841074780718828,0.10637879518801929,0.06410747807188244,single_design_dataset
698,5.122,2.316,2.806,up,400,0.05,20,17.187999999999995,2.7199999999999998,0.009797958971132503,4.440892098500626e-16,0.09999999999999787,0.0,True,5.110926727121328,2.71616572794007,0.011073272878672213,0.0038342720599295887,single_design_dataset
699,6.293,5.122,1.1710000000000003,up,400,0.05,20,23.568999999999996,3.4200000000000004,0.009949874371065986,4.440892098500626e-16,0.09999999999999787,0.0,True,6.31602539155463,3.435270859223174,0.023025391554630126,0.015270859223173616,single_design_dataset
702,4.644,1.647,2.997,up,400,0.05,20,14.891,2.4399999999999995,0.009949874371065988,4.440892098500626e-16,0.09999999999999787,0.0,True,4.706950388167044,2.4741680006250175,0.06295038816704412,0.034168000625018013,single_design_dataset
704,6.098,3.236,2.8619999999999997,up,400,0.05,20,22.457,3.2999999999999994,0.011445523142259354,4.440892098500626e-16,0.19999999999999574,0.0,True,6.159670857059797,3.351668289648159,0.0616708570597968,0.051668289648159504,single_design_dataset
705,6.856,6.098,0.758,up,400,0.05,20,26.524,3.7600000000000002,0.007999999999999828,4.440892098500626e-16,0.09999999999999787,0.0,True,6.938422687424891,3.812184452850522,0.08242268742489145,0.05218445285052198,single_design_dataset
708,2.038,1.387,0.6509999999999998,up,400,0.05,20,5.0,0.86,0.0,0.0,0.0,0.0,True,2.1482485144071815,0.9257775222653869,0.11024851440718164,0.06577752226538691,single_design_dataset
709,4.307,2.038,2.2690000000000006,up,400,0.05,20,13.068000000000003,2.2199999999999998,0.009797958971132503,4.440892098500626e-16,0.09999999999999787,0.0,True,4.386975469052757,2.283929343066175,0.07997546905275676,0.06392934306617537,single_design_dataset
711,5.731,3.547,2.1839999999999997,up,400,0.05,20,20.487000000000002,3.0799999999999996,0.009539392014169255,4.440892098500626e-16,0.09999999999999787,0.0,True,5.731643325713989,3.08162870869487,0.0006433257139892845,0.0016287086948705287,single_design_dataset
713,5.145,4.71,0.4349999999999996,up,400,0.05,20,18.06,2.7400000000000007,0.0,4.440892098500626e-16,0.0,0.0,True,5.293800234574641,2.8140719199089292,0.1488002345746411,0.07407191990892859,single_design_dataset
714,6.533,5.145,1.3880000000000008,up,400,0.05,20,24.945,3.56,0.008660254037844203,0.0,0.09999999999999787,0.0,True,6.616250069860681,3.6194365864668776,0.0832500698606804,0.05943658646687755,single_design_dataset
717,6.208,2.458,3.75,up,400,0.05,20,23.336999999999996,3.38,0.011445523142259354,0.0,0.19999999999999574,0.0,True,6.276699766612466,3.410848123221368,0.06869976661246557,0.030848123221367985,single_design_dataset
719,4.697,3.15,1.5470000000000002,up,400,0.05,20,15.720000000000004,2.46,3.552713678800501e-15,0.0,0.0,0.0,True,4.857107506937824,2.565982027813724,0.16010750693782416,0.10598202781372423,single_design_dataset
723,2.337,1.609,0.7280000000000002,up,400,0.05,20,5.840000000000001,1.0399999999999998,8.881784197001252e-16,2.220446049250313e-16,0.0,0.0,True,2.489076077977925,1.1345858036279473,0.15207607797792466,0.09458580362794744,single_design_dataset
724,4.707,2.337,2.3699999999999997,up,400,0.05,20,14.985,2.465,0.01072380529476338,0.008660254037844393,0.19999999999999574,-0.10000000000000009,True,4.721934139477576,2.48359706156049,0.01493413947757638,0.018597061560490236,single_design_dataset
725,5.805,4.707,1.0979999999999999,up,400,0.05,20,20.937,3.14,0.007141428428542699,0.0,0.09999999999999787,0.0,True,5.828220333519367,3.141575738094895,0.02322033351936703,0.001575738094894863,single_design_dataset
728,2.868,1.925,0.9429999999999998,up,400,0.05,20,7.552999999999999,1.3599999999999999,0.009539392014169253,2.220446049250313e-16,-0.09999999999999787,0.0,True,3.038863977253941,1.465379129593077,0.1708639772539411,0.10537912959307705,single_design_dataset
729,6.527,2.868,3.6590000000000003,up,400,0.05,20,24.523000000000003,3.56,0.013076696830621742,0.0,0.19999999999999574,0.0,True,6.52941776594536,3.5678898493567894,0.0024177659453599176,0.00788984935678938,single_design_dataset
732,5.175,3.567,1.6079999999999997,up,400,0.05,20,18.0,2.7599999999999993,0.0,4.440892098500626e-16,0.0,0.0,True,5.285321788678761,2.809091093615339,0.1103217886787613,0.0490910936153397,single_design_dataset
733,6.661,5.175,1.4859999999999998,up,400,0.05,20,25.565999999999995,3.6399999999999997,0.009165151389911483,4.440892098500626e-16,0.09999999999999787,0.0,True,6.708013940868877,3.6770047975592557,0.04701394086887767,0.03700479755925601,single_design_dataset
736,4.006,1.409,2.5970000000000004,up,400,0.05,20,11.980999999999998,2.04,0.004358898943540581,0.0,0.09999999999999787,0.0,True,4.01644269603739,2.0551448004248583,0.010442696037389787,0.015144800424858218,single_design_dataset
737,7.138,4.006,3.1319999999999997,up,400,0.05,20,27.674000000000007,3.9200000000000004,0.012806248474865424,4.440892098500626e-16,0.19999999999999574,0.0,True,7.113680281996532,3.910883155083048,0.02431971800346755,0.009116844916952527,single_design_dataset
740,2.145,1.187,0.958,up,400,0.05,20,5.22,0.9200000000000003,0.0,2.220446049250313e-16,0.0,0.0,True,2.2449542801907523,0.9831011984630315,0.09995428019075225,0.0631011984630312,single_design_dataset
741,3.552,2.145,1.407,up,400,0.05,20,9.800000000000002,1.78,1.7763568394002505e-15,0.0,0.0,0.0,True,3.601051142953361,1.8067997921233492,0.049051142953361104,0.026799792123349153,single_design_dataset
742,5.892,3.552,2.3400000000000003,up,400,0.05,20,21.330999999999996,3.18,0.009949874371065988,0.0,0.09999999999999787,0.0,True,5.929580250038667,3.202818731028527,0.037580250038666385,0.02281873102852705,single_design_dataset
743,6.753,5.892,0.8609999999999998,up,400,0.05,20,26.016999999999996,3.7000000000000006,0.009539392014169255,4.440892098500626e-16,0.19999999999999574,0.0,True,6.776580756701911,3.714805407717516,0.023580756701910843,0.014805407717515262,single_design_dataset
746,6.302,5.251,1.0509999999999993,up,400,0.05,20,24.371,3.4200000000000004,0.009949874371065988,4.440892098500626e-16,0.09999999999999787,0.0,True,6.493558479121138,3.5465972104233017,0.191558479121138,0.1265972104233013,single_design_dataset
748,1.865,1.158,0.7070000000000001,up,400,0.05,20,4.636,0.76,0.00799999999999983,0.0,0.0,0.0,True,2.0118928302639247,0.8437861683669938,0.14689283026392475,0.08378616836699382,single_design_dataset
749,3.92,1.865,2.0549999999999997,up,400,0.05,20,11.5,2.0,0.0,0.0,0.0,0.0,True,3.977413863476215,2.0303971752493304,0.05741386347621491,0.030397175249330388,single_design_dataset
751,6.231,2.715,3.516,up,400,0.05,20,23.21,3.38,0.009999999999999787,0.0,0.09999999999999787,0.0,True,6.255721120940325,3.399094067470282,0.02472112094032486,0.019094067470282194,single_design_dataset
755,3.341,2.165,1.1760000000000002,up,400,0.05,20,9.300000000000002,1.64,1.7763568394002505e-15,0.0,0.0,0.0,True,3.4399180956851474,1.705050003674661,0.0989180956851472,0.06505000367466107,single_design_dataset
757,5.341,1.975,3.366,up,400,0.05,20,18.311,2.8400000000000007,0.009949874371065988,8.881784197001252e-16,0.09999999999999787,0.0,True,5.322403845639474,2.835051516850854,0.018596154360525752,0.004948483149146643,single_design_dataset
759,3.135,1.774,1.3609999999999998,up,400,0.05,20,8.360000000000003,1.52,3.552713678800501e-15,0.0,0.0,0.0,True,3.2734901557984544,1.6029378141087078,0.13849015579845458,0.08293781410870782,single_design_dataset
761,4.498,1.552,2.946,up,400,0.05,20,13.815000000000001,2.3400000000000007,0.008660254037844203,8.881784197001252e-16,0.09999999999999787,0.0,True,4.5639583380150475,2.3884173196269107,0.06595833801504725,0.04841731962690998,single_design_dataset
763,4.78,2.421,2.3590000000000004,up,400,0.05,20,15.292000000000002,2.5200000000000005,0.009797958971133374,4.440892098500626e-16,0.10000000000000675,0.0,True,4.775691487413695,2.517186929191663,0.004308512586304936,0.002813070808337592,single_design_dataset
764,6.142,4.78,1.362,up,400,0.05,20,22.648000000000003,3.3400000000000007,0.009797958971132503,8.881784197001252e-16,0.09999999999999787,0.0,True,6.180595824465109,3.36277920192186,0.038595824465108564,0.022779201921859116,single_design_dataset
766,6.256,4.724,1.532,up,400,0.05,20,23.539000000000005,3.4,0.00435889894354058,0.0,0.09999999999999787,0.0,True,6.310847651059046,3.4319523960283567,0.05484765105904543,0.031952396028356755,single_design_dataset
770,6.121,3.812,2.3090000000000006,up,400,0.05,20,22.976000000000006,3.3199999999999994,0.007999999999999828,4.440892098500626e-16,0.09999999999999787,0.0,True,6.218961757192564,3.3804349692023288,0.0979617571925635,0.06043496920232938,single_design_dataset
772,6.332,1.383,4.949,up,400,0.05,20,23.880999999999993,3.44,0.013379088160259367,0.0,0.19999999999999574,0.0,True,6.379585950880963,3.4762614145465562,0.04758595088096307,0.03626141454655629,single_design_dataset
774,3.364,1.775,1.589,up,400,0.05,20,9.419999999999998,1.6599999999999997,1.7763568394002505e-15,2.220446049250313e-16,0.0,0.0,True,3.4681742957390833,1.723805575577219,0.10417429573908343,0.06380557557721933,single_design_dataset
776,4.887,1.548,3.3389999999999995,up,400,0.05,20,15.995,2.5799999999999996,0.008660254037844203,4.440892098500626e-16,0.09999999999999787,0.0,True,4.913969377082901,2.59884602459118,0.026969377082901147,0.018846024591180566,single_design_dataset
778,5.015,3.568,1.4469999999999996,up,400,0.05,20,16.874,2.6599999999999993,0.009165151389911487,8.881784197001252e-16,0.09999999999999787,0.0,True,5.0660905709734765,2.690743997850992,0.0510905709734768,0.030743997850992688,single_design_dataset
780,2.215,1.498,0.7169999999999999,up,400,0.05,20,5.519999999999999,0.9600000000000002,8.881784197001252e-16,2.220446049250313e-16,0.0,0.0,True,2.369899495907344,1.0594237814599108,0.15489949590734398,0.0994237814599106,single_design_dataset
781,3.359,2.215,1.1440000000000001,up,400,0.05,20,9.06,1.6599999999999997,0.0,2.220446049250313e-16,0.0,0.0,True,3.400338334109959,1.678106195629684,0.04133833410995891,0.018106195629684407,single_design_dataset
783,5.284,2.649,2.635,up,400,0.05,20,17.888999999999996,2.82,0.009949874371065986,0.0,0.09999999999999787,0.0,True,5.268350315263969,2.7997791659416262,0.015649684736031233,0.020220834058373605,single_design_dataset
787,2.696,1.241,1.455,up,400,0.05,20,6.718999999999999,1.2600000000000002,0.004358898943540581,2.220446049250313e-16,0.0,0.0,True,2.8082028909009686,1.3252614956430016,0.11220289090096847,0.06526149564300132,single_design_dataset
789,3.971,1.584,2.387,up,400,0.05,20,11.261,2.0200000000000005,0.004358898943540581,4.440892098500626e-16,0.09999999999999787,0.0,True,3.9671856803479866,2.023952845020964,0.003814319652013509,0.00395284502096338,single_design_dataset
790,5.097,3.971,1.1260000000000003,up,400,0.05,20,16.862000000000002,2.7000000000000006,0.010770329614268779,4.440892098500626e-16,0.19999999999999574,0.0,True,5.064537473800021,2.689831611169602,0.03246252619997936,0.010168388830398722,single_design_dataset
791,6.132,5.097,1.0349999999999993,up,400,0.05,20,22.569999999999997,3.3199999999999994,0.009999999999999787,4.440892098500626e-16,0.09999999999999787,0.0,True,6.172382435064306,3.3587533391017157,0.0403824350643065,0.0387533391017163,single_design_dataset
793,4.398,4.081,0.3169999999999993,up,400,0.05,20,14.440000000000001,2.2800000000000002,1.7763568394002505e-15,4.440892098500626e-16,0.0,0.0,True,4.626112779880628,2.4251001676096524,0.22811277988062795,0.14510016760965216,single_design_dataset
794,6.621,4.398,2.2230000000000008,up,400,0.05,20,25.200000000000006,3.62,0.012649110640673249,0.0,0.19999999999999574,0.0,True,6.658560725782094,3.646356467967617,0.03756072578209313,0.026356467967616926,single_design_dataset
797,5.357,2.469,2.8880000000000003,up,400,0.05,20,18.888999999999996,2.86,0.009949874371065986,0.0,0.09999999999999787,0.0,True,5.411558236042558,2.897176279923055,0.05455823604255805,0.037176279923055056,single_design_dataset
800,6.288,1.366,4.922000000000001,up,400,0.05,20,23.503999999999998,3.4200000000000004,0.011999999999999745,4.440892098500626e-16,0.19999999999999574,0.0,True,6.304806953814193,3.4280808556344007,0.016806953814192838,0.008080855634400308,single_design_dataset
803,5.633,1.558,4.075,up,400,0.05,20,19.969,3.0200000000000005,0.009949874371065986,4.440892098500626e-16,0.09999999999999787,0.0,True,5.674400490333492,3.0510022233415004,0.04140049033349236,0.031002223341499935,single_design_dataset
806,1.996,1.188,0.808,up,400,0.05,20,4.816999999999998,0.8400000000000001,0.007141428428543015,1.1102230246251565e-16,0.10000000000000231,0.0,True,2.075157091037526,0.8821070704226263,0.07915709103752588,0.04210707042262618,single_design_dataset
807,3.949,1.996,1.9529999999999998,up,400,0.05,20,11.407999999999998,2.0200000000000005,0.009797958971132503,4.440892098500626e-16,0.09999999999999787,0.0,True,3.9737317607378912,2.028255400224617,0.024731760737891406,0.008255400224616682,single_design_dataset
809,5.666,2.563,3.103,up,400,0.05,20,19.958000000000006,3.04,0.012489995996796531,0.0,0.19999999999999574,0.0,True,5.672680512556047,3.049980402223221,0.006680512556046736,0.009980402223221052,single_design_dataset
811,6.713,4.416,2.2969999999999997,up,400,0.05,20,25.682,3.680000000000001,0.008717797887081161,8.881784197001252e-16,0.19999999999999574,0.0,True,6.721610723229468,3.6846226567564115,0.00861072322946832,0.0046226567564104926,single_design_dataset
813,4.608,4.224,0.38399999999999945,up,400,0.05,20,15.76,2.4200000000000004,0.0,4.440892098500626e-16,0.0,0.0,True,4.864981698060434,2.5704764732198417,0.256981698060434,0.15047647321984137,single_design_dataset
814,5.944,4.608,1.3360000000000003,up,400,0.05,20,22.127,3.22,0.009539392014169255,0.0,0.09999999999999787,0.0,True,6.11241384403501,3.3203359193164124,0.16841384403501003,0.10033591931641217,single_design_dataset
816,4.023,2.532,1.4909999999999997,up,400,0.05,20,12.422999999999998,2.0600000000000005,0.007141428428542698,4.440892098500626e-16,0.0,0.0,True,4.113195374793774,2.1168404117556623,0.09019537479377426,0.05684041175566179,single_design_dataset
817,6.786,4.023,2.763,up,400,0.05,20,26.140000000000004,3.72,0.010954451150103088,0.0,0.19999999999999574,0.0,True,6.807205626602538,3.732126348573846,0.021205626602537997,0.012126348573845647,single_design_dataset
820,5.402,3.077,2.325,up,400,0.05,20,19.246,2.8800000000000003,0.009165151389913112,4.440892098500626e-16,0.10000000000001563,0.0,True,5.499937797434044,2.9462112262800084,0.09793779743404407,0.06621122628000808,single_design_dataset
822,5.712,1.719,3.9929999999999994,up,400,0.05,20,20.640000000000008,3.0799999999999996,0.012649110640673249,4.440892098500626e-16,0.19999999999999574,0.0,True,5.75910521953189,3.0983564333593563,0.04710521953189062,0.01835643335935666,single_design_dataset
825,4.221,1.683,2.5380000000000003,up,400,0.05,20,12.850000000000003,2.18,0.009999999999999787,0.0,0.09999999999999787,0.0,True,4.278737792409695,2.2202932116936847,0.05773779240969468,0.040293211693684494,single_design_dataset
826,6.743,4.221,2.5220000000000002,up,400,0.05,20,25.819,3.7000000000000006,0.013379088160259367,4.440892098500626e-16,0.19999999999999574,0.0,True,6.740761250988746,3.695246289809191,0.002238749011254093,0.0047537101908097235,single_design_dataset
828,3.607,1.735,1.872,up,400,0.05,20,10.360000000000003,1.8039999999999998,3.552713678800501e-15,0.008000000000000007,0.0,0.10000000000000009,True,3.773956487091946,1.9073425368503143,0.16695648709194577,0.10334253685031447,single_design_dataset
829,4.745,3.607,1.138,up,400,0.05,20,15.559999999999999,2.5,1.7763568394002505e-15,0.0,0.0,0.0,True,4.826511133209079,2.548140479692496,0.08151113320907921,0.04814047969249602,single_design_dataset
830,6.535,4.745,1.79,up,400,0.05,20,24.922000000000004,3.56,0.005999999999999872,0.0,0.09999999999999787,0.0,True,6.6120978346102595,3.6168904972609845,0.07709783461025932,0.056890497260984496,single_design_dataset
832,6.3,3.226,3.074,up,400,0.05,20,23.863999999999997,3.4200000000000004,0.007999999999999828,4.440892098500626e-16,0.09999999999999787,0.0,True,6.375860946485821,3.473885550360671,0.07586094648582087,0.05388555036067055,single_design_dataset
834,5.024,1.717,3.307,up,400,0.05,20,17.110000000000003,2.6599999999999993,0.009999999999999787,8.881784197001252e-16,0.09999999999999787,0.0,True,5.09765122277213,2.7088015407253487,0.07365122277212954,0.04880154072534948,single_design_dataset
836,6.42,2.813,3.6069999999999998,up,400,0.05,20,24.318999999999996,3.5,0.014798648586948425,0.0,0.19999999999999574,0.0,True,6.48088282712647,3.539054700999692,0.06088282712646986,0.039054700999692216,single_design_dataset
3,2.053,4.074,-2.021,down,400,0.05,20,4.263000000000001,0.8800000000000001,0.007141428428543015,1.1102230246251565e-16,-0.10000000000000231,0.0,True,1.6335929848113195,0.613604341114209,0.4194070151886804,0.2663956588857911,single_design_dataset
4,1.538,2.053,-0.5149999999999999,down,400,0.05,20,2.919,0.58,0.004358898943540677,0.0,0.0,0.0,True,1.1541138602323477,0.3380803302346649,0.3838861397676523,0.24191966976533508,single_design_dataset
7,5.764,6.557,-0.7930000000000001,down,400,0.05,20,19.68,3.1199999999999997,0.0,4.440892098500626e-16,0.0,0.0,True,5.248383271818239,2.7944302161538075,0.5156167281817616,0.3255697838461922,single_design_dataset
10,6.548,7.088,-0.54,down,400,0.05,20,24.5,3.5799999999999996,0.0,4.440892098500626e-16,0.0,0.0,True,6.248770876474495,3.3964729850971382,0.2992291235255049,0.18352701490286139,single_design_dataset
11,5.598,6.548,-0.9500000000000002,down,400,0.05,20,20.480000000000004,3.0200000000000005,3.552713678800501e-15,4.440892098500626e-16,0.0,0.0,True,5.359177961385307,2.8557029622002683,0.23882203861469264,0.16429703779973215,single_design_dataset
13,4.968,6.232,-1.2640000000000002,down,400,0.05,20,17.433000000000003,2.6350000000000002,0.009539392014169255,0.008660254037844393,-0.09999999999999787,0.10000000000000009,True,4.838428285334283,2.5495482104460736,0.12957171466571715,0.08545178955392663,single_design_dataset
15,3.795,6.087,-2.292,down,400,0.05,20,11.663999999999998,1.9200000000000004,0.011999999999999744,4.440892098500626e-16,-0.19999999999999574,0.0,True,3.6960770569467205,1.8661623321808283,0.09892294305327942,0.0538376678191721,single_design_dataset
17,3.982,4.877,-0.8949999999999996,down,400,0.05,20,12.315000000000003,2.04,0.008660254037844203,0.0,-0.09999999999999787,0.0,True,3.8654003221715936,1.9673107535461964,0.11659967782840663,0.07268924645380359,single_design_dataset
18,3.247,3.982,-0.7350000000000003,down,400,0.05,20,9.159,1.6000000000000003,0.004358898943540581,2.220446049250313e-16,-0.09999999999999787,0.0,True,3.087313777977605,1.495903897646512,0.1596862220223949,0.10409610235348832,single_design_dataset
19,2.857,3.247,-0.3899999999999997,down,400,0.05,20,7.539999999999999,1.3599999999999999,8.881784197001252e-16,2.220446049250313e-16,0.0,0.0,True,2.706163857149445,1.2713434368830168,0.15083614285055535,0.08865656311698311,single_design_dataset
20,1.62,2.857,-1.237,down,400,0.05,20,3.6399999999999997,0.6199999999999999,4.440892098500626e-16,1.1102230246251565e-16,0.0,0.0,True,1.439379461640721,0.5026175896573745,0.18062053835927916,0.11738241034262542,single_design_dataset
22,3.142,4.532,-1.3900000000000001,down,400,0.05,20,8.242,1.5399999999999998,0.005999999999999873,2.220446049250313e-16,-0.09999999999999787,0.0,True,2.902389149979025,1.383717484300135,0.23961085002097482,0.15628251569986484,single_design_dataset
23,2.808,3.142,-0.3340000000000001,down,400,0.05,20,7.06,1.34,0.0,0.0,0.0,0.0,True,2.5922647202102596,1.2024914937442635,0.21573527978974028,0.13750850625573663,single_design_dataset
25,3.212,3.745,-0.5329999999999999,down,400,0.05,20,8.319999999999999,1.5799999999999996,1.7763568394002505e-15,4.440892098500626e-16,0.0,0.0,True,2.9264659659616563,1.3979802361264613,0.2855340340383439,0.18201976387353835,single_design_dataset
26,2.608,3.212,-0.6040000000000001,down,400,0.05,20,6.4140000000000015,1.2199999999999998,0.009165151389911485,2.220446049250313e-16,-0.09999999999999787,0.0,True,2.40246352539091,1.0895659538305906,0.2055364746090902,0.13043404616940912,single_design_dataset
28,2.16,3.227,-1.0669999999999997,down,400,0.05,20,5.0,0.9400000000000001,0.0,1.1102230246251565e-16,0.0,0.0,True,1.8980516787145167,0.7814325753189276,0.2619483212854834,0.15856742468107243,single_design_dataset
31,5.135,6.804,-1.6690000000000005,down,400,0.05,20,17.68,2.7400000000000007,0.0,4.440892098500626e-16,0.0,0.0,True,4.884980406050449,2.5780756051694533,0.25001959394955087,0.16192439483054732,single_design_dataset
33,4.717,6.906,-2.189,down,400,0.05,20,16.038,2.4799999999999995,0.005999999999999873,4.440892098500626e-16,-0.09999999999999787,0.0,True,4.6005080563013765,2.413746114548797,0.11649194369862315,0.0662538854512027,single_design_dataset
36,3.634,5.709,-2.0749999999999997,down,400,0.05,20,10.919999999999998,1.8199999999999998,0.008944271909998969,2.220446049250313e-16,-0.19999999999999574,0.0,True,3.5008001989495776,1.7446480373791498,0.13319980105042228,0.07535196262085009,single_design_dataset
39,3.347,4.873,-1.5260000000000002,down,400,0.05,20,9.610999999999999,1.6599999999999997,0.009949874371065986,2.220446049250313e-16,-0.09999999999999787,0.0,True,3.1965743823477526,1.5660178651495833,0.15042561765224738,0.0939821348504164,single_design_dataset
41,2.013,3.736,-1.7230000000000003,down,400,0.05,20,4.892999999999999,0.86,0.009539392014169677,0.0,-0.10000000000000231,0.0,True,1.8608538256867677,0.7580993773079675,0.15214617431323219,0.10190062269203248,single_design_dataset
43,1.982,4.638,-2.6559999999999997,down,400,0.05,20,4.760000000000001,0.8400000000000001,8.881784197001252e-16,1.1102230246251565e-16,0.0,0.0,True,1.8130279967341996,0.7278950142568952,0.16897200326580042,0.1121049857431049,single_design_dataset
45,2.371,3.311,-0.94,down,400,0.05,20,5.6800000000000015,1.0799999999999996,1.7763568394002505e-15,4.440892098500626e-16,0.0,0.0,True,2.1280192408364385,0.9209461909561905,0.24298075916356154,0.15905380904380917,single_design_dataset
46,1.872,2.371,-0.4989999999999999,down,400,0.05,20,4.239999999999999,0.7799999999999999,8.881784197001252e-16,1.1102230246251565e-16,0.0,0.0,True,1.6262073565357709,0.6092149674596893,0.24579264346422924,0.17078503254031063,single_design_dataset
48,1.526,3.38,-1.8539999999999999,down,400,0.05,20,3.28,0.5600000000000002,0.0,1.1102230246251565e-16,0.0,0.0,True,1.3018128211233557,0.42296168241423165,0.2241871788766443,0.1370383175857685,single_design_dataset
50,1.669,4.813,-3.1439999999999997,down,400,0.05,20,3.681000000000001,0.65,0.004358898943540677,0.010000000000000009,-0.10000000000000009,0.10000000000000009,True,1.4530525317645648,0.5104261346227895,0.2159474682354352,0.1395738653772105,single_design_dataset
53,2.014,5.064,-3.0500000000000003,down,400,0.05,20,4.695000000000002,0.86,0.008660254037844588,0.0,-0.10000000000000231,0.0,True,1.7892454018446984,0.7127030619883962,0.2247545981553014,0.14729693801160382,single_design_dataset
56,2.508,4.668,-2.16,down,400,0.05,20,6.093999999999999,1.16,0.009165151389911485,0.0,-0.09999999999999787,0.0,True,2.27593981906927,1.0120012330030732,0.2320601809307301,0.1479987669969267,single_design_dataset
57,2.133,2.508,-0.375,down,400,0.05,20,4.900000000000001,0.9400000000000001,8.881784197001252e-16,1.1102230246251565e-16,0.0,0.0,True,1.8633580252291664,0.7596754553659156,0.2696419747708336,0.18032454463408443,single_design_dataset
58,1.656,2.133,-0.4770000000000001,down,400,0.05,20,3.55,0.6400000000000001,0.010000000000000009,1.1102230246251565e-16,-0.10000000000000009,0.0,True,1.4085494806009076,0.48495998241175686,0.24745051939909235,0.15504001758824326,single_design_dataset
61,4.433,5.423,-0.9900000000000002,down,400,0.05,20,13.52,2.2999999999999994,0.0,4.440892098500626e-16,0.0,0.0,True,4.142300804805686,2.1294950160890704,0.2906991951943141,0.17050498391092894,single_design_dataset
63,4.771,5.897,-1.1260000000000003,down,400,0.05,20,15.559999999999999,2.5090000000000003,1.7763568394002505e-15,0.009949874371066208,0.0,0.10000000000000009,True,4.5337297534533185,2.3656731352538913,0.23727024654668138,0.143326864746109,single_design_dataset
65,4.691,6.843,-2.152,down,400,0.05,20,15.779999999999996,2.46,3.552713678800501e-15,0.0,0.0,0.0,True,4.570740604663648,2.3921001621330245,0.12025939533635199,0.06789983786697551,single_design_dataset
68,4.958,7.136,-2.178,down,400,0.05,20,17.659000000000002,2.6199999999999997,0.004358898943540581,4.440892098500626e-16,-0.09999999999999787,0.0,True,4.880619730207978,2.5754088066537535,0.07738026979202228,0.04459119334624617,single_design_dataset
69,3.767,4.958,-1.1910000000000003,down,400,0.05,20,11.741000000000001,1.9200000000000004,0.007681145747868445,4.440892098500626e-16,-0.19999999999999574,0.0,True,3.7229182494513164,1.8823214007271527,0.04408175054868346,0.03767859927284767,single_design_dataset
73,5.66,6.697,-1.037,down,400,0.05,20,21.100000000000005,3.04,3.552713678800501e-15,0.0,0.0,0.0,True,5.54326474956349,2.9710144347362095,0.11673525043651001,0.06898556526379052,single_design_dataset
75,4.189,6.617,-2.428,down,400,0.05,20,14.032999999999998,2.1599999999999993,0.009539392014169255,8.881784197001252e-16,-0.09999999999999787,0.0,True,4.205706481085264,2.171575695008125,0.01670648108526418,0.01157569500812583,single_design_dataset
76,3.76,4.189,-0.42900000000000027,down,400,0.05,20,11.839,1.8999999999999997,0.004358898943540581,2.220446049250313e-16,-0.09999999999999787,0.0,True,3.7580067355892712,1.903308284298631,0.001993264410728557,0.003308284298631392,single_design_dataset
78,3.239,6.139,-2.9000000000000004,down,400,0.05,20,9.66,1.6000000000000003,0.008944271909998969,2.220446049250313e-16,-0.19999999999999574,0.0,True,3.2099529217679517,1.574297854919732,0.029047078232048218,0.025702145080268357,single_design_dataset
79,2.018,3.239,-1.221,down,400,0.05,20,5.1450000000000005,0.86,0.008660254037844588,0.0,-0.10000000000000231,0.0,True,1.9481349615699342,0.8124575966155094,0.06986503843006564,0.04754240338449056,single_design_dataset
82,1.476,3.723,-2.247,down,400,0.05,20,3.4059999999999997,0.5199999999999999,0.014282856857085711,1.1102230246251565e-16,-0.20000000000000018,0.0,True,1.3540811430065334,0.45345132154475215,0.1219188569934666,0.06654867845524776,single_design_dataset
84,1.558,3.674,-2.1159999999999997,down,400,0.05,20,3.508,0.575,0.00979795897113272,0.008660254037844347,0.0,0.09999999999999953,True,1.3931218220516717,0.47606070067173867,0.16487817794832837,0.09893929932826129,single_design_dataset
88,3.137,4.585,-1.448,down,400,0.05,20,8.375000000000004,1.5399999999999998,0.008660254037844971,2.220446049250313e-16,-0.10000000000000675,0.0,True,2.9417886000615874,1.4071462197605444,0.19521139993841263,0.13285378023945538,single_design_dataset
89,1.737,3.137,-1.4,down,400,0.05,20,4.019999999999999,0.6999999999999998,8.881784197001252e-16,1.1102230246251565e-16,0.0,0.0,True,1.5595808768508055,0.5712704270204142,0.1774191231491946,0.12872957297958565,single_design_dataset
93,5.86,7.094,-1.234,down,400,0.05,20,22.158000000000005,3.1599999999999993,0.005999999999999872,8.881784197001252e-16,0.0,0.0,True,5.789377854793555,3.1247367163426882,0.07062214520644527,0.03526328365731102,single_design_dataset
94,3.543,5.86,-2.317,down,400,0.05,20,10.714999999999998,1.78,0.008660254037844971,0.0,-0.10000000000000675,0.0,True,3.466897430810885,1.7231507893478903,0.07610256918911507,0.05684921065210968,single_design_dataset
97,5.133,6.482,-1.3490000000000002,down,400,0.05,20,18.519999999999996,2.7199999999999998,3.552713678800501e-15,4.440892098500626e-16,0.0,0.0,True,5.099396623000727,2.7064882912134625,0.03360337699927296,0.013511708786537291,single_design_dataset
100,6.695,7.037,-0.34199999999999964,down,400,0.05,20,26.100000000000005,3.6720000000000006,3.552713678800501e-15,0.009797958971132722,0.0,0.10000000000000009,True,6.65669788972995,3.6485623157767804,0.038302110270050704,0.023437684223220234,single_design_dataset
101,5.197,6.695,-1.4980000000000002,down,400,0.05,20,19.492000000000004,2.7599999999999993,0.009797958971132503,4.440892098500626e-16,-0.09999999999999787,0.0,True,5.226937027675854,2.781676967579782,0.029937027675853933,0.02167696757978277,single_design_dataset
102,2.105,5.197,-3.092,down,400,0.05,20,5.659,0.9200000000000003,0.004358898943540774,2.220446049250313e-16,-0.10000000000000231,0.0,True,2.121342021252529,0.9168711321219505,0.016342021252528927,0.003128867878049779,single_design_dataset
105,2.528,4.766,-2.238,down,400,0.05,20,6.7379999999999995,1.16,0.006000000000000139,0.0,-0.10000000000000231,0.0,True,2.5115292940614284,1.1543625182278794,0.016470705938571584,0.005637481772120534,single_design_dataset
107,5.603,6.174,-0.5710000000000006,down,400,0.05,20,20.44,3.0200000000000005,0.0,4.440892098500626e-16,0.0,0.0,True,5.350198194527252,2.850351065867623,0.2528018054727479,0.16964893413237725,single_design_dataset
108,3.138,5.603,-2.465,down,400,0.05,20,9.107,1.52,0.009539392014169253,0.0,-0.09999999999999787,0.0,True,3.0792521794525496,1.4907995433670322,0.05874782054745031,0.029200456632967775,single_design_dataset
111,5.807,6.536,-0.7289999999999992,down,400,0.05,20,21.94,3.14,0.0,0.0,0.0,0.0,True,5.763369666330236,3.1090759526555636,0.0436303336697641,0.030924047344436545,single_design_dataset
112,4.182,5.807,-1.625,down,400,0.05,20,14.0,2.1599999999999993,0.0,8.881784197001252e-16,0.0,0.0,True,4.204003818454418,2.1703965946984405,0.02200381845441779,0.01039659469844123,single_design_dataset
114,6.118,6.503,-0.3849999999999998,down,400,0.05,20,23.360000000000003,3.3199999999999994,3.552713678800501e-15,4.440892098500626e-16,0.0,0.0,True,6.0688050617864,3.2897269293802185,0.0491949382136001,0.030273070619780906,single_design_dataset
115,4.213,6.118,-1.9050000000000002,down,400,0.05,20,14.342999999999998,2.18,0.007141428428542696,0.0,-0.09999999999999787,0.0,True,4.256179349966687,2.1992845584209872,0.04317934996668704,0.019284558420987086,single_design_dataset
118,3.794,6.5,-2.706,down,400,0.05,20,12.391,1.9200000000000004,0.009949874371065986,4.440892098500626e-16,-0.09999999999999787,0.0,True,3.8748905048840148,1.972710477731748,0.08089050488401472,0.05271047773174753,single_design_dataset
120,4.456,6.99,-2.534,down,400,0.05,20,15.607000000000005,2.32,0.009539392014169253,0.0,-0.09999999999999787,0.0,True,4.542955525126532,2.3721989476957512,0.08695552512653126,0.052198947695751396,single_design_dataset
121,3.285,4.456,-1.1710000000000003,down,400,0.05,20,10.089000000000002,1.6200000000000003,0.009949874371065986,2.220446049250313e-16,-0.09999999999999787,0.0,True,3.3301040363030703,1.6454708612967277,0.04510403630307014,0.025470861296727376,single_design_dataset
122,2.259,3.285,-1.0260000000000002,down,400,0.05,20,6.122000000000002,1.0,0.005999999999999873,0.0,-0.09999999999999787,0.0,True,2.2870212652551616,1.0188685331908385,0.028021265255161687,0.018868533190838477,single_design_dataset
124,2.319,3.012,-0.6930000000000001,down,400,0.05,20,6.034999999999999,1.0399999999999998,0.008660254037844586,2.220446049250313e-16,-0.10000000000000231,0.0,True,2.2525896288918568,0.9975308504645689,0.06641037110814318,0.042469149535430906,single_design_dataset
125,0.998,2.319,-1.321,down,400,0.05,20,2.3819999999999997,0.25600000000000006,0.014000000000000012,0.008000000000000007,-0.20000000000000018,-0.10000000000000009,True,0.6053568460197472,0.16328627712202765,0.39264315398025285,0.09271372287797242,single_design_dataset
127,1.35,2.439,-1.089,down,400,0.05,20,2.9230000000000005,0.45100000000000007,0.007141428428542856,0.009949874371066208,-0.10000000000000009,0.10000000000000009,True,1.155596890251347,0.33890573276968233,0.19440310974865316,0.11209426723031773,single_design_dataset
129,1.149,2.591,-1.4420000000000002,down,400,0.05,20,2.4599999999999995,0.33100000000000007,0.014142135623730963,0.00994987437106621,-0.20000000000000018,-0.10000000000000009,True,0.6053568460197472,0.16328627712202765,0.5436431539802529,0.16771372287797243,single_design_dataset
131,4.273,6.369,-2.096,down,400,0.05,20,13.559999999999999,2.2000000000000006,1.7763568394002505e-15,4.440892098500626e-16,0.0,0.0,True,4.151191717698859,2.1350643637549953,0.12180828230114038,0.06493563624500531,single_design_dataset
132,2.511,4.273,-1.7619999999999996,down,400,0.05,20,6.459999999999999,1.16,8.881784197001252e-16,0.0,0.0,0.0,True,2.419218237285453,1.0995718927795748,0.09178176271454719,0.06042810722042513,single_design_dataset
135,1.595,4.074,-2.479,down,400,0.05,20,3.724,0.5919999999999999,0.008000000000000007,0.009797958971132722,-0.10000000000000009,0.0,True,1.4671452531509688,0.5185462766247245,0.1278547468490312,0.07345372337527534,single_design_dataset
137,1.036,2.495,-1.459,down,400,0.05,20,2.2679999999999993,0.27399999999999997,0.011661903789690559,0.009165151389911688,-0.19999999999999796,-0.10000000000000009,True,0.6053568460197472,0.16328627712202765,0.4306431539802529,0.11071372287797232,single_design_dataset
140,2.999,4.313,-1.3139999999999996,down,400,0.05,20,7.740000000000002,1.4400000000000002,1.7763568394002505e-15,2.220446049250313e-16,0.0,0.0,True,2.753841107867122,1.2986719062608194,0.24515889213287823,0.14132809373918076,single_design_dataset
144,5.197,6.664,-1.4669999999999996,down,400,0.05,20,18.579999999999995,2.7599999999999993,3.552713678800501e-15,4.440892098500626e-16,0.0,0.0,True,5.104998403570465,2.709366451410558,0.09200159642953487,0.05063354858944136,single_design_dataset
145,4.519,5.197,-0.6779999999999999,down,400,0.05,20,15.217000000000002,2.36,0.007141428428543332,0.0,-0.10000000000000675,0.0,True,4.460205707197628,2.3154091819733345,0.05879429280237236,0.044590818026665424,single_design_dataset
146,2.684,4.519,-1.835,down,400,0.05,20,7.3100000000000005,1.2600000000000002,0.010000000000000231,2.220446049250313e-16,-0.10000000000000231,0.0,True,2.6499796771631527,1.2374012803216579,0.034020322836847416,0.02259871967834237,single_design_dataset
147,1.147,2.684,-1.5370000000000001,down,400,0.05,20,2.706,0.3350000000000001,0.014282856857085711,0.008660254037844393,-0.20000000000000018,-0.10000000000000009,True,0.9219749522790407,0.25873434873251705,0.22502504772095933,0.07626565126748303,single_design_dataset
149,2.144,2.975,-0.831,down,400,0.05,20,5.0169999999999995,0.9400000000000001,0.007141428428542699,1.1102230246251565e-16,0.0,0.0,True,1.9039249668190201,0.7851140006104308,0.24007503318098,0.15488599938956926,single_design_dataset
151,2.64,4.894,-2.254,down,400,0.05,20,6.773000000000001,1.2399999999999998,0.009539392014169677,2.220446049250313e-16,-0.10000000000000231,0.0,True,2.5212892536447535,1.1601779553503258,0.11871074635524659,0.07982204464967402,single_design_dataset
153,3.911,4.746,-0.8350000000000004,down,400,0.05,20,11.5,2.0,0.0,0.0,0.0,0.0,True,3.6406785422702983,1.8325489861339843,0.27032145772970173,0.16745101386601569,single_design_dataset
154,3.57,3.911,-0.3410000000000002,down,400,0.05,20,10.139999999999997,1.7999999999999996,3.552713678800501e-15,4.440892098500626e-16,0.0,0.0,True,3.3433320591785445,1.6529147166383227,0.22666794082145536,0.14708528336167692,single_design_dataset
155,2.654,3.57,-0.9159999999999999,down,400,0.05,20,6.919999999999999,1.2399999999999998,8.881784197001252e-16,2.220446049250313e-16,0.0,0.0,True,2.560229271628418,1.1834193631017702,0.09377072837158185,0.056580636898229564,single_design_dataset
158,5.895,6.647,-0.7520000000000007,down,400,0.05,20,21.959999999999997,3.18,3.552713678800501e-15,0.0,0.0,0.0,True,5.76540429915158,3.11034845165355,0.12959570084841943,0.06965154834645038,single_design_dataset
159,3.254,5.895,-2.6409999999999996,down,400,0.05,20,9.508,1.6000000000000003,0.009797958971132503,2.220446049250313e-16,-0.09999999999999787,0.0,True,3.1688205063727395,1.5487023756165104,0.08517949362726052,0.05129762438348995,single_design_dataset
162,6.291,7.107,-0.8159999999999998,down,400,0.05,20,24.38,3.4200000000000004,0.0,4.440892098500626e-16,0.0,0.0,True,6.218880380957219,3.3783223007804954,0.0721196190427813,0.04167769921950493,single_design_dataset
164,6.049,7.061,-1.0119999999999996,down,400,0.05,20,23.759999999999998,3.28,3.552713678800501e-15,0.0,0.0,0.0,True,6.084387561363928,3.299542687625587,0.035387561363927844,0.019542687625587085,single_design_dataset
165,4.604,6.049,-1.4450000000000003,down,400,0.05,20,16.436000000000003,2.4200000000000004,0.007999999999999828,4.440892098500626e-16,-0.09999999999999787,0.0,True,4.640268088841228,2.4380603817917317,0.03626808884122834,0.018060381791731306,single_design_dataset
168,5.366,6.704,-1.338,down,400,0.05,20,20.443,2.86,0.007141428428542699,0.0,-0.09999999999999787,0.0,True,5.350867270076099,2.850749288600938,0.015132729923900357,0.009250711399062084,single_design_dataset
170,3.384,6.562,-3.1780000000000004,down,400,0.05,20,10.708999999999998,1.6800000000000002,0.00994987437106687,2.220446049250313e-16,-0.10000000000000675,0.0,True,3.465808947872032,1.7224820363787128,0.08180894787203208,0.04248203637871262,single_design_dataset
171,1.892,3.384,-1.492,down,400,0.05,20,5.019999999999999,0.7799999999999999,8.881784197001252e-16,1.1102230246251565e-16,0.0,0.0,True,1.904961429425697,0.7857636638971665,0.012961429425697002,0.005763663897166538,single_design_dataset
173,1.475,2.57,-1.0949999999999998,down,400,0.05,20,3.5400000000000005,0.5389999999999999,4.440892098500626e-16,0.004358898943540678,0.0,0.10000000000000009,True,1.4048762285653755,0.48284110580699074,0.07012377143462456,0.05615889419300918,single_design_dataset
175,1.37,3.017,-1.6469999999999998,down,400,0.05,20,3.1699999999999995,0.46000000000000013,0.011832159566199242,1.1102230246251565e-16,-0.20000000000000018,0.0,True,1.2544812107939758,0.3953398399356931,0.11551878920602432,0.06466016006430703,single_design_dataset
179,3.521,6.139,-2.6180000000000003,down,400,0.05,20,10.638,1.7600000000000002,0.006000000000000405,2.220446049250313e-16,-0.10000000000000675,0.0,True,3.452928566428937,1.71456845957678,0.06807143357106282,0.045431540423220174,single_design_dataset
180,2.332,3.521,-1.189,down,400,0.05,20,6.130000000000001,1.0399999999999998,0.009999999999999787,2.220446049250313e-16,-0.09999999999999787,0.0,True,2.290223261169449,1.0208529257401366,0.041776738830551,0.019147074259863173,single_design_dataset
183,3.005,5.752,-2.747,down,400,0.05,20,8.556,1.4400000000000002,0.00800000000000054,2.220446049250313e-16,-0.10000000000000675,0.0,True,2.9885332718507573,1.4353283939017045,0.01646672814924255,0.004671606098295644,single_design_dataset
185,3.262,4.278,-1.0159999999999996,down,400,0.05,20,9.379999999999999,1.6000000000000003,1.7763568394002505e-15,2.220446049250313e-16,0.0,0.0,True,3.1358016617798743,1.5275946821979718,0.12619833822012572,0.07240531780202852,single_design_dataset
188,5.93,6.379,-0.44899999999999984,down,400,0.05,20,22.360000000000003,3.2000000000000006,3.552713678800501e-15,4.440892098500626e-16,0.0,0.0,True,5.824122424892593,3.1445674963935715,0.10587757510740659,0.05543250360642915,single_design_dataset
190,4.701,6.511,-1.8100000000000005,down,400,0.05,20,16.824999999999996,2.4729999999999994,0.008660254037844203,0.009539392014169463,-0.09999999999999787,0.0,True,4.704930321033652,2.474323329010874,0.00393032103365254,0.0013233290108747298,single_design_dataset
192,4.979,6.225,-1.2459999999999996,down,400,0.05,20,18.259999999999998,2.64,3.552713678800501e-15,0.0,0.0,0.0,True,5.03876775863459,2.671975463229943,0.05976775863458972,0.031975463229942935,single_design_dataset
193,4.508,4.979,-0.4710000000000001,down,400,0.05,20,15.920000000000002,2.36,1.7763568394002505e-15,0.0,0.0,0.0,True,4.5881966627081034,2.4048458356768605,0.08019666270810344,0.044845835676860624,single_design_dataset
194,3.35,4.508,-1.158,down,400,0.05,20,10.355,1.6599999999999997,0.008660254037844203,2.220446049250313e-16,-0.09999999999999787,0.0,True,3.394539180429521,1.6812876942528452,0.044539180429520986,0.02128769425284549,single_design_dataset
196,2.487,4.87,-2.383,down,400,0.05,20,6.999,1.1400000000000001,0.009949874371065986,2.220446049250313e-16,-0.19999999999999574,0.0,True,2.5790731347570874,1.1946714877407165,0.09207313475708734,0.054671487740716396,single_design_dataset
199,4.821,5.232,-0.4110000000000005,down,400,0.05,20,16.38,2.54,0.0,0.0,0.0,0.0,True,4.633738942162336,2.434368368505276,0.1872610578376639,0.10563163149472388,single_design_dataset
200,1.221,4.821,-3.5999999999999996,down,400,0.05,20,3.2439999999999998,0.394,0.01743559577416252,0.00916515138991169,-0.29999999999999805,-0.10000000000000009,True,1.2861529442351356,0.4137903818512895,0.06515294423513551,0.019790381851289507,single_design_dataset
203,2.642,3.953,-1.311,down,400,0.05,20,6.919999999999999,1.2399999999999998,8.881784197001252e-16,2.220446049250313e-16,0.0,0.0,True,2.560229271628418,1.1834193631017702,0.08177072837158184,0.056580636898229564,single_design_dataset
204,2.056,2.642,-0.5859999999999999,down,400,0.05,20,5.099999999999999,0.8800000000000001,8.881784197001252e-16,1.1102230246251565e-16,0.0,0.0,True,1.9325930279204626,0.8028640518826048,0.12340697207953744,0.07713594811739533,single_design_dataset
206,3.011,3.409,-0.3979999999999997,down,400,0.05,20,7.840000000000001,1.4600000000000002,8.881784197001252e-16,2.220446049250313e-16,0.0,0.0,True,2.7775923327559924,1.311790636248528,0.23340766724400774,0.1482093637514721,single_design_dataset
208,3.911,6.479,-2.568,down,400,0.05,20,12.218,2.0,0.006000000000000405,0.0,-0.10000000000000675,0.0,True,3.8529551288441843,1.9600223021050294,0.05804487115581569,0.03997769789497063,single_design_dataset
210,2.68,5.043,-2.363,down,400,0.05,20,7.400000000000001,1.2600000000000002,8.881784197001252e-16,2.220446049250313e-16,0.0,0.0,True,2.671971152732035,1.2508315761319007,0.008028847267965045,0.009168423868099573,single_design_dataset
212,3.392,5.458,-2.0660000000000003,down,400,0.05,20,10.056999999999999,1.6800000000000002,0.007141428428543333,2.220446049250313e-16,-0.10000000000000675,0.0,True,3.321804100381202,1.6408002069647454,0.07019589961879769,0.03919979303525478,single_design_dataset
214,4.611,6.083,-1.4720000000000004,down,400,0.05,20,15.777999999999997,2.4200000000000004,0.005999999999999872,4.440892098500626e-16,-0.09999999999999787,0.0,True,4.570464832119503,2.391900444898168,0.04053516788049638,0.028099555101832152,single_design_dataset
215,3.249,4.611,-1.3619999999999997,down,400,0.05,20,9.651999999999997,1.6000000000000003,0.009797958971132503,2.220446049250313e-16,-0.09999999999999787,0.0,True,3.207722946310593,1.572934924352866,0.04127705368940715,0.02706507564713423,single_design_dataset
216,2.191,3.249,-1.0580000000000003,down,400,0.05,20,5.8199999999999985,0.9600000000000002,1.7763568394002505e-15,2.220446049250313e-16,0.0,0.0,True,2.1740098859384727,0.9490846586382239,0.016990114061527173,0.010915341361776298,single_design_dataset
220,4.033,6.832,-2.7989999999999995,down,400,0.05,20,13.116,2.0600000000000005,0.00799999999999983,4.440892098500626e-16,-0.09999999999999787,0.0,True,4.018606945711023,2.0545011949028207,0.01439305428897697,0.005498805097179815,single_design_dataset
222,4.609,5.537,-0.9279999999999999,down,400,0.05,20,15.860000000000003,2.4200000000000004,3.552713678800501e-15,4.440892098500626e-16,0.0,0.0,True,4.581675626643649,2.400024800950608,0.027324373356351295,0.019975199049392156,single_design_dataset
223,3.002,4.609,-1.6070000000000002,down,400,0.05,20,8.801000000000002,1.4600000000000002,0.009949874371066363,2.220446049250313e-16,-0.20000000000000462,0.0,True,3.0396808314640973,1.4665801634221698,0.03768083146409751,0.006580163422169605,single_design_dataset
225,2.027,4.167,-2.1399999999999997,down,400,0.05,20,5.36,0.86,0.0,0.0,0.0,0.0,True,2.0223587981527222,0.8573234114382481,0.004641201847277898,0.0026765885617519025,single_design_dataset
228,1.839,3.729,-1.8900000000000001,down,400,0.05,20,4.638,0.76,0.005999999999999873,0.0,0.0,0.0,True,1.7681457489243682,0.6991192932089718,0.07085425107563181,0.060880706791028194,single_design_dataset
231,3.535,4.864,-1.3289999999999997,down,400,0.05,20,10.34,1.78,0.0,0.0,0.0,0.0,True,3.391106529146498,1.6793804948831736,0.14389347085350224,0.10061950511682638,single_design_dataset
232,1.488,3.535,-2.047,down,400,0.05,20,3.6669999999999994,0.5259999999999998,0.009539392014169465,0.009165151389911688,-0.10000000000000009,0.10000000000000009,True,1.4483836785515447,0.5077598021955744,0.03961632144845528,0.01824019780442543,single_design_dataset
236,3.758,6.065,-2.3070000000000004,down,400,0.05,20,11.599,1.8999999999999997,0.004358898943540581,2.220446049250313e-16,-0.09999999999999787,0.0,True,3.673637809416124,1.8526209303573622,0.08436219058387584,0.047379069642637495,single_design_dataset
238,1.094,4.521,-3.4269999999999996,down,400,0.05,20,2.8650000000000007,0.32000000000000006,0.016583123951777017,5.551115123125783e-17,-0.30000000000000027,0.0,True,1.134092954975861,0.3269373960119308,0.04009295497586085,0.006937396011930719,single_design_dataset
240,1.722,2.668,-0.9460000000000002,down,400,0.05,20,4.040000000000001,0.6799999999999999,8.881784197001252e-16,1.1102230246251565e-16,0.0,0.0,True,1.5655557582234452,0.574618187584061,0.1564442417765548,0.10538181241593891,single_design_dataset
243,5.146,7.121,-1.9750000000000005,down,400,0.05,20,18.600000000000005,2.7400000000000007,3.552713678800501e-15,4.440892098500626e-16,0.0,0.0,True,5.106466636125539,2.7100854781479344,0.039533363874460825,0.029914521852066223,single_design_dataset
245,3.24,5.738,-2.498,down,400,0.05,20,9.643999999999997,1.6000000000000003,0.00799999999999983,2.220446049250313e-16,-0.09999999999999787,0.0,True,3.2055476167568675,1.5715852542644204,0.03445238324313271,0.028414745735579894,single_design_dataset
247,2.722,4.02,-1.2979999999999996,down,400,0.05,20,7.547999999999999,1.2800000000000002,0.009797958971132503,2.220446049250313e-16,-0.09999999999999787,0.0,True,2.708101930127209,1.2724888781528896,0.013898069872790852,0.007511121847110669,single_design_dataset
250,4.76,5.813,-1.053,down,400,0.05,20,16.375999999999998,2.5,0.007999999999999828,0.0,-0.09999999999999787,0.0,True,4.633272574542414,2.4341046532705293,0.12672742545758542,0.06589534672947073,single_design_dataset
252,4.299,5.305,-1.0059999999999993,down,400,0.05,20,14.338,2.2199999999999998,0.005999999999999873,4.440892098500626e-16,-0.09999999999999787,0.0,True,4.2550388443276645,2.198665684451286,0.04396115567233583,0.02133431554871379,single_design_dataset
254,5.32,6.02,-0.6999999999999993,down,400,0.05,20,19.44,2.8400000000000007,0.0,8.881784197001252e-16,0.0,0.0,True,5.21759368714781,2.7759251786862325,0.1024063128521906,0.0640748213137683,single_design_dataset
255,1.853,5.32,-3.4670000000000005,down,400,0.05,20,4.984000000000001,0.748,0.00799999999999983,0.00979795897113272,-0.09999999999999787,0.10000000000000009,True,1.8925238781455724,0.7779677044563365,0.039523878145572455,0.029967704456336453,single_design_dataset
258,2.955,3.378,-0.42300000000000004,down,400,0.05,20,7.979999999999999,1.4200000000000004,1.7763568394002505e-15,4.440892098500626e-16,0.0,0.0,True,2.817010046183193,1.333969351122257,0.137989953816807,0.08603064887774337,single_design_dataset
260,2.859,3.836,-0.9769999999999999,down,400,0.05,20,7.740000000000002,1.3599999999999999,1.7763568394002505e-15,2.220446049250313e-16,0.0,0.0,True,2.753841107867122,1.2986719062608194,0.1051588921328781,0.06132809373918047,single_design_dataset
262,3.083,4.677,-1.5939999999999994,down,400,0.05,20,8.672999999999998,1.5,0.009539392014169255,0.0,-0.09999999999999787,0.0,True,3.015696065761576,1.4519338444513543,0.06730393423842429,0.048066155548645684,single_design_dataset
264,4.909,6.464,-1.5550000000000006,down,400,0.05,20,17.296999999999997,2.5940000000000003,0.007141428428542699,0.009165151389911688,-0.09999999999999787,0.10000000000000009,True,4.811674675517461,2.533852236318053,0.09732532448253917,0.060147763681947186,single_design_dataset
265,2.443,4.909,-2.4659999999999997,down,400,0.05,20,6.75,1.1000000000000003,0.009999999999999787,2.220446049250313e-16,-0.09999999999999787,0.0,True,2.5148755659185684,1.1563563823841467,0.07187556591856836,0.05635638238414642,single_design_dataset
269,5.961,6.684,-0.7229999999999999,down,400,0.05,20,22.920000000000005,3.22,3.552713678800501e-15,0.0,0.0,0.0,True,5.982573980532778,3.236231801652962,0.021573980532777703,0.016231801652961675,single_design_dataset
270,4.917,5.961,-1.0440000000000005,down,400,0.05,20,17.929000000000002,2.6000000000000005,0.009949874371065988,4.440892098500626e-16,-0.09999999999999787,0.0,True,4.9440998756122205,2.6145277809346785,0.027099875612220714,0.014527780934677992,single_design_dataset
271,3.482,4.917,-1.4349999999999996,down,400,0.05,20,10.897,1.7209999999999996,0.007141428428542699,0.004358898943540677,-0.09999999999999787,0.0,True,3.497314382473103,1.7423668915617052,0.015314382473102572,0.02136689156170557,single_design_dataset
273,4.214,5.276,-1.0619999999999994,down,400,0.05,20,14.059999999999999,2.18,1.7763568394002505e-15,0.0,0.0,0.0,True,4.208630636362184,2.1732438426115483,0.005369363637816704,0.006756157388451811,single_design_dataset
275,3.708,4.68,-0.9719999999999995,down,400,0.05,20,11.800000000000002,1.8800000000000001,1.7763568394002505e-15,2.220446049250313e-16,0.0,0.0,True,3.7440429502894736,1.8949563612446758,0.03604295028947346,0.014956361244675698,single_design_dataset
278,6.741,7.177,-0.43599999999999994,down,400,0.05,20,26.68,3.7000000000000006,0.0,4.440892098500626e-16,0.0,0.0,True,6.703004683361387,3.67684323547128,0.037995316638612664,0.023156764528720508,single_design_dataset
279,3.082,6.741,-3.659,down,400,0.05,20,9.575,1.5,0.012449899597988468,0.0,-0.19999999999999574,0.0,True,3.18678539935599,1.5599443497515786,0.10478539935599018,0.059944349751578585,single_design_dataset
283,4.878,6.662,-1.7839999999999998,down,400,0.05,20,17.919000000000004,2.5799999999999996,0.004358898943541355,4.440892098500626e-16,-0.10000000000001563,0.0,True,4.9416272485115496,2.612992053419098,0.06362724851154944,0.032992053419098166,single_design_dataset
284,2.766,4.878,-2.112,down,400,0.05,20,8.285,1.3000000000000003,0.008660254037844971,2.220446049250313e-16,-0.10000000000000675,0.0,True,2.9157157819211696,1.3916091039894611,0.14971578192116963,0.09160910398946087,single_design_dataset
287,3.513,4.992,-1.479,down,400,0.05,20,10.974000000000002,1.7399999999999998,0.009165151389911485,2.220446049250313e-16,-0.09999999999999787,0.0,True,3.5089842898073904,1.7500037710374985,0.00401571019260949,0.010003771037498721,single_design_dataset
288,2.88,3.513,-0.633,down,400,0.05,20,8.460000000000003,1.3799999999999997,1.7763568394002505e-15,2.220446049250313e-16,0.0,0.0,True,2.9647958297896624,1.4209492780778827,0.08479582978966249,0.04094927807788307,single_design_dataset
289,2.208,2.88,-0.6719999999999997,down,400,0.05,20,6.029999999999999,0.9800000000000001,0.010000000000000231,1.1102230246251565e-16,-0.10000000000000231,0.0,True,2.250610799215805,0.9963045468596109,0.042610799215804906,0.016304546859610802,single_design_dataset
291,2.801,3.49,-0.6890000000000001,down,400,0.05,20,7.740000000000002,1.32,1.7763568394002505e-15,0.0,0.0,0.0,True,2.753841107867122,1.2986719062608194,0.04715889213287827,0.021328093739180654,single_design_dataset
293,1.357,4.716,-3.359,down,400,0.05,20,3.5690000000000004,0.46000000000000013,0.0194679223339318,1.1102230246251565e-16,-0.30000000000000027,0.0,True,1.4155286594684195,0.4889858479608128,0.058528659468419564,0.02898584796081266,single_design_dataset
297,4.443,6.369,-1.9260000000000002,down,400,0.05,20,15.255,2.3039999999999994,0.008660254037844203,0.008000000000000007,-0.09999999999999787,0.0,True,4.468138651069163,2.320585047933367,0.02513865106916313,0.01658504793336757,single_design_dataset
298,3.489,4.443,-0.9539999999999997,down,400,0.05,20,10.857000000000001,1.7399999999999998,0.007141428428542698,2.220446049250313e-16,-0.09999999999999787,0.0,True,3.4910474290590474,1.738315513045004,0.002047429059047534,0.0016844869549956787,single_design_dataset
299,1.879,3.489,-1.6099999999999999,down,400,0.05,20,5.019999999999999,0.7799999999999999,8.881784197001252e-16,1.1102230246251565e-16,0.0,0.0,True,1.904961429425697,0.7857636638971665,0.025961429425696902,0.005763663897166538,single_design_dataset
300,1.057,1.879,-0.8220000000000001,down,400,0.05,20,2.692,0.2800000000000001,0.01326649916142161,5.551115123125783e-17,-0.20000000000000018,0.0,True,0.9019775071879716,0.25261707832793584,0.1550224928120283,0.027382921672064242,single_design_dataset
303,2.092,3.222,-1.13,down,400,0.05,20,5.1800000000000015,0.9200000000000003,1.7763568394002505e-15,2.220446049250313e-16,0.0,0.0,True,1.960220356201249,0.8198352746950868,0.13177964379875107,0.1001647253049135,single_design_dataset
305,2.628,3.204,-0.5760000000000001,down,400,0.05,20,6.659999999999999,1.2199999999999998,8.881784197001252e-16,2.220446049250313e-16,0.0,0.0,True,2.4872811425946386,1.139961979456485,0.1407188574053615,0.08003802054351472,single_design_dataset
306,1.346,2.628,-1.282,down,400,0.05,20,3.1699999999999995,0.44000000000000006,0.011832159566199242,5.551115123125783e-17,-0.20000000000000018,0.0,True,1.2544812107939758,0.3953398399356931,0.0915187892060243,0.04466016006430695,single_design_dataset
308,1.422,3.159,-1.7369999999999999,down,400,0.05,20,3.2880000000000003,0.484,0.00979795897113272,0.008000000000000007,-0.10000000000000009,0.10000000000000009,True,1.3052927937651826,0.4249997492059967,0.11670720623481734,0.059000250794003284,single_design_dataset
311,3.673,4.415,-0.742,down,400,0.05,20,10.419999999999998,1.86,1.7763568394002505e-15,0.0,0.0,0.0,True,3.4088341083293794,1.6892535118095426,0.26416589167062066,0.17074648819045746,single_design_dataset
312,3.159,3.673,-0.5140000000000002,down,400,0.05,20,8.599999999999998,1.5399999999999998,1.7763568394002505e-15,2.220446049250313e-16,0.0,0.0,True,2.9987885965857037,1.4415941156533323,0.16021140341429607,0.09840588434666753,single_design_dataset
313,1.929,3.159,-1.2299999999999998,down,400,0.05,20,4.739999999999999,0.8000000000000002,8.881784197001252e-16,1.1102230246251565e-16,0.0,0.0,True,1.8057102752297371,0.7232205674050489,0.1232897247702629,0.07677943259495124,single_design_dataset
316,3.055,5.081,-2.0260000000000002,down,400,0.05,20,8.430999999999997,1.48,0.009949874371065986,0.0,-0.09999999999999787,0.0,True,2.9573898275087864,1.416478857642518,0.09761017249121373,0.06352114235748196,single_design_dataset
317,1.1,3.055,-1.955,down,400,0.05,20,2.7100000000000004,0.31399999999999995,0.01341640786499875,0.009165151389911688,-0.30000000000000027,-0.10000000000000009,True,0.9276885080193469,0.2604821402766833,0.1723114919806532,0.05351785972331663,single_design_dataset
320,4.438,5.957,-1.5190000000000001,down,400,0.05,20,14.5,2.2999999999999994,0.0,4.440892098500626e-16,0.0,0.0,True,4.293320368763524,2.2193226912633506,0.14467963123647554,0.0806773087366488,single_design_dataset
323,5.053,6.426,-1.3730000000000002,down,400,0.05,20,18.186,2.68,0.009165151389911487,0.0,-0.09999999999999787,0.0,True,5.01606150856475,2.6585461358856435,0.036938491435249965,0.02145386411435668,single_design_dataset
325,5.712,6.371,-0.6590000000000007,down,400,0.05,20,21.660000000000004,3.0799999999999996,3.552713678800501e-15,4.440892098500626e-16,0.0,0.0,True,5.721603733536428,3.0828556339445807,0.009603733536428294,0.002855633944581104,single_design_dataset
327,4.814,6.12,-1.306,down,400,0.05,20,17.514999999999997,2.54,0.008660254037844201,0.0,-0.09999999999999787,0.0,True,4.852417886451488,2.5581335075061595,0.03841788645148814,0.018133507506159496,single_design_dataset
329,3.32,5.665,-2.345,down,400,0.05,20,10.398,1.64,0.010770329614268779,0.0,-0.19999999999999574,0.0,True,3.4041566119183635,1.686640212892988,0.08415661191836366,0.04664021289298814,single_design_dataset
332,4.679,6.474,-1.795,down,400,0.05,20,16.722,2.46,0.005999999999999872,0.0,-0.09999999999999787,0.0,True,4.684587221645233,2.4629500750511255,0.005587221645233065,0.0029500750511255447,single_design_dataset
333,4.239,4.679,-0.4400000000000004,down,400,0.05,20,14.51,2.18,0.009999999999999787,0.0,-0.09999999999999787,0.0,True,4.295730923005553,2.220619452468607,0.056730923005552825,0.04061945246860699,single_design_dataset
335,3.256,6.171,-2.9150000000000005,down,400,0.05,20,10.216999999999999,1.6000000000000003,0.009539392014169886,2.220446049250313e-16,-0.20000000000000462,0.0,True,3.3622177264532658,1.6633597268151783,0.10621772645326599,0.06335972681517799,single_design_dataset
336,2.693,3.256,-0.5629999999999997,down,400,0.05,20,7.805000000000002,1.2600000000000002,0.008660254037844588,2.220446049250313e-16,-0.10000000000000231,0.0,True,2.769040419129122,1.307054325191886,0.07604041912912196,0.04705432519188579,single_design_dataset
338,3.465,4.104,-0.6390000000000002,down,400,0.05,20,10.468000000000002,1.72,0.009797958971132503,0.0,-0.09999999999999787,0.0,True,3.4190395550443244,1.6949552549002083,0.04596044495567542,0.02504474509979171,single_design_dataset
339,3.093,3.465,-0.3719999999999999,down,400,0.05,20,9.020000000000001,1.5,1.7763568394002505e-15,0.0,0.0,0.0,True,3.066942669453757,1.4830969970834682,0.02605733054624304,0.016903002916531795,single_design_dataset
341,5.832,6.517,-0.6850000000000005,down,400,0.05,20,22.160000000000004,3.14,3.552713678800501e-15,0.0,0.0,0.0,True,5.789658567548251,3.1249000738512986,0.042341432451748595,0.015099926148701481,single_design_dataset
342,4.794,5.832,-1.0380000000000003,down,400,0.05,20,17.288999999999994,2.5200000000000005,0.009949874371065988,4.440892098500626e-16,-0.09999999999999787,0.0,True,4.809934825027693,2.5328607674723767,0.015934825027693833,0.012860767472376189,single_design_dataset
343,2.414,4.794,-2.3799999999999994,down,400,0.05,20,6.933999999999999,1.1000000000000003,0.009165151389911893,2.220446049250313e-16,-0.10000000000000231,0.0,True,2.563673043607032,1.185480100571957,0.1496730436070317,0.08548010057195676,single_design_dataset
344,1.128,2.414,-1.2860000000000003,down,400,0.05,20,2.9959999999999996,0.32000000000000006,0.014966629547095779,5.551115123125783e-17,-0.20000000000000018,0.0,True,1.183426329863537,0.3545408759542987,0.05542632986353713,0.03454087595429861,single_design_dataset
346,1.398,2.69,-1.292,down,400,0.05,20,3.3660000000000005,0.46900000000000003,0.009165151389911688,0.00994987437106618,-0.10000000000000009,0.09999999999999981,True,1.338034707330902,0.4441184013558076,0.05996529266909789,0.024881598644192426,single_design_dataset
348,1.596,3.47,-1.874,down,400,0.05,20,3.8589999999999995,0.5999999999999999,0.004358898943540678,1.1102230246251565e-16,0.10000000000000009,0.0,True,1.5104438702991831,0.5434970044128427,0.08555612970081694,0.05650299558715721,single_design_dataset
353,5.013,6.863,-1.8500000000000005,down,400,0.05,20,18.18,2.6599999999999993,0.0,8.881784197001252e-16,0.0,0.0,True,5.0142204612617896,2.657457271506376,0.0012204612617896515,0.0025427284936232475,single_design_dataset
355,4.808,6.202,-1.3940000000000001,down,400,0.05,20,17.420000000000005,2.54,3.552713678800501e-15,0.0,0.0,0.0,True,4.835914885279538,2.5480658903529507,0.02791488527953856,0.008065890352950689,single_design_dataset
357,3.576,5.236,-1.6599999999999997,down,400,0.05,20,11.41,1.7999999999999996,0.009999999999999787,4.440892098500626e-16,-0.09999999999999787,0.0,True,3.6115793240981118,1.8146938634050818,0.03557932409811171,0.014693863405082164,single_design_dataset
358,2.148,3.576,-1.428,down,400,0.05,20,5.8919999999999995,0.9400000000000001,0.009797958971132939,1.1102230246251565e-16,-0.10000000000000231,0.0,True,2.1989597305108433,0.9644098985421794,0.050959730510843126,0.024409898542179342,single_design_dataset
362,1.289,4.994,-3.705,down,400,0.05,20,3.4150000000000005,0.42000000000000004,0.015329709716755905,5.551115123125783e-17,-0.20000000000000018,0.0,True,1.3576915910335507,0.45555122858726493,0.06869159103355083,0.035551228587264894,single_design_dataset
364,2.652,3.277,-0.625,down,400,0.05,20,6.919999999999999,1.2399999999999998,8.881784197001252e-16,2.220446049250313e-16,0.0,0.0,True,2.560229271628418,1.1834193631017702,0.09177072837158207,0.056580636898229564,single_design_dataset
365,1.878,2.652,-0.7740000000000002,down,400,0.05,20,4.6800000000000015,0.7799999999999999,1.7763568394002505e-15,1.1102230246251565e-16,0.0,0.0,True,1.7837571107163517,0.7091972268495116,0.09424288928364821,0.07080277315048833,single_design_dataset
369,4.249,5.68,-1.431,down,400,0.05,20,13.819999999999999,2.2000000000000006,1.7763568394002505e-15,4.440892098500626e-16,0.0,0.0,True,4.192186115718918,2.1619066861029483,0.05681388428108125,0.03809331389705228,single_design_dataset
370,2.158,4.249,-2.0909999999999997,down,400,0.05,20,5.760000000000001,0.9400000000000001,8.881784197001252e-16,1.1102230246251565e-16,0.0,0.0,True,2.1534562678227576,0.9364702246104367,0.0045437321772423545,0.003529775389563339,single_design_dataset
371,1.348,2.158,-0.8099999999999998,down,400,0.05,20,3.3069999999999995,0.44000000000000006,0.009539392014169465,5.551115123125783e-17,-0.10000000000000009,0.0,True,1.3135577287895206,0.42984015783643814,0.03444227121047949,0.010159842163561916,single_design_dataset
375,4.186,6.183,-1.9969999999999999,down,400,0.05,20,13.6,2.1599999999999993,0.0,8.881784197001252e-16,0.0,0.0,True,4.1592488591552925,2.140185247155342,0.02675114084470742,0.019814752844657058,single_design_dataset
377,1.199,5.208,-4.009,down,400,0.05,20,3.223000000000001,0.38,0.015842979517754874,0.0,-0.20000000000000018,0.0,True,1.2770180160503413,0.408440456522907,0.0780180160503412,0.028440456522907,single_design_dataset
381,3.479,5.022,-1.5430000000000001,down,400,0.05,20,10.180000000000001,1.722,1.7763568394002505e-15,0.0060000000000000045,0.0,0.0,True,3.353150011966456,1.6583459702238545,0.12584998803354397,0.06365402977614543,single_design_dataset
382,2.633,3.479,-0.8460000000000001,down,400,0.05,20,7.082000000000001,1.2199999999999998,0.005999999999999873,2.220446049250313e-16,-0.09999999999999787,0.0,True,2.5970223411933713,1.2053118237783296,0.03597765880662873,0.01468817622167018,single_design_dataset
383,0.961,2.633,-1.6720000000000002,down,400,0.05,20,2.4549999999999996,0.23699999999999996,0.012449899597988744,0.007141428428542847,-0.20000000000000018,-0.09999999999999995,True,0.6053568460197472,0.16328627712202765,0.3556431539802528,0.07371372287797232,single_design_dataset
385,1.097,2.499,-1.4020000000000001,down,400,0.05,20,2.56,0.29999999999999993,0.014142135623730963,5.551115123125783e-17,-0.20000000000000018,0.0,True,0.7157133107425118,0.1961151945099929,0.3812866892574882,0.10388480549000703,single_design_dataset
388,3.128,3.869,-0.7410000000000001,down,400,0.05,20,8.28,1.52,0.0,0.0,0.0,0.0,True,2.9141661735558038,1.3906914737930276,0.21383382644419635,0.12930852620697242,single_design_dataset
391,1.769,5.037,-3.268,down,400,0.05,20,4.385999999999999,0.6959999999999998,0.00916515138991189,0.007999999999999962,-0.10000000000000231,0.0,True,1.6751938423819939,0.6391669747740195,0.09380615761800604,0.05683302522598033,single_design_dataset
394,6.255,7.144,-0.8890000000000002,down,400,0.05,20,24.360000000000003,3.4,3.552713678800501e-15,0.0,0.0,0.0,True,6.213574434588027,3.3751260764380215,0.04142556541197262,0.024873923561978373,single_design_dataset
395,5.335,6.255,-0.9199999999999999,down,400,0.05,20,20.100000000000005,2.8400000000000007,3.552713678800501e-15,8.881784197001252e-16,0.0,0.0,True,5.294839519469492,2.8186719074216833,0.040160480530508025,0.02132809257831747,single_design_dataset
396,4.538,5.335,-0.7969999999999997,down,400,0.05,20,15.943000000000001,2.36,0.007141428428543333,0.0,-0.10000000000000675,0.0,True,4.590696393199478,2.406693898988591,0.0526963931994775,0.046693898988591,single_design_dataset
397,1.04,4.538,-3.498,down,400,0.05,20,2.8980000000000006,0.29600000000000004,0.014000000000000014,0.007999999999999985,-0.20000000000000018,-0.09999999999999981,True,1.1463279526326031,0.3337469669258239,0.10632795263260308,0.037746966925823855,single_design_dataset
400,1.524,2.19,-0.6659999999999999,down,400,0.05,20,3.4799999999999995,0.5600000000000002,4.440892098500626e-16,1.1102230246251565e-16,0.0,0.0,True,1.3828367163521806,0.4701278461783931,0.14116328364781938,0.08987215382160707,single_design_dataset
402,2.64,4.019,-1.379,down,400,0.05,20,6.8,1.2399999999999998,0.0,2.220446049250313e-16,0.0,0.0,True,2.5288183653233185,1.164664149701927,0.11118163467668163,0.07533585029807277,single_design_dataset
404,2.392,3.666,-1.274,down,400,0.05,20,6.090999999999999,1.0799999999999996,0.009949874371065986,4.440892098500626e-16,-0.09999999999999787,0.0,True,2.274752521263639,1.0112654508400982,0.1172474787363611,0.0687345491599014,single_design_dataset
405,1.232,2.392,-1.16,down,400,0.05,20,2.8869999999999996,0.3670000000000001,0.013076696830622032,0.009539392014169467,-0.20000000000000018,-0.10000000000000009,True,1.1422496200803554,0.33147710995452595,0.08975037991964463,0.035522890045474154,single_design_dataset
407,2.442,2.9,-0.45799999999999974,down,400,0.05,20,5.86,1.1200000000000003,0.0,2.220446049250313e-16,0.0,0.0,True,2.187765774070052,0.9575294794695276,0.2542342259299484,0.16247052053047273,single_design_dataset
409,4.508,6.015,-1.5069999999999997,down,400,0.05,20,14.834999999999999,2.3400000000000007,0.008660254037844203,8.881784197001252e-16,-0.09999999999999787,0.0,True,4.378253635339712,2.2651373074160004,0.12974636466028766,0.07486269258400036,single_design_dataset
412,5.722,6.529,-0.8069999999999995,down,400,0.05,20,21.62,3.0799999999999996,0.0,4.440892098500626e-16,0.0,0.0,True,5.712885197555399,3.077497418794069,0.009114802444601722,0.0025025812059307206,single_design_dataset
414,5.664,6.523,-0.859,down,400,0.05,20,21.720000000000006,3.04,7.105427357601002e-15,0.0,0.0,0.0,True,5.733331407586462,3.090102321879144,0.06933140758646239,0.050102321879144096,single_design_dataset
416,6.085,6.681,-0.5960000000000001,down,400,0.05,20,23.88,3.2999999999999994,0.0,4.440892098500626e-16,0.0,0.0,True,6.095987705486723,3.3061196987690114,0.010987705486723343,0.006119698769011972,single_design_dataset
417,5.194,6.085,-0.891,down,400,0.05,20,19.780999999999995,2.7599999999999993,0.00435889894354058,4.440892098500626e-16,-0.09999999999999787,0.0,True,5.259467688016747,2.800586842288658,0.06546768801674663,0.04058684228865861,single_design_dataset
419,6.386,6.788,-0.40200000000000014,down,400,0.05,20,25.300000000000004,3.4799999999999995,3.552713678800501e-15,4.440892098500626e-16,0.0,0.0,True,6.374723757709495,3.4758369845180472,0.0112762422905055,0.0041630154819523035,single_design_dataset
421,6.245,7.029,-0.7839999999999998,down,400,0.05,20,25.160000000000004,3.4,3.552713678800501e-15,0.0,0.0,0.0,True,6.340616287678263,3.4546399058665096,0.09561628767826313,0.054639905866509686,single_design_dataset
423,5.245,6.781,-1.5359999999999996,down,400,0.05,20,20.621000000000002,2.782,0.0043588989435405815,0.0060000000000000045,-0.09999999999999787,0.0,True,5.395157986820394,2.877679907726236,0.1501579868203935,0.09567990772623602,single_design_dataset
424,2.299,5.245,-2.946,down,400,0.05,20,6.769,1.02,0.00994987437106643,0.0,-0.10000000000000231,0.0,True,2.5201738296923737,1.1595133339649033,0.22117382969237376,0.13951333396490329,single_design_dataset
426,2.532,3.124,-0.5920000000000001,down,400,0.05,20,7.072,1.16,0.009797958971132939,0.0,-0.10000000000000231,0.0,True,2.594859786201048,1.2040298555810267,0.06285978620104782,0.04402985558102679,single_design_dataset
430,2.751,6.363,-3.6120000000000005,down,400,0.05,20,8.134,1.3000000000000003,0.009165151389912298,2.220446049250313e-16,-0.10000000000000675,0.0,True,2.867209717509395,1.3630302845219515,0.11620971750939502,0.06303028452195125,single_design_dataset
432,3.489,4.976,-1.487,down,400,0.05,20,10.861,1.7399999999999998,0.004358898943540968,2.220446049250313e-16,-0.10000000000000675,0.0,True,3.491713371181547,1.7387367912072613,0.0027133711815472417,0.001263208792738446,single_design_dataset
436,5.382,6.096,-0.7140000000000004,down,400,0.05,20,20.199999999999996,2.8800000000000003,3.552713678800501e-15,4.440892098500626e-16,0.0,0.0,True,5.307933337211326,2.825801221666128,0.07406666278867391,0.05419877833387243,single_design_dataset
438,5.452,6.359,-0.907,down,400,0.05,20,20.94,2.9200000000000004,0.0,4.440892098500626e-16,0.0,0.0,True,5.486974787440663,2.9354702254493095,0.03497478744066296,0.015470225449309094,single_design_dataset
439,1.328,5.452,-4.124,down,400,0.05,20,3.879,0.458,0.021424285285628567,0.006000000000000005,-0.40000000000000036,-0.10000000000000009,True,1.516678736226197,0.5470508965401268,0.18867873622619702,0.08905089654012682,single_design_dataset
442,4.644,5.983,-1.3389999999999995,down,400,0.05,20,16.362000000000002,2.4399999999999995,0.005999999999999872,4.440892098500626e-16,-0.09999999999999787,0.0,True,4.631640287872692,2.433181649948916,0.012359712127308242,0.006818350051083666,single_design_dataset
445,5.429,6.785,-1.3559999999999999,down,400,0.05,20,21.0,2.8999999999999995,0.0,4.440892098500626e-16,0.0,0.0,True,5.5071847688412445,2.9482454453712696,0.07818476884124426,0.04824544537127018,single_design_dataset
447,6.024,6.727,-0.7030000000000003,down,400,0.05,20,24.019999999999996,3.2599999999999993,3.552713678800501e-15,4.440892098500626e-16,0.0,0.0,True,6.123009446417862,3.3217665006077697,0.09900944641786236,0.061766500607770336,single_design_dataset
448,5.124,6.024,-0.9000000000000004,down,400,0.05,20,19.803000000000004,2.7199999999999998,0.007141428428542699,4.440892098500626e-16,-0.09999999999999787,0.0,True,5.2618901370419096,2.801873966164413,0.1378901370419099,0.08187396616441323,single_design_dataset
449,2.788,5.124,-2.336,down,400,0.05,20,8.566,1.32,0.009165151389911487,0.0,-0.09999999999999787,0.0,True,2.9909138849147503,1.4367783515556238,0.2029138849147505,0.11677835155562377,single_design_dataset
450,1.848,2.788,-0.9399999999999997,down,400,0.05,20,5.143,0.74,0.007141428428543016,0.0,-0.10000000000000231,0.0,True,1.9474442089632908,0.8120312168496024,0.09944420896329076,0.07203121684960245,single_design_dataset
451,1.222,1.848,-0.6260000000000001,down,400,0.05,20,3.223000000000001,0.36000000000000004,0.015842979517754874,5.551115123125783e-17,-0.20000000000000018,0.0,True,1.2770180160503413,0.408440456522907,0.05501801605034129,0.04844045652290696,single_design_dataset
453,1.273,2.038,-0.7649999999999999,down,400,0.05,20,3.1090000000000004,0.3980000000000001,0.00994987437106621,0.0060000000000000045,-0.10000000000000009,0.0,True,1.228750776967052,0.3804231370290993,0.04424922303294787,0.017576862970900775,single_design_dataset
458,4.178,6.946,-2.768,down,400,0.05,20,14.397,2.1599999999999993,0.007141428428542699,8.881784197001252e-16,-0.09999999999999787,0.0,True,4.268496810868136,2.2059683972937596,0.0904968108681361,0.045968397293760344,single_design_dataset
460,1.94,4.764,-2.8240000000000003,down,400,0.05,20,5.3199999999999985,0.8000000000000002,1.7763568394002505e-15,1.1102230246251565e-16,0.0,0.0,True,2.008552644598854,0.8490649797967929,0.06855264459885424,0.049064979796792696,single_design_dataset
461,1.303,1.94,-0.637,down,400,0.05,20,3.342,0.41200000000000003,0.010770329614269018,0.009797958971132692,-0.10000000000000009,0.0,True,1.3284068459255227,0.43851864924244066,0.02540684592552278,0.02651864924244063,single_design_dataset
464,2.805,3.77,-0.9649999999999999,down,400,0.05,20,7.538000000000001,1.32,0.006000000000000139,0.0,-0.10000000000000231,0.0,True,2.705679338905004,1.2710570765655487,0.09932066109499615,0.04894292343445139,single_design_dataset
465,2.026,2.805,-0.7790000000000004,down,400,0.05,20,5.1240000000000006,0.86,0.00799999999999983,0.0,-0.09999999999999787,0.0,True,1.940882059200181,0.8079806090734875,0.08511794079981883,0.05201939092651253,single_design_dataset
467,1.423,3.118,-1.6949999999999998,down,400,0.05,20,3.467999999999999,0.4800000000000001,0.009797958971132722,1.1102230246251565e-16,-0.10000000000000009,0.0,True,1.3784288139095415,0.46758519425267353,0.044571186090458514,0.012414805747326563,single_design_dataset
469,1.53,4.642,-3.112,down,400,0.05,20,3.812,0.5519999999999999,0.014696938456699083,0.009797958971132722,-0.30000000000000027,-0.10000000000000009,True,1.495722595269076,0.53509038086478,0.034277404730924,0.016909619135219933,single_design_dataset
472,5.09,6.291,-1.2010000000000005,down,400,0.05,20,18.18,2.7000000000000006,0.0,4.440892098500626e-16,0.0,0.0,True,5.0142204612617896,2.657457271506376,0.0757795387382103,0.042542728493624615,single_design_dataset
474,5.744,6.888,-1.1440000000000001,down,400,0.05,20,22.220000000000006,3.1000000000000005,7.105427357601002e-15,4.440892098500626e-16,0.0,0.0,True,5.799144836712005,3.1303557943120954,0.055144836712004874,0.030355794312094897,single_design_dataset
476,4.727,6.992,-2.2649999999999997,down,400,0.05,20,17.469999999999995,2.4799999999999995,0.009999999999999787,4.440892098500626e-16,-0.09999999999999787,0.0,True,4.844802106123217,2.553447268131519,0.11780210612321707,0.07344726813151947,single_design_dataset
478,6.1,7.012,-0.9119999999999999,down,400,0.05,20,24.420000000000005,3.2999999999999994,3.552713678800501e-15,4.440892098500626e-16,0.0,0.0,True,6.229022488292027,3.384476322034339,0.12902248829202723,0.08447632203433963,single_design_dataset
480,5.136,7.17,-2.034,down,400,0.05,20,20.061,2.7199999999999998,0.0043588989435405815,4.440892098500626e-16,-0.09999999999999787,0.0,True,5.290480258438315,2.8164394199521254,0.1544802584383147,0.09643941995212568,single_design_dataset
481,3.955,5.136,-1.181,down,400,0.05,20,13.807000000000002,2.0200000000000005,0.009539392014169255,4.440892098500626e-16,-0.09999999999999787,0.0,True,4.191144133404228,2.1611435917774657,0.23614413340422757,0.14114359177746527,single_design_dataset
482,2.61,3.955,-1.3450000000000002,down,400,0.05,20,7.748000000000002,1.1999999999999997,0.009797958971132503,2.220446049250313e-16,-0.09999999999999787,0.0,True,2.7557117923301373,1.2997035885907968,0.14571179233013742,0.09970358859079709,single_design_dataset
484,2.244,3.773,-1.529,down,400,0.05,20,6.292,0.9800000000000001,0.009797958971132503,1.1102230246251565e-16,-0.09999999999999787,0.0,True,2.3560975821594914,1.0615070778732434,0.11209758215949117,0.0815070778732433,single_design_dataset
487,1.828,6.484,-4.656,down,400,0.05,20,5.090000000000001,0.7260000000000002,0.022360679774998015,0.00916515138991169,-0.3000000000000025,-0.10000000000000009,True,1.9291392648872474,0.800732153053071,0.10113926488724734,0.0747321530530708,single_design_dataset
490,3.342,4.144,-0.802,down,400,0.05,20,9.842,1.64,0.005999999999999873,0.0,0.0,0.0,True,3.2619373976526616,1.605728547406603,0.08006260234733853,0.03427145259339692,single_design_dataset
492,3.773,4.742,-0.9689999999999999,down,400,0.05,20,11.800000000000002,1.8999999999999997,1.7763568394002505e-15,2.220446049250313e-16,0.0,0.0,True,3.7440429502894736,1.8949563612446758,0.028957049710526483,0.005043638755323876,single_design_dataset
495,2.833,6.643,-3.8099999999999996,down,400,0.05,20,8.512,1.34,0.009797958971132503,0.0,-0.09999999999999787,0.0,True,2.9776536109060885,1.4287379658157862,0.1446536109060883,0.08873796581578608,single_design_dataset
497,2.48,4.832,-2.352,down,400,0.05,20,7.130000000000001,1.1200000000000003,0.009999999999999787,2.220446049250313e-16,-0.09999999999999787,0.0,True,2.6077617995642313,1.2117466958890175,0.12776179956423128,0.09174669588901718,single_design_dataset
499,0.994,3.272,-2.2779999999999996,down,400,0.05,20,2.7739999999999996,0.25999999999999995,0.014282856857085711,5.551115123125783e-17,-0.20000000000000018,0.0,True,1.0219378173995703,0.2899047786208323,0.027937817399570353,0.02990477862083235,single_design_dataset
502,4.212,6.624,-2.412,down,400,0.05,20,14.160000000000002,2.18,1.7763568394002505e-15,0.0,0.0,0.0,True,4.219884415432338,2.1796323183872985,0.007884415432338088,0.00036768161270162025,single_design_dataset
503,3.376,4.212,-0.8359999999999999,down,400,0.05,20,10.319999999999999,1.6599999999999997,1.7763568394002505e-15,2.220446049250313e-16,0.0,0.0,True,3.3865296607691335,1.6768375623902785,0.010529660769133642,0.016837562390278782,single_design_dataset
504,2.877,3.376,-0.4990000000000001,down,400,0.05,20,8.28,1.3599999999999999,0.0,2.220446049250313e-16,0.0,0.0,True,2.9141661735558038,1.3906914737930276,0.03716617355580398,0.030691473793027724,single_design_dataset
505,1.866,2.877,-1.0109999999999997,down,400,0.05,20,4.918000000000001,0.76,0.005999999999999873,0.0,-0.09999999999999787,0.0,True,1.8697217007986762,0.7636751121481472,0.003721700798676064,0.003675112148147197,single_design_dataset
509,3.067,4.639,-1.572,down,400,0.05,20,8.78,1.48,0.0,0.0,0.0,0.0,True,3.0358138236738554,1.4642190910135857,0.031186176326144732,0.015780908986414266,single_design_dataset
511,3.121,6.295,-3.174,down,400,0.05,20,9.285,1.52,0.008660254037844971,0.0,-0.10000000000000675,0.0,True,3.112611552888244,1.5124502324404465,0.008388447111756125,0.0075497675595535,single_design_dataset
513,3.217,5.545,-2.328,down,400,0.05,20,9.732,1.5799999999999996,0.009797958971132505,4.440892098500626e-16,-0.09999999999999787,0.0,True,3.2302609264528814,1.5866220382889802,0.01326092645288135,0.0066220382889805585,single_design_dataset
515,2.152,4.421,-2.269,down,400,0.05,20,5.938000000000001,0.937,0.006000000000000139,0.007141428428542815,-0.10000000000000231,0.09999999999999953,True,2.21597198269634,0.9749066671029858,0.06397198269633986,0.037906667102985736,single_design_dataset
516,0.956,2.152,-1.1960000000000002,down,400,0.05,20,2.5909999999999997,0.22399999999999998,0.013379088160259666,0.007999999999999995,-0.20000000000000018,-0.09999999999999995,True,0.7582769238859723,0.2087770475616496,0.19772307611402762,0.015222952438350368,single_design_dataset
519,3.85,5.312,-1.4620000000000002,down,400,0.05,20,12.080000000000002,1.9600000000000002,1.7763568394002505e-15,2.220446049250313e-16,0.0,0.0,True,3.829985984249302,1.946036604617443,0.020014015750698277,0.013963395382557087,single_design_dataset
521,3.974,5.274,-1.2999999999999998,down,400,0.05,20,12.839000000000002,2.0200000000000005,0.004358898943540581,4.440892098500626e-16,-0.09999999999999787,0.0,True,3.937061364265345,2.0067772019458743,0.03693863573465528,0.013222798054126184,single_design_dataset
523,4.907,5.734,-0.827,down,400,0.05,20,17.459999999999997,2.5799999999999996,3.552713678800501e-15,4.440892098500626e-16,0.0,0.0,True,4.843109710494713,2.5524058816038213,0.06389028950528708,0.027594118396178313,single_design_dataset
524,3.044,4.907,-1.863,down,400,0.05,20,9.175,1.47,0.008660254037844203,0.010000000000000009,-0.09999999999999787,0.10000000000000009,True,3.090131193665699,1.4977186948990187,0.046131193665698955,0.02771869489901868,single_design_dataset
526,2.982,4.131,-1.149,down,400,0.05,20,8.800000000000002,1.4230000000000003,1.7763568394002505e-15,0.007141428428542856,0.0,0.10000000000000009,True,3.0394966882359906,1.4664677314027135,0.05749668823599041,0.043467731402713206,single_design_dataset
528,3.028,4.708,-1.6800000000000002,down,400,0.05,20,8.966000000000003,1.4600000000000002,0.009165151389911485,2.220446049250313e-16,-0.09999999999999787,0.0,True,3.060966290090317,1.4794988702406378,0.03296629009031715,0.019498870240637567,single_design_dataset
530,1.786,4.001,-2.2150000000000003,down,400,0.05,20,4.816999999999999,0.7120000000000001,0.007141428428543015,0.00979795897113272,-0.10000000000000231,0.0,True,1.833665373512163,0.7409876726788213,0.047665373512163045,0.028987672678821186,single_design_dataset
532,1.907,3.547,-1.6400000000000001,down,400,0.05,20,5.017999999999999,0.7799999999999999,0.005999999999999873,1.1102230246251565e-16,-0.09999999999999787,0.0,True,1.904270454354579,0.7853305550393426,0.00272954564542105,0.005330555039342655,single_design_dataset
534,1.655,3.602,-1.9469999999999998,down,400,0.05,20,4.260000000000001,0.6400000000000001,8.881784197001252e-16,1.1102230246251565e-16,0.0,0.0,True,1.6326296419927697,0.6130318141157934,0.022370358007230307,0.026968185884206686,single_design_dataset
536,2.628,3.291,-0.6629999999999998,down,400,0.05,20,6.916999999999999,1.2199999999999998,0.007141428428542698,2.220446049250313e-16,0.0,0.0,True,2.5594913204901437,1.1829777765010159,0.0685086795098564,0.037022223498983875,single_design_dataset
537,1.115,2.628,-1.5130000000000001,down,400,0.05,20,2.844,0.32000000000000006,0.014966629547095779,5.551115123125783e-17,-0.20000000000000018,0.0,True,1.125800883792771,0.32248620158225866,0.01080088379277111,0.002486201582258596,single_design_dataset
539,3.928,5.628,-1.7000000000000002,down,400,0.05,20,12.259999999999998,2.0,1.7763568394002505e-15,0.0,0.0,0.0,True,3.85834376925399,1.9631781264403798,0.06965623074601002,0.03682187355962019,single_design_dataset
540,2.046,3.928,-1.8820000000000001,down,400,0.05,20,5.379999999999999,0.86,8.881784197001252e-16,0.0,0.0,0.0,True,2.0292618749296554,0.8614526272589753,0.016738125070344445,0.0014526272589753253,single_design_dataset
541,1.3,2.046,-0.7459999999999998,down,400,0.05,20,3.2090000000000005,0.40700000000000003,0.00994987437106621,0.009539392014169437,-0.10000000000000009,0.09999999999999981,True,1.2709318160275833,0.4048767483513846,0.029068183972416728,0.002123251648615432,single_design_dataset
545,2.36,3.147,-0.7869999999999999,down,400,0.05,20,5.899000000000001,1.0599999999999998,0.004358898943540774,2.220446049250313e-16,0.0,0.0,True,2.2015485514955935,0.9660072328883893,0.1584514485044064,0.09399276711161053,single_design_dataset
549,5.902,6.782,-0.8799999999999999,down,400,0.05,20,22.759999999999998,3.182,3.552713678800501e-15,0.006000000000000005,0.0,0.0,True,5.925285022347635,3.2028325988889517,0.023285022347635298,0.020832598888951726,single_design_dataset
550,4.78,5.902,-1.1219999999999999,down,400,0.05,20,17.262999999999998,2.5200000000000005,0.007141428428542697,4.440892098500626e-16,-0.09999999999999787,0.0,True,4.804280310935952,2.529638493723929,0.024280310935951732,0.009638493723928665,single_design_dataset
552,4.157,5.579,-1.4219999999999997,down,400,0.05,20,14.214999999999998,2.14,0.008660254037844971,0.0,-0.10000000000000675,0.0,True,4.229842340934814,2.1850156001464103,0.07284234093481423,0.04501560014641015,single_design_dataset
555,5.723,6.896,-1.173,down,400,0.05,20,22.33,3.0799999999999996,0.009999999999999787,4.440892098500626e-16,-0.09999999999999787,0.0,True,5.818296932082026,3.141275535095694,0.09529693208202605,0.06127553509569417,single_design_dataset
557,4.994,6.767,-1.7730000000000006,down,400,0.05,20,19.0,2.64,0.0,0.0,0.0,0.0,True,5.138030847693858,2.7272626819528565,0.1440308476938581,0.08726268195285636,single_design_dataset
558,3.266,4.994,-1.7279999999999998,down,400,0.05,20,10.470000000000002,1.6000000000000003,0.009999999999999787,2.220446049250313e-16,-0.09999999999999787,0.0,True,3.4194647819907806,1.695192827528986,0.15346478199078062,0.09519282752898572,single_design_dataset
559,1.465,3.266,-1.801,down,400,0.05,20,4.047,0.502,0.017058722109232,0.0060000000000000045,-0.3000000000000025,-0.10000000000000009,True,1.5676469667038686,0.5757899037813371,0.10264696670386853,0.0737899037813371,single_design_dataset
560,0.997,1.465,-0.4680000000000001,down,400,0.05,20,2.66,0.24000000000000005,0.014142135623730963,5.551115123125783e-17,-0.20000000000000018,0.0,True,0.8562690612655273,0.2386347459746072,0.14073093873447273,0.001365254025392837,single_design_dataset
562,2.503,3.15,-0.6469999999999998,down,400,0.05,20,6.540000000000001,1.154,8.881784197001252e-16,0.009165151389911688,0.0,0.0,True,2.4474292884729167,1.1163382624750864,0.05557071152708337,0.03766173752491353,single_design_dataset
563,1.634,2.503,-0.8690000000000002,down,400,0.05,20,4.08,0.6199999999999999,0.0,1.1102230246251565e-16,0.0,0.0,True,1.577442995127679,0.5812757585301352,0.05655700487232096,0.03872424146986464,single_design_dataset
565,1.114,2.37,-1.256,down,400,0.05,20,2.7409999999999997,0.30799999999999994,0.014798648586948586,0.00979795897113272,-0.19999999999999796,-0.10000000000000009,True,0.9729738003856332,0.27454496493901714,0.1410261996143669,0.033455035060982796,single_design_dataset
569,3.979,6.352,-2.373,down,400,0.05,20,12.732,2.04,0.009797958971132505,0.0,-0.09999999999999787,0.0,True,3.91865546296354,1.996570332888399,0.06034453703645992,0.04342966711160101,single_design_dataset
571,3.402,4.487,-1.085,down,400,0.05,20,10.281,1.6800000000000002,0.004358898943540968,2.220446049250313e-16,-0.10000000000000675,0.0,True,3.3776047674332745,1.6718788440291334,0.0243952325667256,0.008121155970866711,single_design_dataset
572,2.476,3.402,-0.9260000000000002,down,400,0.05,20,6.773000000000001,1.1200000000000003,0.009539392014169677,2.220446049250313e-16,-0.10000000000000231,0.0,True,2.5212892536447535,1.1601779553503258,0.04528925364475356,0.04017795535032542,single_design_dataset
573,1.36,2.476,-1.1159999999999999,down,400,0.05,20,3.4240000000000004,0.44600000000000006,0.008000000000000007,0.009165151389911688,-0.10000000000000009,0.10000000000000009,True,1.3613020390605677,0.4576511356297775,0.0013020390605675836,0.011651135629777432,single_design_dataset
576,1.602,2.754,-1.152,down,400,0.05,20,3.825999999999999,0.5999999999999999,0.009165151389911688,1.1102230246251565e-16,0.0,0.0,True,1.5001563415196106,0.5376330824028238,0.10184365848038945,0.06236691759717605,single_design_dataset
579,2.877,5.106,-2.229,down,400,0.05,20,7.900000000000001,1.3599999999999999,8.881784197001252e-16,2.220446049250313e-16,0.0,0.0,True,2.793935258625351,1.320929135279692,0.08306474137464859,0.03907086472030796,single_design_dataset
580,2.516,2.877,-0.36099999999999977,down,400,0.05,20,6.6129999999999995,1.16,0.009539392014169678,0.0,-0.10000000000000231,0.0,True,2.4725851278030353,1.1312357354235858,0.043414872196964716,0.028764264576414122,single_design_dataset
581,0.963,2.516,-1.553,down,400,0.05,20,2.4609999999999994,0.23699999999999996,0.013379088160259664,0.007141428428542847,-0.20000000000000018,-0.09999999999999995,True,0.6053568460197472,0.16328627712202765,0.3576431539802528,0.07371372287797232,single_design_dataset
584,1.17,3.313,-2.1430000000000002,down,400,0.05,20,2.7990000000000004,0.33999999999999997,0.014798648586948755,5.551115123125783e-17,-0.20000000000000018,0.0,True,1.0590317696828575,0.30154100110705634,0.11096823031714242,0.03845899889294363,single_design_dataset
587,3.076,4.153,-1.0769999999999995,down,400,0.05,20,8.239,1.48,0.004358898943540581,0.0,-0.09999999999999787,0.0,True,2.901459384959806,1.383166906182275,0.17454061504019425,0.09683309381772509,single_design_dataset
590,1.528,5.964,-4.436,down,400,0.05,20,3.9819999999999984,0.5600000000000002,0.01886796226411318,1.1102230246251565e-16,-0.29999999999999805,0.0,True,1.5482286022427914,0.5649096819494859,0.020228602242791327,0.004909681949485711,single_design_dataset
594,3.456,6.755,-3.299,down,400,0.05,20,10.511,1.72,0.009949874371065986,0.0,-0.09999999999999787,0.0,True,3.4281007890279396,1.7000418700836126,0.027899210972060384,0.019958129916387346,single_design_dataset
595,2.968,3.456,-0.488,down,400,0.05,20,8.453999999999999,1.4200000000000004,0.009165151389912298,4.440892098500626e-16,-0.10000000000000675,0.0,True,2.963312239660843,1.4200505833388932,0.004687760339157077,5.058333889285116e-05,single_design_dataset
596,1.709,2.968,-1.259,down,400,0.05,20,4.36,0.66,0.0,0.0,0.0,0.0,True,1.6661796465980205,0.6335445213939582,0.04282035340197954,0.026455478606041805,single_design_dataset
599,3.093,4.126,-1.0330000000000004,down,400,0.05,20,8.520000000000001,1.5,1.7763568394002505e-15,0.0,0.0,0.0,True,2.9796317310778466,1.4299362254677714,0.11336826892215335,0.07006377453222856,single_design_dataset
602,4.58,6.126,-1.5460000000000003,down,400,0.05,20,15.699999999999998,2.3999999999999995,1.7763568394002505e-15,4.440892098500626e-16,0.0,0.0,True,4.558684502739517,2.3834266082409323,0.021315497260482985,0.016573391759067135,single_design_dataset
604,4.159,5.437,-1.2780000000000005,down,400,0.05,20,13.871000000000004,2.14,0.00994987437106687,0.0,-0.10000000000000675,0.0,True,4.196273892491936,2.1649003638413817,0.037273892491936245,0.024900363841381612,single_design_dataset
606,2.964,5.398,-2.4339999999999997,down,400,0.05,20,8.798,1.4200000000000004,0.008717797887081711,4.440892098500626e-16,-0.20000000000000462,0.0,True,3.0391284017797764,1.4662428673638004,0.07512840177977642,0.04624286736380001,single_design_dataset
608,2.209,5.226,-3.017,down,400,0.05,20,6.1290000000000004,0.9600000000000002,0.009949874371065988,2.220446049250313e-16,-0.09999999999999787,0.0,True,2.2898102280601513,1.0205969264657933,0.08081022806015126,0.060596926465793066,single_design_dataset
611,2.853,4.367,-1.5139999999999998,down,400,0.05,20,8.113999999999999,1.3599999999999999,0.009165151389911485,2.220446049250313e-16,-0.09999999999999787,0.0,True,2.8604539823118187,1.3590770530376697,0.007453982311818486,0.0009229469623301956,single_design_dataset
614,5.625,6.583,-0.9580000000000002,down,400,0.05,20,21.384999999999998,3.0200000000000005,0.008660254037844203,4.440892098500626e-16,-0.09999999999999787,0.0,True,5.650504017601588,3.038572207256838,0.02550401760158838,0.018572207256837725,single_design_dataset
615,4.064,5.625,-1.561,down,400,0.05,20,13.696000000000002,2.0799999999999996,0.007999999999999828,4.440892098500626e-16,-0.09999999999999787,0.0,True,4.176805905445236,2.1514717449500123,0.11280590544523594,0.07147174495001263,single_design_dataset
616,2.308,4.064,-1.7560000000000002,down,400,0.05,20,6.548,1.02,0.009797958971132503,0.0,-0.09999999999999787,0.0,True,2.450186092783066,1.1179708622502642,0.14218609278306626,0.09797086225026419,single_design_dataset
619,5.715,6.762,-1.0469999999999997,down,400,0.05,20,22.141999999999996,3.0799999999999996,0.005999999999999872,4.440892098500626e-16,-0.09999999999999787,0.0,True,5.787132152755985,3.1234298562738045,0.0721321527559855,0.04342985627380491,single_design_dataset
620,4.581,5.715,-1.1339999999999995,down,400,0.05,20,16.506,2.3999999999999995,0.009165151389911487,4.440892098500626e-16,-0.09999999999999787,0.0,True,4.649541648025678,2.4432869092693554,0.0685416480256773,0.043286909269355967,single_design_dataset
621,2.659,4.581,-1.9220000000000006,down,400,0.05,20,7.894,1.2399999999999998,0.00916515138991189,2.220446049250313e-16,-0.10000000000000231,0.0,True,2.792300966038415,1.3200152853765754,0.13330096603841524,0.08001528537657565,single_design_dataset
625,4.227,5.108,-0.8809999999999993,down,400,0.05,20,14.1,2.18,0.0,0.0,0.0,0.0,True,4.212962718253915,2.1757151723943973,0.014037281746085206,0.004284827605602892,single_design_dataset
626,3.458,4.227,-0.7690000000000001,down,400,0.05,20,10.78,1.72,0.0,0.0,0.0,0.0,True,3.4782280432009296,1.7302059084215522,0.020228043200929413,0.010205908421552223,single_design_dataset
629,4.441,5.442,-1.0010000000000003,down,400,0.05,20,15.199999999999998,2.2999999999999994,1.7763568394002505e-15,4.440892098500626e-16,0.0,0.0,True,4.456681341359877,2.313123548115599,0.015681341359877088,0.013123548115599792,single_design_dataset
630,1.612,4.441,-2.8289999999999997,down,400,0.05,20,4.489999999999999,0.5999999999999999,0.02049390153191902,1.1102230246251565e-16,-0.29999999999999805,0.0,True,1.712903867657018,0.663298419490796,0.10090386765701798,0.06329841949079618,single_design_dataset
632,2.3,3.464,-1.1640000000000001,down,400,0.05,20,6.2509999999999994,1.02,0.009949874371065986,0.0,-0.09999999999999787,0.0,True,2.340164435365936,1.0518005836165898,0.04016443536593606,0.03180058361658977,single_design_dataset
634,1.136,5.993,-4.857,down,400,0.05,20,3.2649999999999997,0.344,0.01658312395177688,0.007999999999999985,-0.29999999999999805,-0.09999999999999981,True,1.2952878724199306,0.4191403071796724,0.1592878724199307,0.0751403071796724,single_design_dataset
636,1.408,2.487,-1.0790000000000002,down,400,0.05,20,3.5,0.4800000000000001,0.0,1.1102230246251565e-16,0.0,0.0,True,1.3901832204232456,0.47436559938792566,0.017816779576754316,0.0056344006120744305,single_design_dataset
639,1.843,6.165,-4.322,down,400,0.05,20,4.855,0.74,0.015329709716755955,0.0,-0.20000000000000018,0.0,True,1.847259599599466,0.7495435249933946,0.004259599599466091,0.009543524993394614,single_design_dataset
643,4.608,6.588,-1.9800000000000004,down,400,0.05,20,16.32,2.4200000000000004,0.0,4.440892098500626e-16,0.0,0.0,True,4.627345241728271,2.4307393328887557,0.019345241728271567,0.010739332888755282,single_design_dataset
645,3.955,5.064,-1.109,down,400,0.05,20,13.169,2.0200000000000005,0.009949874371065988,4.440892098500626e-16,-0.09999999999999787,0.0,True,4.0387886323725395,2.066510000609796,0.08378863237253942,0.04651000060979538,single_design_dataset
646,3.407,3.955,-0.548,down,400,0.05,20,10.639999999999997,1.6800000000000002,3.552713678800501e-15,2.220446049250313e-16,0.0,0.0,True,3.453291394075221,1.7147913772331722,0.04629139407522098,0.03479137723317205,single_design_dataset
647,2.791,3.407,-0.6160000000000001,down,400,0.05,20,8.137,1.32,0.007141428428543333,0.0,-0.10000000000000675,0.0,True,2.868223077789031,1.3636232692445938,0.07722307778903126,0.0436232692445937,single_design_dataset
648,1.29,2.791,-1.501,down,400,0.05,20,3.442,0.4050000000000001,0.01536229149573723,0.00866025403784437,-0.20000000000000018,-0.09999999999999981,True,1.368522935114602,0.46185094971480256,0.07852293511460195,0.05685094971480248,single_design_dataset
650,3.752,4.994,-1.242,down,400,0.05,20,11.639999999999997,1.8999999999999997,3.552713678800501e-15,2.220446049250313e-16,0.0,0.0,True,3.6877854449393626,1.861159546766521,0.06421455506063722,0.03884045323347873,single_design_dataset
652,2.478,4.445,-1.967,down,400,0.05,20,6.962999999999999,1.1200000000000003,0.0071414284285430145,2.220446049250313e-16,-0.10000000000000231,0.0,True,2.570806571277018,1.1897487710459156,0.09280657127701764,0.06974877104591526,single_design_dataset
655,4.206,5.278,-1.0719999999999992,down,400,0.05,20,13.761999999999997,2.174,0.005999999999999873,0.00916515138991169,-0.09999999999999787,0.0,True,4.185943143234857,2.157577446659501,0.02005685676514357,0.016422553340499135,single_design_dataset
657,5.974,6.294,-0.3199999999999994,down,400,0.05,20,22.740000000000002,3.2400000000000007,3.552713678800501e-15,4.440892098500626e-16,0.0,0.0,True,5.918533001584446,3.1989319735528268,0.0554669984155538,0.04106802644717389,single_design_dataset
658,5.133,5.974,-0.8410000000000002,down,400,0.05,20,19.100000000000005,2.7199999999999998,3.552713678800501e-15,4.440892098500626e-16,0.0,0.0,True,5.153972678019509,2.73691741818215,0.020972678019509416,0.01691741818215009,single_design_dataset
659,1.401,5.133,-3.732,down,400,0.05,20,4.026999999999999,0.4830000000000001,0.022158519806160258,0.007141428428542858,-0.29999999999999805,-0.10000000000000009,True,1.5616720853312294,0.5724421432176906,0.16067208533122934,0.0894421432176905,single_design_dataset
662,2.103,3.437,-1.3339999999999996,down,400,0.05,20,5.540000000000001,0.8999999999999998,8.881784197001252e-16,2.220446049250313e-16,0.0,0.0,True,2.08286941370444,0.8935956854088494,0.020130586295560082,0.0064043145911504284,single_design_dataset
663,1.457,2.103,-0.6460000000000001,down,400,0.05,20,3.680000000000001,0.5199999999999999,8.881784197001252e-16,1.1102230246251565e-16,0.0,0.0,True,1.4527190422493492,0.5102356823065599,0.004280957750650849,0.009764317693439994,single_design_dataset
666,3.411,4.512,-1.1009999999999995,down,400,0.05,20,9.900000000000002,1.689,1.7763568394002505e-15,0.00994987437106621,0.0,0.10000000000000009,True,3.2788401315224447,1.6158740523331854,0.13215986847755534,0.07312594766681468,single_design_dataset
667,1.782,3.411,-1.629,down,400,0.05,20,4.607999999999999,0.7039999999999998,0.009797958971132939,0.008000000000000007,0.0,-0.10000000000000009,True,1.7569298357185237,0.6918511875292318,0.025070164281476348,0.012148812470768044,single_design_dataset
668,1.426,1.782,-0.3560000000000001,down,400,0.05,20,3.528,0.4800000000000001,0.00979795897113272,1.1102230246251565e-16,-0.10000000000000009,0.0,True,1.4004683261227364,0.4802984538812711,0.025531673877263517,0.00029845388127103245,single_design_dataset
670,1.344,2.529,-1.1849999999999998,down,400,0.05,20,3.248,0.44000000000000006,0.009797958971132503,5.551115123125783e-17,-0.09999999999999787,0.0,True,1.2878929305560491,0.4148094152471721,0.05610706944395094,0.025190584752827982,single_design_dataset
672,4.516,5.989,-1.4729999999999999,down,400,0.05,20,15.12,2.36,0.0,0.0,0.0,0.0,True,4.440125793235678,2.3024118613925544,0.07587420676432188,0.057588138607445494,single_design_dataset
674,3.894,5.886,-1.992,down,400,0.05,20,12.605999999999998,1.9799999999999993,0.009165151389911483,6.661338147750939e-16,-0.09999999999999787,0.0,True,3.9016970752030073,1.9874626712079924,0.00769707520300722,0.0074626712079930435,single_design_dataset
675,3.138,3.894,-0.7560000000000002,down,400,0.05,20,9.302000000000003,1.52,0.005999999999999872,0.0,-0.09999999999999787,0.0,True,3.116597107578385,1.5150549256581636,0.021402892421614972,0.004945074341836442,single_design_dataset
678,4.874,6.235,-1.3610000000000007,down,400,0.05,20,17.62,2.573,0.0,0.009539392014169467,0.0,0.10000000000000009,True,4.872521332214815,2.570456180838882,0.0014786677851850172,0.0025438191611177885,single_design_dataset
679,3.391,4.874,-1.4829999999999997,down,400,0.05,20,10.651999999999997,1.6800000000000002,0.009797958971132503,2.220446049250313e-16,-0.09999999999999787,0.0,True,3.4554683599529272,1.7161288831715271,0.06446835995292721,0.03612888317152696,single_design_dataset
682,5.463,5.79,-0.32699999999999996,down,400,0.05,20,20.261000000000003,2.9200000000000004,0.0043588989435405815,4.440892098500626e-16,0.0,0.0,True,5.316676491889824,2.830704352520257,0.14632350811017591,0.0892956474797435,single_design_dataset
683,3.522,5.463,-1.9410000000000003,down,400,0.05,20,11.366000000000003,1.7600000000000002,0.009165151389912298,2.220446049250313e-16,-0.10000000000000675,0.0,True,3.5974834864264236,1.8060239084660878,0.07548348642642377,0.046023908466087615,single_design_dataset
686,4.093,6.487,-2.394,down,400,0.05,20,13.996,2.1000000000000005,0.00799999999999983,4.440892098500626e-16,-0.09999999999999787,0.0,True,4.203800444970406,2.1702550562922722,0.11080044497040564,0.07025505629227169,single_design_dataset
687,2.712,4.093,-1.3809999999999998,down,400,0.05,20,8.098,1.2600000000000002,0.005999999999999873,2.220446049250313e-16,-0.09999999999999787,0.0,True,2.8550493941537587,1.355914467850245,0.1430493941537585,0.09591446785024482,single_design_dataset
690,4.589,7.091,-2.502,down,400,0.05,20,16.719,2.3999999999999995,0.004358898943540581,4.440892098500626e-16,-0.09999999999999787,0.0,True,4.683994704187318,2.462618815227055,0.09499470418731715,0.0626188152270557,single_design_dataset
691,1.998,4.589,-2.591,down,400,0.05,20,5.766,0.8400000000000001,0.012806248474865813,1.1102230246251565e-16,-0.20000000000000018,0.0,True,2.155439436960843,0.9376841505159647,0.15743943696084295,0.09768415051596457,single_design_dataset
692,1.133,1.998,-0.865,down,400,0.05,20,3.144,0.32000000000000006,0.013564659966250548,5.551115123125783e-17,-0.20000000000000018,0.0,True,1.243514140638238,0.38898190099189905,0.11051414063823795,0.06898190099189899,single_design_dataset
694,4.658,6.231,-1.5729999999999995,down,400,0.05,20,16.56,2.4399999999999995,0.0,4.440892098500626e-16,0.0,0.0,True,4.657294061352457,2.4476479053264986,0.0007059386475436469,0.00764790532649906,single_design_dataset
695,1.96,4.658,-2.6980000000000004,down,400,0.05,20,5.4479999999999995,0.82,0.009797958971132503,0.0,-0.09999999999999787,0.0,True,2.0522432907605386,0.8752149672779057,0.09224329076053861,0.05521496727790576,single_design_dataset
697,2.316,3.303,-0.9870000000000001,down,400,0.05,20,6.299999999999999,1.02,8.881784197001252e-16,0.0,0.0,0.0,True,2.3592064888509165,1.0634010279721025,0.04320648885091671,0.043401027972102435,single_design_dataset
700,3.844,6.293,-2.4490000000000003,down,400,0.05,20,12.660999999999998,1.9419999999999997,0.0043588989435405815,0.006000000000000005,-0.09999999999999787,0.0,True,3.9086014332625743,1.9911346739405362,0.06460143326257439,0.0491346739405365,single_design_dataset
701,1.647,3.844,-2.197,down,400,0.05,20,4.5219999999999985,0.6199999999999999,0.006000000000000138,1.1102230246251565e-16,-0.10000000000000231,0.0,True,1.7248170005479095,0.6710313500842582,0.07781700054790952,0.0510313500842583,single_design_dataset
703,3.236,4.644,-1.408,down,400,0.05,20,9.680000000000001,1.5799999999999996,1.7763568394002505e-15,4.440892098500626e-16,0.0,0.0,True,3.2155940341804325,1.577721239188968,0.020405965819567662,0.0022787608110317326,single_design_dataset
706,3.214,6.856,-3.642,down,400,0.05,20,10.109999999999998,1.5599999999999998,0.009999999999999787,2.220446049250313e-16,-0.09999999999999787,0.0,True,3.335550869251794,1.6485359782020899,0.12155086925179415,0.08853597820209003,single_design_dataset
707,1.387,3.214,-1.827,down,400,0.05,20,3.8459999999999988,0.46000000000000013,0.01907878402833893,1.1102230246251565e-16,-0.30000000000000027,0.0,True,1.5063912074466241,0.5411869745301079,0.11939120744662413,0.08118697453010776,single_design_dataset
710,3.547,4.307,-0.7600000000000002,down,400,0.05,20,10.639999999999997,1.78,3.552713678800501e-15,0.0,0.0,0.0,True,3.453291394075221,1.7147913772331722,0.09370860592477914,0.06520862276682782,single_design_dataset
712,4.71,5.731,-1.021,down,400,0.05,20,16.540000000000003,2.463,3.552713678800501e-15,0.007141428428542858,0.0,0.0,True,4.654422797157354,2.446032721601631,0.05557720284264622,0.01696727839836898,single_design_dataset
715,5.32,6.533,-1.213,down,400,0.05,20,20.259999999999998,2.8400000000000007,3.552713678800501e-15,8.881784197001252e-16,0.0,0.0,True,5.3165206323434,2.8306147868873914,0.003479367656599841,0.009385213112609314,single_design_dataset
716,2.458,5.32,-2.862,down,400,0.05,20,7.276999999999999,1.1000000000000003,0.011445523142259682,2.220446049250313e-16,-0.20000000000000018,0.0,True,2.6420313085328218,1.2325346416747358,0.18403130853282157,0.1325346416747355,single_design_dataset
718,3.15,6.208,-3.0580000000000003,down,400,0.05,20,9.812000000000003,1.5399999999999998,0.009797958971132503,2.220446049250313e-16,-0.09999999999999787,0.0,True,3.2531791232338527,1.6004667314221994,0.10317912323385281,0.060466731422199604,single_design_dataset
720,3.557,4.697,-1.1400000000000001,down,400,0.05,20,11.360000000000003,1.78,3.552713678800501e-15,0.0,0.0,0.0,True,3.5955613267439204,1.8048416418834976,0.03856132674392043,0.02484164188349758,single_design_dataset
721,2.333,3.557,-1.2239999999999998,down,400,0.05,20,6.702000000000001,1.0399999999999998,0.005999999999999873,2.220446049250313e-16,-0.09999999999999787,0.0,True,2.500373729658778,1.1477368161397956,0.16737372965877784,0.1077368161397958,single_design_dataset
722,1.609,2.333,-0.7240000000000002,down,400,0.05,20,4.36,0.5999999999999999,0.0,1.1102230246251565e-16,0.0,0.0,True,1.6661796465980205,0.6335445213939582,0.05717964659802055,0.03354452139395836,single_design_dataset
726,3.636,5.805,-2.1689999999999996,down,400,0.05,20,11.590000000000002,1.8199999999999998,0.009999999999999787,2.220446049250313e-16,-0.09999999999999787,0.0,True,3.670641512402868,1.8507962081552372,0.034641512402867836,0.030796208155237315,single_design_dataset
727,1.925,3.636,-1.711,down,400,0.05,20,5.300999999999999,0.785,0.004358898943540774,0.008660254037844393,-0.10000000000000231,0.10000000000000009,True,2.001994721660768,0.8451422247671019,0.07699472166076782,0.06014222476710185,single_design_dataset
730,4.777,6.527,-1.75,down,400,0.05,20,17.160000000000004,2.5,3.552713678800501e-15,0.0,0.0,0.0,True,4.7810485971937124,2.5165322068765796,0.004048597193712311,0.016532206876579636,single_design_dataset
731,3.567,4.777,-1.21,down,400,0.05,20,11.401000000000002,1.78,0.0043588989435405815,0.0,-0.09999999999999787,0.0,True,3.608696084574358,1.8129204635311968,0.041696084574357695,0.03292046353119682,single_design_dataset
734,3.707,6.661,-2.9539999999999997,down,400,0.05,20,12.321,1.86,0.007681145747868445,0.0,-0.19999999999999574,0.0,True,3.8661701279444225,1.9677615855941033,0.15917012794442265,0.1077615855941032,single_design_dataset
735,1.409,3.707,-2.298,down,400,0.05,20,4.007000000000001,0.4800000000000001,0.019261360284258164,1.1102230246251565e-16,-0.30000000000000027,0.0,True,1.5556972039585908,0.5690943826540443,0.14669720395859076,0.08909438265404424,single_design_dataset
738,3.594,7.138,-3.544,down,400,0.05,20,11.683000000000002,1.7999999999999996,0.007141428428542699,4.440892098500626e-16,-0.09999999999999787,0.0,True,3.70264124978588,1.8701228706338222,0.10864124978587997,0.07012287063382261,single_design_dataset
739,1.187,3.594,-2.407,down,400,0.05,20,3.410999999999999,0.36000000000000004,0.0172916164657906,5.551115123125783e-17,-0.30000000000000027,0.0,True,1.356086947465987,0.45461793656837013,0.16908694746598685,0.09461793656837009,single_design_dataset
744,5.773,6.753,-0.9800000000000004,down,400,0.05,20,22.579999999999995,3.1199999999999997,3.552713678800501e-15,4.440892098500626e-16,0.0,0.0,True,5.870409987719301,3.1711363147644014,0.09740998771930087,0.051136314764401725,single_design_dataset
745,5.251,5.773,-0.5219999999999994,down,400,0.05,20,20.12,2.7999999999999994,0.0,4.440892098500626e-16,0.0,0.0,True,5.297227918399331,2.8199288656135106,0.046227918399330825,0.01992886561351126,single_design_dataset
747,1.158,6.302,-5.144,down,400,0.05,20,3.570000000000001,0.36000000000000004,0.020493901531919215,5.551115123125783e-17,-0.30000000000000027,0.0,True,1.415895984671973,0.4891977356212896,0.25789598467197306,0.12919773562128956,single_design_dataset
750,2.715,3.92,-1.205,down,400,0.05,20,7.605999999999999,1.2800000000000002,0.00916515138991189,2.220446049250313e-16,-0.10000000000000231,0.0,True,2.7220739539075853,1.2806599580432734,0.007073953907585473,0.0006599580432731234,single_design_dataset
752,4.1,6.231,-2.1310000000000002,down,400,0.05,20,13.822999999999999,2.1000000000000005,0.007141428428542696,4.440892098500626e-16,-0.09999999999999787,0.0,True,4.192426573176155,2.1620827847934447,0.0924265731761551,0.0620827847934442,single_design_dataset
753,3.577,4.1,-0.5229999999999997,down,400,0.05,20,11.400000000000002,1.7999999999999996,1.7763568394002505e-15,4.440892098500626e-16,0.0,0.0,True,3.6083757246272743,1.8127234191007653,0.03137572462727434,0.012723419100765687,single_design_dataset
754,2.165,3.577,-1.412,down,400,0.05,20,6.0600000000000005,0.9400000000000001,8.881784197001252e-16,1.1102230246251565e-16,0.0,0.0,True,2.262483777272117,1.003662368489359,0.09748377727211688,0.06366236848935902,single_design_dataset
756,1.975,3.341,-1.366,down,400,0.05,20,5.330999999999999,0.82,0.009949874371065986,0.0,-0.09999999999999787,0.0,True,2.012349336826168,0.851336048498193,0.0373493368261677,0.03133604849819305,single_design_dataset
758,1.774,5.341,-3.567,down,400,0.05,20,4.824999999999998,0.6999999999999998,0.008660254037844203,1.1102230246251565e-16,-0.09999999999999787,0.0,True,1.8365273158463318,0.742788904745047,0.06252731584633175,0.04278890474504715,single_design_dataset
760,1.552,3.135,-1.5829999999999997,down,400,0.05,20,4.0600000000000005,0.5600000000000002,8.881784197001252e-16,1.1102230246251565e-16,0.0,0.0,True,1.5715306395960842,0.5779659481477074,0.019530639596084143,0.017965948147707245,single_design_dataset
762,2.421,4.498,-2.0770000000000004,down,400,0.05,20,6.607999999999999,1.0880000000000003,0.009797958971132939,0.00979795897113272,-0.10000000000000231,0.10000000000000009,True,2.4708621251091913,1.1302153605640992,0.049862125109191524,0.042215360564098914,single_design_dataset
765,4.724,6.142,-1.4180000000000001,down,400,0.05,20,16.786999999999995,2.4799999999999995,0.009539392014169253,4.440892098500626e-16,-0.09999999999999787,0.0,True,4.697425099900061,2.4701273712393164,0.02657490009993957,0.009872628760683178,single_design_dataset
767,5.404,6.256,-0.8520000000000003,down,400,0.05,20,20.5,2.8800000000000003,0.0,4.440892098500626e-16,0.0,0.0,True,5.364196444094881,2.8587590792139728,0.0398035559051193,0.021240920786027573,single_design_dataset
768,4.527,5.404,-0.8769999999999998,down,400,0.05,20,16.254,2.36,0.009165151389913112,0.0,-0.10000000000001563,0.0,True,4.62136545570653,2.427319166111411,0.0943654557065301,0.0673191661114112,single_design_dataset
769,3.812,4.527,-0.7150000000000003,down,400,0.05,20,12.741000000000003,1.9399999999999995,0.00435889894354058,4.440892098500626e-16,-0.09999999999999787,0.0,True,3.9200617832134674,1.9973397227763463,0.1080617832134676,0.0573397227763468,single_design_dataset
771,1.383,6.121,-4.738,down,400,0.05,20,4.100999999999999,0.4800000000000001,0.022338307903688705,1.1102230246251565e-16,-0.40000000000000036,0.0,True,1.5836490979926272,0.5847499241625188,0.2006490979926272,0.10474992416251871,single_design_dataset
773,1.775,6.332,-4.557,down,400,0.05,20,5.013,0.6999999999999998,0.020273134932713155,1.1102230246251565e-16,-0.29999999999999805,0.0,True,1.9025430166767843,0.784247782894783,0.12754301667678436,0.08424778289478319,single_design_dataset
775,1.548,3.364,-1.8159999999999998,down,400,0.05,20,4.159999999999999,0.5600000000000002,8.881784197001252e-16,1.1102230246251565e-16,0.0,0.0,True,1.601085291756054,0.5945106752249303,0.05308529175605403,0.03451067522493012,single_design_dataset
777,3.568,4.887,-1.3189999999999995,down,400,0.05,20,11.001,1.78,0.004358898943540581,0.0,0.0,0.0,True,3.5131037621979035,1.7527124831673604,0.054896237802096515,0.027287516832639636,single_design_dataset
779,1.498,5.015,-3.5169999999999995,down,400,0.05,20,4.177,0.5399999999999998,0.020273134932713377,2.220446049250313e-16,-0.3000000000000025,0.0,True,1.606109279789584,0.5973230950225743,0.10810927978958396,0.05732309502257449,single_design_dataset
782,2.649,3.359,-0.71,down,400,0.05,20,7.179,1.2399999999999998,0.004358898943540581,2.220446049250313e-16,-0.09999999999999787,0.0,True,2.618961120854305,1.2185006284830027,0.03003887914569514,0.0214993715169971,single_design_dataset
784,4.601,5.284,-0.6829999999999998,down,400,0.05,20,15.600000000000003,2.3999999999999995,3.552713678800501e-15,4.440892098500626e-16,0.0,0.0,True,4.541581474026265,2.3712270181831334,0.05941852597373476,0.02877298181686605,single_design_dataset
785,2.694,4.601,-1.907,down,400,0.05,20,7.755000000000001,1.2600000000000002,0.008660254037844203,2.220446049250313e-16,-0.09999999999999787,0.0,True,2.7573486412352755,1.300606310629527,0.0633486412352755,0.04060631062952669,single_design_dataset
786,1.241,2.694,-1.4529999999999998,down,400,0.05,20,3.3560000000000003,0.38,0.01496662954709578,0.0,-0.20000000000000018,0.0,True,1.334023098411994,0.44178517130857137,0.09302309841199397,0.06178517130857136,single_design_dataset
788,1.584,2.696,-1.112,down,400,0.05,20,4.018999999999999,0.589,0.004358898943540581,0.009949874371066208,0.0,-0.10000000000000009,True,1.5592821327821738,0.5711030389922319,0.024717867217826317,0.017896961007768053,single_design_dataset
792,4.081,6.132,-2.0509999999999993,down,400,0.05,20,13.591,2.1000000000000005,0.009949874371065986,4.440892098500626e-16,-0.09999999999999787,0.0,True,4.157436002327595,2.139033048390264,0.07643600232759429,0.03903304839026367,single_design_dataset
795,5.689,6.621,-0.9320000000000004,down,400,0.05,20,21.959999999999997,3.0600000000000005,3.552713678800501e-15,4.440892098500626e-16,0.0,0.0,True,5.76540429915158,3.11034845165355,0.07640429915158009,0.05034845165354929,single_design_dataset
796,2.469,5.689,-3.22,down,400,0.05,20,7.297,1.1200000000000003,0.00953939201416936,2.220446049250313e-16,-0.20000000000000018,0.0,True,2.646848501642113,1.2354841196425672,0.1778485016421132,0.11548411964256688,single_design_dataset
798,4.363,5.357,-0.9939999999999998,down,400,0.05,20,15.02,2.2599999999999993,0.0,4.440892098500626e-16,0.0,0.0,True,4.419815119383148,2.289593799274143,0.056815119383147206,0.029593799274143517,single_design_dataset
799,1.366,4.363,-2.9970000000000003,down,400,0.05,20,3.9139999999999993,0.46000000000000013,0.021071307505705496,1.1102230246251565e-16,-0.30000000000000027,0.0,True,1.5275897515984707,0.553270207762874,0.16158975159847055,0.09327020776287381,single_design_dataset
801,2.413,6.288,-3.8750000000000004,down,400,0.05,20,6.935,1.0799999999999996,0.008660254037844586,4.440892098500626e-16,-0.10000000000000231,0.0,True,2.5639190273197903,1.1856272961055419,0.15091902731979046,0.10562729610554222,single_design_dataset
802,1.558,2.413,-0.8549999999999998,down,400,0.05,20,4.200000000000001,0.58,8.881784197001252e-16,0.0,0.0,0.0,True,1.6133627856217747,0.6015812741474819,0.05536278562177466,0.0215812741474819,single_design_dataset
804,4.528,5.633,-1.1050000000000004,down,400,0.05,20,15.639999999999997,2.36,3.552713678800501e-15,0.0,0.0,0.0,True,4.548659186155291,2.3762646088758026,0.020659186155291387,0.016264608875802722,single_design_dataset
805,1.188,4.528,-3.34,down,400,0.05,20,3.412,0.36000000000000004,0.016000000000000014,5.551115123125783e-17,-0.30000000000000027,0.0,True,1.3564881083578781,0.4548512595730939,0.1684881083578782,0.09485125957309387,single_design_dataset
808,2.563,3.949,-1.3859999999999997,down,400,0.05,20,7.0,1.18,0.0,0.0,0.0,0.0,True,2.57928939025632,1.194799684560447,0.016289390256319702,0.014799684560447002,single_design_dataset
810,4.416,5.666,-1.25,down,400,0.05,20,14.959999999999999,2.2999999999999994,1.7763568394002505e-15,4.440892098500626e-16,0.0,0.0,True,4.406837582406297,2.2817596290843785,0.009162417593703509,0.018240370915620918,single_design_dataset
812,4.224,6.713,-2.489,down,400,0.05,20,14.636000000000001,2.18,0.00800000000000054,0.0,-0.10000000000000675,0.0,True,4.327619461488245,2.237649054382977,0.10361946148824508,0.05764905438297685,single_design_dataset
815,2.532,5.944,-3.412,down,400,0.05,20,7.520999999999999,1.16,0.009949874371066241,0.0,-0.20000000000000018,0.0,True,2.7015609338272544,1.2686230138670687,0.16956093382725435,0.10862301386706874,single_design_dataset
818,4.345,6.786,-2.441,down,400,0.05,20,15.360000000000003,2.2599999999999993,3.552713678800501e-15,4.440892098500626e-16,0.0,0.0,True,4.4908178605366205,2.3358097790152086,0.1458178605366207,0.07580977901520924,single_design_dataset
819,3.077,4.345,-1.2679999999999998,down,400,0.05,20,9.546999999999999,1.48,0.0095393920141701,0.0,-0.10000000000000675,0.0,True,3.179171745917952,1.5552205044420193,0.10217174591795208,0.07522050444201933,single_design_dataset
821,1.719,5.402,-3.683,down,400,0.05,20,4.9079999999999995,0.66,0.022271057451320204,0.0,-0.3000000000000025,0.0,True,1.8662199675633349,0.7614766874321413,0.14721996756333477,0.10147668743214122,single_design_dataset
823,2.316,5.712,-3.396,down,400,0.05,20,6.670999999999999,1.02,0.009949874371065986,0.0,-0.09999999999999787,0.0,True,2.4907101534923894,1.1419982462068758,0.1747101534923896,0.12199824620687583,single_design_dataset
824,1.683,2.316,-0.6329999999999998,down,400,0.05,20,4.592999999999999,0.6400000000000001,0.009539392014169253,1.1102230246251565e-16,-0.09999999999999787,0.0,True,1.7513218791156018,0.688217134689362,0.06832187911560172,0.04821713468936184,single_design_dataset
827,1.735,6.743,-5.008,down,400,0.05,20,4.929000000000001,0.6799999999999999,0.021424285285628487,1.1102230246251565e-16,-0.29999999999999805,0.0,True,1.8735220636898258,0.7660572108661787,0.13852206368982567,0.08605721086617879,single_design_dataset
831,3.226,6.535,-3.309,down,400,0.05,20,10.119,1.5799999999999996,0.0076811457478686875,4.440892098500626e-16,-0.20000000000000462,0.0,True,3.3378852262298198,1.64984959973296,0.11188522622981978,0.06984959973296045,single_design_dataset
833,1.717,6.3,-4.583,down,400,0.05,20,4.952000000000001,0.667,0.021354156504062728,0.009539392014169465,-0.3000000000000025,-0.10000000000000009,True,1.8814682770076834,0.7710379627311538,0.1644682770076833,0.10403796273115373,single_design_dataset
835,2.813,5.024,-2.211,down,400,0.05,20,8.328,1.32,0.009797958971132503,0.0,-0.09999999999999787,0.0,True,2.928694712739828,1.3993134701096006,0.11569471273982801,0.07931347010960055,single_design_dataset
837,4.607,6.42,-1.8129999999999997,down,400,0.05,20,16.567,2.4200000000000004,0.009539392014169255,4.440892098500626e-16,-0.09999999999999787,0.0,True,4.658299003820743,2.4482132196302024,0.05129900382074304,0.02821321963020207,single_design_dataset
838,2.073,4.607,-2.5340000000000003,down,400,0.05,20,5.954,0.8800000000000001,0.011135528725659911,1.1102230246251565e-16,-0.20000000000000018,0.0,True,2.221889287804338,0.978557717037179,0.1488892878043382,0.09855771703717886,single_design_dataset
