hold_id,u_ss_v,u_prev_v,du_v,branch,n_samples,tail_fraction_used,tail_n_samples,s_ss_mm,p_ss_bar,s_tail_std_mm,p_tail_std_bar,s_tail_slope_mm_s,p_tail_slope_bar_s,steady_enough,dataset_role
2,4.074,0.0,4.074,up,400,0.05,20,9.967999999999998,2.1000000000000005,0.009797958971132503,4.440892098500626e-16,0.09999999999999787,0.0,True,single_design_dataset
3,2.053,4.074,-2.021,down,400,0.05,20,4.263000000000001,0.8800000000000001,0.007141428428543015,1.1102230246251565e-16,-0.10000000000000231,0.0,True,single_design_dataset
4,1.538,2.053,-0.5149999999999999,down,400,0.05,20,2.919,0.58,0.004358898943540677,0.0,0.0,0.0,True,single_design_dataset
5,2.58,1.538,1.042,up,400,0.05,20,5.019999999999999,1.1999999999999997,8.881784197001252e-16,2.220446049250313e-16,0.0,0.0,True,single_design_dataset
6,6.557,2.58,3.9770000000000003,up,400,0.05,20,22.044999999999998,3.5799999999999996,0.01774823934929847,4.440892098500626e-16,0.2999999999999936,0.0,True,single_design_dataset
7,5.764,6.557,-0.7930000000000001,down,400,0.05,20,19.68,3.1199999999999997,0.0,4.440892098500626e-16,0.0,0.0,True,single_design_dataset
8,6.43,5.764,0.6659999999999995,up,400,0.05,20,22.315,3.5200000000000005,0.008660254037844203,4.440892098500626e-16,0.09999999999999787,0.0,True,single_design_dataset
9,7.088,6.43,0.6580000000000004,up,400,0.05,20,25.77,3.900000000000001,0.009999999999999787,8.881784197001252e-16,0.09999999999999787,0.0,True,single_design_dataset
10,6.548,7.088,-0.54,down,400,0.05,20,24.5,3.5799999999999996,0.0,4.440892098500626e-16,0.0,0.0,True,single_design_dataset
11,5.598,6.548,-0.9500000000000002,down,400,0.05,20,20.480000000000004,3.0200000000000005,3.552713678800501e-15,4.440892098500626e-16,0.0,0.0,True,single_design_dataset
12,6.232,5.598,0.6340000000000003,up,400,0.05,20,22.639999999999997,3.4,3.552713678800501e-15,0.0,0.0,0.0,True,single_design_dataset
13,4.968,6.232,-1.2640000000000002,down,400,0.05,20,17.433000000000003,2.6350000000000002,0.009539392014169255,0.008660254037844393,-0.09999999999999787,0.10000000000000009,True,single_design_dataset
14,6.087,4.968,1.1189999999999998,up,400,0.05,20,21.860000000000003,3.2999999999999994,3.552713678800501e-15,4.440892098500626e-16,0.0,0.0,True,single_design_dataset
15,3.795,6.087,-2.292,down,400,0.05,20,11.663999999999998,1.9200000000000004,0.011999999999999744,4.440892098500626e-16,-0.19999999999999574,0.0,True,single_design_dataset
16,4.877,3.795,1.0819999999999999,up,400,0.05,20,15.62,2.5799999999999996,0.0,4.440892098500626e-16,0.0,0.0,True,single_design_dataset
17,3.982,4.877,-0.8949999999999996,down,400,0.05,20,12.315000000000003,2.04,0.008660254037844203,0.0,-0.09999999999999787,0.0,True,single_design_dataset
18,3.247,3.982,-0.7350000000000003,down,400,0.05,20,9.159,1.6000000000000003,0.004358898943540581,2.220446049250313e-16,-0.09999999999999787,0.0,True,single_design_dataset
19,2.857,3.247,-0.3899999999999997,down,400,0.05,20,7.539999999999999,1.3599999999999999,8.881784197001252e-16,2.220446049250313e-16,0.0,0.0,True,single_design_dataset
20,1.62,2.857,-1.237,down,400,0.05,20,3.6399999999999997,0.6199999999999999,4.440892098500626e-16,1.1102230246251565e-16,0.0,0.0,True,single_design_dataset
21,4.532,1.62,2.912,up,400,0.05,20,12.898000000000001,2.36,0.005999999999999872,0.0,0.09999999999999787,0.0,True,single_design_dataset
22,3.142,4.532,-1.3900000000000001,down,400,0.05,20,8.242,1.5399999999999998,0.005999999999999873,2.220446049250313e-16,-0.09999999999999787,0.0,True,single_design_dataset
23,2.808,3.142,-0.3340000000000001,down,400,0.05,20,7.06,1.34,0.0,0.0,0.0,0.0,True,single_design_dataset
24,3.745,2.808,0.9370000000000003,up,400,0.05,20,9.699999999999998,1.8999999999999997,1.7763568394002505e-15,2.220446049250313e-16,0.0,0.0,True,single_design_dataset
25,3.212,3.745,-0.5329999999999999,down,400,0.05,20,8.319999999999999,1.5799999999999996,1.7763568394002505e-15,4.440892098500626e-16,0.0,0.0,True,single_design_dataset
26,2.608,3.212,-0.6040000000000001,down,400,0.05,20,6.4140000000000015,1.2199999999999998,0.009165151389911485,2.220446049250313e-16,-0.09999999999999787,0.0,True,single_design_dataset
27,3.227,2.608,0.6189999999999998,up,400,0.05,20,7.8199999999999985,1.5799999999999996,1.7763568394002505e-15,4.440892098500626e-16,0.0,0.0,True,single_design_dataset
28,2.16,3.227,-1.0669999999999997,down,400,0.05,20,5.0,0.9400000000000001,0.0,1.1102230246251565e-16,0.0,0.0,True,single_design_dataset
29,4.834,2.16,2.6739999999999995,up,400,0.05,20,14.009,2.54,0.009949874371065986,0.0,0.09999999999999787,0.0,True,single_design_dataset
30,6.804,4.834,1.9700000000000006,up,400,0.05,20,24.407000000000004,3.7399999999999998,0.011445523142260968,4.440892098500626e-16,0.2000000000000135,0.0,True,single_design_dataset
31,5.135,6.804,-1.6690000000000005,down,400,0.05,20,17.68,2.7400000000000007,0.0,4.440892098500626e-16,0.0,0.0,True,single_design_dataset
32,6.906,5.135,1.771,up,400,0.05,20,25.291000000000004,3.7999999999999994,0.009949874371065986,4.440892098500626e-16,0.09999999999999787,0.0,True,single_design_dataset
33,4.717,6.906,-2.189,down,400,0.05,20,16.038,2.4799999999999995,0.005999999999999873,4.440892098500626e-16,-0.09999999999999787,0.0,True,single_design_dataset
34,5.046,4.717,0.3290000000000006,up,400,0.05,20,16.899999999999995,2.68,3.552713678800501e-15,0.0,0.0,0.0,True,single_design_dataset
35,5.709,5.046,0.6629999999999994,up,400,0.05,20,19.920000000000005,3.0799999999999996,3.552713678800501e-15,4.440892098500626e-16,0.0,0.0,True,single_design_dataset
36,3.634,5.709,-2.0749999999999997,down,400,0.05,20,10.919999999999998,1.8199999999999998,0.008944271909998969,2.220446049250313e-16,-0.19999999999999574,0.0,True,single_design_dataset
37,3.976,3.634,0.3420000000000001,up,400,0.05,20,11.72,2.04,0.0,0.0,0.0,0.0,True,single_design_dataset
38,4.873,3.976,0.8970000000000002,up,400,0.05,20,15.363,2.5799999999999996,0.007141428428543333,4.440892098500626e-16,0.10000000000000675,0.0,True,single_design_dataset
39,3.347,4.873,-1.5260000000000002,down,400,0.05,20,9.610999999999999,1.6599999999999997,0.009949874371065986,2.220446049250313e-16,-0.09999999999999787,0.0,True,single_design_dataset
40,3.736,3.347,0.38900000000000023,up,400,0.05,20,10.520000000000001,1.8800000000000001,1.7763568394002505e-15,2.220446049250313e-16,0.0,0.0,True,single_design_dataset
41,2.013,3.736,-1.7230000000000003,down,400,0.05,20,4.892999999999999,0.86,0.009539392014169677,0.0,-0.10000000000000231,0.0,True,single_design_dataset
42,4.638,2.013,2.625,up,400,0.05,20,13.639999999999997,2.4399999999999995,3.552713678800501e-15,4.440892098500626e-16,0.0,0.0,True,single_design_dataset
43,1.982,4.638,-2.6559999999999997,down,400,0.05,20,4.760000000000001,0.8400000000000001,8.881784197001252e-16,1.1102230246251565e-16,0.0,0.0,True,single_design_dataset
44,3.311,1.982,1.329,up,400,0.05,20,8.139999999999997,1.6200000000000003,3.552713678800501e-15,2.220446049250313e-16,0.0,0.0,True,single_design_dataset
45,2.371,3.311,-0.94,down,400,0.05,20,5.6800000000000015,1.0799999999999996,1.7763568394002505e-15,4.440892098500626e-16,0.0,0.0,True,single_design_dataset
46,1.872,2.371,-0.4989999999999999,down,400,0.05,20,4.239999999999999,0.7799999999999999,8.881784197001252e-16,1.1102230246251565e-16,0.0,0.0,True,single_design_dataset
47,3.38,1.872,1.5079999999999998,up,400,0.05,20,8.107000000000001,1.6800000000000002,0.009539392014169255,2.220446049250313e-16,0.09999999999999787,0.0,True,single_design_dataset
48,1.526,3.38,-1.8539999999999999,down,400,0.05,20,3.28,0.5600000000000002,0.0,1.1102230246251565e-16,0.0,0.0,True,single_design_dataset
49,4.813,1.526,3.287,up,400,0.05,20,13.921000000000001,2.54,0.009949874371065988,0.0,0.19999999999999574,0.0,True,single_design_dataset
50,1.669,4.813,-3.1439999999999997,down,400,0.05,20,3.681000000000001,0.65,0.004358898943540677,0.010000000000000009,-0.10000000000000009,0.10000000000000009,True,single_design_dataset
51,4.066,1.669,2.397,up,400,0.05,20,10.673000000000002,2.0799999999999996,0.009539392014169253,4.440892098500626e-16,0.09999999999999787,0.0,True,single_design_dataset
52,5.064,4.066,0.9980000000000002,up,400,0.05,20,15.350000000000003,2.68,0.009999999999999787,0.0,0.09999999999999787,0.0,True,single_design_dataset
53,2.014,5.064,-3.0500000000000003,down,400,0.05,20,4.695000000000002,0.86,0.008660254037844588,0.0,-0.10000000000000231,0.0,True,single_design_dataset
54,2.705,2.014,0.6910000000000003,up,400,0.05,20,6.08,1.2600000000000002,0.0,2.220446049250313e-16,0.0,0.0,True,single_design_dataset
55,4.668,2.705,1.963,up,400,0.05,20,13.341,2.46,0.004358898943540581,0.0,0.09999999999999787,0.0,True,single_design_dataset
56,2.508,4.668,-2.16,down,400,0.05,20,6.093999999999999,1.16,0.009165151389911485,0.0,-0.09999999999999787,0.0,True,single_design_dataset
57,2.133,2.508,-0.375,down,400,0.05,20,4.900000000000001,0.9400000000000001,8.881784197001252e-16,1.1102230246251565e-16,0.0,0.0,True,single_design_dataset
58,1.656,2.133,-0.4770000000000001,down,400,0.05,20,3.55,0.6400000000000001,0.010000000000000009,1.1102230246251565e-16,-0.10000000000000009,0.0,True,single_design_dataset
59,4.739,1.656,3.083,up,400,0.05,20,13.459999999999999,2.4799999999999995,0.010954451150103576,4.440892098500626e-16,0.20000000000000462,0.0,True,single_design_dataset
60,5.423,4.739,0.6840000000000002,up,400,0.05,20,17.187999999999995,2.8999999999999995,0.009797958971132503,4.440892098500626e-16,0.09999999999999787,0.0,True,single_design_dataset
61,4.433,5.423,-0.9900000000000002,down,400,0.05,20,13.52,2.2999999999999994,0.0,4.440892098500626e-16,0.0,0.0,True,single_design_dataset
62,5.897,4.433,1.4640000000000004,up,400,0.05,20,19.945999999999998,3.182,0.009165151389911483,0.006000000000000005,0.09999999999999787,0.0,True,single_design_dataset
63,4.771,5.897,-1.1260000000000003,down,400,0.05,20,15.559999999999999,2.5090000000000003,1.7763568394002505e-15,0.009949874371066208,0.0,0.10000000000000009,True,single_design_dataset
64,6.843,4.771,2.072,up,400,0.05,20,24.960000000000004,3.7600000000000002,0.01414213562373065,4.440892098500626e-16,0.19999999999999574,0.0,True,single_design_dataset
65,4.691,6.843,-2.152,down,400,0.05,20,15.779999999999996,2.46,3.552713678800501e-15,0.0,0.0,0.0,True,single_design_dataset
66,6.694,4.691,2.003,up,400,0.05,20,24.509999999999998,3.6599999999999993,0.009999999999999787,8.881784197001252e-16,0.09999999999999787,0.0,True,single_design_dataset
67,7.136,6.694,0.44200000000000017,up,400,0.05,20,26.741000000000003,3.94,0.004358898943541355,0.0,0.10000000000001563,0.0,True,single_design_dataset
68,4.958,7.136,-2.178,down,400,0.05,20,17.659000000000002,2.6199999999999997,0.004358898943540581,4.440892098500626e-16,-0.09999999999999787,0.0,True,single_design_dataset
69,3.767,4.958,-1.1910000000000003,down,400,0.05,20,11.741000000000001,1.9200000000000004,0.007681145747868445,4.440892098500626e-16,-0.19999999999999574,0.0,True,single_design_dataset
70,4.992,3.767,1.225,up,400,0.05,20,16.361,2.64,0.004358898943540581,0.0,0.09999999999999787,0.0,True,single_design_dataset
71,5.405,4.992,0.41300000000000026,up,400,0.05,20,18.420000000000005,2.893,3.552713678800501e-15,0.009539392014169467,0.0,0.10000000000000009,True,single_design_dataset
72,6.697,5.405,1.2919999999999998,up,400,0.05,20,24.835999999999995,3.680000000000001,0.00799999999999983,8.881784197001252e-16,0.09999999999999787,0.0,True,single_design_dataset
73,5.66,6.697,-1.037,down,400,0.05,20,21.100000000000005,3.04,3.552713678800501e-15,0.0,0.0,0.0,True,single_design_dataset
74,6.617,5.66,0.9569999999999999,up,400,0.05,20,24.740000000000002,3.62,3.552713678800501e-15,0.0,0.0,0.0,True,single_design_dataset
75,4.189,6.617,-2.428,down,400,0.05,20,14.032999999999998,2.1599999999999993,0.009539392014169255,8.881784197001252e-16,-0.09999999999999787,0.0,True,single_design_dataset
76,3.76,4.189,-0.42900000000000027,down,400,0.05,20,11.839,1.8999999999999997,0.004358898943540581,2.220446049250313e-16,-0.09999999999999787,0.0,True,single_design_dataset
77,6.139,3.76,2.3790000000000004,up,400,0.05,20,22.188999999999997,3.3400000000000007,0.009949874371065986,8.881784197001252e-16,0.09999999999999787,0.0,True,single_design_dataset
78,3.239,6.139,-2.9000000000000004,down,400,0.05,20,9.66,1.6000000000000003,0.008944271909998969,2.220446049250313e-16,-0.19999999999999574,0.0,True,single_design_dataset
79,2.018,3.239,-1.221,down,400,0.05,20,5.1450000000000005,0.86,0.008660254037844588,0.0,-0.10000000000000231,0.0,True,single_design_dataset
80,2.488,2.018,0.4700000000000002,up,400,0.05,20,5.959999999999999,1.1400000000000001,8.881784197001252e-16,2.220446049250313e-16,0.0,0.0,True,single_design_dataset
81,3.723,2.488,1.2349999999999999,up,400,0.05,20,9.900000000000002,1.8800000000000001,1.7763568394002505e-15,2.220446049250313e-16,0.0,0.0,True,single_design_dataset
82,1.476,3.723,-2.247,down,400,0.05,20,3.4059999999999997,0.5199999999999999,0.014282856857085711,1.1102230246251565e-16,-0.20000000000000018,0.0,True,single_design_dataset
83,3.674,1.476,2.198,up,400,0.05,20,9.438999999999998,1.8400000000000005,0.0043588989435405815,4.440892098500626e-16,0.09999999999999787,0.0,True,single_design_dataset
84,1.558,3.674,-2.1159999999999997,down,400,0.05,20,3.508,0.575,0.00979795897113272,0.008660254037844347,0.0,0.09999999999999953,True,single_design_dataset
85,2.88,1.558,1.3219999999999998,up,400,0.05,20,6.58,1.3799999999999997,0.0,2.220446049250313e-16,0.0,0.0,True,single_design_dataset
86,4.185,2.88,1.3049999999999997,up,400,0.05,20,11.379999999999999,2.1599999999999993,1.7763568394002505e-15,8.881784197001252e-16,0.0,0.0,True,single_design_dataset
87,4.585,4.185,0.40000000000000036,up,400,0.05,20,13.360000000000003,2.3999999999999995,3.552713678800501e-15,4.440892098500626e-16,0.0,0.0,True,single_design_dataset
88,3.137,4.585,-1.448,down,400,0.05,20,8.375000000000004,1.5399999999999998,0.008660254037844971,2.220446049250313e-16,-0.10000000000000675,0.0,True,single_design_dataset
89,1.737,3.137,-1.4,down,400,0.05,20,4.019999999999999,0.6999999999999998,8.881784197001252e-16,1.1102230246251565e-16,0.0,0.0,True,single_design_dataset
90,5.265,1.737,3.5279999999999996,up,400,0.05,20,16.55,2.7999999999999994,0.009999999999999787,4.440892098500626e-16,0.09999999999999787,0.0,True,single_design_dataset
91,6.372,5.265,1.1070000000000002,up,400,0.05,20,22.750999999999998,3.4799999999999995,0.009949874371067756,4.440892098500626e-16,0.10000000000001563,0.0,True,single_design_dataset
92,7.094,6.372,0.7220000000000004,up,400,0.05,20,26.544999999999998,3.900000000000001,0.008660254037844203,8.881784197001252e-16,0.09999999999999787,0.0,True,single_design_dataset
93,5.86,7.094,-1.234,down,400,0.05,20,22.158000000000005,3.1599999999999993,0.005999999999999872,8.881784197001252e-16,0.0,0.0,True,single_design_dataset
94,3.543,5.86,-2.317,down,400,0.05,20,10.714999999999998,1.78,0.008660254037844971,0.0,-0.10000000000000675,0.0,True,single_design_dataset
95,5.734,3.543,2.191,up,400,0.05,20,20.064999999999998,3.0799999999999996,0.008660254037844203,4.440892098500626e-16,0.09999999999999787,0.0,True,single_design_dataset
96,6.482,5.734,0.7480000000000002,up,400,0.05,20,23.977000000000004,3.5400000000000005,0.007141428428542697,4.440892098500626e-16,0.09999999999999787,0.0,True,single_design_dataset
97,5.133,6.482,-1.3490000000000002,down,400,0.05,20,18.519999999999996,2.7199999999999998,3.552713678800501e-15,4.440892098500626e-16,0.0,0.0,True,single_design_dataset
98,6.325,5.133,1.1920000000000002,up,400,0.05,20,23.408000000000005,3.44,0.009797958971134245,0.0,0.10000000000001563,0.0,True,single_design_dataset
99,7.037,6.325,0.7119999999999997,up,400,0.05,20,26.737000000000002,3.872999999999999,0.007141428428542697,0.009539392014169465,0.09999999999999787,0.0,True,single_design_dataset
100,6.695,7.037,-0.34199999999999964,down,400,0.05,20,26.100000000000005,3.6720000000000006,3.552713678800501e-15,0.009797958971132722,0.0,0.10000000000000009,True,single_design_dataset
101,5.197,6.695,-1.4980000000000002,down,400,0.05,20,19.492000000000004,2.7599999999999993,0.009797958971132503,4.440892098500626e-16,-0.09999999999999787,0.0,True,single_design_dataset
102,2.105,5.197,-3.092,down,400,0.05,20,5.659,0.9200000000000003,0.004358898943540774,2.220446049250313e-16,-0.10000000000000231,0.0,True,single_design_dataset
103,3.017,2.105,0.9119999999999999,up,400,0.05,20,7.8199999999999985,1.4600000000000002,1.7763568394002505e-15,2.220446049250313e-16,0.0,0.0,True,single_design_dataset
104,4.766,3.017,1.749,up,400,0.05,20,14.967000000000002,2.5,0.009539392014169255,0.0,0.09999999999999787,0.0,True,single_design_dataset
105,2.528,4.766,-2.238,down,400,0.05,20,6.7379999999999995,1.16,0.006000000000000139,0.0,-0.10000000000000231,0.0,True,single_design_dataset
106,6.174,2.528,3.6460000000000004,up,400,0.05,20,22.162,3.3600000000000003,0.012489995996796531,4.440892098500626e-16,0.19999999999999574,0.0,True,single_design_dataset
107,5.603,6.174,-0.5710000000000006,down,400,0.05,20,20.44,3.0200000000000005,0.0,4.440892098500626e-16,0.0,0.0,True,single_design_dataset
108,3.138,5.603,-2.465,down,400,0.05,20,9.107,1.52,0.009539392014169253,0.0,-0.09999999999999787,0.0,True,single_design_dataset
109,5.269,3.138,2.1310000000000002,up,400,0.05,20,17.722,2.7999999999999994,0.005999999999999872,4.440892098500626e-16,0.09999999999999787,0.0,True,single_design_dataset
110,6.536,5.269,1.2669999999999995,up,400,0.05,20,24.306,3.5799999999999996,0.009165151389911485,4.440892098500626e-16,0.09999999999999787,0.0,True,single_design_dataset
111,5.807,6.536,-0.7289999999999992,down,400,0.05,20,21.94,3.14,0.0,0.0,0.0,0.0,True,single_design_dataset
112,4.182,5.807,-1.625,down,400,0.05,20,14.0,2.1599999999999993,0.0,8.881784197001252e-16,0.0,0.0,True,single_design_dataset
113,6.503,4.182,2.3209999999999997,up,400,0.05,20,24.278,3.5400000000000005,0.008717797887081161,4.440892098500626e-16,0.19999999999999574,0.0,True,single_design_dataset
114,6.118,6.503,-0.3849999999999998,down,400,0.05,20,23.360000000000003,3.3199999999999994,3.552713678800501e-15,4.440892098500626e-16,0.0,0.0,True,single_design_dataset
115,4.213,6.118,-1.9050000000000002,down,400,0.05,20,14.342999999999998,2.18,0.007141428428542696,0.0,-0.09999999999999787,0.0,True,single_design_dataset
116,4.895,4.213,0.6819999999999995,up,400,0.05,20,16.687999999999995,2.5799999999999996,0.009797958971132503,4.440892098500626e-16,0.09999999999999787,0.0,True,single_design_dataset
117,6.5,4.895,1.6050000000000004,up,400,0.05,20,24.331999999999994,3.5400000000000005,0.009797958971132503,4.440892098500626e-16,0.09999999999999787,0.0,True,single_design_dataset
118,3.794,6.5,-2.706,down,400,0.05,20,12.391,1.9200000000000004,0.009949874371065986,4.440892098500626e-16,-0.09999999999999787,0.0,True,single_design_dataset
119,6.99,3.794,3.196,up,400,0.05,20,26.572999999999997,3.8400000000000007,0.009539392014169255,8.881784197001252e-16,0.09999999999999787,0.0,True,single_design_dataset
120,4.456,6.99,-2.534,down,400,0.05,20,15.607000000000005,2.32,0.009539392014169253,0.0,-0.09999999999999787,0.0,True,single_design_dataset
121,3.285,4.456,-1.1710000000000003,down,400,0.05,20,10.089000000000002,1.6200000000000003,0.009949874371065986,2.220446049250313e-16,-0.09999999999999787,0.0,True,single_design_dataset
122,2.259,3.285,-1.0260000000000002,down,400,0.05,20,6.122000000000002,1.0,0.005999999999999873,0.0,-0.09999999999999787,0.0,True,single_design_dataset
123,3.012,2.259,0.7530000000000001,up,400,0.05,20,7.860000000000002,1.4600000000000002,1.7763568394002505e-15,2.220446049250313e-16,0.0,0.0,True,single_design_dataset
124,2.319,3.012,-0.6930000000000001,down,400,0.05,20,6.034999999999999,1.0399999999999998,0.008660254037844586,2.220446049250313e-16,-0.10000000000000231,0.0,True,single_design_dataset
125,0.998,2.319,-1.321,down,400,0.05,20,2.3819999999999997,0.25600000000000006,0.014000000000000012,0.008000000000000007,-0.20000000000000018,-0.10000000000000009,True,single_design_dataset
126,2.439,0.998,1.441,up,400,0.05,20,5.36,1.1000000000000003,0.0,2.220446049250313e-16,0.0,0.0,True,single_design_dataset
127,1.35,2.439,-1.089,down,400,0.05,20,2.9230000000000005,0.45100000000000007,0.007141428428542856,0.009949874371066208,-0.10000000000000009,0.10000000000000009,True,single_design_dataset
128,2.591,1.35,1.241,up,400,0.05,20,5.64,1.1999999999999997,0.0,2.220446049250313e-16,0.0,0.0,True,single_design_dataset
129,1.149,2.591,-1.4420000000000002,down,400,0.05,20,2.4599999999999995,0.33100000000000007,0.014142135623730963,0.00994987437106621,-0.20000000000000018,-0.10000000000000009,True,single_design_dataset
130,6.369,1.149,5.22,up,400,0.05,20,22.628,3.4599999999999995,0.014696938456698755,4.440892098500626e-16,0.2999999999999936,0.0,True,single_design_dataset
131,4.273,6.369,-2.096,down,400,0.05,20,13.559999999999999,2.2000000000000006,1.7763568394002505e-15,4.440892098500626e-16,0.0,0.0,True,single_design_dataset
132,2.511,4.273,-1.7619999999999996,down,400,0.05,20,6.459999999999999,1.16,8.881784197001252e-16,0.0,0.0,0.0,True,single_design_dataset
133,3.419,2.511,0.9079999999999999,up,400,0.05,20,8.860000000000003,1.7,3.552713678800501e-15,0.0,0.0,0.0,True,single_design_dataset
134,4.074,3.419,0.6549999999999998,up,400,0.05,20,11.400000000000002,2.1000000000000005,1.7763568394002505e-15,4.440892098500626e-16,0.0,0.0,True,single_design_dataset
135,1.595,4.074,-2.479,down,400,0.05,20,3.724,0.5919999999999999,0.008000000000000007,0.009797958971132722,-0.10000000000000009,0.0,True,single_design_dataset
136,2.495,1.595,0.9000000000000001,up,400,0.05,20,5.5600000000000005,1.1400000000000001,8.881784197001252e-16,2.220446049250313e-16,0.0,0.0,True,single_design_dataset
137,1.036,2.495,-1.459,down,400,0.05,20,2.2679999999999993,0.27399999999999997,0.011661903789690559,0.009165151389911688,-0.19999999999999796,-0.10000000000000009,True,single_design_dataset
138,3.329,1.036,2.293,up,400,0.05,20,7.913999999999997,1.64,0.009165151389911485,0.0,0.09999999999999787,0.0,True,single_design_dataset
139,4.313,3.329,0.9839999999999995,up,400,0.05,20,11.974999999999998,2.2400000000000007,0.008660254037844203,4.440892098500626e-16,0.09999999999999787,0.0,True,single_design_dataset
140,2.999,4.313,-1.3139999999999996,down,400,0.05,20,7.740000000000002,1.4400000000000002,1.7763568394002505e-15,2.220446049250313e-16,0.0,0.0,True,single_design_dataset
141,3.422,2.999,0.42300000000000004,up,400,0.05,20,8.72,1.7,0.0,0.0,0.0,0.0,True,single_design_dataset
142,5.661,3.422,2.2389999999999994,up,400,0.05,20,18.904000000000003,3.04,0.013564659966251714,0.0,0.2000000000000135,0.0,True,single_design_dataset
143,6.664,5.661,1.0030000000000001,up,400,0.05,20,24.507999999999996,3.6399999999999997,0.009797958971132503,4.440892098500626e-16,0.09999999999999787,0.0,True,single_design_dataset
144,5.197,6.664,-1.4669999999999996,down,400,0.05,20,18.579999999999995,2.7599999999999993,3.552713678800501e-15,4.440892098500626e-16,0.0,0.0,True,single_design_dataset
145,4.519,5.197,-0.6779999999999999,down,400,0.05,20,15.217000000000002,2.36,0.007141428428543332,0.0,-0.10000000000000675,0.0,True,single_design_dataset
146,2.684,4.519,-1.835,down,400,0.05,20,7.3100000000000005,1.2600000000000002,0.010000000000000231,2.220446049250313e-16,-0.10000000000000231,0.0,True,single_design_dataset
147,1.147,2.684,-1.5370000000000001,down,400,0.05,20,2.706,0.3350000000000001,0.014282856857085711,0.008660254037844393,-0.20000000000000018,-0.10000000000000009,True,single_design_dataset
148,2.975,1.147,1.828,up,400,0.05,20,7.0,1.4200000000000004,0.0,4.440892098500626e-16,0.0,0.0,True,single_design_dataset
149,2.144,2.975,-0.831,down,400,0.05,20,5.0169999999999995,0.9400000000000001,0.007141428428542699,1.1102230246251565e-16,0.0,0.0,True,single_design_dataset
150,4.894,2.144,2.75,up,400,0.05,20,14.888,2.5799999999999996,0.009797958971132503,4.440892098500626e-16,0.09999999999999787,0.0,True,single_design_dataset
151,2.64,4.894,-2.254,down,400,0.05,20,6.773000000000001,1.2399999999999998,0.009539392014169677,2.220446049250313e-16,-0.10000000000000231,0.0,True,single_design_dataset
152,4.746,2.64,2.1060000000000003,up,400,0.05,20,14.300999999999998,2.5,0.0076811457478686875,0.0,0.20000000000000462,0.0,True,single_design_dataset
153,3.911,4.746,-0.8350000000000004,down,400,0.05,20,11.5,2.0,0.0,0.0,0.0,0.0,True,single_design_dataset
154,3.57,3.911,-0.3410000000000002,down,400,0.05,20,10.139999999999997,1.7999999999999996,3.552713678800501e-15,4.440892098500626e-16,0.0,0.0,True,single_design_dataset
155,2.654,3.57,-0.9159999999999999,down,400,0.05,20,6.919999999999999,1.2399999999999998,8.881784197001252e-16,2.220446049250313e-16,0.0,0.0,True,single_design_dataset
156,4.631,2.654,1.9770000000000003,up,400,0.05,20,13.765999999999996,2.4200000000000004,0.009165151389911483,4.440892098500626e-16,0.09999999999999787,0.0,True,single_design_dataset
157,6.647,4.631,2.016,up,400,0.05,20,24.331999999999994,3.6399999999999997,0.009797958971132503,4.440892098500626e-16,0.09999999999999787,0.0,True,single_design_dataset
158,5.895,6.647,-0.7520000000000007,down,400,0.05,20,21.959999999999997,3.18,3.552713678800501e-15,0.0,0.0,0.0,True,single_design_dataset
159,3.254,5.895,-2.6409999999999996,down,400,0.05,20,9.508,1.6000000000000003,0.009797958971132503,2.220446049250313e-16,-0.09999999999999787,0.0,True,single_design_dataset
160,4.635,3.254,1.3809999999999998,up,400,0.05,20,14.462000000000003,2.4200000000000004,0.005999999999999872,4.440892098500626e-16,0.09999999999999787,0.0,True,single_design_dataset
161,7.107,4.635,2.4720000000000004,up,400,0.05,20,26.814999999999998,3.9200000000000004,0.012449899597988466,4.440892098500626e-16,0.19999999999999574,0.0,True,single_design_dataset
162,6.291,7.107,-0.8159999999999998,down,400,0.05,20,24.38,3.4200000000000004,0.0,4.440892098500626e-16,0.0,0.0,True,single_design_dataset
163,7.061,6.291,0.7699999999999996,up,400,0.05,20,27.119999999999997,3.879999999999999,3.552713678800501e-15,8.881784197001252e-16,0.0,0.0,True,single_design_dataset
164,6.049,7.061,-1.0119999999999996,down,400,0.05,20,23.759999999999998,3.28,3.552713678800501e-15,0.0,0.0,0.0,True,single_design_dataset
165,4.604,6.049,-1.4450000000000003,down,400,0.05,20,16.436000000000003,2.4200000000000004,0.007999999999999828,4.440892098500626e-16,-0.09999999999999787,0.0,True,single_design_dataset
166,5.855,4.604,1.2510000000000003,up,400,0.05,20,21.62,3.1599999999999993,0.0,8.881784197001252e-16,0.0,0.0,True,single_design_dataset
167,6.704,5.855,0.8489999999999993,up,400,0.05,20,25.641,3.680000000000001,0.004358898943540581,8.881784197001252e-16,0.09999999999999787,0.0,True,single_design_dataset
168,5.366,6.704,-1.338,down,400,0.05,20,20.443,2.86,0.007141428428542699,0.0,-0.09999999999999787,0.0,True,single_design_dataset
169,6.562,5.366,1.1960000000000006,up,400,0.05,20,25.137999999999998,3.5799999999999996,0.005999999999999872,4.440892098500626e-16,0.09999999999999787,0.0,True,single_design_dataset
170,3.384,6.562,-3.1780000000000004,down,400,0.05,20,10.708999999999998,1.6800000000000002,0.00994987437106687,2.220446049250313e-16,-0.10000000000000675,0.0,True,single_design_dataset
171,1.892,3.384,-1.492,down,400,0.05,20,5.019999999999999,0.7799999999999999,8.881784197001252e-16,1.1102230246251565e-16,0.0,0.0,True,single_design_dataset
172,2.57,1.892,0.6779999999999999,up,400,0.05,20,6.379999999999999,1.18,8.881784197001252e-16,0.0,0.0,0.0,True,single_design_dataset
173,1.475,2.57,-1.0949999999999998,down,400,0.05,20,3.5400000000000005,0.5389999999999999,4.440892098500626e-16,0.004358898943540678,0.0,0.10000000000000009,True,single_design_dataset
174,3.017,1.475,1.5419999999999998,up,400,0.05,20,7.340000000000001,1.4600000000000002,8.881784197001252e-16,2.220446049250313e-16,0.0,0.0,True,single_design_dataset
175,1.37,3.017,-1.6469999999999998,down,400,0.05,20,3.1699999999999995,0.46000000000000013,0.011832159566199242,1.1102230246251565e-16,-0.20000000000000018,0.0,True,single_design_dataset
176,4.529,1.37,3.159,up,400,0.05,20,13.313999999999998,2.36,0.009165151389911485,0.0,0.09999999999999787,0.0,True,single_design_dataset
177,5.155,4.529,0.6260000000000003,up,400,0.05,20,16.736,2.7400000000000007,0.007999999999999828,4.440892098500626e-16,0.09999999999999787,0.0,True,single_design_dataset
178,6.139,5.155,0.984,up,400,0.05,20,22.168,3.3400000000000007,0.009797958971132503,8.881784197001252e-16,0.09999999999999787,0.0,True,single_design_dataset
179,3.521,6.139,-2.6180000000000003,down,400,0.05,20,10.638,1.7600000000000002,0.006000000000000405,2.220446049250313e-16,-0.10000000000000675,0.0,True,single_design_dataset
180,2.332,3.521,-1.189,down,400,0.05,20,6.130000000000001,1.0399999999999998,0.009999999999999787,2.220446049250313e-16,-0.09999999999999787,0.0,True,single_design_dataset
181,4.883,2.332,2.551,up,400,0.05,20,15.456999999999997,2.5799999999999996,0.007141428428543333,4.440892098500626e-16,0.10000000000000675,0.0,True,single_design_dataset
182,5.752,4.883,0.8689999999999998,up,400,0.05,20,20.174,3.1000000000000005,0.009165151389911487,4.440892098500626e-16,0.09999999999999787,0.0,True,single_design_dataset
183,3.005,5.752,-2.747,down,400,0.05,20,8.556,1.4400000000000002,0.00800000000000054,2.220446049250313e-16,-0.10000000000000675,0.0,True,single_design_dataset
184,4.278,3.005,1.2729999999999997,up,400,0.05,20,12.860000000000003,2.2199999999999998,3.552713678800501e-15,4.440892098500626e-16,0.0,0.0,True,single_design_dataset
185,3.262,4.278,-1.0159999999999996,down,400,0.05,20,9.379999999999999,1.6000000000000003,1.7763568394002505e-15,2.220446049250313e-16,0.0,0.0,True,single_design_dataset
186,5.748,3.262,2.486,up,400,0.05,20,20.002999999999997,3.1000000000000005,0.009539392014169253,4.440892098500626e-16,0.19999999999999574,0.0,True,single_design_dataset
187,6.379,5.748,0.6309999999999993,up,400,0.05,20,23.544999999999998,3.4799999999999995,0.008660254037844203,4.440892098500626e-16,0.09999999999999787,0.0,True,single_design_dataset
188,5.93,6.379,-0.44899999999999984,down,400,0.05,20,22.360000000000003,3.2000000000000006,3.552713678800501e-15,4.440892098500626e-16,0.0,0.0,True,single_design_dataset
189,6.511,5.93,0.5810000000000004,up,400,0.05,20,24.56,3.56,0.0,0.0,0.0,0.0,True,single_design_dataset
190,4.701,6.511,-1.8100000000000005,down,400,0.05,20,16.824999999999996,2.4729999999999994,0.008660254037844203,0.009539392014169463,-0.09999999999999787,0.0,True,single_design_dataset
191,6.225,4.701,1.524,up,400,0.05,20,23.267999999999994,3.38,0.009797958971132503,0.0,0.09999999999999787,0.0,True,single_design_dataset
192,4.979,6.225,-1.2459999999999996,down,400,0.05,20,18.259999999999998,2.64,3.552713678800501e-15,0.0,0.0,0.0,True,single_design_dataset
193,4.508,4.979,-0.4710000000000001,down,400,0.05,20,15.920000000000002,2.36,1.7763568394002505e-15,0.0,0.0,0.0,True,single_design_dataset
194,3.35,4.508,-1.158,down,400,0.05,20,10.355,1.6599999999999997,0.008660254037844203,2.220446049250313e-16,-0.09999999999999787,0.0,True,single_design_dataset
195,4.87,3.35,1.52,up,400,0.05,20,16.199999999999996,2.5600000000000005,3.552713678800501e-15,4.440892098500626e-16,0.0,0.0,True,single_design_dataset
196,2.487,4.87,-2.383,down,400,0.05,20,6.999,1.1400000000000001,0.009949874371065986,2.220446049250313e-16,-0.19999999999999574,0.0,True,single_design_dataset
197,3.306,2.487,0.819,up,400,0.05,20,9.06,1.6200000000000003,0.0,2.220446049250313e-16,0.0,0.0,True,single_design_dataset
198,5.232,3.306,1.9260000000000002,up,400,0.05,20,17.557,2.7800000000000002,0.007141428428542699,4.440892098500626e-16,0.09999999999999787,0.0,True,single_design_dataset
199,4.821,5.232,-0.4110000000000005,down,400,0.05,20,16.38,2.54,0.0,0.0,0.0,0.0,True,single_design_dataset
200,1.221,4.821,-3.5999999999999996,down,400,0.05,20,3.2439999999999998,0.394,0.01743559577416252,0.00916515138991169,-0.29999999999999805,-0.10000000000000009,True,single_design_dataset
201,2.054,1.221,0.8329999999999997,up,400,0.05,20,4.659999999999999,0.8800000000000001,8.881784197001252e-16,1.1102230246251565e-16,0.0,0.0,True,single_design_dataset
202,3.953,2.054,1.899,up,400,0.05,20,10.997,2.0200000000000005,0.007141428428542699,4.440892098500626e-16,0.09999999999999787,0.0,True,single_design_dataset
203,2.642,3.953,-1.311,down,400,0.05,20,6.919999999999999,1.2399999999999998,8.881784197001252e-16,2.220446049250313e-16,0.0,0.0,True,single_design_dataset
204,2.056,2.642,-0.5859999999999999,down,400,0.05,20,5.099999999999999,0.8800000000000001,8.881784197001252e-16,1.1102230246251565e-16,0.0,0.0,True,single_design_dataset
205,3.409,2.056,1.3529999999999998,up,400,0.05,20,8.72,1.6800000000000002,0.0,2.220446049250313e-16,0.0,0.0,True,single_design_dataset
206,3.011,3.409,-0.3979999999999997,down,400,0.05,20,7.840000000000001,1.4600000000000002,8.881784197001252e-16,2.220446049250313e-16,0.0,0.0,True,single_design_dataset
207,6.479,3.011,3.468,up,400,0.05,20,23.589000000000006,3.5400000000000005,0.011789826122553004,4.440892098500626e-16,0.2000000000000135,0.0,True,single_design_dataset
208,3.911,6.479,-2.568,down,400,0.05,20,12.218,2.0,0.006000000000000405,0.0,-0.10000000000000675,0.0,True,single_design_dataset
209,5.043,3.911,1.1320000000000001,up,400,0.05,20,16.694999999999997,2.68,0.008660254037844203,0.0,0.09999999999999787,0.0,True,single_design_dataset
210,2.68,5.043,-2.363,down,400,0.05,20,7.400000000000001,1.2600000000000002,8.881784197001252e-16,2.220446049250313e-16,0.0,0.0,True,single_design_dataset
211,5.458,2.68,2.778,up,400,0.05,20,18.535000000000004,2.9200000000000004,0.008660254037844203,4.440892098500626e-16,0.09999999999999787,0.0,True,single_design_dataset
212,3.392,5.458,-2.0660000000000003,down,400,0.05,20,10.056999999999999,1.6800000000000002,0.007141428428543333,2.220446049250313e-16,-0.10000000000000675,0.0,True,single_design_dataset
213,6.083,3.392,2.6910000000000003,up,400,0.05,20,21.872999999999998,3.2999999999999994,0.009539392014169255,4.440892098500626e-16,0.09999999999999787,0.0,True,single_design_dataset
214,4.611,6.083,-1.4720000000000004,down,400,0.05,20,15.777999999999997,2.4200000000000004,0.005999999999999872,4.440892098500626e-16,-0.09999999999999787,0.0,True,single_design_dataset
215,3.249,4.611,-1.3619999999999997,down,400,0.05,20,9.651999999999997,1.6000000000000003,0.009797958971132503,2.220446049250313e-16,-0.09999999999999787,0.0,True,single_design_dataset
216,2.191,3.249,-1.0580000000000003,down,400,0.05,20,5.8199999999999985,0.9600000000000002,1.7763568394002505e-15,2.220446049250313e-16,0.0,0.0,True,single_design_dataset
217,3.666,2.191,1.475,up,400,0.05,20,10.080000000000002,1.8400000000000005,1.7763568394002505e-15,4.440892098500626e-16,0.0,0.0,True,single_design_dataset
218,4.37,3.666,0.7040000000000002,up,400,0.05,20,13.080000000000002,2.2599999999999993,1.7763568394002505e-15,4.440892098500626e-16,0.0,0.0,True,single_design_dataset
219,6.832,4.37,2.4619999999999997,up,400,0.05,20,25.596000000000004,3.7399999999999998,0.010198039027186745,4.440892098500626e-16,0.2000000000000135,0.0,True,single_design_dataset
220,4.033,6.832,-2.7989999999999995,down,400,0.05,20,13.116,2.0600000000000005,0.00799999999999983,4.440892098500626e-16,-0.09999999999999787,0.0,True,single_design_dataset
221,5.537,4.033,1.5039999999999996,up,400,0.05,20,19.441,2.96,0.004358898943540581,0.0,0.09999999999999787,0.0,True,single_design_dataset
222,4.609,5.537,-0.9279999999999999,down,400,0.05,20,15.860000000000003,2.4200000000000004,3.552713678800501e-15,4.440892098500626e-16,0.0,0.0,True,single_design_dataset
223,3.002,4.609,-1.6070000000000002,down,400,0.05,20,8.801000000000002,1.4600000000000002,0.009949874371066363,2.220446049250313e-16,-0.20000000000000462,0.0,True,single_design_dataset
224,4.167,3.002,1.165,up,400,0.05,20,12.599999999999998,2.14,1.7763568394002505e-15,0.0,0.0,0.0,True,single_design_dataset
225,2.027,4.167,-2.1399999999999997,down,400,0.05,20,5.36,0.86,0.0,0.0,0.0,0.0,True,single_design_dataset
226,2.766,2.027,0.7389999999999999,up,400,0.05,20,6.959999999999999,1.3000000000000003,8.881784197001252e-16,2.220446049250313e-16,0.0,0.0,True,single_design_dataset
227,3.729,2.766,0.9630000000000001,up,400,0.05,20,10.22,1.8800000000000001,0.0,2.220446049250313e-16,0.0,0.0,True,single_design_dataset
228,1.839,3.729,-1.8900000000000001,down,400,0.05,20,4.638,0.76,0.005999999999999873,0.0,0.0,0.0,True,single_design_dataset
229,3.687,1.839,1.8479999999999999,up,400,0.05,20,9.879999999999999,1.86,1.7763568394002505e-15,0.0,0.0,0.0,True,single_design_dataset
230,4.864,3.687,1.177,up,400,0.05,20,15.202000000000002,2.5600000000000005,0.006000000000000405,4.440892098500626e-16,0.10000000000000675,0.0,True,single_design_dataset
231,3.535,4.864,-1.3289999999999997,down,400,0.05,20,10.34,1.78,0.0,0.0,0.0,0.0,True,single_design_dataset
232,1.488,3.535,-2.047,down,400,0.05,20,3.6669999999999994,0.5259999999999998,0.009539392014169465,0.009165151389911688,-0.10000000000000009,0.10000000000000009,True,single_design_dataset
233,3.586,1.488,2.098,up,400,0.05,20,9.419999999999998,1.7999999999999996,1.7763568394002505e-15,4.440892098500626e-16,0.0,0.0,True,single_design_dataset
234,4.577,3.586,0.9910000000000001,up,400,0.05,20,13.737,2.3999999999999995,0.007141428428542699,4.440892098500626e-16,0.09999999999999787,0.0,True,single_design_dataset
235,6.065,4.577,1.4880000000000004,up,400,0.05,20,21.585,3.28,0.013964240043770169,0.0,0.2000000000000135,0.0,True,single_design_dataset
236,3.758,6.065,-2.3070000000000004,down,400,0.05,20,11.599,1.8999999999999997,0.004358898943540581,2.220446049250313e-16,-0.09999999999999787,0.0,True,single_design_dataset
237,4.521,3.758,0.7629999999999999,up,400,0.05,20,14.180000000000001,2.36,1.7763568394002505e-15,0.0,0.0,0.0,True,single_design_dataset
238,1.094,4.521,-3.4269999999999996,down,400,0.05,20,2.8650000000000007,0.32000000000000006,0.016583123951777017,5.551115123125783e-17,-0.30000000000000027,0.0,True,single_design_dataset
239,2.668,1.094,1.574,up,400,0.05,20,6.260000000000001,1.2399999999999998,8.881784197001252e-16,2.220446049250313e-16,0.0,0.0,True,single_design_dataset
240,1.722,2.668,-0.9460000000000002,down,400,0.05,20,4.040000000000001,0.6799999999999999,8.881784197001252e-16,1.1102230246251565e-16,0.0,0.0,True,single_design_dataset
241,3.866,1.722,2.144,up,400,0.05,20,10.360000000000003,1.9600000000000002,3.552713678800501e-15,2.220446049250313e-16,0.0,0.0,True,single_design_dataset
242,7.121,3.866,3.2550000000000003,up,400,0.05,20,26.724,3.9200000000000004,0.013564659966250248,4.440892098500626e-16,0.19999999999999574,0.0,True,single_design_dataset
243,5.146,7.121,-1.9750000000000005,down,400,0.05,20,18.600000000000005,2.7400000000000007,3.552713678800501e-15,4.440892098500626e-16,0.0,0.0,True,single_design_dataset
244,5.738,5.146,0.5920000000000005,up,400,0.05,20,20.839999999999996,3.0949999999999998,3.552713678800501e-15,0.008660254037844393,0.0,0.10000000000000009,True,single_design_dataset
245,3.24,5.738,-2.498,down,400,0.05,20,9.643999999999997,1.6000000000000003,0.00799999999999983,2.220446049250313e-16,-0.09999999999999787,0.0,True,single_design_dataset
246,4.02,3.24,0.7799999999999994,up,400,0.05,20,12.0,2.0600000000000005,0.0,4.440892098500626e-16,0.0,0.0,True,single_design_dataset
247,2.722,4.02,-1.2979999999999996,down,400,0.05,20,7.547999999999999,1.2800000000000002,0.009797958971132503,2.220446049250313e-16,-0.09999999999999787,0.0,True,single_design_dataset
248,3.869,2.722,1.1470000000000002,up,400,0.05,20,11.020000000000001,1.9600000000000002,1.7763568394002505e-15,2.220446049250313e-16,0.0,0.0,True,single_design_dataset
249,5.813,3.869,1.9439999999999995,up,400,0.05,20,20.406000000000002,3.14,0.009165151389913114,0.0,0.10000000000001563,0.0,True,single_design_dataset
250,4.76,5.813,-1.053,down,400,0.05,20,16.375999999999998,2.5,0.007999999999999828,0.0,-0.09999999999999787,0.0,True,single_design_dataset
251,5.305,4.76,0.5449999999999999,up,400,0.05,20,18.360000000000003,2.82,3.552713678800501e-15,0.0,0.0,0.0,True,single_design_dataset
252,4.299,5.305,-1.0059999999999993,down,400,0.05,20,14.338,2.2199999999999998,0.005999999999999873,4.440892098500626e-16,-0.09999999999999787,0.0,True,single_design_dataset
253,6.02,4.299,1.7209999999999992,up,400,0.05,20,21.815,3.2599999999999993,0.008660254037844203,4.440892098500626e-16,0.09999999999999787,0.0,True,single_design_dataset
254,5.32,6.02,-0.6999999999999993,down,400,0.05,20,19.44,2.8400000000000007,0.0,8.881784197001252e-16,0.0,0.0,True,single_design_dataset
255,1.853,5.32,-3.4670000000000005,down,400,0.05,20,4.984000000000001,0.748,0.00799999999999983,0.00979795897113272,-0.09999999999999787,0.10000000000000009,True,single_design_dataset
256,2.93,1.853,1.0770000000000002,up,400,0.05,20,7.56,1.3999999999999997,0.0,2.220446049250313e-16,0.0,0.0,True,single_design_dataset
257,3.378,2.93,0.44799999999999995,up,400,0.05,20,9.020000000000001,1.6779999999999997,1.7763568394002505e-15,0.0060000000000000045,0.0,0.0,True,single_design_dataset
258,2.955,3.378,-0.42300000000000004,down,400,0.05,20,7.979999999999999,1.4200000000000004,1.7763568394002505e-15,4.440892098500626e-16,0.0,0.0,True,single_design_dataset
259,3.836,2.955,0.8809999999999998,up,400,0.05,20,10.681999999999999,1.9399999999999995,0.005999999999999873,4.440892098500626e-16,0.09999999999999787,0.0,True,single_design_dataset
260,2.859,3.836,-0.9769999999999999,down,400,0.05,20,7.740000000000002,1.3599999999999999,1.7763568394002505e-15,2.220446049250313e-16,0.0,0.0,True,single_design_dataset
261,4.677,2.859,1.8179999999999996,up,400,0.05,20,14.381,2.46,0.004358898943540581,0.0,0.0,0.0,True,single_design_dataset
262,3.083,4.677,-1.5939999999999994,down,400,0.05,20,8.672999999999998,1.5,0.009539392014169255,0.0,-0.09999999999999787,0.0,True,single_design_dataset
263,6.464,3.083,3.3810000000000002,up,400,0.05,20,23.685999999999996,3.5200000000000005,0.014282856857085396,4.440892098500626e-16,0.19999999999999574,0.0,True,single_design_dataset
264,4.909,6.464,-1.5550000000000006,down,400,0.05,20,17.296999999999997,2.5940000000000003,0.007141428428542699,0.009165151389911688,-0.09999999999999787,0.10000000000000009,True,single_design_dataset
265,2.443,4.909,-2.4659999999999997,down,400,0.05,20,6.75,1.1000000000000003,0.009999999999999787,2.220446049250313e-16,-0.09999999999999787,0.0,True,single_design_dataset
266,3.279,2.443,0.8359999999999999,up,400,0.05,20,8.837,1.6090000000000004,0.007141428428542698,0.00994987437106621,-0.09999999999999787,-0.10000000000000009,True,single_design_dataset
267,6.119,3.279,2.84,up,400,0.05,20,22.009999999999998,3.3199999999999994,0.009999999999999787,4.440892098500626e-16,0.09999999999999787,0.0,True,single_design_dataset
268,6.684,6.119,0.5650000000000004,up,400,0.05,20,25.184999999999995,3.6599999999999993,0.008660254037844201,8.881784197001252e-16,0.09999999999999787,0.0,True,single_design_dataset
269,5.961,6.684,-0.7229999999999999,down,400,0.05,20,22.920000000000005,3.22,3.552713678800501e-15,0.0,0.0,0.0,True,single_design_dataset
270,4.917,5.961,-1.0440000000000005,down,400,0.05,20,17.929000000000002,2.6000000000000005,0.009949874371065988,4.440892098500626e-16,-0.09999999999999787,0.0,True,single_design_dataset
271,3.482,4.917,-1.4349999999999996,down,400,0.05,20,10.897,1.7209999999999996,0.007141428428542699,0.004358898943540677,-0.09999999999999787,0.0,True,single_design_dataset
272,5.276,3.482,1.7939999999999996,up,400,0.05,20,18.240000000000002,2.7999999999999994,3.552713678800501e-15,4.440892098500626e-16,0.0,0.0,True,single_design_dataset
273,4.214,5.276,-1.0619999999999994,down,400,0.05,20,14.059999999999999,2.18,1.7763568394002505e-15,0.0,0.0,0.0,True,single_design_dataset
274,4.68,4.214,0.4659999999999993,up,400,0.05,20,15.540000000000003,2.46,3.552713678800501e-15,0.0,0.0,0.0,True,single_design_dataset
275,3.708,4.68,-0.9719999999999995,down,400,0.05,20,11.800000000000002,1.8800000000000001,1.7763568394002505e-15,2.220446049250313e-16,0.0,0.0,True,single_design_dataset
276,5.964,3.708,2.2560000000000002,up,400,0.05,20,21.597000000000005,3.22,0.007141428428543965,0.0,0.10000000000001563,0.0,True,single_design_dataset
277,7.177,5.964,1.2129999999999992,up,400,0.05,20,27.613,3.9599999999999986,0.009539392014169255,1.3322676295501878e-15,0.09999999999999787,0.0,True,single_design_dataset
278,6.741,7.177,-0.43599999999999994,down,400,0.05,20,26.68,3.7000000000000006,0.0,4.440892098500626e-16,0.0,0.0,True,single_design_dataset
279,3.082,6.741,-3.659,down,400,0.05,20,9.575,1.5,0.012449899597988468,0.0,-0.19999999999999574,0.0,True,single_design_dataset
280,3.964,3.082,0.8820000000000001,up,400,0.05,20,12.240000000000002,2.0200000000000005,1.7763568394002505e-15,4.440892098500626e-16,0.0,0.0,True,single_design_dataset
281,5.461,3.964,1.4970000000000003,up,400,0.05,20,19.259999999999998,2.9200000000000004,3.552713678800501e-15,4.440892098500626e-16,0.0,0.0,True,single_design_dataset
282,6.662,5.461,1.2009999999999996,up,400,0.05,20,25.438,3.6399999999999997,0.005999999999999872,4.440892098500626e-16,0.09999999999999787,0.0,True,single_design_dataset
283,4.878,6.662,-1.7839999999999998,down,400,0.05,20,17.919000000000004,2.5799999999999996,0.004358898943541355,4.440892098500626e-16,-0.10000000000001563,0.0,True,single_design_dataset
284,2.766,4.878,-2.112,down,400,0.05,20,8.285,1.3000000000000003,0.008660254037844971,2.220446049250313e-16,-0.10000000000000675,0.0,True,single_design_dataset
285,4.098,2.766,1.3319999999999999,up,400,0.05,20,12.620000000000001,2.1000000000000005,1.7763568394002505e-15,4.440892098500626e-16,0.0,0.0,True,single_design_dataset
286,4.992,4.098,0.8940000000000001,up,400,0.05,20,16.821999999999996,2.64,0.005999999999999873,0.0,0.09999999999999787,0.0,True,single_design_dataset
287,3.513,4.992,-1.479,down,400,0.05,20,10.974000000000002,1.7399999999999998,0.009165151389911485,2.220446049250313e-16,-0.09999999999999787,0.0,True,single_design_dataset
288,2.88,3.513,-0.633,down,400,0.05,20,8.460000000000003,1.3799999999999997,1.7763568394002505e-15,2.220446049250313e-16,0.0,0.0,True,single_design_dataset
289,2.208,2.88,-0.6719999999999997,down,400,0.05,20,6.029999999999999,0.9800000000000001,0.010000000000000231,1.1102230246251565e-16,-0.10000000000000231,0.0,True,single_design_dataset
290,3.49,2.208,1.282,up,400,0.05,20,9.620000000000001,1.7399999999999998,1.7763568394002505e-15,2.220446049250313e-16,0.0,0.0,True,single_design_dataset
291,2.801,3.49,-0.6890000000000001,down,400,0.05,20,7.740000000000002,1.32,1.7763568394002505e-15,0.0,0.0,0.0,True,single_design_dataset
292,4.716,2.801,1.915,up,400,0.05,20,14.829999999999998,2.4799999999999995,0.009999999999999787,4.440892098500626e-16,0.09999999999999787,0.0,True,single_design_dataset
293,1.357,4.716,-3.359,down,400,0.05,20,3.5690000000000004,0.46000000000000013,0.0194679223339318,1.1102230246251565e-16,-0.30000000000000027,0.0,True,single_design_dataset
294,4.376,1.357,3.019,up,400,0.05,20,13.053,2.2779999999999996,0.0095393920141701,0.006000000000000005,0.10000000000000675,0.0,True,single_design_dataset
295,5.301,4.376,0.9249999999999998,up,400,0.05,20,17.815,2.82,0.008660254037844203,0.0,0.09999999999999787,0.0,True,single_design_dataset
296,6.369,5.301,1.0679999999999996,up,400,0.05,20,23.608,3.4599999999999995,0.009797958971132503,4.440892098500626e-16,0.09999999999999787,0.0,True,single_design_dataset
297,4.443,6.369,-1.9260000000000002,down,400,0.05,20,15.255,2.3039999999999994,0.008660254037844203,0.008000000000000007,-0.09999999999999787,0.0,True,single_design_dataset
298,3.489,4.443,-0.9539999999999997,down,400,0.05,20,10.857000000000001,1.7399999999999998,0.007141428428542698,2.220446049250313e-16,-0.09999999999999787,0.0,True,single_design_dataset
299,1.879,3.489,-1.6099999999999999,down,400,0.05,20,5.019999999999999,0.7799999999999999,8.881784197001252e-16,1.1102230246251565e-16,0.0,0.0,True,single_design_dataset
300,1.057,1.879,-0.8220000000000001,down,400,0.05,20,2.692,0.2800000000000001,0.01326649916142161,5.551115123125783e-17,-0.20000000000000018,0.0,True,single_design_dataset
301,2.524,1.057,1.467,up,400,0.05,20,5.86,1.16,0.0,0.0,0.0,0.0,True,single_design_dataset
302,3.222,2.524,0.698,up,400,0.05,20,8.123,1.5799999999999996,0.007141428428543333,4.440892098500626e-16,0.10000000000000675,0.0,True,single_design_dataset
303,2.092,3.222,-1.13,down,400,0.05,20,5.1800000000000015,0.9200000000000003,1.7763568394002505e-15,2.220446049250313e-16,0.0,0.0,True,single_design_dataset
304,3.204,2.092,1.112,up,400,0.05,20,8.0,1.5599999999999998,0.0,2.220446049250313e-16,0.0,0.0,True,single_design_dataset
305,2.628,3.204,-0.5760000000000001,down,400,0.05,20,6.659999999999999,1.2199999999999998,8.881784197001252e-16,2.220446049250313e-16,0.0,0.0,True,single_design_dataset
306,1.346,2.628,-1.282,down,400,0.05,20,3.1699999999999995,0.44000000000000006,0.011832159566199242,5.551115123125783e-17,-0.20000000000000018,0.0,True,single_design_dataset
307,3.159,1.346,1.8129999999999997,up,400,0.05,20,7.6800000000000015,1.5399999999999998,1.7763568394002505e-15,2.220446049250313e-16,0.0,0.0,True,single_design_dataset
308,1.422,3.159,-1.7369999999999999,down,400,0.05,20,3.2880000000000003,0.484,0.00979795897113272,0.008000000000000007,-0.10000000000000009,0.10000000000000009,True,single_design_dataset
309,2.678,1.422,1.256,up,400,0.05,20,6.08,1.2399999999999998,0.0,2.220446049250313e-16,0.0,0.0,True,single_design_dataset
310,4.415,2.678,1.737,up,400,0.05,20,12.652,2.2919999999999994,0.009797958971132503,0.00979795897113272,0.09999999999999787,0.10000000000000009,True,single_design_dataset
311,3.673,4.415,-0.742,down,400,0.05,20,10.419999999999998,1.86,1.7763568394002505e-15,0.0,0.0,0.0,True,single_design_dataset
312,3.159,3.673,-0.5140000000000002,down,400,0.05,20,8.599999999999998,1.5399999999999998,1.7763568394002505e-15,2.220446049250313e-16,0.0,0.0,True,single_design_dataset
313,1.929,3.159,-1.2299999999999998,down,400,0.05,20,4.739999999999999,0.8000000000000002,8.881784197001252e-16,1.1102230246251565e-16,0.0,0.0,True,single_design_dataset
314,3.461,1.929,1.5319999999999998,up,400,0.05,20,8.856000000000003,1.72,0.00799999999999983,0.0,0.09999999999999787,0.0,True,single_design_dataset
315,5.081,3.461,1.6200000000000006,up,400,0.05,20,16.089000000000006,2.7000000000000006,0.009949874371067756,4.440892098500626e-16,0.10000000000001563,0.0,True,single_design_dataset
316,3.055,5.081,-2.0260000000000002,down,400,0.05,20,8.430999999999997,1.48,0.009949874371065986,0.0,-0.09999999999999787,0.0,True,single_design_dataset
317,1.1,3.055,-1.955,down,400,0.05,20,2.7100000000000004,0.31399999999999995,0.01341640786499875,0.009165151389911688,-0.30000000000000027,-0.10000000000000009,True,single_design_dataset
318,3.539,1.1,2.439,up,400,0.05,20,9.070000000000004,1.7600000000000002,0.009999999999999787,2.220446049250313e-16,0.09999999999999787,0.0,True,single_design_dataset
319,5.957,3.539,2.4179999999999997,up,400,0.05,20,20.749,3.22,0.009949874371067756,0.0,0.10000000000001563,0.0,True,single_design_dataset
320,4.438,5.957,-1.5190000000000001,down,400,0.05,20,14.5,2.2999999999999994,0.0,4.440892098500626e-16,0.0,0.0,True,single_design_dataset
321,5.369,4.438,0.931,up,400,0.05,20,18.297000000000004,2.86,0.007141428428542697,0.0,0.09999999999999787,0.0,True,single_design_dataset
322,6.426,5.369,1.0570000000000004,up,400,0.05,20,23.737000000000002,3.5,0.007141428428542697,0.0,0.09999999999999787,0.0,True,single_design_dataset
323,5.053,6.426,-1.3730000000000002,down,400,0.05,20,18.186,2.68,0.009165151389911487,0.0,-0.09999999999999787,0.0,True,single_design_dataset
324,6.371,5.053,1.3180000000000005,up,400,0.05,20,23.755,3.4799999999999995,0.008660254037845741,4.440892098500626e-16,0.10000000000001563,0.0,True,single_design_dataset
325,5.712,6.371,-0.6590000000000007,down,400,0.05,20,21.660000000000004,3.0799999999999996,3.552713678800501e-15,4.440892098500626e-16,0.0,0.0,True,single_design_dataset
326,6.12,5.712,0.40800000000000036,up,400,0.05,20,22.920000000000005,3.3199999999999994,3.552713678800501e-15,4.440892098500626e-16,0.0,0.0,True,single_design_dataset
327,4.814,6.12,-1.306,down,400,0.05,20,17.514999999999997,2.54,0.008660254037844201,0.0,-0.09999999999999787,0.0,True,single_design_dataset
328,5.665,4.814,0.851,up,400,0.05,20,20.740000000000002,3.04,3.552713678800501e-15,0.0,0.0,0.0,True,single_design_dataset
329,3.32,5.665,-2.345,down,400,0.05,20,10.398,1.64,0.010770329614268779,0.0,-0.19999999999999574,0.0,True,single_design_dataset
330,4.585,3.32,1.2650000000000001,up,400,0.05,20,14.959999999999999,2.3999999999999995,1.7763568394002505e-15,4.440892098500626e-16,0.0,0.0,True,single_design_dataset
331,6.474,4.585,1.8890000000000002,up,400,0.05,20,24.327999999999996,3.530000000000001,0.009797958971132503,0.010000000000000009,0.09999999999999787,0.0,True,single_design_dataset
332,4.679,6.474,-1.795,down,400,0.05,20,16.722,2.46,0.005999999999999872,0.0,-0.09999999999999787,0.0,True,single_design_dataset
333,4.239,4.679,-0.4400000000000004,down,400,0.05,20,14.51,2.18,0.009999999999999787,0.0,-0.09999999999999787,0.0,True,single_design_dataset
334,6.171,4.239,1.9320000000000004,up,400,0.05,20,22.955999999999996,3.3600000000000003,0.00799999999999983,4.440892098500626e-16,0.09999999999999787,0.0,True,single_design_dataset
335,3.256,6.171,-2.9150000000000005,down,400,0.05,20,10.216999999999999,1.6000000000000003,0.009539392014169886,2.220446049250313e-16,-0.20000000000000462,0.0,True,single_design_dataset
336,2.693,3.256,-0.5629999999999997,down,400,0.05,20,7.805000000000002,1.2600000000000002,0.008660254037844588,2.220446049250313e-16,-0.10000000000000231,0.0,True,single_design_dataset
337,4.104,2.693,1.411,up,400,0.05,20,12.458000000000002,2.1199999999999997,0.006000000000000404,4.440892098500626e-16,0.10000000000000675,0.0,True,single_design_dataset
338,3.465,4.104,-0.6390000000000002,down,400,0.05,20,10.468000000000002,1.72,0.009797958971132503,0.0,-0.09999999999999787,0.0,True,single_design_dataset
339,3.093,3.465,-0.3719999999999999,down,400,0.05,20,9.020000000000001,1.5,1.7763568394002505e-15,0.0,0.0,0.0,True,single_design_dataset
340,6.517,3.093,3.4240000000000004,up,400,0.05,20,24.264999999999997,3.56,0.013964240043769597,0.0,0.2000000000000135,0.0,True,single_design_dataset
341,5.832,6.517,-0.6850000000000005,down,400,0.05,20,22.160000000000004,3.14,3.552713678800501e-15,0.0,0.0,0.0,True,single_design_dataset
342,4.794,5.832,-1.0380000000000003,down,400,0.05,20,17.288999999999994,2.5200000000000005,0.009949874371065988,4.440892098500626e-16,-0.09999999999999787,0.0,True,single_design_dataset
343,2.414,4.794,-2.3799999999999994,down,400,0.05,20,6.933999999999999,1.1000000000000003,0.009165151389911893,2.220446049250313e-16,-0.10000000000000231,0.0,True,single_design_dataset
344,1.128,2.414,-1.2860000000000003,down,400,0.05,20,2.9959999999999996,0.32000000000000006,0.014966629547095779,5.551115123125783e-17,-0.20000000000000018,0.0,True,single_design_dataset
345,2.69,1.128,1.562,up,400,0.05,20,6.540000000000001,1.2600000000000002,8.881784197001252e-16,2.220446049250313e-16,0.0,0.0,True,single_design_dataset
346,1.398,2.69,-1.292,down,400,0.05,20,3.3660000000000005,0.46900000000000003,0.009165151389911688,0.00994987437106618,-0.10000000000000009,0.09999999999999981,True,single_design_dataset
347,3.47,1.398,2.072,up,400,0.05,20,9.020000000000001,1.72,1.7763568394002505e-15,0.0,0.0,0.0,True,single_design_dataset
348,1.596,3.47,-1.874,down,400,0.05,20,3.8589999999999995,0.5999999999999999,0.004358898943540678,1.1102230246251565e-16,0.10000000000000009,0.0,True,single_design_dataset
349,2.814,1.596,1.218,up,400,0.05,20,6.7,1.32,0.0,0.0,0.0,0.0,True,single_design_dataset
350,3.763,2.814,0.9489999999999998,up,400,0.05,20,10.091999999999999,1.8999999999999997,0.009797958971132503,2.220446049250313e-16,0.09999999999999787,0.0,True,single_design_dataset
351,5.391,3.763,1.6280000000000001,up,400,0.05,20,17.995,2.8800000000000003,0.008660254037844203,4.440892098500626e-16,0.09999999999999787,0.0,True,single_design_dataset
352,6.863,5.391,1.4720000000000004,up,400,0.05,20,25.920000000000005,3.7600000000000002,0.010954451150104062,4.440892098500626e-16,0.2000000000000135,0.0,True,single_design_dataset
353,5.013,6.863,-1.8500000000000005,down,400,0.05,20,18.18,2.6599999999999993,0.0,8.881784197001252e-16,0.0,0.0,True,single_design_dataset
354,6.202,5.013,1.189,up,400,0.05,20,23.196999999999996,3.38,0.007141428428542699,0.0,0.09999999999999787,0.0,True,single_design_dataset
355,4.808,6.202,-1.3940000000000001,down,400,0.05,20,17.420000000000005,2.54,3.552713678800501e-15,0.0,0.0,0.0,True,single_design_dataset
356,5.236,4.808,0.42799999999999994,up,400,0.05,20,18.759999999999998,2.7800000000000002,3.552713678800501e-15,4.440892098500626e-16,0.0,0.0,True,single_design_dataset
357,3.576,5.236,-1.6599999999999997,down,400,0.05,20,11.41,1.7999999999999996,0.009999999999999787,4.440892098500626e-16,-0.09999999999999787,0.0,True,single_design_dataset
358,2.148,3.576,-1.428,down,400,0.05,20,5.8919999999999995,0.9400000000000001,0.009797958971132939,1.1102230246251565e-16,-0.10000000000000231,0.0,True,single_design_dataset
359,2.632,2.148,0.484,up,400,0.05,20,6.8,1.2199999999999998,0.0,2.220446049250313e-16,0.0,0.0,True,single_design_dataset
360,3.551,2.632,0.919,up,400,0.05,20,9.740000000000002,1.78,1.7763568394002505e-15,0.0,0.0,0.0,True,single_design_dataset
361,4.994,3.551,1.4429999999999996,up,400,0.05,20,16.308,2.64,0.009797958971132503,0.0,0.09999999999999787,0.0,True,single_design_dataset
362,1.289,4.994,-3.705,down,400,0.05,20,3.4150000000000005,0.42000000000000004,0.015329709716755905,5.551115123125783e-17,-0.20000000000000018,0.0,True,single_design_dataset
363,3.277,1.289,1.9880000000000002,up,400,0.05,20,8.498000000000001,1.6000000000000003,0.005999999999999872,2.220446049250313e-16,0.09999999999999787,0.0,True,single_design_dataset
364,2.652,3.277,-0.625,down,400,0.05,20,6.919999999999999,1.2399999999999998,8.881784197001252e-16,2.220446049250313e-16,0.0,0.0,True,single_design_dataset
365,1.878,2.652,-0.7740000000000002,down,400,0.05,20,4.6800000000000015,0.7799999999999999,1.7763568394002505e-15,1.1102230246251565e-16,0.0,0.0,True,single_design_dataset
366,3.166,1.878,1.288,up,400,0.05,20,7.925999999999999,1.5399999999999998,0.009165151389911893,2.220446049250313e-16,0.10000000000000231,0.0,True,single_design_dataset
367,4.543,3.166,1.3770000000000002,up,400,0.05,20,13.623999999999999,2.371,0.00800000000000054,0.009949874371066208,0.10000000000000675,0.0,True,single_design_dataset
368,5.68,4.543,1.1369999999999996,up,400,0.05,20,19.680999999999997,3.0600000000000005,0.011789826122551344,4.440892098500626e-16,0.19999999999999574,0.0,True,single_design_dataset
369,4.249,5.68,-1.431,down,400,0.05,20,13.819999999999999,2.2000000000000006,1.7763568394002505e-15,4.440892098500626e-16,0.0,0.0,True,single_design_dataset
370,2.158,4.249,-2.0909999999999997,down,400,0.05,20,5.760000000000001,0.9400000000000001,8.881784197001252e-16,1.1102230246251565e-16,0.0,0.0,True,single_design_dataset
371,1.348,2.158,-0.8099999999999998,down,400,0.05,20,3.3069999999999995,0.44000000000000006,0.009539392014169465,5.551115123125783e-17,-0.10000000000000009,0.0,True,single_design_dataset
372,2.506,1.348,1.1579999999999997,up,400,0.05,20,5.8199999999999985,1.1400000000000001,1.7763568394002505e-15,2.220446049250313e-16,0.0,0.0,True,single_design_dataset
373,4.019,2.506,1.5130000000000003,up,400,0.05,20,11.185999999999996,2.0600000000000005,0.009165151389911483,4.440892098500626e-16,0.09999999999999787,0.0,True,single_design_dataset
374,6.183,4.019,2.1639999999999997,up,400,0.05,20,22.221,3.3600000000000003,0.013379088160259367,4.440892098500626e-16,0.19999999999999574,0.0,True,single_design_dataset
375,4.186,6.183,-1.9969999999999999,down,400,0.05,20,13.6,2.1599999999999993,0.0,8.881784197001252e-16,0.0,0.0,True,single_design_dataset
376,5.208,4.186,1.0220000000000002,up,400,0.05,20,17.711000000000006,2.775,0.009949874371065988,0.008660254037844393,0.09999999999999787,0.0,True,single_design_dataset
377,1.199,5.208,-4.009,down,400,0.05,20,3.223000000000001,0.38,0.015842979517754874,0.0,-0.20000000000000018,0.0,True,single_design_dataset
378,2.478,1.199,1.2790000000000001,up,400,0.05,20,5.840000000000001,1.1200000000000003,8.881784197001252e-16,2.220446049250313e-16,0.0,0.0,True,single_design_dataset
379,2.843,2.478,0.36499999999999977,up,400,0.05,20,6.900000000000001,1.34,8.881784197001252e-16,0.0,0.0,0.0,True,single_design_dataset
380,5.022,2.843,2.1790000000000003,up,400,0.05,20,16.059999999999995,2.6599999999999993,0.010954451150103088,8.881784197001252e-16,0.19999999999999574,0.0,True,single_design_dataset
381,3.479,5.022,-1.5430000000000001,down,400,0.05,20,10.180000000000001,1.722,1.7763568394002505e-15,0.0060000000000000045,0.0,0.0,True,single_design_dataset
382,2.633,3.479,-0.8460000000000001,down,400,0.05,20,7.082000000000001,1.2199999999999998,0.005999999999999873,2.220446049250313e-16,-0.09999999999999787,0.0,True,single_design_dataset
383,0.961,2.633,-1.6720000000000002,down,400,0.05,20,2.4549999999999996,0.23699999999999996,0.012449899597988744,0.007141428428542847,-0.20000000000000018,-0.09999999999999995,True,single_design_dataset
384,2.499,0.961,1.5380000000000003,up,400,0.05,20,5.659999999999999,1.1400000000000001,8.881784197001252e-16,2.220446049250313e-16,0.0,0.0,True,single_design_dataset
385,1.097,2.499,-1.4020000000000001,down,400,0.05,20,2.56,0.29999999999999993,0.014142135623730963,5.551115123125783e-17,-0.20000000000000018,0.0,True,single_design_dataset
386,2.806,1.097,1.709,up,400,0.05,20,6.42,1.32,0.0,0.0,0.0,0.0,True,single_design_dataset
387,3.869,2.806,1.0630000000000002,up,400,0.05,20,10.299000000000003,1.9600000000000002,0.004358898943540968,2.220446049250313e-16,0.10000000000000675,0.0,True,single_design_dataset
388,3.128,3.869,-0.7410000000000001,down,400,0.05,20,8.28,1.52,0.0,0.0,0.0,0.0,True,single_design_dataset
389,3.739,3.128,0.6109999999999998,up,400,0.05,20,10.0,1.8800000000000001,0.0,2.220446049250313e-16,0.0,0.0,True,single_design_dataset
390,5.037,3.739,1.298,up,400,0.05,20,15.964000000000004,2.6599999999999993,0.00799999999999983,8.881784197001252e-16,0.09999999999999787,0.0,True,single_design_dataset
391,1.769,5.037,-3.268,down,400,0.05,20,4.385999999999999,0.6959999999999998,0.00916515138991189,0.007999999999999962,-0.10000000000000231,0.0,True,single_design_dataset
392,5.359,1.769,3.59,up,400,0.05,20,17.615000000000002,2.86,0.01072380529476338,0.0,0.19999999999999574,0.0,True,single_design_dataset
393,7.144,5.359,1.7850000000000001,up,400,0.05,20,27.101,3.938999999999999,0.014798648586949686,0.004358898943540677,0.2000000000000135,0.10000000000000009,True,single_design_dataset
394,6.255,7.144,-0.8890000000000002,down,400,0.05,20,24.360000000000003,3.4,3.552713678800501e-15,0.0,0.0,0.0,True,single_design_dataset
395,5.335,6.255,-0.9199999999999999,down,400,0.05,20,20.100000000000005,2.8400000000000007,3.552713678800501e-15,8.881784197001252e-16,0.0,0.0,True,single_design_dataset
396,4.538,5.335,-0.7969999999999997,down,400,0.05,20,15.943000000000001,2.36,0.007141428428543333,0.0,-0.10000000000000675,0.0,True,single_design_dataset
397,1.04,4.538,-3.498,down,400,0.05,20,2.8980000000000006,0.29600000000000004,0.014000000000000014,0.007999999999999985,-0.20000000000000018,-0.09999999999999981,True,single_design_dataset
398,1.852,1.04,0.812,up,400,0.05,20,4.14,0.74,0.0,0.0,0.0,0.0,True,single_design_dataset
399,2.19,1.852,0.33799999999999986,up,400,0.05,20,4.879999999999999,0.9600000000000002,8.881784197001252e-16,2.220446049250313e-16,0.0,0.0,True,single_design_dataset
400,1.524,2.19,-0.6659999999999999,down,400,0.05,20,3.4799999999999995,0.5600000000000002,4.440892098500626e-16,1.1102230246251565e-16,0.0,0.0,True,single_design_dataset
401,4.019,1.524,2.495,up,400,0.05,20,11.019000000000002,2.0600000000000005,0.0043588989435405815,4.440892098500626e-16,0.09999999999999787,0.0,True,single_design_dataset
402,2.64,4.019,-1.379,down,400,0.05,20,6.8,1.2399999999999998,0.0,2.220446049250313e-16,0.0,0.0,True,single_design_dataset
403,3.666,2.64,1.0259999999999998,up,400,0.05,20,9.749999999999998,1.8400000000000005,0.009999999999999787,4.440892098500626e-16,0.09999999999999787,0.0,True,single_design_dataset
404,2.392,3.666,-1.274,down,400,0.05,20,6.090999999999999,1.0799999999999996,0.009949874371065986,4.440892098500626e-16,-0.09999999999999787,0.0,True,single_design_dataset
405,1.232,2.392,-1.16,down,400,0.05,20,2.8869999999999996,0.3670000000000001,0.013076696830622032,0.009539392014169467,-0.20000000000000018,-0.10000000000000009,True,single_design_dataset
406,2.9,1.232,1.668,up,400,0.05,20,6.779999999999999,1.3799999999999997,8.881784197001252e-16,2.220446049250313e-16,0.0,0.0,True,single_design_dataset
407,2.442,2.9,-0.45799999999999974,down,400,0.05,20,5.86,1.1200000000000003,0.0,2.220446049250313e-16,0.0,0.0,True,single_design_dataset
408,6.015,2.442,3.5729999999999995,up,400,0.05,20,21.012999999999998,3.2599999999999993,0.013076696830621742,4.440892098500626e-16,0.19999999999999574,0.0,True,single_design_dataset
409,4.508,6.015,-1.5069999999999997,down,400,0.05,20,14.834999999999999,2.3400000000000007,0.008660254037844203,8.881784197001252e-16,-0.09999999999999787,0.0,True,single_design_dataset
410,5.182,4.508,0.6740000000000004,up,400,0.05,20,17.447999999999997,2.7599999999999993,0.009797958971132503,4.440892098500626e-16,0.09999999999999787,0.0,True,single_design_dataset
411,6.529,5.182,1.3469999999999995,up,400,0.05,20,24.299,3.56,0.007681145747868445,0.0,0.19999999999999574,0.0,True,single_design_dataset
412,5.722,6.529,-0.8069999999999995,down,400,0.05,20,21.62,3.0799999999999996,0.0,4.440892098500626e-16,0.0,0.0,True,single_design_dataset
413,6.523,5.722,0.8009999999999993,up,400,0.05,20,24.698999999999995,3.56,0.0043588989435405815,0.0,0.09999999999999787,0.0,True,single_design_dataset
414,5.664,6.523,-0.859,down,400,0.05,20,21.720000000000006,3.04,7.105427357601002e-15,0.0,0.0,0.0,True,single_design_dataset
415,6.681,5.664,1.0170000000000003,up,400,0.05,20,25.611,3.6599999999999993,0.009949874371065988,8.881784197001252e-16,0.09999999999999787,0.0,True,single_design_dataset
416,6.085,6.681,-0.5960000000000001,down,400,0.05,20,23.88,3.2999999999999994,0.0,4.440892098500626e-16,0.0,0.0,True,single_design_dataset
417,5.194,6.085,-0.891,down,400,0.05,20,19.780999999999995,2.7599999999999993,0.00435889894354058,4.440892098500626e-16,-0.09999999999999787,0.0,True,single_design_dataset
418,6.788,5.194,1.5940000000000003,up,400,0.05,20,26.226,3.72,0.009165151389911485,0.0,0.09999999999999787,0.0,True,single_design_dataset
419,6.386,6.788,-0.40200000000000014,down,400,0.05,20,25.300000000000004,3.4799999999999995,3.552713678800501e-15,4.440892098500626e-16,0.0,0.0,True,single_design_dataset
420,7.029,6.386,0.6429999999999998,up,400,0.05,20,27.52,3.8600000000000003,0.0,4.440892098500626e-16,0.0,0.0,True,single_design_dataset
421,6.245,7.029,-0.7839999999999998,down,400,0.05,20,25.160000000000004,3.4,3.552713678800501e-15,0.0,0.0,0.0,True,single_design_dataset
422,6.781,6.245,0.5359999999999996,up,400,0.05,20,26.755000000000003,3.72,0.008660254037845741,0.0,0.10000000000001563,0.0,True,single_design_dataset
423,5.245,6.781,-1.5359999999999996,down,400,0.05,20,20.621000000000002,2.782,0.0043588989435405815,0.0060000000000000045,-0.09999999999999787,0.0,True,single_design_dataset
424,2.299,5.245,-2.946,down,400,0.05,20,6.769,1.02,0.00994987437106643,0.0,-0.10000000000000231,0.0,True,single_design_dataset
425,3.124,2.299,0.8250000000000002,up,400,0.05,20,8.800000000000002,1.52,1.7763568394002505e-15,0.0,0.0,0.0,True,single_design_dataset
426,2.532,3.124,-0.5920000000000001,down,400,0.05,20,7.072,1.16,0.009797958971132939,0.0,-0.10000000000000231,0.0,True,single_design_dataset
427,3.653,2.532,1.121,up,400,0.05,20,10.419999999999998,1.8400000000000005,1.7763568394002505e-15,4.440892098500626e-16,0.0,0.0,True,single_design_dataset
428,5.793,3.653,2.14,up,400,0.05,20,20.882999999999992,3.1199999999999997,0.009539392014169253,4.440892098500626e-16,0.19999999999999574,0.0,True,single_design_dataset
429,6.363,5.793,0.5700000000000003,up,400,0.05,20,24.112000000000002,3.4599999999999995,0.009797958971132503,4.440892098500626e-16,0.09999999999999787,0.0,True,single_design_dataset
430,2.751,6.363,-3.6120000000000005,down,400,0.05,20,8.134,1.3000000000000003,0.009165151389912298,2.220446049250313e-16,-0.10000000000000675,0.0,True,single_design_dataset
431,4.976,2.751,2.225,up,400,0.05,20,16.865,2.6199999999999997,0.008660254037844203,4.440892098500626e-16,0.09999999999999787,0.0,True,single_design_dataset
432,3.489,4.976,-1.487,down,400,0.05,20,10.861,1.7399999999999998,0.004358898943540968,2.220446049250313e-16,-0.10000000000000675,0.0,True,single_design_dataset
433,4.377,3.489,0.8879999999999999,up,400,0.05,20,13.959999999999999,2.2800000000000002,1.7763568394002505e-15,4.440892098500626e-16,0.0,0.0,True,single_design_dataset
434,4.869,4.377,0.492,up,400,0.05,20,16.300000000000004,2.5600000000000005,3.552713678800501e-15,4.440892098500626e-16,0.0,0.0,True,single_design_dataset
435,6.096,4.869,1.2270000000000003,up,400,0.05,20,22.651000000000003,3.2999999999999994,0.009949874371065986,4.440892098500626e-16,0.09999999999999787,0.0,True,single_design_dataset
436,5.382,6.096,-0.7140000000000004,down,400,0.05,20,20.199999999999996,2.8800000000000003,3.552713678800501e-15,4.440892098500626e-16,0.0,0.0,True,single_design_dataset
437,6.359,5.382,0.9770000000000003,up,400,0.05,20,24.211000000000006,3.4599999999999995,0.009949874371065988,4.440892098500626e-16,0.09999999999999787,0.0,True,single_design_dataset
438,5.452,6.359,-0.907,down,400,0.05,20,20.94,2.9200000000000004,0.0,4.440892098500626e-16,0.0,0.0,True,single_design_dataset
439,1.328,5.452,-4.124,down,400,0.05,20,3.879,0.458,0.021424285285628567,0.006000000000000005,-0.40000000000000036,-0.10000000000000009,True,single_design_dataset
440,2.17,1.328,0.8419999999999999,up,400,0.05,20,5.379999999999999,0.9400000000000001,8.881784197001252e-16,1.1102230246251565e-16,0.0,0.0,True,single_design_dataset
441,5.983,2.17,3.8129999999999997,up,400,0.05,20,21.831999999999994,3.2400000000000007,0.009797958971132503,4.440892098500626e-16,0.09999999999999787,0.0,True,single_design_dataset
442,4.644,5.983,-1.3389999999999995,down,400,0.05,20,16.362000000000002,2.4399999999999995,0.005999999999999872,4.440892098500626e-16,-0.09999999999999787,0.0,True,single_design_dataset
443,5.699,4.644,1.0549999999999997,up,400,0.05,20,20.802,3.0600000000000005,0.005999999999999873,4.440892098500626e-16,0.09999999999999787,0.0,True,single_design_dataset
444,6.785,5.699,1.0860000000000003,up,400,0.05,20,26.225,3.72,0.008660254037844201,0.0,0.09999999999999787,0.0,True,single_design_dataset
445,5.429,6.785,-1.3559999999999999,down,400,0.05,20,21.0,2.8999999999999995,0.0,4.440892098500626e-16,0.0,0.0,True,single_design_dataset
446,6.727,5.429,1.298,up,400,0.05,20,26.183,3.680000000000001,0.007141428428542699,8.881784197001252e-16,0.09999999999999787,0.0,True,single_design_dataset
447,6.024,6.727,-0.7030000000000003,down,400,0.05,20,24.019999999999996,3.2599999999999993,3.552713678800501e-15,4.440892098500626e-16,0.0,0.0,True,single_design_dataset
448,5.124,6.024,-0.9000000000000004,down,400,0.05,20,19.803000000000004,2.7199999999999998,0.007141428428542699,4.440892098500626e-16,-0.09999999999999787,0.0,True,single_design_dataset
449,2.788,5.124,-2.336,down,400,0.05,20,8.566,1.32,0.009165151389911487,0.0,-0.09999999999999787,0.0,True,single_design_dataset
450,1.848,2.788,-0.9399999999999997,down,400,0.05,20,5.143,0.74,0.007141428428543016,0.0,-0.10000000000000231,0.0,True,single_design_dataset
451,1.222,1.848,-0.6260000000000001,down,400,0.05,20,3.223000000000001,0.36000000000000004,0.015842979517754874,5.551115123125783e-17,-0.20000000000000018,0.0,True,single_design_dataset
452,2.038,1.222,0.8159999999999998,up,400,0.05,20,4.739999999999999,0.86,8.881784197001252e-16,0.0,0.0,0.0,True,single_design_dataset
453,1.273,2.038,-0.7649999999999999,down,400,0.05,20,3.1090000000000004,0.3980000000000001,0.00994987437106621,0.0060000000000000045,-0.10000000000000009,0.0,True,single_design_dataset
454,3.485,1.273,2.2119999999999997,up,400,0.05,20,9.180000000000001,1.72,1.7763568394002505e-15,0.0,0.0,0.0,True,single_design_dataset
455,3.975,3.485,0.4900000000000002,up,400,0.05,20,11.34,2.0200000000000005,0.0,4.440892098500626e-16,0.0,0.0,True,single_design_dataset
456,6.43,3.975,2.4549999999999996,up,400,0.05,20,23.989,3.5,0.009949874371065986,0.0,0.09999999999999787,0.0,True,single_design_dataset
457,6.946,6.43,0.516,up,400,0.05,20,26.872999999999998,3.819999999999999,0.009539392014169255,8.881784197001252e-16,0.09999999999999787,0.0,True,single_design_dataset
458,4.178,6.946,-2.768,down,400,0.05,20,14.397,2.1599999999999993,0.007141428428542699,8.881784197001252e-16,-0.09999999999999787,0.0,True,single_design_dataset
459,4.764,4.178,0.5860000000000003,up,400,0.05,20,16.420000000000005,2.5,3.552713678800501e-15,0.0,0.0,0.0,True,single_design_dataset
460,1.94,4.764,-2.8240000000000003,down,400,0.05,20,5.3199999999999985,0.8000000000000002,1.7763568394002505e-15,1.1102230246251565e-16,0.0,0.0,True,single_design_dataset
461,1.303,1.94,-0.637,down,400,0.05,20,3.342,0.41200000000000003,0.010770329614269018,0.009797958971132692,-0.10000000000000009,0.0,True,single_design_dataset
462,1.656,1.303,0.353,up,400,0.05,20,3.819999999999999,0.6370000000000001,8.881784197001252e-16,0.007141428428542855,0.0,0.0,True,single_design_dataset
463,3.77,1.656,2.114,up,400,0.05,20,10.373,1.8999999999999997,0.009539392014170102,2.220446049250313e-16,0.10000000000000675,0.0,True,single_design_dataset
464,2.805,3.77,-0.9649999999999999,down,400,0.05,20,7.538000000000001,1.32,0.006000000000000139,0.0,-0.10000000000000231,0.0,True,single_design_dataset
465,2.026,2.805,-0.7790000000000004,down,400,0.05,20,5.1240000000000006,0.86,0.00799999999999983,0.0,-0.09999999999999787,0.0,True,single_design_dataset
466,3.118,2.026,1.092,up,400,0.05,20,7.919999999999997,1.52,2.6645352591003757e-15,0.0,0.0,0.0,True,single_design_dataset
467,1.423,3.118,-1.6949999999999998,down,400,0.05,20,3.467999999999999,0.4800000000000001,0.009797958971132722,1.1102230246251565e-16,-0.10000000000000009,0.0,True,single_design_dataset
468,4.642,1.423,3.2190000000000003,up,400,0.05,20,14.127999999999997,2.4399999999999995,0.009797958971133372,4.440892098500626e-16,0.10000000000000675,0.0,True,single_design_dataset
469,1.53,4.642,-3.112,down,400,0.05,20,3.812,0.5519999999999999,0.014696938456699083,0.009797958971132722,-0.30000000000000027,-0.10000000000000009,True,single_design_dataset
470,2.071,1.53,0.5410000000000001,up,400,0.05,20,4.72,0.8800000000000001,0.0,1.1102230246251565e-16,0.0,0.0,True,single_design_dataset
471,6.291,2.071,4.220000000000001,up,400,0.05,20,22.819999999999997,3.4200000000000004,0.015491933384829338,4.440892098500626e-16,0.19999999999999574,0.0,True,single_design_dataset
472,5.09,6.291,-1.2010000000000005,down,400,0.05,20,18.18,2.7000000000000006,0.0,4.440892098500626e-16,0.0,0.0,True,single_design_dataset
473,6.888,5.09,1.798,up,400,0.05,20,26.349,3.78,0.009949874371065986,0.0,0.09999999999999787,0.0,True,single_design_dataset
474,5.744,6.888,-1.1440000000000001,down,400,0.05,20,22.220000000000006,3.1000000000000005,7.105427357601002e-15,4.440892098500626e-16,0.0,0.0,True,single_design_dataset
475,6.992,5.744,1.2480000000000002,up,400,0.05,20,27.179999999999996,3.8400000000000007,3.552713678800501e-15,8.881784197001252e-16,0.0,0.0,True,single_design_dataset
476,4.727,6.992,-2.2649999999999997,down,400,0.05,20,17.469999999999995,2.4799999999999995,0.009999999999999787,4.440892098500626e-16,-0.09999999999999787,0.0,True,single_design_dataset
477,7.012,4.727,2.2849999999999993,up,400,0.05,20,27.339999999999996,3.8600000000000003,3.552713678800501e-15,4.440892098500626e-16,0.0,0.0,True,single_design_dataset
478,6.1,7.012,-0.9119999999999999,down,400,0.05,20,24.420000000000005,3.2999999999999994,3.552713678800501e-15,4.440892098500626e-16,0.0,0.0,True,single_design_dataset
479,7.17,6.1,1.0700000000000003,up,400,0.05,20,28.243000000000002,3.944,0.007141428428543966,0.008000000000000007,0.10000000000001563,-0.10000000000000009,True,single_design_dataset
480,5.136,7.17,-2.034,down,400,0.05,20,20.061,2.7199999999999998,0.0043588989435405815,4.440892098500626e-16,-0.09999999999999787,0.0,True,single_design_dataset
481,3.955,5.136,-1.181,down,400,0.05,20,13.807000000000002,2.0200000000000005,0.009539392014169255,4.440892098500626e-16,-0.09999999999999787,0.0,True,single_design_dataset
482,2.61,3.955,-1.3450000000000002,down,400,0.05,20,7.748000000000002,1.1999999999999997,0.009797958971132503,2.220446049250313e-16,-0.09999999999999787,0.0,True,single_design_dataset
483,3.773,2.61,1.1630000000000003,up,400,0.05,20,11.360000000000003,1.8999999999999997,3.552713678800501e-15,2.220446049250313e-16,0.0,0.0,True,single_design_dataset
484,2.244,3.773,-1.529,down,400,0.05,20,6.292,0.9800000000000001,0.009797958971132503,1.1102230246251565e-16,-0.09999999999999787,0.0,True,single_design_dataset
485,4.081,2.244,1.8370000000000002,up,400,0.05,20,12.313999999999998,2.1000000000000005,0.009165151389911485,4.440892098500626e-16,0.09999999999999787,0.0,True,single_design_dataset
486,6.484,4.081,2.4029999999999996,up,400,0.05,20,24.610000000000003,3.5400000000000005,0.009999999999999787,4.440892098500626e-16,0.09999999999999787,0.0,True,single_design_dataset
487,1.828,6.484,-4.656,down,400,0.05,20,5.090000000000001,0.7260000000000002,0.022360679774998015,0.00916515138991169,-0.3000000000000025,-0.10000000000000009,True,single_design_dataset
488,2.959,1.828,1.131,up,400,0.05,20,7.840000000000001,1.4200000000000004,8.881784197001252e-16,4.440892098500626e-16,0.0,0.0,True,single_design_dataset
489,4.144,2.959,1.185,up,400,0.05,20,12.468999999999998,2.14,0.009949874371065986,0.0,0.09999999999999787,0.0,True,single_design_dataset
490,3.342,4.144,-0.802,down,400,0.05,20,9.842,1.64,0.005999999999999873,0.0,0.0,0.0,True,single_design_dataset
491,4.742,3.342,1.4,up,400,0.05,20,15.322999999999997,2.4799999999999995,0.007141428428542699,4.440892098500626e-16,0.09999999999999787,0.0,True,single_design_dataset
492,3.773,4.742,-0.9689999999999999,down,400,0.05,20,11.800000000000002,1.8999999999999997,1.7763568394002505e-15,2.220446049250313e-16,0.0,0.0,True,single_design_dataset
493,5.635,3.773,1.8619999999999997,up,400,0.05,20,20.065999999999995,3.0200000000000005,0.009165151389911483,4.440892098500626e-16,0.09999999999999787,0.0,True,single_design_dataset
494,6.643,5.635,1.008,up,400,0.05,20,25.476000000000006,3.6399999999999997,0.007999999999999828,4.440892098500626e-16,0.09999999999999787,0.0,True,single_design_dataset
495,2.833,6.643,-3.8099999999999996,down,400,0.05,20,8.512,1.34,0.009797958971132503,0.0,-0.09999999999999787,0.0,True,single_design_dataset
496,4.832,2.833,1.9989999999999997,up,400,0.05,20,16.199999999999996,2.54,3.552713678800501e-15,0.0,0.0,0.0,True,single_design_dataset
497,2.48,4.832,-2.352,down,400,0.05,20,7.130000000000001,1.1200000000000003,0.009999999999999787,2.220446049250313e-16,-0.09999999999999787,0.0,True,single_design_dataset
498,3.272,2.48,0.7919999999999998,up,400,0.05,20,9.161999999999999,1.6000000000000003,0.005999999999999872,2.220446049250313e-16,0.0,0.0,True,single_design_dataset
499,0.994,3.272,-2.2779999999999996,down,400,0.05,20,2.7739999999999996,0.25999999999999995,0.014282856857085711,5.551115123125783e-17,-0.20000000000000018,0.0,True,single_design_dataset
500,2.309,0.994,1.3150000000000002,up,400,0.05,20,5.42,1.02,0.0,0.0,0.0,0.0,True,single_design_dataset
501,6.624,2.309,4.3149999999999995,up,400,0.05,20,24.883999999999993,3.62,0.014966629547095446,0.0,0.19999999999999574,0.0,True,single_design_dataset
502,4.212,6.624,-2.412,down,400,0.05,20,14.160000000000002,2.18,1.7763568394002505e-15,0.0,0.0,0.0,True,single_design_dataset
503,3.376,4.212,-0.8359999999999999,down,400,0.05,20,10.319999999999999,1.6599999999999997,1.7763568394002505e-15,2.220446049250313e-16,0.0,0.0,True,single_design_dataset
504,2.877,3.376,-0.4990000000000001,down,400,0.05,20,8.28,1.3599999999999999,0.0,2.220446049250313e-16,0.0,0.0,True,single_design_dataset
505,1.866,2.877,-1.0109999999999997,down,400,0.05,20,4.918000000000001,0.76,0.005999999999999873,0.0,-0.09999999999999787,0.0,True,single_design_dataset
506,2.732,1.866,0.8660000000000001,up,400,0.05,20,6.899000000000001,1.2800000000000002,0.004358898943540774,2.220446049250313e-16,0.0,0.0,True,single_design_dataset
507,3.377,2.732,0.6449999999999996,up,400,0.05,20,9.020000000000001,1.6599999999999997,1.7763568394002505e-15,2.220446049250313e-16,0.0,0.0,True,single_design_dataset
508,4.639,3.377,1.2620000000000005,up,400,0.05,20,14.51,2.4399999999999995,0.009999999999999787,4.440892098500626e-16,0.09999999999999787,0.0,True,single_design_dataset
509,3.067,4.639,-1.572,down,400,0.05,20,8.78,1.48,0.0,0.0,0.0,0.0,True,single_design_dataset
510,6.295,3.067,3.2279999999999998,up,400,0.05,20,23.221,3.4200000000000004,0.011789826122551346,4.440892098500626e-16,0.19999999999999574,0.0,True,single_design_dataset
511,3.121,6.295,-3.174,down,400,0.05,20,9.285,1.52,0.008660254037844971,0.0,-0.10000000000000675,0.0,True,single_design_dataset
512,5.545,3.121,2.424,up,400,0.05,20,19.558,2.9799999999999995,0.008717797887081161,4.440892098500626e-16,0.19999999999999574,0.0,True,single_design_dataset
513,3.217,5.545,-2.328,down,400,0.05,20,9.732,1.5799999999999996,0.009797958971132505,4.440892098500626e-16,-0.09999999999999787,0.0,True,single_design_dataset
514,4.421,3.217,1.2040000000000002,up,400,0.05,20,13.998000000000001,2.2999999999999994,0.005999999999999872,4.440892098500626e-16,0.09999999999999787,0.0,True,single_design_dataset
515,2.152,4.421,-2.269,down,400,0.05,20,5.938000000000001,0.937,0.006000000000000139,0.007141428428542815,-0.10000000000000231,0.09999999999999953,True,single_design_dataset
516,0.956,2.152,-1.1960000000000002,down,400,0.05,20,2.5909999999999997,0.22399999999999998,0.013379088160259666,0.007999999999999995,-0.20000000000000018,-0.09999999999999995,True,single_design_dataset
517,3.664,0.956,2.708,up,400,0.05,20,9.961000000000002,1.8400000000000005,0.004358898943540581,4.440892098500626e-16,0.09999999999999787,0.0,True,single_design_dataset
518,5.312,3.664,1.6480000000000001,up,400,0.05,20,17.945999999999998,2.8400000000000007,0.009165151389911483,8.881784197001252e-16,0.09999999999999787,0.0,True,single_design_dataset
519,3.85,5.312,-1.4620000000000002,down,400,0.05,20,12.080000000000002,1.9600000000000002,1.7763568394002505e-15,2.220446049250313e-16,0.0,0.0,True,single_design_dataset
520,5.274,3.85,1.424,up,400,0.05,20,18.002,2.7999999999999994,0.005999999999999873,4.440892098500626e-16,0.09999999999999787,0.0,True,single_design_dataset
521,3.974,5.274,-1.2999999999999998,down,400,0.05,20,12.839000000000002,2.0200000000000005,0.004358898943540581,4.440892098500626e-16,-0.09999999999999787,0.0,True,single_design_dataset
522,5.734,3.974,1.7599999999999998,up,400,0.05,20,20.494,3.0799999999999996,0.009165151389911487,4.440892098500626e-16,0.09999999999999787,0.0,True,single_design_dataset
523,4.907,5.734,-0.827,down,400,0.05,20,17.459999999999997,2.5799999999999996,3.552713678800501e-15,4.440892098500626e-16,0.0,0.0,True,single_design_dataset
524,3.044,4.907,-1.863,down,400,0.05,20,9.175,1.47,0.008660254037844203,0.010000000000000009,-0.09999999999999787,0.10000000000000009,True,single_design_dataset
525,4.131,3.044,1.0870000000000002,up,400,0.05,20,12.773,2.1199999999999997,0.009539392014169253,4.440892098500626e-16,0.09999999999999787,0.0,True,single_design_dataset
526,2.982,4.131,-1.149,down,400,0.05,20,8.800000000000002,1.4230000000000003,1.7763568394002505e-15,0.007141428428542856,0.0,0.10000000000000009,True,single_design_dataset
527,4.708,2.982,1.726,up,400,0.05,20,15.196999999999997,2.4679999999999995,0.007141428428542699,0.009797958971132722,0.09999999999999787,0.0,True,single_design_dataset
528,3.028,4.708,-1.6800000000000002,down,400,0.05,20,8.966000000000003,1.4600000000000002,0.009165151389911485,2.220446049250313e-16,-0.09999999999999787,0.0,True,single_design_dataset
529,4.001,3.028,0.9730000000000003,up,400,0.05,20,12.039999999999997,2.04,1.7763568394002505e-15,0.0,0.0,0.0,True,single_design_dataset
530,1.786,4.001,-2.2150000000000003,down,400,0.05,20,4.816999999999999,0.7120000000000001,0.007141428428543015,0.00979795897113272,-0.10000000000000231,0.0,True,single_design_dataset
531,3.547,1.786,1.7610000000000001,up,400,0.05,20,9.800000000000002,1.78,1.7763568394002505e-15,0.0,0.0,0.0,True,single_design_dataset
532,1.907,3.547,-1.6400000000000001,down,400,0.05,20,5.017999999999999,0.7799999999999999,0.005999999999999873,1.1102230246251565e-16,-0.09999999999999787,0.0,True,single_design_dataset
533,3.602,1.907,1.6949999999999998,up,400,0.05,20,9.875,1.7999999999999996,0.008660254037844971,4.440892098500626e-16,0.10000000000000675,0.0,True,single_design_dataset
534,1.655,3.602,-1.9469999999999998,down,400,0.05,20,4.260000000000001,0.6400000000000001,8.881784197001252e-16,1.1102230246251565e-16,0.0,0.0,True,single_design_dataset
535,3.291,1.655,1.636,up,400,0.05,20,8.577000000000002,1.6200000000000003,0.007141428428542697,2.220446049250313e-16,0.09999999999999787,0.0,True,single_design_dataset
536,2.628,3.291,-0.6629999999999998,down,400,0.05,20,6.916999999999999,1.2199999999999998,0.007141428428542698,2.220446049250313e-16,0.0,0.0,True,single_design_dataset
537,1.115,2.628,-1.5130000000000001,down,400,0.05,20,2.844,0.32000000000000006,0.014966629547095779,5.551115123125783e-17,-0.20000000000000018,0.0,True,single_design_dataset
538,5.628,1.115,4.513,up,400,0.05,20,19.214000000000006,3.0200000000000005,0.012806248474865424,4.440892098500626e-16,0.19999999999999574,0.0,True,single_design_dataset
539,3.928,5.628,-1.7000000000000002,down,400,0.05,20,12.259999999999998,2.0,1.7763568394002505e-15,0.0,0.0,0.0,True,single_design_dataset
540,2.046,3.928,-1.8820000000000001,down,400,0.05,20,5.379999999999999,0.86,8.881784197001252e-16,0.0,0.0,0.0,True,single_design_dataset
541,1.3,2.046,-0.7459999999999998,down,400,0.05,20,3.2090000000000005,0.40700000000000003,0.00994987437106621,0.009539392014169437,-0.10000000000000009,0.09999999999999981,True,single_design_dataset
542,2.215,1.3,0.9149999999999998,up,400,0.05,20,5.040000000000001,0.9600000000000002,8.881784197001252e-16,2.220446049250313e-16,0.0,0.0,True,single_design_dataset
543,2.592,2.215,0.3770000000000002,up,400,0.05,20,6.0600000000000005,1.1999999999999997,8.881784197001252e-16,2.220446049250313e-16,0.0,0.0,True,single_design_dataset
544,3.147,2.592,0.5549999999999997,up,400,0.05,20,7.840000000000001,1.5399999999999998,8.881784197001252e-16,2.220446049250313e-16,0.0,0.0,True,single_design_dataset
545,2.36,3.147,-0.7869999999999999,down,400,0.05,20,5.899000000000001,1.0599999999999998,0.004358898943540774,2.220446049250313e-16,0.0,0.0,True,single_design_dataset
546,4.838,2.36,2.478,up,400,0.05,20,15.004,2.54,0.00799999999999983,0.0,0.09999999999999787,0.0,True,single_design_dataset
547,5.63,4.838,0.7919999999999998,up,400,0.05,20,19.446999999999996,3.0200000000000005,0.009539392014169255,4.440892098500626e-16,0.09999999999999787,0.0,True,single_design_dataset
548,6.782,5.63,1.1520000000000001,up,400,0.05,20,25.698,3.72,0.010770329614268779,0.0,0.19999999999999574,0.0,True,single_design_dataset
549,5.902,6.782,-0.8799999999999999,down,400,0.05,20,22.759999999999998,3.182,3.552713678800501e-15,0.006000000000000005,0.0,0.0,True,single_design_dataset
550,4.78,5.902,-1.1219999999999999,down,400,0.05,20,17.262999999999998,2.5200000000000005,0.007141428428542697,4.440892098500626e-16,-0.09999999999999787,0.0,True,single_design_dataset
551,5.579,4.78,0.7989999999999995,up,400,0.05,20,20.399999999999995,3.0,3.552713678800501e-15,0.0,0.0,0.0,True,single_design_dataset
552,4.157,5.579,-1.4219999999999997,down,400,0.05,20,14.214999999999998,2.14,0.008660254037844971,0.0,-0.10000000000000675,0.0,True,single_design_dataset
553,4.987,4.157,0.8300000000000001,up,400,0.05,20,17.326,2.64,0.009165151389911487,0.0,0.0,0.0,True,single_design_dataset
554,6.896,4.987,1.9089999999999998,up,400,0.05,20,26.539000000000005,3.78,0.007681145747868444,0.0,0.19999999999999574,0.0,True,single_design_dataset
555,5.723,6.896,-1.173,down,400,0.05,20,22.33,3.0799999999999996,0.009999999999999787,4.440892098500626e-16,-0.09999999999999787,0.0,True,single_design_dataset
556,6.767,5.723,1.0440000000000005,up,400,0.05,20,26.339999999999996,3.7030000000000007,3.552713678800501e-15,0.007141428428542856,0.0,0.0,True,single_design_dataset
557,4.994,6.767,-1.7730000000000006,down,400,0.05,20,19.0,2.64,0.0,0.0,0.0,0.0,True,single_design_dataset
558,3.266,4.994,-1.7279999999999998,down,400,0.05,20,10.470000000000002,1.6000000000000003,0.009999999999999787,2.220446049250313e-16,-0.09999999999999787,0.0,True,single_design_dataset
559,1.465,3.266,-1.801,down,400,0.05,20,4.047,0.502,0.017058722109232,0.0060000000000000045,-0.3000000000000025,-0.10000000000000009,True,single_design_dataset
560,0.997,1.465,-0.4680000000000001,down,400,0.05,20,2.66,0.24000000000000005,0.014142135623730963,5.551115123125783e-17,-0.20000000000000018,0.0,True,single_design_dataset
561,3.15,0.997,2.153,up,400,0.05,20,8.120000000000001,1.5399999999999998,1.7763568394002505e-15,2.220446049250313e-16,0.0,0.0,True,single_design_dataset
562,2.503,3.15,-0.6469999999999998,down,400,0.05,20,6.540000000000001,1.154,8.881784197001252e-16,0.009165151389911688,0.0,0.0,True,single_design_dataset
563,1.634,2.503,-0.8690000000000002,down,400,0.05,20,4.08,0.6199999999999999,0.0,1.1102230246251565e-16,0.0,0.0,True,single_design_dataset
564,2.37,1.634,0.7360000000000002,up,400,0.05,20,5.5600000000000005,1.0599999999999998,8.881784197001252e-16,2.220446049250313e-16,0.0,0.0,True,single_design_dataset
565,1.114,2.37,-1.256,down,400,0.05,20,2.7409999999999997,0.30799999999999994,0.014798648586948586,0.00979795897113272,-0.19999999999999796,-0.10000000000000009,True,single_design_dataset
566,2.483,1.114,1.369,up,400,0.05,20,5.645999999999999,1.1200000000000003,0.009165151389911893,2.220446049250313e-16,0.10000000000000231,0.0,True,single_design_dataset
567,2.867,2.483,0.3839999999999999,up,400,0.05,20,6.860000000000001,1.3599999999999999,8.881784197001252e-16,2.220446049250313e-16,0.0,0.0,True,single_design_dataset
568,6.352,2.867,3.4850000000000003,up,400,0.05,20,23.233999999999998,3.4599999999999995,0.012806248474866146,4.440892098500626e-16,0.2000000000000135,0.0,True,single_design_dataset
569,3.979,6.352,-2.373,down,400,0.05,20,12.732,2.04,0.009797958971132505,0.0,-0.09999999999999787,0.0,True,single_design_dataset
570,4.487,3.979,0.508,up,400,0.05,20,14.420000000000002,2.3400000000000007,1.7763568394002505e-15,8.881784197001252e-16,0.0,0.0,True,single_design_dataset
571,3.402,4.487,-1.085,down,400,0.05,20,10.281,1.6800000000000002,0.004358898943540968,2.220446049250313e-16,-0.10000000000000675,0.0,True,single_design_dataset
572,2.476,3.402,-0.9260000000000002,down,400,0.05,20,6.773000000000001,1.1200000000000003,0.009539392014169677,2.220446049250313e-16,-0.10000000000000231,0.0,True,single_design_dataset
573,1.36,2.476,-1.1159999999999999,down,400,0.05,20,3.4240000000000004,0.44600000000000006,0.008000000000000007,0.009165151389911688,-0.10000000000000009,0.10000000000000009,True,single_design_dataset
574,1.724,1.36,0.3639999999999999,up,400,0.05,20,3.94,0.6799999999999999,0.0,1.1102230246251565e-16,0.0,0.0,True,single_design_dataset
575,2.754,1.724,1.03,up,400,0.05,20,6.56,1.3000000000000003,0.0,2.220446049250313e-16,0.0,0.0,True,single_design_dataset
576,1.602,2.754,-1.152,down,400,0.05,20,3.825999999999999,0.5999999999999999,0.009165151389911688,1.1102230246251565e-16,0.0,0.0,True,single_design_dataset
577,3.06,1.602,1.458,up,400,0.05,20,7.460000000000001,1.48,8.881784197001252e-16,0.0,0.0,0.0,True,single_design_dataset
578,5.106,3.06,2.046,up,400,0.05,20,16.463000000000005,2.718,0.011445523142259354,0.0060000000000000045,0.19999999999999574,0.0,True,single_design_dataset
579,2.877,5.106,-2.229,down,400,0.05,20,7.900000000000001,1.3599999999999999,8.881784197001252e-16,2.220446049250313e-16,0.0,0.0,True,single_design_dataset
580,2.516,2.877,-0.36099999999999977,down,400,0.05,20,6.6129999999999995,1.16,0.009539392014169678,0.0,-0.10000000000000231,0.0,True,single_design_dataset
581,0.963,2.516,-1.553,down,400,0.05,20,2.4609999999999994,0.23699999999999996,0.013379088160259664,0.007141428428542847,-0.20000000000000018,-0.09999999999999995,True,single_design_dataset
582,1.748,0.963,0.785,up,400,0.05,20,3.7000000000000006,0.6799999999999999,4.440892098500626e-16,1.1102230246251565e-16,0.0,0.0,True,single_design_dataset
583,3.313,1.748,1.5650000000000002,up,400,0.05,20,8.240000000000002,1.64,1.7763568394002505e-15,0.0,0.0,0.0,True,single_design_dataset
584,1.17,3.313,-2.1430000000000002,down,400,0.05,20,2.7990000000000004,0.33999999999999997,0.014798648586948755,5.551115123125783e-17,-0.20000000000000018,0.0,True,single_design_dataset
585,2.724,1.17,1.5540000000000003,up,400,0.05,20,6.242,1.2800000000000002,0.005999999999999873,2.220446049250313e-16,0.09999999999999787,0.0,True,single_design_dataset
586,4.153,2.724,1.4289999999999994,up,400,0.05,20,11.568000000000003,2.14,0.009797958971132503,0.0,0.09999999999999787,0.0,True,single_design_dataset
587,3.076,4.153,-1.0769999999999995,down,400,0.05,20,8.239,1.48,0.004358898943540581,0.0,-0.09999999999999787,0.0,True,single_design_dataset
588,4.754,3.076,1.6779999999999995,up,400,0.05,20,14.602,2.5,0.005999999999999873,0.0,0.09999999999999787,0.0,True,single_design_dataset
589,5.964,4.754,1.2100000000000009,up,400,0.05,20,21.184999999999995,3.22,0.010723805294763378,0.0,0.19999999999999574,0.0,True,single_design_dataset
590,1.528,5.964,-4.436,down,400,0.05,20,3.9819999999999984,0.5600000000000002,0.01886796226411318,1.1102230246251565e-16,-0.29999999999999805,0.0,True,single_design_dataset
591,2.476,1.528,0.948,up,400,0.05,20,5.879999999999999,1.1200000000000003,8.881784197001252e-16,2.220446049250313e-16,0.0,0.0,True,single_design_dataset
592,4.512,2.476,2.0359999999999996,up,400,0.05,20,13.553,2.36,0.0095393920141701,0.0,0.10000000000000675,0.0,True,single_design_dataset
593,6.755,4.512,2.2430000000000003,up,400,0.05,20,25.363,3.7000000000000006,0.01452583904633364,4.440892098500626e-16,0.19999999999999574,0.0,True,single_design_dataset
594,3.456,6.755,-3.299,down,400,0.05,20,10.511,1.72,0.009949874371065986,0.0,-0.09999999999999787,0.0,True,single_design_dataset
595,2.968,3.456,-0.488,down,400,0.05,20,8.453999999999999,1.4200000000000004,0.009165151389912298,4.440892098500626e-16,-0.10000000000000675,0.0,True,single_design_dataset
596,1.709,2.968,-1.259,down,400,0.05,20,4.36,0.66,0.0,0.0,0.0,0.0,True,single_design_dataset
597,2.441,1.709,0.7319999999999998,up,400,0.05,20,5.840000000000001,1.1000000000000003,8.881784197001252e-16,2.220446049250313e-16,0.0,0.0,True,single_design_dataset
598,4.126,2.441,1.6850000000000005,up,400,0.05,20,11.798000000000002,2.1199999999999997,0.006000000000000404,4.440892098500626e-16,0.10000000000000675,0.0,True,single_design_dataset
599,3.093,4.126,-1.0330000000000004,down,400,0.05,20,8.520000000000001,1.5,1.7763568394002505e-15,0.0,0.0,0.0,True,single_design_dataset
600,4.574,3.093,1.4809999999999999,up,400,0.05,20,13.974,2.3999999999999995,0.009165151389911487,4.440892098500626e-16,0.09999999999999787,0.0,True,single_design_dataset
601,6.126,4.574,1.5520000000000005,up,400,0.05,20,22.211000000000006,3.3199999999999994,0.009949874371065988,4.440892098500626e-16,0.09999999999999787,0.0,True,single_design_dataset
602,4.58,6.126,-1.5460000000000003,down,400,0.05,20,15.699999999999998,2.3999999999999995,1.7763568394002505e-15,4.440892098500626e-16,0.0,0.0,True,single_design_dataset
603,5.437,4.58,0.8570000000000002,up,400,0.05,20,19.171000000000003,2.918,0.009949874371065986,0.006000000000000005,0.09999999999999787,0.0,True,single_design_dataset
604,4.159,5.437,-1.2780000000000005,down,400,0.05,20,13.871000000000004,2.14,0.00994987437106687,0.0,-0.10000000000000675,0.0,True,single_design_dataset
605,5.398,4.159,1.2389999999999999,up,400,0.05,20,18.959999999999997,2.8800000000000003,3.552713678800501e-15,4.440892098500626e-16,0.0,0.0,True,single_design_dataset
606,2.964,5.398,-2.4339999999999997,down,400,0.05,20,8.798,1.4200000000000004,0.008717797887081711,4.440892098500626e-16,-0.20000000000000462,0.0,True,single_design_dataset
607,5.226,2.964,2.262,up,400,0.05,20,17.865999999999996,2.7800000000000002,0.009165151389911483,4.440892098500626e-16,0.09999999999999787,0.0,True,single_design_dataset
608,2.209,5.226,-3.017,down,400,0.05,20,6.1290000000000004,0.9600000000000002,0.009949874371065988,2.220446049250313e-16,-0.09999999999999787,0.0,True,single_design_dataset
609,3.602,2.209,1.3929999999999998,up,400,0.05,20,10.180000000000001,1.7999999999999996,1.7763568394002505e-15,4.440892098500626e-16,0.0,0.0,True,single_design_dataset
610,4.367,3.602,0.7650000000000001,up,400,0.05,20,13.419999999999998,2.2599999999999993,1.7763568394002505e-15,4.440892098500626e-16,0.0,0.0,True,single_design_dataset
611,2.853,4.367,-1.5139999999999998,down,400,0.05,20,8.113999999999999,1.3599999999999999,0.009165151389911485,2.220446049250313e-16,-0.09999999999999787,0.0,True,single_design_dataset
612,4.883,2.853,2.03,up,400,0.05,20,15.813999999999998,2.5799999999999996,0.009165151389911485,4.440892098500626e-16,0.09999999999999787,0.0,True,single_design_dataset
613,6.583,4.883,1.7000000000000002,up,400,0.05,20,24.785000000000004,3.599999999999999,0.01072380529476338,8.881784197001252e-16,0.19999999999999574,0.0,True,single_design_dataset
614,5.625,6.583,-0.9580000000000002,down,400,0.05,20,21.384999999999998,3.0200000000000005,0.008660254037844203,4.440892098500626e-16,-0.09999999999999787,0.0,True,single_design_dataset
615,4.064,5.625,-1.561,down,400,0.05,20,13.696000000000002,2.0799999999999996,0.007999999999999828,4.440892098500626e-16,-0.09999999999999787,0.0,True,single_design_dataset
616,2.308,4.064,-1.7560000000000002,down,400,0.05,20,6.548,1.02,0.009797958971132503,0.0,-0.09999999999999787,0.0,True,single_design_dataset
617,5.341,2.308,3.0330000000000004,up,400,0.05,20,18.452999999999996,2.8569999999999998,0.009539392014169253,0.007141428428542858,0.09999999999999787,0.0,True,single_design_dataset
618,6.762,5.341,1.4209999999999994,up,400,0.05,20,25.895999999999997,3.7000000000000006,0.007999999999999828,4.440892098500626e-16,0.09999999999999787,0.0,True,single_design_dataset
619,5.715,6.762,-1.0469999999999997,down,400,0.05,20,22.141999999999996,3.0799999999999996,0.005999999999999872,4.440892098500626e-16,-0.09999999999999787,0.0,True,single_design_dataset
620,4.581,5.715,-1.1339999999999995,down,400,0.05,20,16.506,2.3999999999999995,0.009165151389911487,4.440892098500626e-16,-0.09999999999999787,0.0,True,single_design_dataset
621,2.659,4.581,-1.9220000000000006,down,400,0.05,20,7.894,1.2399999999999998,0.00916515138991189,2.220446049250313e-16,-0.10000000000000231,0.0,True,single_design_dataset
622,3.266,2.659,0.6070000000000002,up,400,0.05,20,9.379999999999999,1.6000000000000003,1.7763568394002505e-15,2.220446049250313e-16,0.0,0.0,True,single_design_dataset
623,4.14,3.266,0.8739999999999997,up,400,0.05,20,12.718,2.14,0.006000000000000405,0.0,0.10000000000000675,0.0,True,single_design_dataset
624,5.108,4.14,0.968,up,400,0.05,20,17.399999999999995,2.711,3.552713678800501e-15,0.009949874371066208,0.0,0.10000000000000009,True,single_design_dataset
625,4.227,5.108,-0.8809999999999993,down,400,0.05,20,14.1,2.18,0.0,0.0,0.0,0.0,True,single_design_dataset
626,3.458,4.227,-0.7690000000000001,down,400,0.05,20,10.78,1.72,0.0,0.0,0.0,0.0,True,single_design_dataset
627,3.784,3.458,0.3259999999999996,up,400,0.05,20,11.56,1.9200000000000004,0.0,4.440892098500626e-16,0.0,0.0,True,single_design_dataset
628,5.442,3.784,1.6580000000000004,up,400,0.05,20,19.048,2.916,0.009797958971132503,0.008000000000000007,0.09999999999999787,0.0,True,single_design_dataset
629,4.441,5.442,-1.0010000000000003,down,400,0.05,20,15.199999999999998,2.2999999999999994,1.7763568394002505e-15,4.440892098500626e-16,0.0,0.0,True,single_design_dataset
630,1.612,4.441,-2.8289999999999997,down,400,0.05,20,4.489999999999999,0.5999999999999999,0.02049390153191902,1.1102230246251565e-16,-0.29999999999999805,0.0,True,single_design_dataset
631,3.464,1.612,1.8519999999999999,up,400,0.05,20,9.647,1.72,0.009539392014169253,0.0,0.0,0.0,True,single_design_dataset
632,2.3,3.464,-1.1640000000000001,down,400,0.05,20,6.2509999999999994,1.02,0.009949874371065986,0.0,-0.09999999999999787,0.0,True,single_design_dataset
633,5.993,2.3,3.6930000000000005,up,400,0.05,20,21.631,3.2400000000000007,0.009949874371065988,4.440892098500626e-16,0.09999999999999787,0.0,True,single_design_dataset
634,1.136,5.993,-4.857,down,400,0.05,20,3.2649999999999997,0.344,0.01658312395177688,0.007999999999999985,-0.29999999999999805,-0.09999999999999981,True,single_design_dataset
635,2.487,1.136,1.3510000000000002,up,400,0.05,20,6.0600000000000005,1.1200000000000003,8.881784197001252e-16,2.220446049250313e-16,0.0,0.0,True,single_design_dataset
636,1.408,2.487,-1.0790000000000002,down,400,0.05,20,3.5,0.4800000000000001,0.0,1.1102230246251565e-16,0.0,0.0,True,single_design_dataset
637,2.717,1.408,1.3090000000000002,up,400,0.05,20,6.540000000000001,1.2800000000000002,8.881784197001252e-16,2.220446049250313e-16,0.0,0.0,True,single_design_dataset
638,6.165,2.717,3.448,up,400,0.05,20,22.338,3.3600000000000003,0.0139999999999997,4.440892098500626e-16,0.19999999999999574,0.0,True,single_design_dataset
639,1.843,6.165,-4.322,down,400,0.05,20,4.855,0.74,0.015329709716755955,0.0,-0.20000000000000018,0.0,True,single_design_dataset
640,4.187,1.843,2.3440000000000003,up,400,0.05,20,12.419999999999998,2.1599999999999993,1.7763568394002505e-15,8.881784197001252e-16,0.0,0.0,True,single_design_dataset
641,5.2,4.187,1.013,up,400,0.05,20,17.516,2.7599999999999993,0.007999999999999828,4.440892098500626e-16,0.09999999999999787,0.0,True,single_design_dataset
642,6.588,5.2,1.388,up,400,0.05,20,24.888999999999996,3.599999999999999,0.009949874371065986,8.881784197001252e-16,0.09999999999999787,0.0,True,single_design_dataset
643,4.608,6.588,-1.9800000000000004,down,400,0.05,20,16.32,2.4200000000000004,0.0,4.440892098500626e-16,0.0,0.0,True,single_design_dataset
644,5.064,4.608,0.4560000000000004,up,400,0.05,20,17.828999999999997,2.68,0.009949874371065986,0.0,0.09999999999999787,0.0,True,single_design_dataset
645,3.955,5.064,-1.109,down,400,0.05,20,13.169,2.0200000000000005,0.009949874371065988,4.440892098500626e-16,-0.09999999999999787,0.0,True,single_design_dataset
646,3.407,3.955,-0.548,down,400,0.05,20,10.639999999999997,1.6800000000000002,3.552713678800501e-15,2.220446049250313e-16,0.0,0.0,True,single_design_dataset
647,2.791,3.407,-0.6160000000000001,down,400,0.05,20,8.137,1.32,0.007141428428543333,0.0,-0.10000000000000675,0.0,True,single_design_dataset
648,1.29,2.791,-1.501,down,400,0.05,20,3.442,0.4050000000000001,0.01536229149573723,0.00866025403784437,-0.20000000000000018,-0.09999999999999981,True,single_design_dataset
649,4.994,1.29,3.7039999999999997,up,400,0.05,20,16.353,2.64,0.009539392014169253,0.0,0.09999999999999787,0.0,True,single_design_dataset
650,3.752,4.994,-1.242,down,400,0.05,20,11.639999999999997,1.8999999999999997,3.552713678800501e-15,2.220446049250313e-16,0.0,0.0,True,single_design_dataset
651,4.445,3.752,0.6930000000000005,up,400,0.05,20,14.066999999999998,2.2999999999999994,0.009539392014169253,4.440892098500626e-16,0.09999999999999787,0.0,True,single_design_dataset
652,2.478,4.445,-1.967,down,400,0.05,20,6.962999999999999,1.1200000000000003,0.0071414284285430145,2.220446049250313e-16,-0.10000000000000231,0.0,True,single_design_dataset
653,3.255,2.478,0.7769999999999997,up,400,0.05,20,8.950000000000001,1.6000000000000003,0.010000000000000675,2.220446049250313e-16,0.10000000000000675,0.0,True,single_design_dataset
654,5.278,3.255,2.0229999999999997,up,400,0.05,20,17.868,2.7999999999999994,0.009797958971132503,4.440892098500626e-16,0.09999999999999787,0.0,True,single_design_dataset
655,4.206,5.278,-1.0719999999999992,down,400,0.05,20,13.761999999999997,2.174,0.005999999999999873,0.00916515138991169,-0.09999999999999787,0.0,True,single_design_dataset
656,6.294,4.206,2.087999999999999,up,400,0.05,20,23.413000000000004,3.4200000000000004,0.009539392014170948,4.440892098500626e-16,0.10000000000001563,0.0,True,single_design_dataset
657,5.974,6.294,-0.3199999999999994,down,400,0.05,20,22.740000000000002,3.2400000000000007,3.552713678800501e-15,4.440892098500626e-16,0.0,0.0,True,single_design_dataset
658,5.133,5.974,-0.8410000000000002,down,400,0.05,20,19.100000000000005,2.7199999999999998,3.552713678800501e-15,4.440892098500626e-16,0.0,0.0,True,single_design_dataset
659,1.401,5.133,-3.732,down,400,0.05,20,4.026999999999999,0.4830000000000001,0.022158519806160258,0.007141428428542858,-0.29999999999999805,-0.10000000000000009,True,single_design_dataset
660,2.001,1.401,0.5999999999999999,up,400,0.05,20,4.959999999999999,0.8400000000000001,8.881784197001252e-16,1.1102230246251565e-16,0.0,0.0,True,single_design_dataset
661,3.437,2.001,1.436,up,400,0.05,20,9.34,1.7,0.0,0.0,0.0,0.0,True,single_design_dataset
662,2.103,3.437,-1.3339999999999996,down,400,0.05,20,5.540000000000001,0.8999999999999998,8.881784197001252e-16,2.220446049250313e-16,0.0,0.0,True,single_design_dataset
663,1.457,2.103,-0.6460000000000001,down,400,0.05,20,3.680000000000001,0.5199999999999999,8.881784197001252e-16,1.1102230246251565e-16,0.0,0.0,True,single_design_dataset
664,2.386,1.457,0.929,up,400,0.05,20,5.64,1.0699999999999996,0.0,0.010000000000000009,0.0,0.0,True,single_design_dataset
665,4.512,2.386,2.1259999999999994,up,400,0.05,20,13.651000000000002,2.3400000000000007,0.009949874371065986,8.881784197001252e-16,0.09999999999999787,0.0,True,single_design_dataset
666,3.411,4.512,-1.1009999999999995,down,400,0.05,20,9.900000000000002,1.689,1.7763568394002505e-15,0.00994987437106621,0.0,0.10000000000000009,True,single_design_dataset
667,1.782,3.411,-1.629,down,400,0.05,20,4.607999999999999,0.7039999999999998,0.009797958971132939,0.008000000000000007,0.0,-0.10000000000000009,True,single_design_dataset
668,1.426,1.782,-0.3560000000000001,down,400,0.05,20,3.528,0.4800000000000001,0.00979795897113272,1.1102230246251565e-16,-0.10000000000000009,0.0,True,single_design_dataset
669,2.529,1.426,1.103,up,400,0.05,20,5.9399999999999995,1.16,8.881784197001252e-16,0.0,0.0,0.0,True,single_design_dataset
670,1.344,2.529,-1.1849999999999998,down,400,0.05,20,3.248,0.44000000000000006,0.009797958971132503,5.551115123125783e-17,-0.09999999999999787,0.0,True,single_design_dataset
671,5.989,1.344,4.645,up,400,0.05,20,21.138000000000005,3.2400000000000007,0.01536229149573689,4.440892098500626e-16,0.19999999999999574,0.0,True,single_design_dataset
672,4.516,5.989,-1.4729999999999999,down,400,0.05,20,15.12,2.36,0.0,0.0,0.0,0.0,True,single_design_dataset
673,5.886,4.516,1.37,up,400,0.05,20,21.212000000000007,3.18,0.009797958971132503,0.0,0.09999999999999787,0.0,True,single_design_dataset
674,3.894,5.886,-1.992,down,400,0.05,20,12.605999999999998,1.9799999999999993,0.009165151389911483,6.661338147750939e-16,-0.09999999999999787,0.0,True,single_design_dataset
675,3.138,3.894,-0.7560000000000002,down,400,0.05,20,9.302000000000003,1.52,0.005999999999999872,0.0,-0.09999999999999787,0.0,True,single_design_dataset
676,5.492,3.138,2.354,up,400,0.05,20,19.154000000000003,2.9399999999999995,0.009165151389911485,4.440892098500626e-16,0.09999999999999787,0.0,True,single_design_dataset
677,6.235,5.492,0.7430000000000003,up,400,0.05,20,23.223000000000003,3.397,0.007141428428542699,0.007141428428542858,0.09999999999999787,0.0,True,single_design_dataset
678,4.874,6.235,-1.3610000000000007,down,400,0.05,20,17.62,2.573,0.0,0.009539392014169467,0.0,0.10000000000000009,True,single_design_dataset
679,3.391,4.874,-1.4829999999999997,down,400,0.05,20,10.651999999999997,1.6800000000000002,0.009797958971132503,2.220446049250313e-16,-0.09999999999999787,0.0,True,single_design_dataset
680,4.793,3.391,1.4020000000000001,up,400,0.05,20,16.020999999999997,2.5200000000000005,0.004358898943540581,4.440892098500626e-16,0.09999999999999787,0.0,True,single_design_dataset
681,5.79,4.793,0.9969999999999999,up,400,0.05,20,21.064999999999998,3.1199999999999997,0.008660254037844203,4.440892098500626e-16,0.09999999999999787,0.0,True,single_design_dataset
682,5.463,5.79,-0.32699999999999996,down,400,0.05,20,20.261000000000003,2.9200000000000004,0.0043588989435405815,4.440892098500626e-16,0.0,0.0,True,single_design_dataset
683,3.522,5.463,-1.9410000000000003,down,400,0.05,20,11.366000000000003,1.7600000000000002,0.009165151389912298,2.220446049250313e-16,-0.10000000000000675,0.0,True,single_design_dataset
684,4.046,3.522,0.5240000000000005,up,400,0.05,20,12.9,2.0799999999999996,0.0,4.440892098500626e-16,0.0,0.0,True,single_design_dataset
685,6.487,4.046,2.441,up,400,0.05,20,24.532000000000004,3.5400000000000005,0.009797958971132503,4.440892098500626e-16,0.09999999999999787,0.0,True,single_design_dataset
686,4.093,6.487,-2.394,down,400,0.05,20,13.996,2.1000000000000005,0.00799999999999983,4.440892098500626e-16,-0.09999999999999787,0.0,True,single_design_dataset
687,2.712,4.093,-1.3809999999999998,down,400,0.05,20,8.098,1.2600000000000002,0.005999999999999873,2.220446049250313e-16,-0.09999999999999787,0.0,True,single_design_dataset
688,5.676,2.712,2.964,up,400,0.05,20,20.417000000000005,3.0480000000000005,0.007141428428543965,0.009797958971132722,0.10000000000001563,0.10000000000000009,True,single_design_dataset
689,7.091,5.676,1.415,up,400,0.05,20,27.569,3.900000000000001,0.009949874371065986,8.881784197001252e-16,0.09999999999999787,0.0,True,single_design_dataset
690,4.589,7.091,-2.502,down,400,0.05,20,16.719,2.3999999999999995,0.004358898943540581,4.440892098500626e-16,-0.09999999999999787,0.0,True,single_design_dataset
691,1.998,4.589,-2.591,down,400,0.05,20,5.766,0.8400000000000001,0.012806248474865813,1.1102230246251565e-16,-0.20000000000000018,0.0,True,single_design_dataset
692,1.133,1.998,-0.865,down,400,0.05,20,3.144,0.32000000000000006,0.013564659966250548,5.551115123125783e-17,-0.20000000000000018,0.0,True,single_design_dataset
693,6.231,1.133,5.098,up,400,0.05,20,23.106,3.38,0.014282856857086365,0.0,0.2000000000000135,0.0,True,single_design_dataset
694,4.658,6.231,-1.5729999999999995,down,400,0.05,20,16.56,2.4399999999999995,0.0,4.440892098500626e-16,0.0,0.0,True,single_design_dataset
695,1.96,4.658,-2.6980000000000004,down,400,0.05,20,5.4479999999999995,0.82,0.009797958971132503,0.0,-0.09999999999999787,0.0,True,single_design_dataset
696,3.303,1.96,1.343,up,400,0.05,20,9.119,1.6200000000000003,0.004358898943540581,2.220446049250313e-16,0.0,0.0,True,single_design_dataset
697,2.316,3.303,-0.9870000000000001,down,400,0.05,20,6.299999999999999,1.02,8.881784197001252e-16,0.0,0.0,0.0,True,single_design_dataset
698,5.122,2.316,2.806,up,400,0.05,20,17.187999999999995,2.7199999999999998,0.009797958971132503,4.440892098500626e-16,0.09999999999999787,0.0,True,single_design_dataset
699,6.293,5.122,1.1710000000000003,up,400,0.05,20,23.568999999999996,3.4200000000000004,0.009949874371065986,4.440892098500626e-16,0.09999999999999787,0.0,True,single_design_dataset
700,3.844,6.293,-2.4490000000000003,down,400,0.05,20,12.660999999999998,1.9419999999999997,0.0043588989435405815,0.006000000000000005,-0.09999999999999787,0.0,True,single_design_dataset
701,1.647,3.844,-2.197,down,400,0.05,20,4.5219999999999985,0.6199999999999999,0.006000000000000138,1.1102230246251565e-16,-0.10000000000000231,0.0,True,single_design_dataset
702,4.644,1.647,2.997,up,400,0.05,20,14.891,2.4399999999999995,0.009949874371065988,4.440892098500626e-16,0.09999999999999787,0.0,True,single_design_dataset
703,3.236,4.644,-1.408,down,400,0.05,20,9.680000000000001,1.5799999999999996,1.7763568394002505e-15,4.440892098500626e-16,0.0,0.0,True,single_design_dataset
704,6.098,3.236,2.8619999999999997,up,400,0.05,20,22.457,3.2999999999999994,0.011445523142259354,4.440892098500626e-16,0.19999999999999574,0.0,True,single_design_dataset
705,6.856,6.098,0.758,up,400,0.05,20,26.524,3.7600000000000002,0.007999999999999828,4.440892098500626e-16,0.09999999999999787,0.0,True,single_design_dataset
706,3.214,6.856,-3.642,down,400,0.05,20,10.109999999999998,1.5599999999999998,0.009999999999999787,2.220446049250313e-16,-0.09999999999999787,0.0,True,single_design_dataset
707,1.387,3.214,-1.827,down,400,0.05,20,3.8459999999999988,0.46000000000000013,0.01907878402833893,1.1102230246251565e-16,-0.30000000000000027,0.0,True,single_design_dataset
708,2.038,1.387,0.6509999999999998,up,400,0.05,20,5.0,0.86,0.0,0.0,0.0,0.0,True,single_design_dataset
709,4.307,2.038,2.2690000000000006,up,400,0.05,20,13.068000000000003,2.2199999999999998,0.009797958971132503,4.440892098500626e-16,0.09999999999999787,0.0,True,single_design_dataset
710,3.547,4.307,-0.7600000000000002,down,400,0.05,20,10.639999999999997,1.78,3.552713678800501e-15,0.0,0.0,0.0,True,single_design_dataset
711,5.731,3.547,2.1839999999999997,up,400,0.05,20,20.487000000000002,3.0799999999999996,0.009539392014169255,4.440892098500626e-16,0.09999999999999787,0.0,True,single_design_dataset
712,4.71,5.731,-1.021,down,400,0.05,20,16.540000000000003,2.463,3.552713678800501e-15,0.007141428428542858,0.0,0.0,True,single_design_dataset
713,5.145,4.71,0.4349999999999996,up,400,0.05,20,18.06,2.7400000000000007,0.0,4.440892098500626e-16,0.0,0.0,True,single_design_dataset
714,6.533,5.145,1.3880000000000008,up,400,0.05,20,24.945,3.56,0.008660254037844203,0.0,0.09999999999999787,0.0,True,single_design_dataset
715,5.32,6.533,-1.213,down,400,0.05,20,20.259999999999998,2.8400000000000007,3.552713678800501e-15,8.881784197001252e-16,0.0,0.0,True,single_design_dataset
716,2.458,5.32,-2.862,down,400,0.05,20,7.276999999999999,1.1000000000000003,0.011445523142259682,2.220446049250313e-16,-0.20000000000000018,0.0,True,single_design_dataset
717,6.208,2.458,3.75,up,400,0.05,20,23.336999999999996,3.38,0.011445523142259354,0.0,0.19999999999999574,0.0,True,single_design_dataset
718,3.15,6.208,-3.0580000000000003,down,400,0.05,20,9.812000000000003,1.5399999999999998,0.009797958971132503,2.220446049250313e-16,-0.09999999999999787,0.0,True,single_design_dataset
719,4.697,3.15,1.5470000000000002,up,400,0.05,20,15.720000000000004,2.46,3.552713678800501e-15,0.0,0.0,0.0,True,single_design_dataset
720,3.557,4.697,-1.1400000000000001,down,400,0.05,20,11.360000000000003,1.78,3.552713678800501e-15,0.0,0.0,0.0,True,single_design_dataset
721,2.333,3.557,-1.2239999999999998,down,400,0.05,20,6.702000000000001,1.0399999999999998,0.005999999999999873,2.220446049250313e-16,-0.09999999999999787,0.0,True,single_design_dataset
722,1.609,2.333,-0.7240000000000002,down,400,0.05,20,4.36,0.5999999999999999,0.0,1.1102230246251565e-16,0.0,0.0,True,single_design_dataset
723,2.337,1.609,0.7280000000000002,up,400,0.05,20,5.840000000000001,1.0399999999999998,8.881784197001252e-16,2.220446049250313e-16,0.0,0.0,True,single_design_dataset
724,4.707,2.337,2.3699999999999997,up,400,0.05,20,14.985,2.465,0.01072380529476338,0.008660254037844393,0.19999999999999574,-0.10000000000000009,True,single_design_dataset
725,5.805,4.707,1.0979999999999999,up,400,0.05,20,20.937,3.14,0.007141428428542699,0.0,0.09999999999999787,0.0,True,single_design_dataset
726,3.636,5.805,-2.1689999999999996,down,400,0.05,20,11.590000000000002,1.8199999999999998,0.009999999999999787,2.220446049250313e-16,-0.09999999999999787,0.0,True,single_design_dataset
727,1.925,3.636,-1.711,down,400,0.05,20,5.300999999999999,0.785,0.004358898943540774,0.008660254037844393,-0.10000000000000231,0.10000000000000009,True,single_design_dataset
728,2.868,1.925,0.9429999999999998,up,400,0.05,20,7.552999999999999,1.3599999999999999,0.009539392014169253,2.220446049250313e-16,-0.09999999999999787,0.0,True,single_design_dataset
729,6.527,2.868,3.6590000000000003,up,400,0.05,20,24.523000000000003,3.56,0.013076696830621742,0.0,0.19999999999999574,0.0,True,single_design_dataset
730,4.777,6.527,-1.75,down,400,0.05,20,17.160000000000004,2.5,3.552713678800501e-15,0.0,0.0,0.0,True,single_design_dataset
731,3.567,4.777,-1.21,down,400,0.05,20,11.401000000000002,1.78,0.0043588989435405815,0.0,-0.09999999999999787,0.0,True,single_design_dataset
732,5.175,3.567,1.6079999999999997,up,400,0.05,20,18.0,2.7599999999999993,0.0,4.440892098500626e-16,0.0,0.0,True,single_design_dataset
733,6.661,5.175,1.4859999999999998,up,400,0.05,20,25.565999999999995,3.6399999999999997,0.009165151389911483,4.440892098500626e-16,0.09999999999999787,0.0,True,single_design_dataset
734,3.707,6.661,-2.9539999999999997,down,400,0.05,20,12.321,1.86,0.007681145747868445,0.0,-0.19999999999999574,0.0,True,single_design_dataset
735,1.409,3.707,-2.298,down,400,0.05,20,4.007000000000001,0.4800000000000001,0.019261360284258164,1.1102230246251565e-16,-0.30000000000000027,0.0,True,single_design_dataset
736,4.006,1.409,2.5970000000000004,up,400,0.05,20,11.980999999999998,2.04,0.004358898943540581,0.0,0.09999999999999787,0.0,True,single_design_dataset
737,7.138,4.006,3.1319999999999997,up,400,0.05,20,27.674000000000007,3.9200000000000004,0.012806248474865424,4.440892098500626e-16,0.19999999999999574,0.0,True,single_design_dataset
738,3.594,7.138,-3.544,down,400,0.05,20,11.683000000000002,1.7999999999999996,0.007141428428542699,4.440892098500626e-16,-0.09999999999999787,0.0,True,single_design_dataset
739,1.187,3.594,-2.407,down,400,0.05,20,3.410999999999999,0.36000000000000004,0.0172916164657906,5.551115123125783e-17,-0.30000000000000027,0.0,True,single_design_dataset
740,2.145,1.187,0.958,up,400,0.05,20,5.22,0.9200000000000003,0.0,2.220446049250313e-16,0.0,0.0,True,single_design_dataset
741,3.552,2.145,1.407,up,400,0.05,20,9.800000000000002,1.78,1.7763568394002505e-15,0.0,0.0,0.0,True,single_design_dataset
742,5.892,3.552,2.3400000000000003,up,400,0.05,20,21.330999999999996,3.18,0.009949874371065988,0.0,0.09999999999999787,0.0,True,single_design_dataset
743,6.753,5.892,0.8609999999999998,up,400,0.05,20,26.016999999999996,3.7000000000000006,0.009539392014169255,4.440892098500626e-16,0.19999999999999574,0.0,True,single_design_dataset
744,5.773,6.753,-0.9800000000000004,down,400,0.05,20,22.579999999999995,3.1199999999999997,3.552713678800501e-15,4.440892098500626e-16,0.0,0.0,True,single_design_dataset
745,5.251,5.773,-0.5219999999999994,down,400,0.05,20,20.12,2.7999999999999994,0.0,4.440892098500626e-16,0.0,0.0,True,single_design_dataset
746,6.302,5.251,1.0509999999999993,up,400,0.05,20,24.371,3.4200000000000004,0.009949874371065988,4.440892098500626e-16,0.09999999999999787,0.0,True,single_design_dataset
747,1.158,6.302,-5.144,down,400,0.05,20,3.570000000000001,0.36000000000000004,0.020493901531919215,5.551115123125783e-17,-0.30000000000000027,0.0,True,single_design_dataset
748,1.865,1.158,0.7070000000000001,up,400,0.05,20,4.636,0.76,0.00799999999999983,0.0,0.0,0.0,True,single_design_dataset
749,3.92,1.865,2.0549999999999997,up,400,0.05,20,11.5,2.0,0.0,0.0,0.0,0.0,True,single_design_dataset
750,2.715,3.92,-1.205,down,400,0.05,20,7.605999999999999,1.2800000000000002,0.00916515138991189,2.220446049250313e-16,-0.10000000000000231,0.0,True,single_design_dataset
751,6.231,2.715,3.516,up,400,0.05,20,23.21,3.38,0.009999999999999787,0.0,0.09999999999999787,0.0,True,single_design_dataset
752,4.1,6.231,-2.1310000000000002,down,400,0.05,20,13.822999999999999,2.1000000000000005,0.007141428428542696,4.440892098500626e-16,-0.09999999999999787,0.0,True,single_design_dataset
753,3.577,4.1,-0.5229999999999997,down,400,0.05,20,11.400000000000002,1.7999999999999996,1.7763568394002505e-15,4.440892098500626e-16,0.0,0.0,True,single_design_dataset
754,2.165,3.577,-1.412,down,400,0.05,20,6.0600000000000005,0.9400000000000001,8.881784197001252e-16,1.1102230246251565e-16,0.0,0.0,True,single_design_dataset
755,3.341,2.165,1.1760000000000002,up,400,0.05,20,9.300000000000002,1.64,1.7763568394002505e-15,0.0,0.0,0.0,True,single_design_dataset
756,1.975,3.341,-1.366,down,400,0.05,20,5.330999999999999,0.82,0.009949874371065986,0.0,-0.09999999999999787,0.0,True,single_design_dataset
757,5.341,1.975,3.366,up,400,0.05,20,18.311,2.8400000000000007,0.009949874371065988,8.881784197001252e-16,0.09999999999999787,0.0,True,single_design_dataset
758,1.774,5.341,-3.567,down,400,0.05,20,4.824999999999998,0.6999999999999998,0.008660254037844203,1.1102230246251565e-16,-0.09999999999999787,0.0,True,single_design_dataset
759,3.135,1.774,1.3609999999999998,up,400,0.05,20,8.360000000000003,1.52,3.552713678800501e-15,0.0,0.0,0.0,True,single_design_dataset
760,1.552,3.135,-1.5829999999999997,down,400,0.05,20,4.0600000000000005,0.5600000000000002,8.881784197001252e-16,1.1102230246251565e-16,0.0,0.0,True,single_design_dataset
761,4.498,1.552,2.946,up,400,0.05,20,13.815000000000001,2.3400000000000007,0.008660254037844203,8.881784197001252e-16,0.09999999999999787,0.0,True,single_design_dataset
762,2.421,4.498,-2.0770000000000004,down,400,0.05,20,6.607999999999999,1.0880000000000003,0.009797958971132939,0.00979795897113272,-0.10000000000000231,0.10000000000000009,True,single_design_dataset
763,4.78,2.421,2.3590000000000004,up,400,0.05,20,15.292000000000002,2.5200000000000005,0.009797958971133374,4.440892098500626e-16,0.10000000000000675,0.0,True,single_design_dataset
764,6.142,4.78,1.362,up,400,0.05,20,22.648000000000003,3.3400000000000007,0.009797958971132503,8.881784197001252e-16,0.09999999999999787,0.0,True,single_design_dataset
765,4.724,6.142,-1.4180000000000001,down,400,0.05,20,16.786999999999995,2.4799999999999995,0.009539392014169253,4.440892098500626e-16,-0.09999999999999787,0.0,True,single_design_dataset
766,6.256,4.724,1.532,up,400,0.05,20,23.539000000000005,3.4,0.00435889894354058,0.0,0.09999999999999787,0.0,True,single_design_dataset
767,5.404,6.256,-0.8520000000000003,down,400,0.05,20,20.5,2.8800000000000003,0.0,4.440892098500626e-16,0.0,0.0,True,single_design_dataset
768,4.527,5.404,-0.8769999999999998,down,400,0.05,20,16.254,2.36,0.009165151389913112,0.0,-0.10000000000001563,0.0,True,single_design_dataset
769,3.812,4.527,-0.7150000000000003,down,400,0.05,20,12.741000000000003,1.9399999999999995,0.00435889894354058,4.440892098500626e-16,-0.09999999999999787,0.0,True,single_design_dataset
770,6.121,3.812,2.3090000000000006,up,400,0.05,20,22.976000000000006,3.3199999999999994,0.007999999999999828,4.440892098500626e-16,0.09999999999999787,0.0,True,single_design_dataset
771,1.383,6.121,-4.738,down,400,0.05,20,4.100999999999999,0.4800000000000001,0.022338307903688705,1.1102230246251565e-16,-0.40000000000000036,0.0,True,single_design_dataset
772,6.332,1.383,4.949,up,400,0.05,20,23.880999999999993,3.44,0.013379088160259367,0.0,0.19999999999999574,0.0,True,single_design_dataset
773,1.775,6.332,-4.557,down,400,0.05,20,5.013,0.6999999999999998,0.020273134932713155,1.1102230246251565e-16,-0.29999999999999805,0.0,True,single_design_dataset
774,3.364,1.775,1.589,up,400,0.05,20,9.419999999999998,1.6599999999999997,1.7763568394002505e-15,2.220446049250313e-16,0.0,0.0,True,single_design_dataset
775,1.548,3.364,-1.8159999999999998,down,400,0.05,20,4.159999999999999,0.5600000000000002,8.881784197001252e-16,1.1102230246251565e-16,0.0,0.0,True,single_design_dataset
776,4.887,1.548,3.3389999999999995,up,400,0.05,20,15.995,2.5799999999999996,0.008660254037844203,4.440892098500626e-16,0.09999999999999787,0.0,True,single_design_dataset
777,3.568,4.887,-1.3189999999999995,down,400,0.05,20,11.001,1.78,0.004358898943540581,0.0,0.0,0.0,True,single_design_dataset
778,5.015,3.568,1.4469999999999996,up,400,0.05,20,16.874,2.6599999999999993,0.009165151389911487,8.881784197001252e-16,0.09999999999999787,0.0,True,single_design_dataset
779,1.498,5.015,-3.5169999999999995,down,400,0.05,20,4.177,0.5399999999999998,0.020273134932713377,2.220446049250313e-16,-0.3000000000000025,0.0,True,single_design_dataset
780,2.215,1.498,0.7169999999999999,up,400,0.05,20,5.519999999999999,0.9600000000000002,8.881784197001252e-16,2.220446049250313e-16,0.0,0.0,True,single_design_dataset
781,3.359,2.215,1.1440000000000001,up,400,0.05,20,9.06,1.6599999999999997,0.0,2.220446049250313e-16,0.0,0.0,True,single_design_dataset
782,2.649,3.359,-0.71,down,400,0.05,20,7.179,1.2399999999999998,0.004358898943540581,2.220446049250313e-16,-0.09999999999999787,0.0,True,single_design_dataset
783,5.284,2.649,2.635,up,400,0.05,20,17.888999999999996,2.82,0.009949874371065986,0.0,0.09999999999999787,0.0,True,single_design_dataset
784,4.601,5.284,-0.6829999999999998,down,400,0.05,20,15.600000000000003,2.3999999999999995,3.552713678800501e-15,4.440892098500626e-16,0.0,0.0,True,single_design_dataset
785,2.694,4.601,-1.907,down,400,0.05,20,7.755000000000001,1.2600000000000002,0.008660254037844203,2.220446049250313e-16,-0.09999999999999787,0.0,True,single_design_dataset
786,1.241,2.694,-1.4529999999999998,down,400,0.05,20,3.3560000000000003,0.38,0.01496662954709578,0.0,-0.20000000000000018,0.0,True,single_design_dataset
787,2.696,1.241,1.455,up,400,0.05,20,6.718999999999999,1.2600000000000002,0.004358898943540581,2.220446049250313e-16,0.0,0.0,True,single_design_dataset
788,1.584,2.696,-1.112,down,400,0.05,20,4.018999999999999,0.589,0.004358898943540581,0.009949874371066208,0.0,-0.10000000000000009,True,single_design_dataset
789,3.971,1.584,2.387,up,400,0.05,20,11.261,2.0200000000000005,0.004358898943540581,4.440892098500626e-16,0.09999999999999787,0.0,True,single_design_dataset
790,5.097,3.971,1.1260000000000003,up,400,0.05,20,16.862000000000002,2.7000000000000006,0.010770329614268779,4.440892098500626e-16,0.19999999999999574,0.0,True,single_design_dataset
791,6.132,5.097,1.0349999999999993,up,400,0.05,20,22.569999999999997,3.3199999999999994,0.009999999999999787,4.440892098500626e-16,0.09999999999999787,0.0,True,single_design_dataset
792,4.081,6.132,-2.0509999999999993,down,400,0.05,20,13.591,2.1000000000000005,0.009949874371065986,4.440892098500626e-16,-0.09999999999999787,0.0,True,single_design_dataset
793,4.398,4.081,0.3169999999999993,up,400,0.05,20,14.440000000000001,2.2800000000000002,1.7763568394002505e-15,4.440892098500626e-16,0.0,0.0,True,single_design_dataset
794,6.621,4.398,2.2230000000000008,up,400,0.05,20,25.200000000000006,3.62,0.012649110640673249,0.0,0.19999999999999574,0.0,True,single_design_dataset
795,5.689,6.621,-0.9320000000000004,down,400,0.05,20,21.959999999999997,3.0600000000000005,3.552713678800501e-15,4.440892098500626e-16,0.0,0.0,True,single_design_dataset
796,2.469,5.689,-3.22,down,400,0.05,20,7.297,1.1200000000000003,0.00953939201416936,2.220446049250313e-16,-0.20000000000000018,0.0,True,single_design_dataset
797,5.357,2.469,2.8880000000000003,up,400,0.05,20,18.888999999999996,2.86,0.009949874371065986,0.0,0.09999999999999787,0.0,True,single_design_dataset
798,4.363,5.357,-0.9939999999999998,down,400,0.05,20,15.02,2.2599999999999993,0.0,4.440892098500626e-16,0.0,0.0,True,single_design_dataset
799,1.366,4.363,-2.9970000000000003,down,400,0.05,20,3.9139999999999993,0.46000000000000013,0.021071307505705496,1.1102230246251565e-16,-0.30000000000000027,0.0,True,single_design_dataset
800,6.288,1.366,4.922000000000001,up,400,0.05,20,23.503999999999998,3.4200000000000004,0.011999999999999745,4.440892098500626e-16,0.19999999999999574,0.0,True,single_design_dataset
801,2.413,6.288,-3.8750000000000004,down,400,0.05,20,6.935,1.0799999999999996,0.008660254037844586,4.440892098500626e-16,-0.10000000000000231,0.0,True,single_design_dataset
802,1.558,2.413,-0.8549999999999998,down,400,0.05,20,4.200000000000001,0.58,8.881784197001252e-16,0.0,0.0,0.0,True,single_design_dataset
803,5.633,1.558,4.075,up,400,0.05,20,19.969,3.0200000000000005,0.009949874371065986,4.440892098500626e-16,0.09999999999999787,0.0,True,single_design_dataset
804,4.528,5.633,-1.1050000000000004,down,400,0.05,20,15.639999999999997,2.36,3.552713678800501e-15,0.0,0.0,0.0,True,single_design_dataset
805,1.188,4.528,-3.34,down,400,0.05,20,3.412,0.36000000000000004,0.016000000000000014,5.551115123125783e-17,-0.30000000000000027,0.0,True,single_design_dataset
806,1.996,1.188,0.808,up,400,0.05,20,4.816999999999998,0.8400000000000001,0.007141428428543015,1.1102230246251565e-16,0.10000000000000231,0.0,True,single_design_dataset
807,3.949,1.996,1.9529999999999998,up,400,0.05,20,11.407999999999998,2.0200000000000005,0.009797958971132503,4.440892098500626e-16,0.09999999999999787,0.0,True,single_design_dataset
808,2.563,3.949,-1.3859999999999997,down,400,0.05,20,7.0,1.18,0.0,0.0,0.0,0.0,True,single_design_dataset
809,5.666,2.563,3.103,up,400,0.05,20,19.958000000000006,3.04,0.012489995996796531,0.0,0.19999999999999574,0.0,True,single_design_dataset
810,4.416,5.666,-1.25,down,400,0.05,20,14.959999999999999,2.2999999999999994,1.7763568394002505e-15,4.440892098500626e-16,0.0,0.0,True,single_design_dataset
811,6.713,4.416,2.2969999999999997,up,400,0.05,20,25.682,3.680000000000001,0.008717797887081161,8.881784197001252e-16,0.19999999999999574,0.0,True,single_design_dataset
812,4.224,6.713,-2.489,down,400,0.05,20,14.636000000000001,2.18,0.00800000000000054,0.0,-0.10000000000000675,0.0,True,single_design_dataset
813,4.608,4.224,0.38399999999999945,up,400,0.05,20,15.76,2.4200000000000004,0.0,4.440892098500626e-16,0.0,0.0,True,single_design_dataset
814,5.944,4.608,1.3360000000000003,up,400,0.05,20,22.127,3.22,0.009539392014169255,0.0,0.09999999999999787,0.0,True,single_design_dataset
815,2.532,5.944,-3.412,down,400,0.05,20,7.520999999999999,1.16,0.009949874371066241,0.0,-0.20000000000000018,0.0,True,single_design_dataset
816,4.023,2.532,1.4909999999999997,up,400,0.05,20,12.422999999999998,2.0600000000000005,0.007141428428542698,4.440892098500626e-16,0.0,0.0,True,single_design_dataset
817,6.786,4.023,2.763,up,400,0.05,20,26.140000000000004,3.72,0.010954451150103088,0.0,0.19999999999999574,0.0,True,single_design_dataset
818,4.345,6.786,-2.441,down,400,0.05,20,15.360000000000003,2.2599999999999993,3.552713678800501e-15,4.440892098500626e-16,0.0,0.0,True,single_design_dataset
819,3.077,4.345,-1.2679999999999998,down,400,0.05,20,9.546999999999999,1.48,0.0095393920141701,0.0,-0.10000000000000675,0.0,True,single_design_dataset
820,5.402,3.077,2.325,up,400,0.05,20,19.246,2.8800000000000003,0.009165151389913112,4.440892098500626e-16,0.10000000000001563,0.0,True,single_design_dataset
821,1.719,5.402,-3.683,down,400,0.05,20,4.9079999999999995,0.66,0.022271057451320204,0.0,-0.3000000000000025,0.0,True,single_design_dataset
822,5.712,1.719,3.9929999999999994,up,400,0.05,20,20.640000000000008,3.0799999999999996,0.012649110640673249,4.440892098500626e-16,0.19999999999999574,0.0,True,single_design_dataset
823,2.316,5.712,-3.396,down,400,0.05,20,6.670999999999999,1.02,0.009949874371065986,0.0,-0.09999999999999787,0.0,True,single_design_dataset
824,1.683,2.316,-0.6329999999999998,down,400,0.05,20,4.592999999999999,0.6400000000000001,0.009539392014169253,1.1102230246251565e-16,-0.09999999999999787,0.0,True,single_design_dataset
825,4.221,1.683,2.5380000000000003,up,400,0.05,20,12.850000000000003,2.18,0.009999999999999787,0.0,0.09999999999999787,0.0,True,single_design_dataset
826,6.743,4.221,2.5220000000000002,up,400,0.05,20,25.819,3.7000000000000006,0.013379088160259367,4.440892098500626e-16,0.19999999999999574,0.0,True,single_design_dataset
827,1.735,6.743,-5.008,down,400,0.05,20,4.929000000000001,0.6799999999999999,0.021424285285628487,1.1102230246251565e-16,-0.29999999999999805,0.0,True,single_design_dataset
828,3.607,1.735,1.872,up,400,0.05,20,10.360000000000003,1.8039999999999998,3.552713678800501e-15,0.008000000000000007,0.0,0.10000000000000009,True,single_design_dataset
829,4.745,3.607,1.138,up,400,0.05,20,15.559999999999999,2.5,1.7763568394002505e-15,0.0,0.0,0.0,True,single_design_dataset
830,6.535,4.745,1.79,up,400,0.05,20,24.922000000000004,3.56,0.005999999999999872,0.0,0.09999999999999787,0.0,True,single_design_dataset
831,3.226,6.535,-3.309,down,400,0.05,20,10.119,1.5799999999999996,0.0076811457478686875,4.440892098500626e-16,-0.20000000000000462,0.0,True,single_design_dataset
832,6.3,3.226,3.074,up,400,0.05,20,23.863999999999997,3.4200000000000004,0.007999999999999828,4.440892098500626e-16,0.09999999999999787,0.0,True,single_design_dataset
833,1.717,6.3,-4.583,down,400,0.05,20,4.952000000000001,0.667,0.021354156504062728,0.009539392014169465,-0.3000000000000025,-0.10000000000000009,True,single_design_dataset
834,5.024,1.717,3.307,up,400,0.05,20,17.110000000000003,2.6599999999999993,0.009999999999999787,8.881784197001252e-16,0.09999999999999787,0.0,True,single_design_dataset
835,2.813,5.024,-2.211,down,400,0.05,20,8.328,1.32,0.009797958971132503,0.0,-0.09999999999999787,0.0,True,single_design_dataset
836,6.42,2.813,3.6069999999999998,up,400,0.05,20,24.318999999999996,3.5,0.014798648586948425,0.0,0.19999999999999574,0.0,True,single_design_dataset
837,4.607,6.42,-1.8129999999999997,down,400,0.05,20,16.567,2.4200000000000004,0.009539392014169255,4.440892098500626e-16,-0.09999999999999787,0.0,True,single_design_dataset
838,2.073,4.607,-2.5340000000000003,down,400,0.05,20,5.954,0.8800000000000001,0.011135528725659911,1.1102230246251565e-16,-0.20000000000000018,0.0,True,single_design_dataset
