branch,time_since_step_s,n_samples,n_holds,normalized_remaining_median,normalized_remaining_q10,normalized_remaining_q90,terminal_relative_s_median_mm,terminal_relative_p_median_bar,terminal_relative_p_q10_bar,terminal_relative_p_q90_bar
down,0,408,408,1,1,1,5.2185,0.8400000000000001,0.3999999999999999,1.8199999999999998
down,0.01,408,408,1,1,1,5.2185,0.8400000000000001,0.3999999999999999,1.8199999999999998
down,0.02,408,408,1,1,1,5.2185,0.8400000000000001,0.3999999999999999,1.8199999999999998
down,0.03,408,408,1,1,1,5.2185,0.8300000000000001,0.3999999999999999,1.8199999999999998
down,0.04,408,408,1,0.9968018932620051,1,5.2185,0.8300000000000001,0.3999999999999999,1.8199999999999998
down,0.05,408,408,1,0.9914408810501554,1,5.2185,0.83,0.3964,1.806
down,0.06,408,408,1,0.9905599333206074,1,5.2235000000000005,0.8200000000000001,0.3856000000000001,1.806
down,0.07,408,408,1,0.9880651323482805,1,5.2235000000000005,0.8200000000000001,0.3800000000000001,1.7999999999999998
down,0.08,408,408,1,0.9837259171613322,1,5.2235000000000005,0.8199999999999998,0.3799999999999999,1.7860000000000005
down,0.09,408,408,1,0.9815126555298386,1,5.2185,0.7820000000000001,0.3540000000000001,1.7600000000000002
down,0.1,408,408,0.9880053961030755,0.9560625041528441,1,5.170999999999999,0.7600000000000001,0.3200000000000003,1.7200000000000002
down,0.11,408,408,0.9710986227608082,0.8863630661075114,1,4.9905,0.7200000000000002,0.2993999999999998,1.68
down,0.12,408,408,0.9434148226056822,0.8241379310344824,0.9975088967971529,4.7395,0.6945000000000001,0.2799999999999998,1.6199999999999999
down,0.13,408,408,0.9096174882696264,0.7671811164150861,0.9749229643751804,4.509499999999999,0.6599999999999999,0.2599999999999998,1.56
down,0.14,408,408,0.8719333149128881,0.7104122545981981,0.9601653084314534,4.267,0.6194999999999998,0.23999999999999977,1.5
down,0.15,408,408,0.8366099432520484,0.6486950816804076,0.9338271781787517,4.07,0.5749999999999998,0.2200000000000002,1.46
down,0.16,408,408,0.8030792647231002,0.6114266047151953,0.9034119106699754,3.8120000000000003,0.53,0.2200000000000002,1.4
down,0.17,408,408,0.7692307692307693,0.5710182721467519,0.8741067124086737,3.6189999999999998,0.48,0.21999999999999997,1.346
down,0.18,408,408,0.7370200447307153,0.5443905546544185,0.8469307631090284,3.4029999999999987,0.43999999999999995,0.21999999999999992,1.2999999999999998
down,0.19,408,408,0.71069680791903,0.5176838542267004,0.822177515854972,3.1225,0.3999999999999999,0.21999999999999975,1.2460000000000002
down,0.2,408,408,0.6869555419404363,0.4966785008745568,0.8005166771005859,2.912,0.353,0.21999999999999975,1.2
down,0.21,408,408,0.6532065331115979,0.4720282125035572,0.7802234821819981,2.7300000000000004,0.31999999999999995,0.21999999999999975,1.1460000000000001
down,0.22,408,408,0.6272465724650167,0.4550385057325481,0.7605332917511305,2.5845000000000007,0.28,0.21999999999999975,1.106
down,0.23,408,408,0.6061111797133101,0.4352382688144385,0.7441138564846312,2.496,0.26,0.21999999999999975,1.0660000000000003
down,0.24,408,408,0.5804695693953722,0.4232411427986452,0.730154521337395,2.4334999999999987,0.2599999999999999,0.21999999999999975,1.02
down,0.25,408,408,0.5615870830165766,0.40943219518389773,0.7147409808925986,2.373000000000001,0.2400000000000002,0.2176999999999997,0.98
down,0.26,408,408,0.5408042241030455,0.3943167619966673,0.7025445275193577,2.3230000000000004,0.24,0.20000000000000018,0.94
down,0.27,408,408,0.5242703533026114,0.3860399798707259,0.6872657889535737,2.2874999999999996,0.24,0.20000000000000018,0.8860000000000001
down,0.28,408,408,0.5043725970315956,0.37236454403532615,0.6779908675799078,2.249999999999999,0.24,0.20000000000000018,0.8460000000000001
down,0.29,408,408,0.49579434999168276,0.35781776115069414,0.6696102063613381,2.2155000000000005,0.24,0.20000000000000007,0.806
down,0.3,408,408,0.48343495123228347,0.34884204897871884,0.6649527806925495,2.175,0.23999999999999977,0.20000000000000007,0.7520000000000006
down,0.31,408,408,0.4735462515405733,0.3380374714359,0.6592654774396636,2.1370000000000005,0.2345000000000001,0.19999999999999996,0.72
down,0.32,408,408,0.46266000956073716,0.3292304648862511,0.6547504122320489,2.0995,0.2200000000000002,0.19999999999999996,0.6860000000000002
down,0.33,408,408,0.4494695499195235,0.3155686692377586,0.6503728427585904,2.0714999999999986,0.2200000000000002,0.19999999999999973,0.6460000000000002
down,0.34,408,408,0.4339622641509434,0.3088085757245118,0.6453586756591047,2.039999999999999,0.2200000000000002,0.19999999999999973,0.6060000000000002
down,0.35000000000000003,408,408,0.4219869508199396,0.3016658007387858,0.6438107165826082,2.0175,0.2200000000000002,0.19999999999999973,0.5660000000000001
down,0.36,408,408,0.41162031596814236,0.2960631710196592,0.634547837483617,1.992,0.21999999999999997,0.19999999999999973,0.5460000000000003
down,0.37,408,408,0.4038405930443467,0.28600307853976575,0.6343456753110478,1.959999999999999,0.21999999999999997,0.19999999999999973,0.52
down,0.38,408,408,0.3984722496984703,0.2789758218901416,0.6298216159496326,1.9394999999999971,0.21999999999999997,0.19999999999999973,0.4860000000000002
down,0.39,408,408,0.3927606946364326,0.2707813366611204,0.624143306850547,1.9194999999999993,0.21999999999999997,0.19999999999999973,0.45999999999999996
down,0.4,408,408,0.38370838872233626,0.2672885609204104,0.6205792415187639,1.8999999999999986,0.21999999999999997,0.18599999999999997,0.41999999999999993
down,0.41000000000000003,408,408,0.3762159451780044,0.2620944504646937,0.6200069954529555,1.8909999999999991,0.21999999999999997,0.18000000000000016,0.39160000000000017
down,0.42,408,408,0.37047654693996757,0.2587731668687223,0.6101923749562785,1.8524999999999991,0.21999999999999975,0.18000000000000016,0.3599999999999999
down,0.43,408,408,0.3655077180358128,0.2545220574017332,0.6101923749562785,1.8210000000000006,0.21999999999999975,0.18000000000000016,0.3316000000000001
down,0.44,408,408,0.36259948930859687,0.250031653448092,0.6035257082896122,1.8210000000000006,0.21799999999999997,0.1800000000000001,0.30000000000000004
down,0.45,408,408,0.3554608690837805,0.24409839671259537,0.6003777544596014,1.8010000000000002,0.20850000000000002,0.17999999999999997,0.28
down,0.46,408,408,0.35156245028856503,0.23822184316992126,0.5973990310553459,1.7959999999999998,0.20000000000000018,0.17999999999999994,0.2624000000000002
down,0.47000000000000003,408,408,0.34668325434165326,0.23418137504374198,0.5954616016802118,1.7659999999999996,0.20000000000000018,0.17999999999999994,0.26
down,0.48,408,408,0.3406693089203975,0.22857786374012257,0.5869586682531951,1.746,0.20000000000000018,0.17999999999999994,0.25160000000000005
down,0.49,408,408,0.33433674562345994,0.2248914411121093,0.5868042687146973,1.7359999999999993,0.20000000000000018,0.17999999999999994,0.24
down,0.5,408,408,0.33021776214423554,0.2220397648704612,0.5868042687146973,1.7199999999999989,0.20000000000000018,0.17999999999999972,0.24
down,0.51,408,408,0.3274952240310351,0.21952374463757468,0.5803845242527839,1.7030000000000003,0.19999999999999998,0.17999999999999972,0.24
down,0.52,408,408,0.3251285294864844,0.2159478345219063,0.5762095063740487,1.6955000000000013,0.19999999999999996,0.17999999999999972,0.24
down,0.53,408,408,0.32107564937226146,0.21384227937373168,0.5762095063740487,1.6795000000000009,0.19999999999999996,0.17999999999999972,0.24
down,0.54,408,408,0.31860840570537846,0.21031478969114503,0.5698134921978133,1.6664999999999999,0.19999999999999996,0.17999999999999972,0.24
down,0.55,408,408,0.3158655832529954,0.2079306107437662,0.5656147440334001,1.6560000000000004,0.19999999999999996,0.17999999999999972,0.23999999999999996
down,0.56,408,408,0.3139842790942805,0.20443229788714457,0.5634018097334311,1.6399999999999992,0.19999999999999996,0.17939999999999964,0.23120000000000002
down,0.5700000000000001,408,408,0.3112260707891475,0.2025763613170407,0.5587730636030784,1.6295000000000006,0.19999999999999996,0.16000000000000014,0.23120000000000002
down,0.58,408,408,0.3096797032429064,0.1988556756859631,0.5547999530375567,1.6164999999999987,0.19999999999999996,0.16000000000000014,0.2259000000000001
down,0.59,408,408,0.30658655832529946,0.19467458594230866,0.5523574468085104,1.6,0.19999999999999973,0.16000000000000014,0.22000000000000008
down,0.6,408,408,0.3041617365280631,0.19233978534293733,0.5469195625086529,1.589999999999999,0.19799999999999995,0.16000000000000014,0.22000000000000006
down,0.61,408,408,0.3019470458614515,0.18977671036267998,0.5446871857755977,1.58,0.19150000000000003,0.16000000000000014,0.22000000000000003
down,0.62,408,408,0.3016931989099194,0.1872965272965273,0.543674419818151,1.5600000000000005,0.18149999999999994,0.16000000000000014,0.21999999999999997
down,0.63,408,408,0.2974992654641403,0.1825238292561917,0.5372689655172411,1.5599999999999996,0.18000000000000016,0.16000000000000011,0.21999999999999997
down,0.64,408,408,0.2973615433872913,0.17994157169185243,0.5351100650699154,1.54,0.18000000000000016,0.16000000000000003,0.21999999999999997
down,0.65,408,408,0.2932450786097397,0.17706403721265246,0.5319895483389326,1.5399999999999996,0.18000000000000016,0.16,0.21999999999999997
down,0.66,408,408,0.29302988786466333,0.1740066252789445,0.529489942528735,1.520000000000001,0.18000000000000016,0.15999999999999992,0.21999999999999997
down,0.67,408,408,0.29035040956870717,0.17180005716501748,0.5213529471648176,1.5199999999999996,0.18000000000000016,0.15999999999999992,0.21999999999999997
down,0.68,408,408,0.2875052811640201,0.1701069762372226,0.518068965517241,1.5034999999999998,0.18000000000000005,0.15999999999999992,0.21999999999999997
down,0.6900000000000001,408,408,0.2867250673854449,0.16778451273087305,0.5169374999999997,1.4935,0.18000000000000005,0.1599999999999997,0.21860000000000002
down,0.7000000000000001,408,408,0.2851291253803542,0.16484133500238554,0.5112289207868157,1.4835000000000003,0.17999999999999994,0.1599999999999997,0.2146
down,0.71,408,408,0.2824160423729686,0.1632524069544331,0.510716345990702,1.4635000000000007,0.17999999999999994,0.1599999999999997,0.2066
down,0.72,408,408,0.282162454609155,0.16166347890648072,0.5056510116492948,1.4600000000000009,0.17999999999999994,0.15939999999999963,0.20430000000000004
down,0.73,408,408,0.2788854965932796,0.16007455085852826,0.5013860712387025,1.4569999999999994,0.17999999999999994,0.15259999999999974,0.20000000000000018
down,0.74,408,408,0.27806175634018854,0.15792350082079165,0.5000797448165878,1.4400000000000008,0.17999999999999994,0.14000000000000012,0.20000000000000007
down,0.75,408,408,0.2756598618414269,0.1551547666483642,0.4959544715447153,1.4304999999999999,0.17999999999999994,0.14000000000000012,0.20000000000000007
down,0.76,408,408,0.27374813406055587,0.1546145181340476,0.48522328548644467,1.4235000000000002,0.17999999999999994,0.14000000000000012,0.20000000000000007
down,0.77,408,408,0.272237564790866,0.15342313016706607,0.4846747967479689,1.4169999999999998,0.17999999999999972,0.14000000000000012,0.20000000000000007
down,0.78,408,408,0.27018460881694495,0.15169149368576795,0.4776171835792433,1.4000000000000004,0.1765000000000001,0.14000000000000012,0.2
down,0.79,408,408,0.2693984452949324,0.14996153202271617,0.47517815918899936,1.399,0.17249999999999996,0.14000000000000012,0.19999999999999996
down,0.8,408,408,0.2685137001123213,0.14995985720446983,0.47517815918899936,1.3800000000000008,0.16650000000000012,0.14000000000000012,0.19999999999999996
down,0.81,408,408,0.2663844242706445,0.1482282207231717,0.47205660945498384,1.3789999999999996,0.16250000000000003,0.14000000000000012,0.19999999999999996
down,0.8200000000000001,408,408,0.2634244613212698,0.14649658424187362,0.46697781792632764,1.3680000000000003,0.16000000000000014,0.14,0.19999999999999996
down,0.8300000000000001,408,408,0.2634244613212698,0.1462501466999134,0.4638964167419457,1.3589999999999995,0.16000000000000014,0.14,0.19999999999999996
down,0.84,408,408,0.26100176862825053,0.14476494776057547,0.4582053598313759,1.355,0.16000000000000014,0.1399999999999999,0.19999999999999996
down,0.85,408,408,0.25881534178781307,0.14303331127927738,0.45573622402890657,1.3480000000000003,0.16000000000000014,0.13999999999999968,0.1986
down,0.86,408,408,0.25797580577107315,0.14298163117339058,0.45004516711833764,1.3349999999999995,0.16000000000000014,0.13999999999999968,0.1986
down,0.87,408,408,0.2559767319641808,0.1413473734101291,0.44525745257452565,1.325,0.16000000000000014,0.13999999999999968,0.19259999999999997
down,0.88,408,408,0.254611357851674,0.13971311564686767,0.4395204630012399,1.315,0.1600000000000001,0.13999999999999968,0.18860000000000005
down,0.89,408,408,0.2529593163775494,0.13971311564686767,0.4395204630012399,1.305,0.16000000000000003,0.13999999999999968,0.18060000000000012
down,0.9,408,408,0.2516736566951421,0.13807885788360624,0.43239524702939336,1.3005000000000004,0.16000000000000003,0.13399999999999987,0.18000000000000016
down,0.91,408,408,0.25009865824782956,0.13763598808732636,0.43239524702939336,1.2849999999999995,0.15999999999999995,0.1319000000000001,0.18000000000000016
down,0.92,408,408,0.24952211906062274,0.13644460012034484,0.4241400875547219,1.2805,0.15999999999999992,0.1200000000000001,0.18000000000000005
down,0.93,408,408,0.24607631296337024,0.13481034235708336,0.4241400875547219,1.275,0.15999999999999992,0.1200000000000001,0.18000000000000005
down,0.9400000000000001,408,408,0.2457670027252015,0.13436747256080347,0.42008852346091574,1.2605,0.15999999999999992,0.1200000000000001,0.18000000000000005
down,0.9500000000000001,408,408,0.244340390443452,0.13436747256080347,0.41588492808005023,1.2600000000000002,0.15999999999999992,0.1200000000000001,0.18000000000000005
down,0.96,408,408,0.244340390443452,0.13273321479754208,0.41352327771304637,1.255,0.15999999999999992,0.1200000000000001,0.18000000000000005
down,0.97,408,408,0.23977987421383645,0.13269528236714428,0.4101938711694813,1.2400000000000002,0.15999999999999992,0.1200000000000001,0.18
down,0.98,408,408,0.23977987421383645,0.13109895703428065,0.4069580319651771,1.2385000000000002,0.1599999999999997,0.12000000000000008,0.17999999999999994
down,0.99,408,408,0.23867601872397043,0.1294646992710192,0.40391524643021665,1.2200000000000006,0.1599999999999997,0.12,0.17999999999999994
down,1,408,408,0.23823777323963308,0.1294646992710192,0.40391524643021665,1.2185000000000001,0.15799999999999992,0.11999999999999988,0.17999999999999994
down,1.01,408,408,0.23490124691955655,0.12783044150775774,0.3989557455976435,1.2005,0.14750000000000016,0.11999999999999988,0.17999999999999994
down,1.02,408,408,0.23355819967932978,0.12663905354077626,0.3963916430335408,1.2000000000000002,0.14300000000000002,0.11999999999999988,0.17999999999999994
down,1.03,408,408,0.23150806672135638,0.12619618374449637,0.3949025026869338,1.1985000000000001,0.14000000000000012,0.11999999999999982,0.17999999999999994
down,1.04,408,408,0.23079887120072679,0.12542714665554483,0.3949025026869338,1.1800000000000006,0.14000000000000012,0.11999999999999966,0.17860000000000004
down,1.05,408,408,0.22971859863373068,0.12456192598123492,0.39239049984977414,1.1799999999999997,0.14000000000000012,0.11999999999999966,0.17630000000000007
down,1.06,408,408,0.22611077297626303,0.123973519513225,0.3884538615077539,1.1685000000000003,0.14000000000000012,0.11999999999999966,0.17529999999999996
down,1.07,408,408,0.22520491803278672,0.12292766821797355,0.3858897589436513,1.1600000000000001,0.14000000000000012,0.11999999999999966,0.16860000000000003
down,1.08,408,408,0.2221885929513048,0.12247800779475404,0.3858897589436513,1.1595000000000004,0.14000000000000012,0.10000000000000009,0.16660000000000003
down,1.09,408,408,0.22125481604593195,0.12129341045471206,0.3858897589436513,1.1510000000000002,0.14000000000000012,0.10000000000000009,0.16000000000000014
down,1.1,408,408,0.21932026220988654,0.11965915269145067,0.3768770152003684,1.1400000000000006,0.14000000000000012,0.10000000000000009,0.16000000000000014
down,1.11,408,408,0.21780195967589983,0.11965915269145067,0.3768770152003684,1.1390000000000002,0.14,0.10000000000000009,0.16000000000000014
down,1.12,408,408,0.21654592758211103,0.11802489492818921,0.3768770152003684,1.1280000000000003,0.14,0.10000000000000009,0.16000000000000014
down,1.1300000000000001,408,408,0.21427651311403229,0.11802489492818921,0.37125772198650187,1.12,0.14,0.10000000000000009,0.16000000000000014
down,1.1400000000000001,408,408,0.2128524356660542,0.11714825359790544,0.37125772198650187,1.1130000000000004,0.13999999999999999,0.10000000000000009,0.16000000000000003
down,1.1500000000000001,408,408,0.21137399508897048,0.11639063716492781,0.36786427145708595,1.1000000000000014,0.1399999999999999,0.10000000000000009,0.16000000000000003
down,1.16,408,408,0.20980840444271517,0.1159477673686479,0.36786427145708595,1.0999999999999988,0.1399999999999999,0.09999999999999987,0.16000000000000003
down,1.17,408,408,0.20872025191375873,0.11475637940166639,0.36754375863657324,1.0880000000000003,0.1399999999999999,0.09999999999999987,0.16000000000000003
down,1.18,408,408,0.20689655172413765,0.11424099931326559,0.35885152771380324,1.08,0.1399999999999999,0.09999999999999987,0.16000000000000003
down,1.19,408,408,0.20576095319903065,0.11312212163840493,0.35885152771380324,1.0785000000000005,0.1399999999999999,0.09999999999999987,0.15999999999999998
down,1.2,408,408,0.2038933132896503,0.11267925184212504,0.3562874251497008,1.0699999999999998,0.1399999999999999,0.09999999999999987,0.15999999999999998
down,1.21,408,408,0.20166150401766564,0.11072805949217604,0.3562874251497008,1.0600000000000005,0.1399999999999999,0.09999999999999964,0.15999999999999992
down,1.22,408,408,0.20095707473998145,0.10870923323203846,0.3518399099237417,1.0594999999999999,0.13999999999999968,0.09999999999999964,0.15999999999999992
down,1.23,408,408,0.19785765026932473,0.10827511124375977,0.3518399099237417,1.0549999999999997,0.13949999999999985,0.09999999999999964,0.15999999999999992
down,1.24,408,408,0.19670122209641788,0.10549258128676245,0.3430933005783301,1.0400000000000005,0.13850000000000007,0.09399999999999983,0.15999999999999992
down,1.25,408,408,0.1951587765439315,0.10406612331201492,0.3430933005783301,1.0394999999999994,0.1325,0.08000000000000007,0.15999999999999992
down,1.26,408,408,0.19227748483840823,0.10393938146646219,0.3401206636500753,1.0254999999999992,0.1285,0.08000000000000007,0.15999999999999992
down,1.27,408,408,0.19099013233973589,0.10249058410167125,0.3351432880844643,1.0199999999999996,0.123,0.08000000000000007,0.15730000000000005
down,1.28,408,408,0.18954239135960743,0.10238618164616198,0.3312217194570137,1.0194999999999999,0.1200000000000001,0.08000000000000007,0.15630000000000005
down,1.29,408,408,0.18611096153500975,0.10238618164616198,0.3302645228820337,1,0.1200000000000001,0.08000000000000007,0.15259999999999996
down,1.3,408,408,0.18539923175639322,0.10091504489132752,0.3302645228820337,1,0.1200000000000001,0.08000000000000007,0.14860000000000004
down,1.31,408,408,0.1838612745711779,0.10083298182586171,0.3198454139911028,0.9969999999999999,0.1200000000000001,0.08000000000000007,0.14660000000000004
down,1.32,408,408,0.1822239923001611,0.09933950568098385,0.31955280873900505,0.9800000000000004,0.1200000000000001,0.08,0.14000000000000012
down,1.33,408,408,0.18017357673021045,0.09933950568098385,0.31670144685587115,0.9794999999999998,0.1200000000000001,0.07999999999999985,0.14000000000000012
down,1.34,408,408,0.179648272012209,0.09826683069957784,0.31457707710867927,0.9765000000000001,0.1200000000000001,0.07999999999999978,0.14000000000000012
down,1.35,408,408,0.1773221572073168,0.09607138270946407,0.3128757764782889,0.9600000000000004,0.12000000000000005,0.07999999999999978,0.14000000000000012
down,1.36,408,408,0.17615558439824813,0.09607138270946407,0.30753718806374947,0.9580000000000011,0.12,0.07999999999999963,0.14000000000000012
down,1.37,408,408,0.1739537413329909,0.09446841342877456,0.3070333284105116,0.9550000000000001,0.12,0.07999999999999963,0.14000000000000012
down,1.3800000000000001,408,408,0.17262927712561588,0.09421842908497402,0.3070333284105116,0.9435000000000002,0.12,0.07399999999999982,0.14000000000000012
down,1.3900000000000001,408,408,0.1721894273626558,0.09311338301196664,0.3050128934002463,0.9390000000000001,0.12,0.07399999999999982,0.1400000000000001
down,1.4000000000000001,408,408,0.17041183499896526,0.0923752014534281,0.3009356993855603,0.9355000000000002,0.12,0.07399999999999982,0.14
down,1.41,408,408,0.16900808252423788,0.09152472319181176,0.29882185760068936,0.9295000000000004,0.11999999999999988,0.06000000000000005,0.14
down,1.42,408,408,0.1678620830985193,0.09085406489401379,0.29882185760068936,0.9199999999999999,0.11999999999999988,0.06000000000000005,0.14
down,1.43,408,408,0.16576114609078285,0.09013854877354069,0.29882185760068936,0.9164999999999996,0.11999999999999988,0.06000000000000005,0.14
down,1.44,408,408,0.16480931343649258,0.08932163155951607,0.2954446262452206,0.909,0.11999999999999988,0.06000000000000005,0.14
down,1.45,408,408,0.16276665612609723,0.08908777996638195,0.29053824590107047,0.9000000000000004,0.11999999999999988,0.06000000000000005,0.13999999999999996
down,1.46,408,408,0.16057522811730973,0.0883597752149496,0.2886309594578522,0.8950000000000002,0.11999999999999988,0.06000000000000005,0.1399999999999999
down,1.47,408,408,0.1601257295167796,0.08748711241981622,0.28653846153846146,0.8875000000000004,0.11999999999999988,0.06000000000000005,0.1399999999999999
down,1.48,408,408,0.15721097182042226,0.08588406862741968,0.2858507036292456,0.8800000000000008,0.11999999999999966,0.05999999999999983,0.1399999999999999
down,1.49,408,408,0.15670141891427639,0.0857180599159364,0.27839106844741246,0.8744999999999994,0.11650000000000005,0.05999999999999983,0.1399999999999999
down,1.5,408,408,0.15415763452389297,0.08464920447630937,0.27839106844741246,0.8665000000000007,0.11050000000000004,0.05999999999999976,0.1399999999999999
down,1.51,408,408,0.1529490132321727,0.08464920447630937,0.27471498811324835,0.8594999999999997,0.1065000000000001,0.05999999999999976,0.1399999999999999
down,1.52,408,408,0.15116812520016965,0.08342435854976288,0.2740968562451165,0.8539999999999999,0.10450000000000001,0.05999999999999961,0.1399999999999999
down,1.53,408,408,0.14974170611459203,0.08214880583919863,0.2740968562451165,0.8455000000000004,0.10000000000000009,0.05999999999999961,0.1399999999999999
down,1.54,408,408,0.1494901615065285,0.08212987582279321,0.26963689482470815,0.8399999999999999,0.10000000000000009,0.05999999999999961,0.13730000000000003
down,1.55,408,408,0.14667547629105698,0.08062995378761438,0.26541459957476965,0.8325000000000002,0.10000000000000009,0.05999999999999961,0.13530000000000003
down,1.56,408,408,0.14630972181663515,0.08062995378761438,0.26541459957476965,0.8239999999999998,0.10000000000000009,0.0539999999999998,0.13530000000000003
down,1.57,408,408,0.14577708897846609,0.07839126114154535,0.2637379262190157,0.8199999999999994,0.10000000000000009,0.0539999999999998,0.135
down,1.58,408,408,0.1431321325450295,0.07839126114154535,0.25571591100623636,0.809999999999998,0.10000000000000009,0.040000000000000036,0.13199999999999992
down,1.59,408,408,0.1424792139077854,0.07696500052634443,0.255618462388235,0.8000000000000007,0.10000000000000009,0.040000000000000036,0.12590000000000004
down,1.6,408,408,0.14176244588568832,0.07660962939398047,0.25496391159041804,0.7970000000000006,0.10000000000000009,0.040000000000000036,0.1200000000000001
down,1.61,408,408,0.13982734576024825,0.07660962939398047,0.25403151065801705,0.7844999999999978,0.10000000000000009,0.040000000000000036,0.1200000000000001
down,1.62,408,408,0.13850429496601918,0.0753487002497285,0.2507731958762886,0.7799999999999994,0.09999999999999998,0.040000000000000036,0.1200000000000001
down,1.6300000000000001,408,408,0.13710721236513407,0.0753049546704213,0.24540765056608824,0.7689999999999984,0.09999999999999998,0.040000000000000036,0.1200000000000001
down,1.6400000000000001,408,408,0.13586083651743516,0.0748760462423707,0.24540765056608824,0.7619999999999987,0.09999999999999998,0.040000000000000036,0.1200000000000001
down,1.6500000000000001,408,408,0.13497600885587005,0.07320191364744758,0.2442880667587988,0.7599999999999989,0.09999999999999998,0.040000000000000036,0.12000000000000008
down,1.6600000000000001,408,408,0.13314279974859045,0.07320191364744758,0.2442880667587988,0.7505000000000002,0.09999999999999998,0.040000000000000036,0.12
down,1.67,408,408,0.13140566563221112,0.07284830685819724,0.23922297297297296,0.7400000000000011,0.09999999999999987,0.039999999999999966,0.12
down,1.68,408,408,0.1305074413451367,0.070988829652196,0.2373516949152541,0.7370000000000001,0.09999999999999987,0.039999999999999744,0.12
down,1.69,408,408,0.12848268381668182,0.07021231608927427,0.23550833961947876,0.72999999999999865,0.09999999999999987,0.03999999999999959,0.12
down,1.7,408,408,0.12685155810012858,0.06876451291669883,0.23258911084998066,0.7200000000000006,0.09999999999999987,0.03999999999999959,0.12
down,1.71,408,408,0.12557699138041556,0.06699754142360241,0.22877108109924077,0.7195,0.09999999999999987,0.033999999999999773,0.12
down,1.72,408,408,0.12437794821688258,0.06593679682628616,0.22877108109924077,0.7070000000000007,0.09999999999999964,0.033999999999999773,0.12
down,1.73,408,408,0.12363338459401894,0.06431261619160825,0.2260391618000686,0.7000000000000006,0.09850000000000003,0.020000000000000018,0.12
down,1.74,408,408,0.1222709365693481,0.06270608817230061,0.22449103003426707,0.6994999999999996,0.08499999999999999,0.020000000000000018,0.12
down,1.75,408,408,0.12025930755386005,0.061613308548492104,0.2237659146750054,0.6895000000000002,0.08350000000000002,0.020000000000000018,0.12
down,1.76,408,408,0.11952191235059736,0.06099883541226396,0.22264512097699118,0.6804999999999999,0.08000000000000007,0.020000000000000018,0.12
down,1.77,408,408,0.11757562071124911,0.06020158791808025,0.21867055994503612,0.6799999999999997,0.08000000000000007,0.020000000000000018,0.11999999999999994
down,1.78,408,408,0.11593450939697916,0.058999068567743736,0.21867055994503612,0.676000000000001,0.08000000000000007,0.020000000000000018,0.11999999999999988
down,1.79,408,408,0.11446299735477211,0.05834875115633668,0.21867055994503612,0.6600000000000001,0.08000000000000007,0.020000000000000018,0.11999999999999988
down,1.8,408,408,0.11268353495244256,0.05644528060063632,0.21683405069344816,0.6600000000000001,0.08000000000000007,0.020000000000000018,0.11999999999999988
down,1.81,408,408,0.11111111111111138,0.05644528060063632,0.21584525702172758,0.6505000000000001,0.08000000000000007,0.020000000000000018,0.11999999999999988
down,1.82,408,408,0.10957294723421465,0.05420929580845017,0.21275218880852675,0.6470000000000002,0.08000000000000007,0.020000000000000018,0.11999999999999988
down,1.83,408,408,0.10810469145051037,0.05420929580845017,0.2113019580900033,0.6399999999999988,0.08000000000000007,0.020000000000000018,0.11730000000000002
down,1.84,408,408,0.1068340236702712,0.05139819881201042,0.2113019580900033,0.6334999999999997,0.08000000000000007,0.020000000000000018,0.1163
down,1.85,408,408,0.10504968117908488,0.050726465614011874,0.2113019580900033,0.6259999999999994,0.08000000000000007,0.020000000000000018,0.114
down,1.86,408,408,0.10401552515412762,0.049959325207464184,0.2040536752855441,0.6205000000000007,0.08000000000000007,0.020000000000000018,0.11330000000000001
down,1.87,408,408,0.10370814189475619,0.04929848566391969,0.20356691120667814,0.6069999999999993,0.08000000000000007,0.020000000000000018,0.11230000000000001
down,1.8800000000000001,408,408,0.1019770653989464,0.049213966116212794,0.20327615237997554,0.6045000000000003,0.08000000000000002,0.020000000000000018,0.1086
down,1.8900000000000001,408,408,0.10171955065037445,0.0489124605749916,0.20245759165674165,0.6000000000000014,0.07999999999999996,0.020000000000000018,0.10500000000000001
down,1.9000000000000001,408,408,0.1004867449843875,0.048046616867884924,0.19952718676122927,0.6000000000000001,0.07999999999999996,0.020000000000000018,0.10060000000000008
down,1.9100000000000001,408,408,0.09871437929905011,0.04786559594251903,0.19589989211911418,0.5854999999999999,0.07999999999999985,0.020000000000000018,0.10000000000000009
down,1.92,408,408,0.0982413906646537,0.04786559594251903,0.1954384873820271,0.5814999999999997,0.07999999999999985,0.019999999999999952,0.10000000000000009
down,1.93,408,408,0.0967902685123948,0.04707963008609947,0.19318549714661984,0.5799999999999983,0.07999999999999985,0.01999999999999973,0.10000000000000009
down,1.94,408,408,0.09557124764938398,0.04643227692888141,0.19253425849306471,0.5785,0.07999999999999985,0.011899999999999982,0.10000000000000009
down,1.95,408,408,0.09359393262301105,0.04643227692888141,0.19194343434343433,0.5625,0.07999999999999963,0,0.10000000000000009
down,1.96,408,408,0.09246886564060802,0.045962179765534385,0.1867661684621964,0.5599999999999998,0.07800000000000007,0,0.10000000000000009
down,1.97,408,408,0.09191871080725003,0.044599071565270834,0.18644062339000508,0.556999999999999,0.07750000000000001,0,0.10000000000000003
down,1.98,408,408,0.08989220645927662,0.04369212377305512,0.18274058929645204,0.5544999999999991,0.07649999999999997,0,0.10000000000000003
down,1.99,408,408,0.08964383566673718,0.04236921836198785,0.181560837350944,0.5450000000000008,0.06000000000000005,0,0.10000000000000003
down,2,408,408,0.08830833258812933,0.04236921836198785,0.17670918975447356,0.5389999999999997,0.06000000000000005,0,0.10000000000000003
down,2.0100000000000002,408,408,0.08685415540952562,0.04101955059245918,0.1757778464708913,0.5384999999999991,0.06000000000000005,0,0.09999999999999999
down,2.02,408,408,0.08537224423416395,0.040034553502127014,0.1757778464708913,0.5254999999999996,0.06000000000000005,0,0.09999999999999999
down,2.0300000000000002,408,408,0.08445435096040155,0.03935635642631935,0.17031824079961583,0.5199999999999996,0.06000000000000005,0,0.09999999999999998
down,2.04,408,408,0.08306426875890413,0.038190682556879206,0.17031824079961583,0.5164999999999997,0.06000000000000005,0,0.09999999999999998
down,2.05,408,408,0.0827729207087714,0.03665842675098213,0.16793343239227337,0.5125,0.06000000000000005,0,0.09999999999999998
down,2.06,408,408,0.08199011614571397,0.03442593990984189,0.16480347465419742,0.5015000000000001,0.06000000000000005,0,0.09999999999999998
down,2.07,408,408,0.08110202839563743,0.0338706035605732,0.16429246174192313,0.5,0.06000000000000005,0,0.09999999999999998
down,2.08,408,408,0.07972287823917135,0.03337571222626485,0.1600063795853267,0.4955000000000005,0.06000000000000005,0,0.09999999999999998
down,2.09,408,408,0.07892411656840523,0.03337571222626485,0.15891982572021263,0.4910000000000001,0.06000000000000005,0,0.09999999999999998
down,2.1,408,408,0.07713574659238295,0.032146165407383735,0.1566642357868162,0.48649999999999993,0.06000000000000005,0,0.09999999999999987
down,2.11,408,408,0.07654706271047465,0.030167345092718477,0.15531275172188996,0.4794999999999998,0.05999999999999994,0,0.09999999999999987
down,2.12,408,408,0.07503282140404519,0.030167345092718477,0.15012002651524076,0.4754999999999998,0.05999999999999994,0,0.09999999999999987
down,2.13,408,408,0.07490758554947266,0.02895181741335528,0.1494400713415994,0.4710000000000003,0.05999999999999989,0,0.09999999999999987
down,2.14,408,408,0.07368353005548503,0.027246036406341392,0.1494400713415994,0.4700000000000002,0.05999999999999983,0,0.09999999999999987
down,2.15,408,408,0.0729172488018161,0.026278047652093645,0.14905683143627077,0.4684999999999999,0.05999999999999983,0,0.09629999999999998
down,2.16,408,408,0.07143716278909912,0.025699285169964427,0.14423122102009253,0.4574999999999996,0.05999999999999983,0,0.0953
down,2.17,408,408,0.06962407583702825,0.025699285169964427,0.14355693039857229,0.4525000000000001,0.05999999999999983,0,0.09430000000000002
down,2.18,408,408,0.06877293180700256,0.023610300858404373,0.14209653553752755,0.4505000000000001,0.05999999999999983,0,0.094
down,2.19,408,408,0.06795025702588739,0.023610300858404373,0.14209653553752755,0.4400000000000013,0.057499999999999996,0,0.094
down,2.2,408,408,0.06746650377223651,0.022077294685990352,0.1373038924076475,0.43900000000000183,0.040000000000000036,0,0.09130000000000002
down,2.21,408,408,0.06611945171993723,0.022077294685990352,0.13610287209152386,0.4305000000000003,0.040000000000000036,0,0.08929999999999998
down,2.22,408,408,0.06553081698591985,0.022077294685990352,0.13550271172298725,0.42500000000000093,0.040000000000000036,0,0.08590000000000009
down,2.23,408,408,0.0644444167295448,0.021276595744680406,0.1345522707093295,0.41999999999999993,0.040000000000000036,0,0.08360000000000006
down,2.24,408,408,0.06398205949866427,0.020933885477652348,0.12998261925207077,0.41999999999999993,0.040000000000000036,0,0.08000000000000007
down,2.25,408,408,0.06262071319447524,0.02001501236312298,0.129149907868373,0.41999999999999993,0.040000000000000036,0,0.08000000000000007
down,2.2600000000000002,408,408,0.06198117254529158,0.019585020242914572,0.1280815342367888,0.4090000000000005,0.040000000000000036,0,0.08000000000000007
down,2.27,408,408,0.0611352753707762,0.019585020242914572,0.12744295925067745,0.40000000000000036,0.040000000000000036,0,0.08000000000000007
down,2.2800000000000002,408,408,0.06056454326401527,0.01893669696983006,0.12744295925067745,0.40000000000000036,0.040000000000000036,0,0.08000000000000007
down,2.29,408,408,0.05974968199254214,0.01893669696983006,0.12457011892469724,0.39750000000000063,0.040000000000000036,0,0.08000000000000003
down,2.3000000000000003,408,408,0.05923602164522312,0.018502947680425215,0.12132168551330147,0.38900000000000023,0.040000000000000036,0,0.08000000000000002
down,2.31,408,408,0.057999512472576634,0.018502947680425215,0.12115964420982611,0.38000000000000034,0.040000000000000036,0,0.08000000000000002
down,2.32,408,408,0.05772206700618882,0.018068519018073968,0.11840516978601481,0.37999999999999967,0.040000000000000036,0,0.08000000000000002
down,2.33,408,408,0.05576125117195628,0.016079623820912044,0.11840516978601481,0.37749999999999995,0.040000000000000036,0,0.08000000000000002
down,2.34,408,408,0.055113684107494454,0.016079623820912044,0.11624405831430601,0.36849999999999983,0.040000000000000036,0,0.08000000000000002
down,2.35,408,408,0.054439995886921666,0.01603221396223181,0.11467617712207132,0.3625000000000005,0.040000000000000036,0,0.08000000000000002
down,2.36,408,408,0.05321760818813537,0.015951089259981018,0.11347517730496465,0.3595000000000006,0.039999999999999925,0,0.08000000000000002
down,2.37,408,408,0.05246830895000544,0.014877692588536525,0.11347517730496465,0.35850000000000026,0.03999999999999987,0,0.08000000000000002
down,2.38,408,408,0.05165410795820605,0.01422246044137895,0.11196025818309512,0.34900000000000087,0.039999999999999813,0,0.07999999999999997
down,2.39,408,408,0.050607575435889895,0.01415443012686008,0.10890897068547495,0.3410000000000011,0.03849999999999998,0,0.07999999999999996
down,2.4,408,408,0.05020354475142701,0.01415443012686008,0.10799244040724262,0.33950000000000014,0.03749999999999998,0,0.07999999999999996
down,2.41,408,408,0.04953975620058797,0.013673431563339708,0.10584111898336793,0.33799999999999986,0.020000000000000018,0,0.07999999999999996
down,2.42,408,408,0.0483129097586929,0.013389529064391347,0.10490757441325735,0.3330000000000004,0.020000000000000018,0,0.07999999999999996
down,2.43,408,408,0.04780455429187726,0.013240515173833518,0.10303705895892931,0.3229999999999995,0.020000000000000018,0,0.07999999999999985
down,2.44,408,408,0.046655989137493914,0.013044392130485768,0.10268172194777697,0.3200000000000003,0.020000000000000018,0,0.07859999999999995
down,2.45,408,408,0.045964435725244626,0.013016306178828783,0.1011512954452469,0.31999999999999984,0.020000000000000018,0,0.07730000000000005
down,2.46,408,408,0.04537763251600724,0.012606275927219012,0.09896716795664148,0.3155000000000001,0.020000000000000018,0,0.07630000000000009
down,2.47,408,408,0.045003620041335284,0.011927364725075862,0.09827599408642992,0.3120000000000003,0.020000000000000018,0,0.07599999999999998
down,2.48,408,408,0.043680346123773924,0.011854704632026671,0.09791329375787008,0.30650000000000066,0.020000000000000018,0,0.0743
down,2.49,408,408,0.04304630233924311,0.011722507540556003,0.09728632478632478,0.2999999999999998,0.020000000000000018,0,0.07399999999999997
down,2.5,408,408,0.042243875668021465,0.01019103806714438,0.0969086021505376,0.29699999999999926,0.020000000000000018,0,0.07299999999999997
down,2.5100000000000002,408,408,0.04173089561788634,0.01019103806714438,0.09537490691020271,0.29100000000000037,0.020000000000000018,0,0.0723
down,2.52,408,408,0.04117623648000848,0.010142725186973043,0.09277994114060813,0.2885,0.020000000000000018,0,0.07199999999999997
down,2.5300000000000002,408,408,0.03992610795806468,0.010088176631321019,0.09100711314960946,0.28,0.020000000000000018,0,0.07029999999999997
down,2.54,408,408,0.03966731612519955,0.010088176631321019,0.09034909412284575,0.2695000000000003,0.020000000000000018,0,0.06800000000000006
down,2.5500000000000003,408,408,0.03830595512080466,0.010088176631321019,0.08993602262778636,0.2695000000000003,0.020000000000000018,0,0.06660000000000002
down,2.56,408,408,0.038092398346736375,0.010088176631321019,0.08918668913887043,0.2624999999999993,0.020000000000000018,0,0.06530000000000005
down,2.57,408,408,0.03753182908824019,0.01005083952103807,0.08837466943034802,0.25100000000000033,0.020000000000000018,0,0.06430000000000005
down,2.58,408,408,0.03643099383415842,0.01005083952103807,0.08773957948269875,0.24799999999999933,0.020000000000000018,0,0.06260000000000004
down,2.59,408,408,0.0361863470522758,0.01005083952103807,0.08724884058583895,0.24549999999999983,0.020000000000000018,0,0.060600000000000064
down,2.6,408,408,0.03489962123051894,0.009852193108743895,0.08479685461603684,0.2400000000000002,0.020000000000000018,0,0.06000000000000005
down,2.61,408,408,0.034585668119973684,0.009571600477854166,0.08479685461603684,0.2295000000000007,0.020000000000000018,0,0.06000000000000005
down,2.62,408,408,0.033529386310257314,0.009431075949630536,0.08349462365591395,0.2239999999999993,0.01949999999999985,0,0.06000000000000005
down,2.63,408,408,0.033051355624547904,0.009431075949630536,0.08312043795620443,0.21999999999999997,0.01749999999999996,0,0.06000000000000005
down,2.64,408,408,0.032768911725498694,0.008732642715450767,0.08180664612873902,0.20900000000000052,0.008500000000000063,0,0.06000000000000005
down,2.65,408,408,0.03169957570273611,0.008732642715450767,0.08180664612873902,0.2079999999999984,0.00649999999999995,0,0.06000000000000005
down,2.66,408,408,0.03134440180296512,0.008559564858433294,0.08180664612873902,0.2005000000000008,0.005499999999999838,0,0.06000000000000001
down,2.67,408,408,0.03079329581954026,0.008559564858433294,0.07908984440354706,0.1905000000000001,0.00649999999999995,0,0.06
down,2.68,408,408,0.030117814037372004,0.008559564858433294,0.07844210676971511,0.18700000000000028,0.00649999999999995,0,0.06
down,2.69,408,408,0.029654461170026337,0.008453211793191674,0.07844210676971511,0.18200000000000038,0.005499999999999838,0,0.06
down,2.7,408,408,0.02876390119082759,0.008341369334619028,0.07666137022151606,0.17549999999999955,0,0,0.06
down,2.71,408,408,0.02856500369430425,0.008176729308276516,0.07645569214388166,0.1645000000000003,0,0,0.06
down,2.72,408,408,0.02744018370775849,0.008176729308276516,0.07512594175388375,0.1645000000000003,0,0,0.06
down,2.73,408,408,0.02691290491334824,0.007554813661683733,0.07446499091080053,0.1605000000000001,0,0,0.06
down,2.74,408,408,0.026681254558716262,0.00720421074288073,0.07263599326006585,0.1525000000000003,0,0,0.05999999999999994
down,2.75,408,408,0.025911788531980805,0.00720421074288073,0.07153846153846156,0.14950000000000152,0,0,0.05999999999999986
down,2.7600000000000002,408,408,0.025390912676650907,0.00720421074288073,0.07107123223121035,0.14849999999999985,0,0,0.05999999999999986
down,2.77,408,408,0.024835648708389974,0.007047872340425737,0.06999545217574588,0.1429999999999989,0,0,0.05999999999999983
down,2.7800000000000002,408,408,0.02452899693369879,0.006875791729571215,0.0696112877140149,0.14000000000000057,0,0,0.05860000000000001
down,2.79,408,408,0.0241459671787859,0.006875791729571215,0.06940345533791949,0.13349999999999973,0,0,0.05660000000000007
down,2.8000000000000003,408,408,0.023844730754178606,0.006714344261865383,0.06817267308804659,0.1305000000000005,0,0,0.05600000000000001
down,2.81,408,408,0.023706887218288918,0.006684741544068571,0.06622248661510996,0.1255000000000006,0,0,0.0553
down,2.82,408,408,0.022778881890387286,0.006684741544068571,0.06572158680629597,0.12249999999999961,0,0,0.0543
down,2.83,408,408,0.022361884497657178,0.006684741544068571,0.06520756357313635,0.1210000000000011,0,0,0.05299999999999999
down,2.84,408,408,0.02232790977783648,0.006609445799930355,0.06370935291602746,0.1210000000000011,0,0,0.05200000000000001
down,2.85,408,408,0.021740616612819938,0.006609445799930355,0.0630754023279788,0.12000000000000055,0,0,0.05029999999999996
down,2.86,408,408,0.020664089661917448,0.006684741544068571,0.06288359016523884,0.11899999999999977,0,0,0.04929999999999998
down,2.87,408,408,0.02046856367184253,0.006609445799930355,0.06122883405902277,0.11549999999999994,0,0,0.04830000000000004
down,2.88,408,408,0.020097044540068977,0.006566047471620089,0.06122883405902277,0.11549999999999994,0,0,0.047999999999999966
down,2.89,408,408,0.019608983242773055,0.006177094379639671,0.06065442236569937,0.10850000000000026,0,0,0.04659999999999999
down,2.9,408,408,0.019349725198650383,0.006097560975610005,0.05900460226844041,0.10500000000000043,0,0,0.045999999999999985
down,2.91,408,408,0.01906307336169354,0.006097560975610005,0.05900460226844041,0.10250000000000092,0,0,0.045300000000000035
down,2.92,408,408,0.01900356045152566,0.006048708113193869,0.05835806298540645,0.10250000000000092,0,0,0.04400000000000004
down,2.93,408,408,0.018394197587107614,0.005888406716866344,0.055625732560865275,0.10100000000000131,0,0,0.044
down,2.94,408,408,0.018371268196817062,0.0057319230061351825,0.054480963064618484,0.10050000000000026,0,0,0.044
down,2.95,408,408,0.017493132028811705,0.005559270133821413,0.0544246902540329,0.09950000000000081,0,0,0.04300000000000004
down,2.96,408,408,0.017090428629792855,0.005009850086379029,0.05327166195231775,0.09900000000000109,0,0,0.040000000000000036
down,2.97,408,408,0.01658048432183211,0.005009850086379029,0.05287425973891334,0.09849999999999959,0,0,0.040000000000000036
down,2.98,408,408,0.01609533099002924,0.004972611287922237,0.052143290831815584,0.09750000000000103,0,0,0.040000000000000036
down,2.99,408,408,0.015635110457118434,0.004972611287922237,0.051198568872987564,0.09550000000000036,0,0,0.040000000000000036
down,3,408,408,0.015204795756389305,0.00491039167509752,0.051198568872987564,0.08999999999999986,0,0,0.040000000000000036
down,3.0100000000000002,408,408,0.014916735925139424,0.004880647911338496,0.04959452653503705,0.08799999999999919,0,0,0.040000000000000036
down,3.02,408,408,0.01447564798303098,0.0048109701986839455,0.04849458909246758,0.0879999999999983,0,0,0.039999999999999994
down,3.0300000000000002,408,408,0.014399303367506867,0.0048109701986839455,0.04678856662463218,0.0860000000000003,0,0,0.03999999999999998
down,3.04,408,408,0.014205001627041955,0.004749450999847289,0.04673360006039101,0.08349999999999991,0,0,0.03999999999999998
down,3.0500000000000003,408,408,0.014184397163120581,0.004617873109344842,0.04582806558792836,0.08250000000000046,0,0,0.03999999999999998
down,3.06,408,408,0.013752197162415854,0.003933882789452793,0.045785317344252716,0.08099999999999952,0,0,0.03999999999999998
down,3.0700000000000003,408,408,0.013723497632149261,0.003933882789452793,0.045464714256660585,0.08099999999999952,0,0,0.03999999999999998
down,3.08,408,408,0.013515115779758736,0.003933882789452793,0.045005288454769116,0.08000000000000007,0,0,0.03999999999999998
down,3.09,408,408,0.01349105796368347,0.003933882789452793,0.043387766903386096,0.07900000000000063,0,0,0.03999999999999998
down,3.1,408,408,0.013403583278327306,0.003749375590878728,0.04291360019223256,0.07899999999999885,0,0,0.039999999999999925
down,3.11,408,408,0.013233967883793909,0.003749375590878728,0.041946264842057115,0.07749999999999968,0,0,0.03860000000000002
down,3.12,408,408,0.012922018052704118,0.0033695590967959457,0.0414347639459032,0.07650000000000023,0,0,0.036600000000000056
down,3.13,408,408,0.0124186047336121,0.003232514941043587,0.04076297686053772,0.0714999999999999,0,0,0.03599999999999998
down,3.14,408,408,0.0122554380047694,0.002947154471544653,0.03865525915609056,0.06849999999999845,0,0,0.035299999999999984
down,3.15,408,408,0.011690412013862112,0.003232514941043587,0.038140492413350935,0.06649999999999956,0,0,0.035299999999999984
down,3.16,408,408,0.011207776438275238,0.003232514941043587,0.038140492413350935,0.06449999999999889,0,0,0.034300000000000025
down,3.17,408,408,0.011050061050061058,0.002947154471544653,0.038140492413350935,0.06349999999999945,0,0,0.033300000000000024
down,3.18,408,408,0.010954437030445198,0.0026329143095191357,0.03744123760793085,0.06249999999999911,0,0,0.03299999999999999
down,3.19,408,408,0.010489713011210454,0.0015211760446626698,0.0347700033610788,0.06150000000000144,0,0,0.03230000000000002
down,3.2,408,408,0.010456347612254988,3.1803725579264663e-4,0.034262510974539036,0.06050000000000022,0,0,0.03230000000000001
down,3.21,408,408,0.010275031015239258,0.0013557374179039546,0.03421882998683118,0.05999999999999961,0,0,0.0313
down,3.22,408,408,0.010252505319564023,0.0013557374179039546,0.033994243684042226,0.05999999999999872,0,0,0.02830000000000002
down,3.23,408,408,0.009993245170446703,9.5078171125398e-4,0.03367758526787365,0.05999999999999872,0,0,0.026600000000000013
down,3.24,408,408,0.009851641419333892,0.0017166359030715429,0.032681583014177285,0.05999999999999872,0,0,0.026600000000000013
down,3.25,408,408,0.009592736512938469,0.0017166359030715429,0.0325316695027416,0.05900000000000105,0,0,0.026600000000000013
down,3.2600000000000002,408,408,0.009452577027892371,0.0017166359030715429,0.031326073463860585,0.05749999999999922,0,0,0.025300000000000017
down,3.27,408,408,0.009127546817709335,7.392301909592944e-4,0.031108674999148794,0.05500000000000016,0,0,0.025300000000000017
down,3.2800000000000002,408,408,0.008752695786212124,7.003629219886099e-4,0.030020997673230847,0.053999999999998494,0,0,0.024999999999999984
down,3.29,408,408,0.008692013891455257,6.583001896296241e-4,0.028923452472217476,0.049500000000000544,0,0,0.024300000000000016
down,3.3000000000000003,408,408,0.00861833302901719,6.583001896296241e-4,0.028803320161575392,0.049000000000001265,0,0,0.023300000000000032
down,3.31,408,408,0.008340790531115052,7.87774887467032e-4,0.02727993172397003,0.04849999999999888,0,0,0.022299999999999993
down,3.3200000000000003,408,408,0.008159672133573164,6.583001896296241e-4,0.027791102583236027,0.04650000000000043,0,0,0.021999999999999964
down,3.33,408,408,0.007816818323744014,3.1803725579264663e-4,0.026739286815332407,0.04500000000000082,0,0,0.020600000000000025
down,3.34,408,408,0.0077557498255396515,6.583001896296241e-4,0.026132550502877726,0.04499999999999904,0,0,0.020600000000000025
down,3.35,408,408,0.0074374699885412735,-0,0.026132550502877726,0.04299999999999926,0,0,0.020000000000000018
down,3.36,408,408,0.0070921985815602905,-0,0.025192307692307663,0.04100000000000037,0,0,0.020000000000000018
down,3.37,408,408,0.006996562254279225,-0,0.02418119120880004,0.04049999999999976,0,0,0.020000000000000018
down,3.38,408,408,0.006772009029345353,-0,0.023775584696056028,0.040000000000000924,0,0,0.020000000000000018
down,3.39,408,408,0.006749164895232268,-0,0.02305190076224715,0.040000000000000036,0,0,0.020000000000000018
down,3.4,408,408,0.006523448604478999,-0,0.0228480472068645,0.040000000000000036,0,0,0.020000000000000018
down,3.41,408,408,0.006334078811270256,-0,0.022735998355770226,0.03999999999999915,0,0,0.020000000000000018
down,3.42,408,408,0.0062111801242235535,-0,0.022251987281398954,0.03950000000000031,0,0,0.020000000000000018
down,3.43,408,408,0.006112285728615129,-0,0.020142075376405943,0.03900000000000059,0,0,0.020000000000000018
down,3.44,408,408,0.0060294425839674095,-0,0.020142075376405943,0.038000000000000256,0,0,0.020000000000000018
down,3.45,408,408,0.006001309027016172,-0,0.020142075376405943,0.03799999999999848,0,0,0.020000000000000018
down,3.46,408,408,0.005641760165512794,-0,0.019087319291750133,0.034000000000000474,0,0,0.020000000000000018
down,3.47,408,408,0.005433142662223443,-0,0.018823295530609453,0.03200000000000003,0,0,0.020000000000000018
down,3.48,408,408,0.005249379994488728,-0,0.018575330287267645,0.030999999999998806,0,0,0.020000000000000018
down,3.49,408,408,0.005183337297042617,-0,0.017130806533279516,0.03000000000000025,0,0,0.020000000000000018
down,3.5,408,408,0.00498165512683397,-0,0.01630127027854284,0.02799999999999958,0,0,0.019999999999999962
down,3.5100000000000002,408,408,0.004853474734532273,-0,0.015844561583493164,0.026000000000000245,0,0,0.019999999999999924
down,3.52,408,408,0.0047745573086188115,-0,0.015584918628283425,0.0259999999999998,0,0,0.019999999999999924
down,3.5300000000000002,408,408,0.004704672947761538,-0,0.015374934242506983,0.02499999999999991,0,0,0.01599999999999997
down,3.54,408,408,0.004655942516168585,-0,0.014695735886079562,0.02499999999999858,0,0,0.01529999999999997
down,3.5500000000000003,408,408,0.004564803238673417,-0,0.014529061147922719,0.0235000000000003,0,-3.000000000000307e-4,0.014300000000000007
down,3.56,408,408,0.004401612588637573,-0,0.01406318995051389,0.022999999999999687,0,-0.0020000000000000018,0.014000000000000012
down,3.5700000000000003,408,408,0.0041182024978208,-0,0.013903250245599777,0.021000000000000796,0,-0.001300000000000076,0.014300000000000007
down,3.58,408,408,0.004071371344902248,-0,0.012935493361425025,0.020999999999999464,0,0,0.014000000000000012
down,3.59,408,408,0.0038396079144407975,-0,0.01242768595041315,0.02099999999999902,0,0,0.013000000000000012
down,3.6,408,408,0.0037833648342641166,-0,0.012360983573104856,0.02000000000000135,0,0,0.011299999999999984
down,3.61,408,408,0.003532427507268716,-0,0.012285139780761506,0.020000000000000462,0,0,0.011299999999999984
down,3.62,408,408,0.0033245322860381895,-0,0.011965554311453085,0.019999999999999574,0,0,0.009600000000000015
down,3.63,408,408,0.003205161131257459,-0,0.011268534161764262,0.019999999999999574,0,0,0.011000000000000005
down,3.64,408,408,0.0031704715031227074,-0,0.01080876393232881,0.019999999999999574,0,0,0.011000000000000043
down,3.65,408,408,0.003026243081664861,-0,0.010054234459741747,0.019999999999999574,0,0,0.011000000000000043
down,3.66,408,408,0.0029325513196481546,-0,0.009320864481191817,0.019999999999999574,0,0,0.00960000000000003
down,3.67,408,408,0.002726823520982074,-0,0.008609876210576597,0.019999999999999574,0,0,0.006600000000000029
down,3.68,408,408,0.0025203032268491903,-0,0.008384860186523235,0.019000000000000128,0,0,0.0053000000000000165
down,3.69,408,408,0.002369681552983823,-0,0.008264462809917349,0.018000000000000682,0,0,0.006000000000000005
down,3.7,408,408,0.0022246968572135137,-0,0.008079338842975087,0.016999999999999904,0,0,0.0053000000000000165
down,3.71,408,408,0.0020893960499999325,-0,0.00784970238095234,0.014500000000000846,0,0,0.004999999999999926
down,3.72,408,408,0.0019676226086935253,-0,0.007445799042932038,0.013999999999999346,0,0,0.0030000000000000027
down,3.73,408,408,0.001717660297954956,-0,0.007196948360509872,0.012000000000000455,0,0,0.0033000000000000143
down,3.74,408,408,0.001657029263658472,-0,0.00672704351144396,0.011999999999999567,0,0,6.000000000000233e-4
down,3.75,408,408,0.001510122748213433,-0,0.006409136348961227,0.009999999999999787,0,0,6.000000000000233e-4
down,3.7600000000000002,408,408,0.001327050923464765,-0,0.006024096385542448,0.009000000000000341,0,0,0
down,3.77,408,408,0.001071059706703252,-0,0.005305487852477582,0.007500000000000284,0,0,0
down,3.7800000000000002,408,408,9.951717006797373e-4,-0,0.004955978764779806,0.006999999999999673,0,0,0
down,3.79,408,408,8.190557581766093e-4,-0,0.004631323809781852,0.006000000000000227,0,0,0
down,3.8000000000000003,408,408,7.494566299015141e-4,-0,0.004424882332397988,0.005000000000000782,0,0,0
down,3.81,408,408,5.388908777912846e-4,-0,0.004043333171678137,0.0039999999999995595,0,0,0
down,3.8200000000000003,408,408,0.00037278082965326457,-0,0.003533534665739707,0.0030000000000001137,0,0,0
down,3.83,408,408,2.3306292767242737e-4,-0,0.002758144353631806,0.0015000000000000568,0,0,0
down,3.84,408,408,1.6331545357735412e-4,-1.603506139722468e-4,0.002462563033515275,0.001000000000000112,0,0,0
down,3.85,408,408,0,-2.4160425223473757e-4,0.0022610563420603852,0,0,0,0
down,3.86,408,408,0,-3.3931414009948124e-4,0.00222993007378828,0,0,0,0
down,3.87,408,408,0,-4.275331338179473e-4,0.002005345305023929,0,0,0,0
down,3.88,408,408,0,-6.384783191031783e-4,0.0015128593040845272,0,0,0,0
down,3.89,408,408,0,-0.0010224866760802998,0.0010713894257117081,0,0,0,0
down,3.9,408,408,0,-0.0012005877836866765,8.163725288295694e-4,0,0,0,0
down,3.91,408,408,0,-0.0014432809010127806,6.136548001351516e-4,0,0,0,0
down,3.92,408,408,0,-0.0017988353879751064,4.686182395602719e-4,0,0,0,0
down,3.93,408,408,0,-0.0018952742986845248,3.76538689866529e-4,0,0,0,0
down,3.94,408,408,0,-0.0021922956467272524,3.065450506910224e-4,0,0,0,0
down,3.95,408,408,-1.5046207695738016e-4,-0.00253920412596572,1.806893557921796e-4,-9.999999999994458e-4,0,0,0
down,3.96,408,408,-3.259778577466081e-4,-0.002897261119649817,-0,-0.0019999999999997797,0,0,0
down,3.97,408,408,-3.4498767224767186e-4,-0.003024741431208882,-0,-0.0019999999999997797,0,0,0
down,3.98,408,408,-6.30213128552841e-4,-0.003666806116650946,-0,-0.0040000000000000036,0,0,0
down,3.99,408,408,-7.307342435216276e-4,-0.004007406280496021,-0,-0.006000000000000227,0,0,0
up,0,406,406,1,1,1,-5.3735,-0.8400000000000001,-1.8384999999999998,-0.3999999999999999
up,0.01,406,406,1,1,1,-5.3735,-0.8400000000000001,-1.8384999999999998,-0.3999999999999999
up,0.02,406,406,1,1,1,-5.3735,-0.84,-1.8384999999999998,-0.3999999999999999
up,0.03,406,406,1,1,1,-5.3735,-0.8000000000000002,-1.7999999999999998,-0.36000000000000004
up,0.04,406,406,0.9944697860549613,0.9750171638996381,1,-5.254000000000001,-0.7599999999999998,-1.74,-0.31999999999999984
up,0.05,406,406,0.9456092185541538,0.8631654496661048,0.9955830532846093,-5.034999999999999,-0.6800000000000002,-1.6600000000000001,-0.2599999999999998
up,0.06,406,406,0.8949624719491736,0.7478813559322035,0.9669969644161918,-4.711499999999999,-0.6199999999999997,-1.58,-0.18
up,0.07,406,406,0.8390313083204528,0.6083679265894688,0.9464200915912877,-4.423,-0.54,-1.5,-0.10999999999999988
up,0.08,406,406,0.7788542269705521,0.4566599399331118,0.9166666666666667,-4.063,-0.48,-1.4300000000000002,-0.06000000000000005
up,0.09,406,406,0.7157588127737381,0.34733548931383623,0.8902760642195541,-3.7470000000000003,-0.41999999999999993,-1.3599999999999999,-0.040000000000000036
up,0.1,406,406,0.6510804227799076,0.2870747500065274,0.8595355318418929,-3.4010000000000002,-0.3599999999999999,-1.29,-0.03749999999999987
up,0.11,406,406,0.5907549531145037,0.2570736434108525,0.8346126903746816,-3.091,-0.29000000000000004,-1.2184999999999997,-0.020000000000000018
up,0.12,406,406,0.532444700834244,0.23647660818713429,0.803050304937015,-2.761,-0.2200000000000002,-1.1484999999999999,-0.020000000000000018
up,0.13,406,406,0.4710068993303814,0.22070015220700173,0.7743264524385247,-2.415,-0.18000000000000005,-1.0884999999999998,-0.020000000000000018
up,0.14,406,406,0.41015750983410737,0.20942982456140358,0.7478194208550413,-2.0649999999999995,-0.1200000000000001,-1.0184999999999997,-0.020000000000000018
up,0.15,406,406,0.35316702475819967,0.20722303927678226,0.7165675718599911,-1.8054999999999986,-0.08000000000000007,-0.9484999999999999,-0.020000000000000018
up,0.16,406,406,0.32388864570414133,0.20012795905310315,0.6885968469141388,-1.6700000000000008,-0.06000000000000005,-0.8784999999999998,-0.020000000000000018
up,0.17,406,406,0.29720116569153265,0.1986842105263149,0.6590913304860506,-1.5370000000000008,-0.06000000000000005,-0.8184999999999998,-0.020000000000000018
up,0.18,406,406,0.28449393116574184,0.19608680792891223,0.6305949054338733,-1.4665000000000008,-0.06000000000000005,-0.7584999999999997,-0.020000000000000018
up,0.19,406,406,0.2747559605426148,0.19370317627391515,0.599950701050357,-1.4199999999999982,-0.06000000000000005,-0.6884999999999998,-0.020000000000000018
up,0.2,406,406,0.2626999926270003,0.19345927642131516,0.5678727054749081,-1.3914999999999997,-0.06000000000000005,-0.6284999999999997,-0.020000000000000018
up,0.21,406,406,0.2561875281799425,0.18945643541847246,0.5366626707352514,-1.343,-0.06000000000000005,-0.5685,-0.020000000000000018
up,0.22,406,406,0.25020254197094094,0.18784765345677662,0.5049949142691078,-1.2970000000000006,-0.06000000000000005,-0.5085,-0.020000000000000018
up,0.23,406,406,0.24399594802223745,0.18281913704448938,0.4739213689821904,-1.2805000000000017,-0.06000000000000005,-0.45850000000000013,-0.020000000000000018
up,0.24,406,406,0.23813279110265956,0.1758641600970285,0.4400866957756782,-1.251999999999999,-0.06000000000000005,-0.4085000000000001,-0.020000000000000018
up,0.25,406,406,0.2331800932365546,0.1697604984747192,0.40641072832199293,-1.2499999999999991,-0.06000000000000005,-0.3574999999999997,-0.020000000000000018
up,0.26,406,406,0.22897463032537407,0.16628264208909344,0.37189534174634,-1.209999999999999,-0.06000000000000005,-0.2989999999999997,-0.020000000000000018
up,0.27,406,406,0.2229065989287075,0.16497919698305097,0.3398228018048245,-1.194,-0.05999999999999983,-0.24899999999999967,-0.020000000000000018
up,0.28,406,406,0.218056505274027,0.15864149974319464,0.3334384526437508,-1.1654999999999998,-0.05999999999999961,-0.20899999999999963,-0.020000000000000018
up,0.29,406,406,0.21366564657455953,0.15716984265371353,0.3123972622549339,-1.1565000000000012,-0.05999999999999961,-0.15000000000000013,-0.020000000000000018
up,0.3,406,406,0.2090711636774064,0.15593626231924104,0.288599464969328,-1.1450000000000014,-0.053999999999999826,-0.10000000000000009,-0.020000000000000018
up,0.31,406,406,0.2055266726943944,0.15370847651775477,0.270091003426933,-1.1224999999999996,-0.042500000000000204,-0.08000000000000007,-0.020000000000000018
up,0.32,406,406,0.2016938066454333,0.15266007532956666,0.26584389892995197,-1.104000000000001,-0.040000000000000036,-0.08000000000000007,-0.020000000000000018
up,0.33,406,406,0.1987211429856437,0.14886047275682607,0.26004964608352377,-1.0860000000000003,-0.040000000000000036,-0.08000000000000007,-0.020000000000000018
up,0.34,406,406,0.19429194247918474,0.14780679296808322,0.25506090287700656,-1.0664999999999996,-0.040000000000000036,-0.08000000000000007,-0.020000000000000018
up,0.35000000000000003,406,406,0.19195445676920272,0.14423702052568044,0.24871863565456598,-1.0635000000000003,-0.040000000000000036,-0.08000000000000007,-0.020000000000000018
up,0.36,406,406,0.18924278989661442,0.14276574353349797,0.24449021270834254,-1.049000000000003,-0.040000000000000036,-0.08000000000000007,-0.020000000000000018
up,0.37,406,406,0.18665390850560376,0.14143691957033055,0.23436212237474083,-1.0364999999999993,-0.040000000000000036,-0.08000000000000007,-0.020000000000000018
up,0.38,406,406,0.18397157406187054,0.13837558367154962,0.2302297911749671,-1.0290000000000035,-0.040000000000000036,-0.08000000000000007,-0.020000000000000018
up,0.39,406,406,0.18194717848318248,0.1372425916624811,0.22569314871084978,-1.0244999999999997,-0.040000000000000036,-0.08000000000000007,-0.020000000000000018
up,0.4,406,406,0.1793723903404933,0.13383058577604634,0.22232419304002804,-1.0120000000000005,-0.040000000000000036,-0.08000000000000007,-0.020000000000000018
up,0.41000000000000003,406,406,0.17655806159044998,0.12974987974988006,0.21887650385688334,-1.0020000000000007,-0.040000000000000036,-0.07999999999999985,-0.020000000000000018
up,0.42,406,406,0.17460039548488104,0.12917633058953726,0.21586587458368448,-0.9939999999999998,-0.040000000000000036,-0.0665,-0.020000000000000018
up,0.43,406,406,0.17143590107717982,0.12822372662798184,0.2146448351750802,-0.9855,-0.040000000000000036,-0.062000000000000055,-0.020000000000000018
up,0.44,406,406,0.16968860672502614,0.12644334475320418,0.21132304134399976,-0.9700000000000015,-0.040000000000000036,-0.0645,-0.020000000000000018
up,0.45,406,406,0.16683178709032975,0.12512425447316095,0.20860405685103844,-0.9674999999999994,-0.040000000000000036,-0.06000000000000005,-0.020000000000000018
up,0.46,406,406,0.16489986016644093,0.12464689265536708,0.20425315611401315,-0.9500000000000002,-0.040000000000000036,-0.06000000000000005,-0.020000000000000018
up,0.47000000000000003,406,406,0.16292429847691464,0.12137954126904404,0.20181859014602854,-0.9390000000000018,-0.040000000000000036,-0.06000000000000005,-0.020000000000000018
up,0.48,406,406,0.16087892031278778,0.12137954126904404,0.19777674983244375,-0.9274999999999984,-0.040000000000000036,-0.06000000000000005,-0.020000000000000018
up,0.49,406,406,0.15901021633470205,0.12088974854932308,0.1958616204298403,-0.9189999999999987,-0.040000000000000036,-0.06000000000000005,-0.020000000000000018
up,0.5,406,406,0.15749906463579688,0.11874374374374405,0.19438505381316418,-0.9094999999999978,-0.040000000000000036,-0.06000000000000005,-0.020000000000000018
up,0.51,406,406,0.15484315074362381,0.11655231651838255,0.1908501149874452,-0.9044999999999987,-0.040000000000000036,-0.06000000000000005,-0.020000000000000018
up,0.52,406,406,0.15283450882306965,0.11343861958031717,0.18971443967185772,-0.8939999999999992,-0.040000000000000036,-0.06000000000000005,-0.020000000000000018
up,0.53,406,406,0.15159470509911904,0.11303905909684912,0.1880602410484273,-0.8794999999999988,-0.040000000000000036,-0.06000000000000005,-0.020000000000000018
up,0.54,406,406,0.14962990000404938,0.11233537740692018,0.18593040348482381,-0.879,-0.040000000000000036,-0.06000000000000005,-0.020000000000000018
up,0.55,406,406,0.14815746933881802,0.11089784602260613,0.1850120622075171,-0.8599999999999999,-0.040000000000000036,-0.06000000000000005,-0.020000000000000018
up,0.56,406,406,0.14623009243791074,0.11002600747887746,0.1819155148919603,-0.8570000000000002,-0.040000000000000036,-0.06000000000000005,-0.020000000000000018
up,0.5700000000000001,406,406,0.14509615926907687,0.10622179239200519,0.18149033825741506,-0.8519999999999994,-0.040000000000000036,-0.06000000000000005,-0.020000000000000018
up,0.58,406,406,0.14305368917914518,0.10551649087560683,0.17891565983610366,-0.8479999999999999,-0.040000000000000036,-0.06000000000000005,-0.020000000000000018
up,0.59,406,406,0.1413987188506407,0.10428798964710545,0.17736566005760102,-0.8319999999999999,-0.040000000000000036,-0.06000000000000005,-0.020000000000000018
up,0.6,406,406,0.1397982300378719,0.10428798964710545,0.1754932139453062,-0.8319999999999999,-0.040000000000000036,-0.06000000000000005,-0.020000000000000018
up,0.61,406,406,0.1383170680642512,0.0994986443497991,0.17465865178081497,-0.822000000000001,-0.040000000000000036,-0.06000000000000005,-0.020000000000000018
up,0.62,406,406,0.13707349985340303,0.09936914697699917,0.17249979755787023,-0.8120000000000003,-0.040000000000000036,-0.06000000000000005,-0.020000000000000018
up,0.63,406,406,0.1350161179410923,0.09936914697699917,0.17092912151408785,-0.8079999999999998,-0.040000000000000036,-0.06000000000000005,-0.020000000000000018
up,0.64,406,406,0.1335973544000254,0.09891999355220055,0.16908831762400184,-0.794,-0.040000000000000036,-0.06000000000000005,-0.020000000000000018
up,0.65,406,406,0.13243521122501467,0.09861286824507526,0.1672749391727495,-0.7879999999999994,-0.040000000000000036,-0.06000000000000005,-0.020000000000000018
up,0.66,406,406,0.13157894736842074,0.09591620238033123,0.16589430183990606,-0.7799999999999998,-0.040000000000000036,-0.06000000000000005,-0.020000000000000018
up,0.67,406,406,0.13020086864625696,0.09335307854417033,0.16416659166977382,-0.7719999999999998,-0.040000000000000036,-0.06000000000000005,-0.020000000000000018
up,0.68,406,406,0.12828467853306735,0.09249104335746133,0.16256309089148713,-0.7599999999999998,-0.040000000000000036,-0.06000000000000005,-0.019999999999999962
up,0.6900000000000001,406,406,0.12759432224845788,0.09249104335746133,0.16153543776893342,-0.7569999999999997,-0.040000000000000036,-0.06000000000000005,-0.01999999999999985
up,0.7000000000000001,406,406,0.12587331923746914,0.09155383623468731,0.15999304529935598,-0.7450000000000001,-0.040000000000000036,-0.06000000000000005,-0.019999999999999796
up,0.71,406,406,0.12489737939486953,0.09022693164764212,0.15976314922239926,-0.7430000000000003,-0.040000000000000036,-0.06000000000000005,-0.019999999999999796
up,0.72,406,406,0.1234011610794219,0.08897128122072098,0.1590852658349764,-0.7430000000000003,-0.040000000000000036,-0.06000000000000005,-0.019999999999999796
up,0.73,406,406,0.12180050005735607,0.08480671261612219,0.1559849271734723,-0.7319999999999993,-0.039999999999999813,-0.06000000000000005,-0.019999999999999574
up,0.74,406,406,0.12016963290480456,0.08445666848012245,0.15573765944029616,-0.7250000000000005,-0.03999999999999959,-0.06000000000000005,-0.019999999999999574
up,0.75,406,406,0.11931846579553188,0.08392018779342722,0.1529605596332136,-0.722999999999999,-0.03999999999999959,-0.06000000000000005,-0.019999999999999574
up,0.76,406,406,0.11860366551712292,0.08310313075506427,0.1523236112186369,-0.7169999999999987,-0.03999999999999959,-0.057499999999999885,-0.018999999999999906
up,0.77,406,406,0.11758016322525933,0.08310313075506427,0.15148943829469927,-0.7079999999999993,-0.03999999999999959,-0.049000000000000155,-0.018999999999999906
up,0.78,406,406,0.11625201741674077,0.08310313075506427,0.1501758409158502,-0.7005000000000026,-0.030500000000000194,-0.040000000000000036,-0.018999999999999906
up,0.79,406,406,0.11555983749781065,0.08290378006872852,0.14896303460133234,-0.6969999999999996,-0.02100000000000013,-0.040000000000000036,-0.018999999999999906
up,0.8,406,406,0.11452620677848606,0.0810069983445331,0.14591109172479577,-0.6879999999999997,-0.020000000000000018,-0.040000000000000036,-0.018000000000000127
up,0.81,406,406,0.11325401989032444,0.0781775991110239,0.14591109172479577,-0.6829999999999998,-0.020000000000000018,-0.040000000000000036,-0.014000000000000012
up,0.8200000000000001,406,406,0.1117586160833555,0.0781775991110239,0.1455363373408441,-0.677500000000002,-0.020000000000000018,-0.040000000000000036,-0.01200000000000001
up,0.8300000000000001,406,406,0.11071486716469078,0.0765528210279591,0.14291775259106732,-0.6630000000000003,-0.020000000000000018,-0.040000000000000036,-0.010000000000000009
up,0.84,406,406,0.11006117908787523,0.0765528210279591,0.14269160734977776,-0.6630000000000003,-0.020000000000000018,-0.040000000000000036,-0.0044999999999999485
up,0.85,406,406,0.10884876079560354,0.07474514732579235,0.14147487829263944,-0.6605000000000008,-0.020000000000000018,-0.040000000000000036,0
up,0.86,406,406,0.10714958137856276,0.07474514732579235,0.13881973493808192,-0.6430000000000007,-0.020000000000000018,-0.040000000000000036,0
up,0.87,406,406,0.10668923213088692,0.07219910775894511,0.1387109061686114,-0.6430000000000007,-0.020000000000000018,-0.040000000000000036,0
up,0.88,406,406,0.10526315789473695,0.07199407643674877,0.1387109061686114,-0.6430000000000007,-0.020000000000000018,-0.040000000000000036,0
up,0.89,406,406,0.10498954963590126,0.07199407643674877,0.1361341439556969,-0.633,-0.020000000000000018,-0.040000000000000036,0
up,0.9,406,406,0.10396153020957122,0.0706722605134353,0.13431402985262067,-0.6230000000000002,-0.020000000000000018,-0.040000000000000036,0
up,0.91,406,406,0.10285453517629442,0.0706722605134353,0.13381787714734383,-0.6230000000000002,-0.020000000000000018,-0.040000000000000036,0
up,0.92,406,406,0.10186209678581203,0.06997865129747999,0.13381787714734383,-0.6205000000000007,-0.020000000000000018,-0.040000000000000036,0
up,0.93,406,406,0.10048868607432032,0.06885829278275503,0.13100392316228743,-0.6079999999999997,-0.020000000000000018,-0.040000000000000036,0
up,0.9400000000000001,406,406,0.0997041081077904,0.0672400803616273,0.12976677472710374,-0.600500000000002,-0.020000000000000018,-0.040000000000000036,0
up,0.9500000000000001,406,406,0.09904759602469364,0.06540723578684723,0.12976677472710374,-0.600500000000002,-0.020000000000000018,-0.040000000000000036,0
up,0.96,406,406,0.09812457458653187,0.06540723578684723,0.12903555502049166,-0.600500000000002,-0.020000000000000018,-0.040000000000000036,0
up,0.97,406,406,0.09714892545957227,0.06284272866856766,0.12653641742616767,-0.5880000000000001,-0.020000000000000018,-0.040000000000000036,0
up,0.98,406,406,0.09639108731463085,0.061314575383037986,0.12613513154455042,-0.5820000000000007,-0.020000000000000018,-0.040000000000000036,0
up,0.99,406,406,0.09562848223534978,0.061314575383037986,0.1258669484783631,-0.5805000000000016,-0.020000000000000018,-0.040000000000000036,0
up,1,406,406,0.09435064684514843,0.061314575383037986,0.12378651281559139,-0.5735000000000001,-0.020000000000000018,-0.040000000000000036,0
up,1.01,406,406,0.09325642129906933,0.0606897706345219,0.12221338320514785,-0.5644999999999998,-0.020000000000000018,-0.040000000000000036,0
up,1.02,406,406,0.09254058182035663,0.0606897706345219,0.12221338320514785,-0.5644999999999998,-0.020000000000000018,-0.040000000000000036,0
up,1.03,406,406,0.0919132899613177,0.06025694735372156,0.12126651006548822,-0.5600000000000005,-0.020000000000000018,-0.040000000000000036,0
up,1.04,406,406,0.09167804229589978,0.05925461073810663,0.11934252542868871,-0.554000000000002,-0.020000000000000018,-0.040000000000000036,0
up,1.05,406,406,0.0904532513999023,0.05785852262312709,0.11934252542868871,-0.5495000000000001,-0.020000000000000018,-0.040000000000000036,0
up,1.06,406,406,0.08893435931984844,0.05581878366976034,0.11764764667458245,-0.5420000000000016,-0.020000000000000018,-0.040000000000000036,0
up,1.07,406,406,0.08843985049609343,0.05581878366976034,0.11583703159461814,-0.5405000000000024,-0.020000000000000018,-0.040000000000000036,0
up,1.08,406,406,0.08753135677759523,0.05581878366976034,0.11583703159461814,-0.54,-0.020000000000000018,-0.040000000000000036,0
up,1.09,406,406,0.0873024252552532,0.05581878366976034,0.11583703159461814,-0.5220000000000002,-0.020000000000000018,-0.040000000000000036,0
up,1.1,406,406,0.08628446302378828,0.05581878366976034,0.11291932938470842,-0.5220000000000002,-0.020000000000000018,-0.040000000000000036,0
up,1.11,406,406,0.08525671410393879,0.05579332347677217,0.11233153776054788,-0.5220000000000002,-0.020000000000000018,-0.040000000000000036,0
up,1.12,406,406,0.0847498326675093,0.05354217854217794,0.11233153776054788,-0.5220000000000002,-0.020000000000000018,-0.040000000000000036,0
up,1.1300000000000001,406,406,0.08347449894567693,0.051118817996104106,0.11152225305786811,-0.5145000000000017,-0.020000000000000018,-0.040000000000000036,0
up,1.1400000000000001,406,406,0.08270139493229693,0.051118817996104106,0.10922794084855178,-0.5045000000000002,-0.020000000000000018,-0.040000000000000036,0
up,1.1500000000000001,406,406,0.08211937169292317,0.05020750057285418,0.10922794084855178,-0.5030000000000001,-0.020000000000000018,-0.040000000000000036,0
up,1.16,406,406,0.08149458907197926,0.049684573488499584,0.10881138495690905,-0.5005000000000006,-0.020000000000000018,-0.040000000000000036,0
up,1.17,406,406,0.08097069939366178,0.049684573488499584,0.10881138495690905,-0.49600000000000044,-0.020000000000000018,-0.040000000000000036,0
up,1.18,406,406,0.07959180885494549,0.049684573488499584,0.10608443314121216,-0.4870000000000001,-0.020000000000000018,-0.040000000000000036,0
up,1.19,406,406,0.07916847180895328,0.04780385584497315,0.10608443314121216,-0.4845000000000006,-0.020000000000000018,-0.040000000000000036,0
up,1.2,406,406,0.07857470155980388,0.04576874738165054,0.10549282979689854,-0.4820000000000011,-0.020000000000000018,-0.040000000000000036,0
up,1.21,406,406,0.07763356764148444,0.04511533242876614,0.1040340967491752,-0.4800000000000004,-0.020000000000000018,-0.040000000000000036,0
up,1.22,406,406,0.07673813372689066,0.04482672024108493,0.10234868868145963,-0.47050000000000036,-0.020000000000000018,-0.040000000000000036,0
up,1.23,406,406,0.07638586146137333,0.04482672024108493,0.10221978195813038,-0.47050000000000036,-0.020000000000000018,-0.0399999999999997,0
up,1.24,406,406,0.07564052320281056,0.04482672024108493,0.10092133172614197,-0.4629999999999992,-0.020000000000000018,-0.020000000000000018,0
up,1.25,406,406,0.07512601390824361,0.04482672024108493,0.10059697343281973,-0.46050000000000146,-0.020000000000000018,-0.020000000000000018,0
up,1.26,406,406,0.07444884054933415,0.0433760432584929,0.100553692429826,-0.4584999999999999,-0.020000000000000018,-0.020000000000000018,0
up,1.27,406,406,0.07383076503014613,0.04186408775232052,0.09862223268959008,-0.4540000000000006,-0.020000000000000018,-0.020000000000000018,0
up,1.28,406,406,0.07302277701079424,0.04186408775232052,0.09727144455686215,-0.44650000000000034,-0.020000000000000018,-0.020000000000000018,0
up,1.29,406,406,0.07207221216416482,0.04186408775232052,0.09711504966240408,-0.4455,-0.020000000000000018,-0.020000000000000018,0
up,1.3,406,406,0.07151085789018609,0.04186408775232052,0.09652870518151771,-0.4405000000000019,-0.020000000000000018,-0.020000000000000018,0
up,1.31,406,406,0.07096460739887432,0.04186408775232052,0.09559884559884602,-0.43600000000000083,-0.020000000000000018,-0.020000000000000018,0
up,1.32,406,406,0.07028548102809841,0.04186408775232052,0.09559884559884602,-0.4345000000000008,-0.020000000000000018,-0.020000000000000018,0
up,1.33,406,406,0.06983268840136908,0.04128527239441908,0.09436894584133049,-0.4295,-0.020000000000000018,-0.020000000000000018,0
up,1.34,406,406,0.06852021270683732,0.04003015021023978,0.09347460632842215,-0.4239999999999986,-0.020000000000000018,-0.020000000000000018,0
up,1.35,406,406,0.06829996644092406,0.04081821547574887,0.09267192066705726,-0.4200000000000008,-0.020000000000000018,-0.020000000000000018,0
up,1.36,406,406,0.06731104347219972,0.04003015021023978,0.09207163681193847,-0.41849999999999987,-0.020000000000000018,-0.020000000000000018,0
up,1.37,406,406,0.06701680853096406,0.04003015021023978,0.09148763836926782,-0.41600000000000126,-0.020000000000000018,-0.020000000000000018,0
up,1.3800000000000001,406,406,0.066368812726327,0.03909689651455539,0.09148763836926782,-0.4135,-0.020000000000000018,-0.020000000000000018,0
up,1.3900000000000001,406,406,0.06579674094499308,0.03909689651455539,0.09019082306171097,-0.403999999999999,-0.020000000000000018,-0.020000000000000018,0
up,1.4000000000000001,406,406,0.06540748056110664,0.03827641051397934,0.08896927393451168,-0.40050000000000185,-0.020000000000000018,-0.020000000000000018,0
up,1.41,406,406,0.06408209611460676,0.036163676177402765,0.08796503879734502,-0.3999999999999986,-0.020000000000000018,-0.020000000000000018,0
up,1.42,406,406,0.06385859332642352,0.03430508208925966,0.08767033587951562,-0.3984999999999994,-0.020000000000000018,-0.020000000000000018,0
up,1.43,406,406,0.06335299686891716,0.03430508208925966,0.08687250726439877,-0.3945000000000016,-0.019999999999999796,-0.020000000000000018,0
up,1.44,406,406,0.062696519352573,0.03287893346144587,0.08622138732790216,-0.3894999999999982,-0.019999999999999796,-0.020000000000000018,0
up,1.45,406,406,0.062267919690585136,0.032433380084151225,0.08605129259822217,-0.38399999999999945,-0.019999999999999796,-0.020000000000000018,0
up,1.46,406,406,0.06182100742542976,0.032433380084151225,0.08430342085140051,-0.3805000000000023,-0.019999999999999685,-0.020000000000000018,0
up,1.47,406,406,0.06089574872838298,0.032433380084151225,0.08345707820675985,-0.3769999999999998,-0.01949999999999985,-0.020000000000000018,0
up,1.48,406,406,0.06003412573355977,0.03200204813108026,0.08345707820675985,-0.3769999999999998,-0.01949999999999985,-0.020000000000000018,0
up,1.49,406,406,0.05961616479441557,0.03200204813108026,0.08269004519989175,-0.3745000000000016,-0.01749999999999985,-0.020000000000000018,0
up,1.5,406,406,0.059275894040816346,0.03200204813108026,0.08036875746198578,-0.363999999999999,-0.017999999999999794,-0.020000000000000018,0
up,1.51,406,406,0.058926839427339936,0.031024531024531052,0.08036875746198578,-0.3605000000000027,-0.0129999999999999,-0.020000000000000018,0
up,1.52,406,406,0.058328406876491636,0.031024531024531052,0.0803632176689172,-0.35999999999999943,-0.011500000000000066,-0.020000000000000018,0
up,1.53,406,406,0.057850113902368834,0.031024531024531052,0.07935161053531903,-0.35999999999999943,-0.010500000000000176,-0.020000000000000018,0
up,1.54,406,406,0.057030112812652536,0.030076888285844535,0.07926061510215153,-0.3569999999999993,-0.008499999999999952,-0.020000000000000018,0
up,1.55,406,406,0.05666673662560088,0.029682751823674084,0.07922010820438152,-0.35550000000000104,-0.00649999999999995,-0.020000000000000018,0
up,1.56,406,406,0.0563595475491816,0.029682751823674084,0.07845686280006335,-0.3454999999999995,-0.008000000000000007,-0.020000000000000018,0
up,1.57,406,406,0.05574269337640944,0.029682751823674084,0.07765223948557262,-0.34000000000000075,-0.0035000000000000586,-0.020000000000000018,0
up,1.58,406,406,0.05537509774739743,0.029682751823674084,0.07746127515260864,-0.34000000000000075,0,-0.020000000000000018,0
up,1.59,406,406,0.054865055678572736,0.029463261042286443,0.07713742435657893,-0.33999999999999986,0,-0.020000000000000018,0
up,1.6,406,406,0.05407650116936577,0.029463261042286443,0.07626785994661657,-0.3384999999999998,0,-0.020000000000000018,0
up,1.61,406,406,0.05373400717340879,0.028890279516062153,0.07534780182436786,-0.33699999999999974,0,-0.020000000000000018,0
up,1.62,406,406,0.053209879518256994,0.028890279516062153,0.07430187540644068,-0.3335000000000008,0,-0.020000000000000018,0
up,1.6300000000000001,406,406,0.05268703827133248,0.028308690948431112,0.07383178403007887,-0.32399999999999984,0,-0.020000000000000018,0
up,1.6400000000000001,406,406,0.05253297100162575,0.027637039488759188,0.07353427842973315,-0.32150000000000034,0,-0.020000000000000018,0
up,1.6500000000000001,406,406,0.05216454131868248,0.027637039488759188,0.07317794507765184,-0.3200000000000003,0,-0.020000000000000018,0
up,1.6600000000000001,406,406,0.0513719442502441,0.027637039488759188,0.07242500260910983,-0.31849999999999845,0,-0.020000000000000018,0
up,1.67,406,406,0.0507764587526661,0.027637039488759188,0.07154331485040993,-0.3169999999999993,0,-0.020000000000000018,0
up,1.68,406,406,0.05025262176803229,0.027212143650499246,0.07149163835369166,-0.3164999999999969,0,-0.020000000000000018,0
up,1.69,406,406,0.05012177092767083,0.027212143650499246,0.07098988411926706,-0.3135000000000012,0,-0.020000000000000018,0
up,1.7,406,406,0.04951260334044165,0.027212143650499246,0.07067525115188214,-0.3059999999999983,0,-0.020000000000000018,0
up,1.71,406,406,0.04857839737412702,0.022884373690825188,0.0687959584803364,-0.3039999999999985,0,-0.020000000000000018,0
up,1.72,406,406,0.04839007198397562,0.021919288974297402,0.06850175967823038,-0.30150000000000077,0,-0.020000000000000018,0
up,1.73,406,406,0.04808731999327235,0.021919288974297402,0.06830803556887396,-0.3000000000000007,0,-0.020000000000000018,0
up,1.74,406,406,0.04761904761904766,0.021919288974297402,0.06767378700134952,-0.2984999999999989,0,-0.020000000000000018,0
up,1.75,406,406,0.047284859641049115,0.021919288974297402,0.06767378700134952,-0.2969999999999997,0,-0.020000000000000018,0
up,1.76,406,406,0.04696368227628398,0.021919288974297402,0.06701208981001719,-0.29549999999999876,0,-0.020000000000000018,0
up,1.77,406,406,0.04664588862584794,0.021919288974297402,0.06653964797677372,-0.2890000000000006,0,-0.020000000000000018,0
up,1.78,406,406,0.046158711011240576,0.021919288974297402,0.06603459747172338,-0.2854999999999972,0,-0.020000000000000018,0
up,1.79,406,406,0.045822025765890576,0.021919288974297402,0.06419111595417806,-0.2854999999999972,0,-0.020000000000000018,0
up,1.8,406,406,0.04496136523774909,0.021919288974297402,0.06419111595417806,-0.28000000000000025,0,-0.020000000000000018,0
up,1.81,406,406,0.044670199716966105,0.021919288974297402,0.06369621718489965,-0.27999999999999936,0,-0.020000000000000018,0
up,1.82,406,406,0.044317345495674176,0.021919288974297402,0.0635273553139109,-0.27700000000000014,0,-0.020000000000000018,0
up,1.83,406,406,0.044029767200857495,0.021073646850044387,0.0635273553139109,-0.27699999999999925,0,-0.020000000000000018,0
up,1.84,406,406,0.04355447789035541,0.021073646850044387,0.0635273553139109,-0.2659999999999991,0,-0.020000000000000018,0
up,1.85,406,406,0.04330712791730573,0.019558799007347395,0.06297717753183099,-0.2659999999999991,0,-0.020000000000000018,0
up,1.86,406,406,0.04293814520313652,0.019558799007347395,0.06084157638561781,-0.26399999999999846,0,-0.020000000000000018,0
up,1.87,406,406,0.04255862085440859,0.018971467300470446,0.06078751587733629,-0.26399999999999846,0,-0.020000000000000018,0
up,1.8800000000000001,406,406,0.04208711954580743,0.018971467300470446,0.060549240430920165,-0.26000000000000156,0,-0.020000000000000018,0
up,1.8900000000000001,406,406,0.041455482556433026,0.018971467300470446,0.060549240430920165,-0.2599999999999998,0,-0.020000000000000018,0
up,1.9000000000000001,406,406,0.04079421802205217,0.018971467300470446,0.05969509417785363,-0.2599999999999989,0,-0.020000000000000018,0
up,1.9100000000000001,406,406,0.040669785318766555,0.017503882679430545,0.05919232896920615,-0.2599999999999989,0,-0.020000000000000018,0
up,1.92,406,406,0.04040005763292561,0.018971467300470446,0.0585773414780509,-0.2560000000000011,0,-0.020000000000000018,0
up,1.93,406,406,0.039792282499059285,0.017503882679430545,0.05828914781190711,-0.24900000000000144,0,-0.020000000000000018,0
up,1.94,406,406,0.03951085340469827,0.017503882679430545,0.058191450221291005,-0.24599999999999955,0,-0.020000000000000018,0
up,1.95,406,406,0.038922061325748006,0.017503882679430545,0.05813024659775938,-0.24549999999999805,0,-0.020000000000000018,0
up,1.96,406,406,0.03889178404276211,0.017503882679430545,0.05794501301870838,-0.24549999999999805,0,-0.020000000000000018,0
up,1.97,406,406,0.038530689827281216,0.017503882679430545,0.0570573248027636,-0.24049999999999994,0,-0.020000000000000018,0
up,1.98,406,406,0.0383170217518133,0.017059222642240728,0.0570573248027636,-0.2400000000000002,0,-0.020000000000000018,0
up,1.99,406,406,0.03792750246899181,0.016223800754187324,0.055540434282949414,-0.23999999999999932,0,-0.020000000000000018,0
up,2,406,406,0.03774283200424572,0.016223800754187324,0.05521227429530361,-0.23850000000000104,0,-0.020000000000000018,0
up,2.0100000000000002,406,406,0.037119265381070424,0.016223800754187324,0.05484795347862319,-0.2369999999999992,0,-0.020000000000000018,0
up,2.02,406,406,0.03704282678802015,0.015873015873015883,0.05436409247069445,-0.23600000000000065,0,-0.020000000000000018,0
up,2.0300000000000002,406,406,0.03692481789015424,0.015873015873015883,0.05360106609254561,-0.22900000000000098,0,-0.020000000000000018,0
up,2.04,406,406,0.036138587002474576,0.015873015873015883,0.05302563240294465,-0.2259999999999991,0,-0.020000000000000018,0
up,2.05,406,406,0.035928944713767536,0.015873015873015883,0.05291222285839716,-0.2220000000000022,0,-0.020000000000000018,0
up,2.06,406,406,0.03559464456550524,0.015873015873015883,0.052766219306404,-0.22100000000000009,0,-0.020000000000000018,0
up,2.07,406,406,0.035279811154295584,0.015399194503673289,0.052766219306404,-0.22100000000000009,0,-0.020000000000000018,0
up,2.08,406,406,0.03489880297565953,0.015399194503673289,0.051648301943212876,-0.22100000000000009,0,-0.020000000000000018,0
up,2.09,406,406,0.034491720418784906,0.014925373134329532,0.051461097092795755,-0.22000000000000064,0,-0.020000000000000018,0
up,2.1,406,406,0.03429600211331758,0.014925373134329532,0.05051228877814344,-0.22000000000000064,0,-0.020000000000000018,0
up,2.11,406,406,0.034098203197750046,0.014504940088291111,0.05051228877814344,-0.2184999999999997,0,-0.020000000000000018,0
up,2.12,406,406,0.033687550474180365,0.014925373134329532,0.050040827436037126,-0.21699999999999964,0,-0.020000000000000018,0
up,2.13,406,406,0.033250740778179674,0.014504940088291111,0.04969874616597342,-0.21350000000000247,0,-0.020000000000000018,0
up,2.14,406,406,0.033189018105481,0.014504940088291111,0.049334024616970985,-0.20599999999999952,0,-0.020000000000000018,0
up,2.15,406,406,0.03291094114596828,0.01395469591744014,0.04876792921596347,-0.2049999999999983,0,-0.020000000000000018,0
up,2.16,406,406,0.032618612042357484,0.01395469591744014,0.04830251493681154,-0.2005000000000008,0,-0.020000000000000018,0
up,2.17,406,406,0.031969273033701597,0.01376175746480622,0.04830251493681154,-0.2005000000000008,0,-0.020000000000000018,0
up,2.18,406,406,0.031828032981583154,0.01376175746480622,0.04830251493681154,-0.2005000000000008,0,-0.020000000000000018,0
up,2.19,406,406,0.03136440069038582,0.013856886840757823,0.04774360699027279,-0.20000000000000018,0,-0.020000000000000018,0
up,2.2,406,406,0.031042183738893295,0.013606071825249623,0.047489436710994405,-0.20000000000000018,0,-0.020000000000000018,0
up,2.21,406,406,0.03063424836606093,0.013155294233904762,0.047314270083739174,-0.1999999999999993,0,-0.020000000000000018,0
up,2.22,406,406,0.030584992817500448,0.013155294233904762,0.04714532896910416,-0.1999999999999993,0,-0.020000000000000018,0
up,2.23,406,406,0.030185126276934336,0.012246490693522417,0.04648369628879247,-0.19699999999999918,0,-0.020000000000000018,0
up,2.24,406,406,0.030094161910289345,0.012313638381810755,0.04535221991233226,-0.19500000000000295,0,-0.020000000000000018,0
up,2.25,406,406,0.029586558796536315,0.013155294233904762,0.04535221991233226,-0.18599999999999994,0,-0.020000000000000018,0
up,2.2600000000000002,406,406,0.029330868432560477,0.013155294233904762,0.04489126208889009,-0.18399999999999928,0,-0.020000000000000018,0
up,2.27,406,406,0.02890880322764843,0.011763054121036887,0.04399581671158161,-0.18399999999999928,0,-0.020000000000000018,0
up,2.2800000000000002,406,406,0.028708389457911834,0.01149767073049845,0.04399581671158161,-0.18100000000000005,0,-0.020000000000000018,0
up,2.29,406,406,0.028342410744433943,0.01149767073049845,0.04279115647463994,-0.1800000000000006,0,-0.019999999999999907,0
up,2.3000000000000003,406,406,0.02826659640652582,0.012246490693522417,0.04279115647463994,-0.1800000000000006,0,-0.019999999999999907,0
up,2.31,406,406,0.02809354013140762,0.01123630969289513,0.042685857752559654,-0.17999999999999972,0,-0.019999999999999796,0
up,2.32,406,406,0.027768187328331393,0.01149767073049845,0.042685857752559654,-0.17900000000000027,0,-0.019999999999999796,0
up,2.33,406,406,0.027598148395029623,0.01149767073049845,0.04243625128533617,-0.1775000000000002,0,-0.019999999999999574,0
up,2.34,406,406,0.02746175393234217,0.01149767073049845,0.04243625128533617,-0.1775000000000002,0,-0.019999999999999574,0
up,2.35,406,406,0.027158492095662817,0.01123630969289513,0.042225874186131676,-0.1769999999999996,0,-0.01949999999999985,0
up,2.36,406,406,0.026992584689577333,0.01123630969289513,0.04131879291577767,-0.17600000000000193,0,-0.018500000000000183,0
up,2.37,406,406,0.026763238166752364,0.011111454057223876,0.04050034746351586,-0.1739999999999995,0,-0.018000000000000127,0
up,2.38,406,406,0.026159487691313845,0.01123630969289513,0.039885345754209336,-0.16499999999999915,0,-0.017999999999999794,0
up,2.39,406,406,0.02566491585525281,0.01123630969289513,0.03962218785947251,-0.1620000000000008,0,-0.016999999999999904,0
up,2.4,406,406,0.02556053589246828,0.010959644487148701,0.039303765735735074,-0.16049999999999986,0,-0.016999999999999904,0
up,2.41,406,406,0.025393671222672706,0.011111454057223876,0.03914497900101814,-0.16000000000000014,0,-0.014000000000000012,0
up,2.42,406,406,0.025133075344811857,0.010536823425022202,0.03898715560680422,-0.16000000000000014,0,-0.012499999999999956,0
up,2.43,406,406,0.025016863128144905,0.010536823425022202,0.03834297638243378,-0.16000000000000014,0,-0.01100000000000012,0
up,2.44,406,406,0.024792668013201152,0.009828069158698622,0.03834297638243378,-0.16000000000000014,0,-0.01100000000000012,0
up,2.45,406,406,0.02437401187535099,0.010028149190710555,0.03807612944583666,-0.15749999999999975,0,-0.011500000000000066,0
up,2.46,406,406,0.024260945534192634,0.008975550669246315,0.03807612944583666,-0.15700000000000003,0,-0.01100000000000012,0
up,2.47,406,406,0.023737315845058393,0.008975550669246315,0.03642017878451202,-0.15700000000000003,0,-0.01000000000000012,0
up,2.48,406,406,0.023581849359218317,0.008975550669246315,0.03642017878451202,-0.15700000000000003,0,-0.008000000000000007,0
up,2.49,406,406,0.02353830709211756,0.008975550669246315,0.03607157766994229,-0.15500000000000114,0,-0.00649999999999995,0
up,2.5,406,406,0.02323851678946158,0.009360671118969557,0.03594591459604307,-0.14749999999999996,0,-0.008000000000000007,0
up,2.5100000000000002,406,406,0.023035929502118857,0.009360671118969557,0.035212592986391324,-0.1460000000000008,0,-0.008000000000000007,0
up,2.52,406,406,0.02278772152502598,0.009360671118969557,0.03450982515022008,-0.1449999999999978,0,-0.00649999999999995,0
up,2.5300000000000002,406,406,0.022508525883646376,0.008975550669246315,0.03450982515022008,-0.1449999999999978,0,-0.008000000000000007,0
up,2.54,406,406,0.022291834382339663,0.008499487143329609,0.03421261855819187,-0.1405000000000003,0,-0.008499999999999952,0
up,2.5500000000000003,406,406,0.022013166397823292,0.008499487143329609,0.03421261855819187,-0.14000000000000057,0,-0.008000000000000007,0
up,2.56,406,406,0.021740550641891468,0.008185641037767418,0.03396935732265121,-0.14000000000000057,0,-0.008000000000000007,0
up,2.57,406,406,0.021706398308151346,0.008185641037767418,0.033409436834094565,-0.13899999999999935,0,-0.0015000000000000568,0
up,2.58,406,406,0.021562568813412234,0.008499487143329609,0.03300501222431522,-0.13899999999999935,0,-0.0015000000000000568,0
up,2.59,406,406,0.021350318715890756,0.008185641037767418,0.03282174072329519,-0.13699999999999957,0,-0.0015000000000000568,0
up,2.6,406,406,0.02083443267801952,0.008185641037767418,0.03263672386559185,-0.1369999999999978,0,-0.0025000000000001688,0
up,2.61,406,406,0.020334634856266097,0.008871760242875247,0.032539130599078425,-0.13500000000000156,0,0,0
up,2.62,406,406,0.020201640755287457,0.008533922405037416,0.032342616720197705,-0.13500000000000156,0,0,0
up,2.63,406,406,0.01994399965514134,0.008100485373212831,0.032342616720197705,-0.13500000000000156,0,0,0
up,2.64,406,406,0.01985771148075718,0.00769959725183607,0.032342616720197705,-0.13350000000000062,0,0,0
up,2.65,406,406,0.019647639855617596,0.008021663601062705,0.032188961932612586,-0.1275000000000004,0,0,0
up,2.66,406,406,0.01957742451619145,0.007252470044145472,0.03213660543586991,-0.12599999999999856,0,0,0
up,2.67,406,406,0.019343270103923345,0.00769959725183607,0.03174348717792237,-0.12249999999999872,0,0,0
up,2.68,406,406,0.019226614819615462,0.006445103368750533,0.031127525465581764,-0.12150000000000105,0,0,0
up,2.69,406,406,0.019083066581113646,0.006445103368750533,0.03056976722233741,-0.12050000000000072,0,0,0
up,2.7,406,406,0.019010172346451474,0.005618154846447627,0.029744012555763893,-0.120000000000001,0,0,0
up,2.71,406,406,0.018867924528301903,0.005709900923062953,0.029023713055365642,-0.1200000000000001,0,0,0
up,2.72,406,406,0.018470819118346644,0.006445103368750533,0.028949037234227204,-0.11999999999999922,0,0,0
up,2.73,406,406,0.018448805816537774,0.005809018774187938,0.02869719118462667,-0.11700000000000088,0,0,0
up,2.74,406,406,0.018259237019135857,0.005809018774187938,0.028646488361722434,-0.11700000000000088,0,0,0
up,2.75,406,406,0.01797001262616684,0.005809018774187938,0.028408566201221078,-0.1169999999999991,0,0,0
up,2.7600000000000002,406,406,0.017668680974268502,0.005380231986346825,0.028408566201221078,-0.11599999999999966,0,0,0
up,2.77,406,406,0.017477296796532236,0.005380231986346825,0.028333535820411773,-0.11450000000000138,0,0,0
up,2.7800000000000002,406,406,0.01725536301359193,0.005130363861190662,0.028333535820411773,-0.11349999999999927,0,0,0
up,2.79,406,406,0.017115060546220723,0.005380231986346825,0.027469706687221818,-0.10749999999999993,0,0,0
up,2.8000000000000003,406,406,0.016966397512479598,0.005130363861190662,0.027022173134807877,-0.10650000000000048,0,0,0
up,2.81,406,406,0.016570690773266415,0.004848536813664011,0.026884602010858086,-0.10599999999999898,0,0,0
up,2.82,406,406,0.016447920531439408,0.004640121465031451,0.026380060813985168,-0.10299999999999887,0,0,0
up,2.83,406,406,0.016309275342104565,0.004640121465031451,0.025652832933237106,-0.10099999999999998,0,0,0
up,2.84,406,406,0.01619736514751931,0.004848536813664011,0.02554996493836207,-0.10000000000000142,0,0,0
up,2.85,406,406,0.016020344315681362,0.004799028186785778,0.02552591325610752,-0.10000000000000142,0,0,0
up,2.86,406,406,0.01590521996651078,0.004799028186785778,0.025321382745927636,-0.09999999999999964,0,0,0
up,2.87,406,406,0.015717153002933602,0.004799028186785778,0.024189308368101795,-0.09999999999999964,0,0,0
up,2.88,406,406,0.01530528845000681,0.004799028186785778,0.024184176092245376,-0.09949999999999992,0,0,0
up,2.89,406,406,0.01526188182232057,0.004640121465031451,0.024184176092245376,-0.09750000000000103,0,0,0
up,2.9,406,406,0.015146757382058545,0.004640121465031451,0.023882591567150464,-0.09700000000000042,0,0,0
up,2.91,406,406,0.014950171289296429,0.004640121465031451,0.02339093573548526,-0.09699999999999953,0,0,0
up,2.92,406,406,0.014744511704105734,0.0040077249782143835,0.023252413483543097,-0.09500000000000153,0,0,0
up,2.93,406,406,0.014336533478554927,0.004640121465031451,0.023191274229287552,-0.09399999999999853,0,0,0
up,2.94,406,406,0.013953013198828268,0.0040077249782143835,0.0228131577575546,-0.08949999999999836,0,0,0
up,2.95,406,406,0.013707322963662158,0.002193293477517258,0.0228131577575546,-0.08749999999999947,0,0,0
up,2.96,406,406,0.01359574251373507,0.004556399717689943,0.022725280204711432,-0.08650000000000002,0,0,0
up,2.97,406,406,0.013410092931940888,0.0039558297650288485,0.022153639047444256,-0.08599999999999941,0,0,0
up,2.98,406,406,0.013293764143244746,0.0039558297650288485,0.02178333200406015,-0.08399999999999874,0,0,0
up,2.99,406,406,0.013160426854218895,0.002193293477517258,0.02178333200406015,-0.0829999999999993,0,0,0
up,3,406,406,0.013079520882768092,0.002193293477517258,0.02161495928128452,-0.08199999999999719,0,0,0
up,3.0100000000000002,406,406,0.012742293461464788,0.0039558297650288485,0.02069928925522882,-0.08099999999999952,0,0,0
up,3.02,406,406,0.012506218057506423,0.0039558297650288485,0.02069928925522882,-0.08000000000000096,0,0,0
up,3.0300000000000002,406,406,0.012293684511785434,0.00443565836578947,0.020237098455823055,-0.08000000000000007,0,0,0
up,3.04,406,406,0.01225264140579922,4.897159647406139e-4,0.020070767555797262,-0.08000000000000007,0,0,0
up,3.0500000000000003,406,406,0.012129529906895793,0.0038869836263139097,0.01998948475289173,-0.07999999999999918,0,0,0
up,3.06,406,406,0.011997838661134009,0.002193293477517258,0.019657382912741363,-0.07949999999999946,0,0,0
up,3.0700000000000003,406,406,0.011816830248609808,0.002193293477517258,0.0192942612949943,-0.07850000000000001,0,0,0
up,3.08,406,406,0.011661807580174937,0.002193293477517258,0.01921700710692618,-0.07699999999999996,0,0,0
up,3.09,406,406,0.011465607263123314,0.002193293477517258,0.01889212193071112,-0.07699999999999818,0,0,0
up,3.1,406,406,0.011361998631344742,4.897159647406139e-4,0.01874879982294308,-0.07699999999999818,0,0,0
up,3.11,406,406,0.011270002635641405,0.002193293477517258,0.018507101429419758,-0.07500000000000195,0,0,0
up,3.12,406,406,0.011080056472696387,0,0.018507101429419758,-0.07349999999999923,0,0,0
up,3.13,406,406,0.010898871444102457,0,0.018268930302718027,-0.07049999999999912,0,0,0
up,3.14,406,406,0.010728488164641847,0,0.01809991809991772,-0.06600000000000072,0,0,0
up,3.15,406,406,0.010538549488146837,0,0.01784893192148993,-0.06599999999999984,0,0,0
up,3.16,406,406,0.010271029118098626,0,0.01784893192148993,-0.06549999999999834,0,0,0
up,3.17,406,406,0.010136870876919155,0,0.017838590745408837,-0.06499999999999773,0,0,0
up,3.18,406,406,0.009931964228447575,0,0.016692876455333412,-0.06399999999999917,0,0,0
up,3.19,406,406,0.009861298943563829,0,0.016178001903915135,-0.06199999999999761,0,0,0
up,3.2,406,406,0.0096694464936121,0,0.016061469670540115,-0.06050000000000111,0,0,0
up,3.21,406,406,0.009544419083994247,0,0.015760451079262258,-0.060000000000001386,0,0,0
up,3.22,406,406,0.009513515185005844,0,0.015718171488702942,-0.0600000000000005,0,0,0
up,3.23,406,406,0.009433962264150893,0,0.01546292295289018,-0.0600000000000005,0,0,0
up,3.24,406,406,0.009184085482715975,0,0.01520698788668223,-0.05999999999999872,0,0,0
up,3.25,406,406,0.008969033596011871,0,0.01520698788668223,-0.05999999999999872,0,0,0
up,3.2600000000000002,406,406,0.00882360233747902,0,0.015000572411782636,-0.058499999999998664,0,0,0
up,3.27,406,406,0.008577885276674841,0,0.014698316616206044,-0.056999999999999496,0,0,0
up,3.2800000000000002,406,406,0.008545692711653948,0,0.014658355557798486,-0.05699999999999861,0,0,0
up,3.29,406,406,0.008402825042218781,0,0.014319011184568292,-0.055000000000000604,0,0,0
up,3.3000000000000003,406,406,0.00830906438765581,0,0.01352455252847758,-0.05449999999999999,0,0,0
up,3.31,406,406,0.008165864911043898,0,0.01339634866019104,-0.051500000000002544,0,0,0
up,3.3200000000000003,406,406,0.007912391619152675,0,0.013132532565028715,-0.051500000000002544,0,0,0
up,3.33,406,406,0.007722582664565194,0,0.013033644823084558,-0.04800000000000182,0,0,0
up,3.34,406,406,0.007659004532396502,0,0.012646356386206745,-0.04800000000000093,0,0,0
up,3.35,406,406,0.0075685908888725485,0,0.01232860102228826,-0.045999999999999375,0,0,0
up,3.36,406,406,0.007295835930403451,0,0.012424843353559643,-0.045499999999998764,0,0,0
up,3.37,406,406,0.0072014569996131945,0,0.01218408862081654,-0.04299999999999926,0,0,0
up,3.38,406,406,0.006997117377661968,0,0.012138825942093638,-0.04249999999999865,0,0,0
up,3.39,406,406,0.006837626817522981,0,0.012061338068096705,-0.041000000000002146,0,0,0
up,3.4,406,406,0.006769119861685028,0,0.01150982839047562,-0.04099999999999948,0,0,0
up,3.41,406,406,0.006577566590324952,0,0.01135147546652546,-0.0400000000000027,0,0,0
up,3.42,406,406,0.006351795811491392,0,0.011195306439756796,-0.0400000000000027,0,0,0
up,3.43,406,406,0.006173304258432235,0,0.010680564111087934,-0.040000000000000036,0,0,0
up,3.44,406,406,0.006072551021332326,0,0.010299303251347055,-0.03999999999999915,0,0,0
up,3.45,406,406,0.006023835704075909,0,0.01014873932058728,-0.03999999999999915,0,0,0
up,3.46,406,406,0.005801034407890881,0,0.01007590180684649,-0.0389999999999997,0,0,0
up,3.47,406,406,0.005756330675149227,0,0.009774228363982517,-0.03849999999999909,0,0,0
up,3.48,406,406,0.005730429086396897,0,0.009572848566050996,-0.036999999999999034,0,0,0
up,3.49,406,406,0.005599454610932723,0,0.009464222599871088,-0.036999999999999034,0,0,0
up,3.5,406,406,0.005473179592524836,0,0.009256739047158204,-0.03450000000000042,0,0,0
up,3.5100000000000002,406,406,0.005229091770820907,0,0.009025981520329584,-0.03300000000000125,0,0,0
up,3.52,406,406,0.004963924188154005,0,0.008886111177325906,-0.03200000000000003,0,0,0
up,3.5300000000000002,406,406,0.004682307766993292,0,0.008608413805908875,-0.030999999999998806,0,0,0
up,3.54,406,406,0.004589647807575483,0,0.008329478877582229,-0.02999999999999936,0,0,0
up,3.5500000000000003,406,406,0.004453889128828265,0,0.008015809850689563,-0.028000000000002245,0,0,0
up,3.56,406,406,0.004386808542167711,0,0.008015809850689563,-0.02799999999999958,0,0,0
up,3.5700000000000003,406,406,0.004252735470035639,0,0.007911704770928715,-0.0259999999999998,0,0,0
up,3.58,406,406,0.004179769392033685,0,0.007711130707088526,-0.02499999999999858,0,0,0
up,3.59,406,406,0.0039952114924182176,0,0.007078281394390403,-0.021999999999998465,0,0,0
up,3.6,406,406,0.003880546605550258,0,0.007078281394390403,-0.021999999999998465,0,0,0
up,3.61,406,406,0.003777237598640884,0,0.006863932937743679,-0.021000000000000796,0,0,0
up,3.62,406,406,0.003646388305336134,0,0.006724931426331046,-0.02099999999999902,0,0,0
up,3.63,406,406,0.003445590442688201,0,0.0062671838177534136,-0.02000000000000135,0,0,0
up,3.64,406,406,0.003312702660977431,0,0.006134886509771554,-0.020000000000000906,0,0,0
up,3.65,406,406,0.003163365666677494,0,0.0059435495266356286,-0.019999999999999574,0,0,0
up,3.66,406,406,0.0030527501696195536,0,0.005719362882489514,-0.019999999999999574,0,0,0
up,3.67,406,406,0.0029154518950436693,0,0.005619798445205796,-0.019999999999999574,0,0,0
up,3.68,406,406,0.0028190517386621735,0,0.005428465721760072,-0.019999999999999574,0,0,0
up,3.69,406,406,0.002685531288772053,0,0.005141775392125713,-0.019000000000001016,0,0,0
up,3.7,406,406,0.002685531288772053,0,0.005161442295423564,-0.019000000000001016,0,0,0
up,3.71,406,406,0.002421510060671937,0,0.004975124378109259,-0.01699999999999946,0,0,0
up,3.72,406,406,0.0022040835292794062,0,0.004975124378109259,-0.016499999999999737,0,0,0
up,3.73,406,406,0.001959226787718672,0,0.004589325986228544,-0.015000000000000568,0,0,0
up,3.74,406,406,0.0018402190289521884,0,0.0045010528674098126,-0.015000000000000568,0,0,0
up,3.75,406,406,0.001576052937494284,0,0.004056977289754739,-0.012999999999998124,0,0,0
up,3.7600000000000002,406,406,0.0013519115686297942,0,0.0038552366482810757,-0.010999999999999233,0,0,0
up,3.77,406,406,0.0012682313279676876,0,0.0036422218372559904,-0.009999999999998899,0,0,0
up,3.7800000000000002,406,406,0.0010600661281500792,0,0.0032253073010903043,-0.007999999999999119,0,0,0
up,3.79,406,406,9.666910753118973e-4,0,0.0031447291453032583,-0.007999999999999119,0,0,0
up,3.8000000000000003,406,406,8.539709649871235e-4,0,0.0029955124992469447,-0.006999999999999673,0,0,0
up,3.81,406,406,7.732674451290709e-4,0,0.0029393618187973604,-0.006000000000000227,0,0,0
up,3.8200000000000003,406,406,6.504857914754413e-4,0,0.002622561070973541,-0.004999999999999005,0,0,0
up,3.83,406,406,3.0679576612440524e-4,0,0.0021465110412564117,-0.002000000000000668,0,0,0
up,3.84,406,406,1.5414178208565443e-4,-1.9440142783756447e-4,0.0018794692638898118,-0.0010000000000012221,0,0,0
up,3.85,406,406,0,-3.242550676158069e-4,0.0017447399756318292,0,0,0,0
up,3.86,406,406,0,-5.027779175086199e-4,0.0014250394716132178,0,0,0,0
up,3.87,406,406,0,-6.040254826519818e-4,0.0013613198181784002,0,0,0,0
up,3.88,406,406,0,-7.304991673163831e-4,0.0012310136993312357,0,0,0,0
up,3.89,406,406,0,-8.823327206382368e-4,0.001100572458025849,0,0,0,0
up,3.9,406,406,0,-0.0010967686490432962,8.721980142217884e-4,0,0,0,0
up,3.91,406,406,0,-0.0011694947774748962,7.888727251456129e-4,0,0,0,0
up,3.92,406,406,0,-0.001470540304039849,5.747280198736099e-4,0,0,0,0
up,3.93,406,406,0,-0.0016178307720224505,4.5024763620006027e-4,0,0,0,0
up,3.94,406,406,-1.101079818214548e-4,-0.001924746996584981,1.7568728536894007e-4,9.999999999994458e-4,0,0,0
up,3.95,406,406,-3.002101831643027e-4,-0.0021299278682574236,3.4623641022132196e-5,0.0019999999999988916,0,0,0
up,3.96,406,406,-3.8654467950040105e-4,-0.002159674192137702,0,0.0030000000000001137,0,0,0
up,3.97,406,406,-4.897319709950644e-4,-0.002272791188457521,0,0.0030000000000001137,0,0,0
up,3.98,406,406,-6.54274113039171e-4,-0.0026009662296394708,0,0.004999999999999005,0,0,0
up,3.99,406,406,-7.791556559094406e-4,-0.0029175382943264702,0,0.006000000000000227,0,0,0
