hold_id,branch,n_samples,full_modal_n,is_full_hold,u_prev_v,u_cmd_v,delta_u_v,duration_s,tail_n_samples,s_start_mm,s_terminal_mm,p_start_bar,p_terminal_bar,displacement_step_mm,s_terminal_sd_mm,p_terminal_sd_bar,s_terminal_slope_mm_s,p_terminal_slope_bar_s,accepted_for_creep,exclusion_reason
1,start,1,400,FALSE,0,0,0,0.01,5,-0,0,-0.3,-0.3,0,NA,NA,0,0,FALSE,startup_or_zero_command_hold
2,up,400,400,TRUE,0,4.074,4.074,4,20,-0.01,9.968,-0.3,2.1,9.978,0.010052493799000478,0,0.14436090225564413,0,TRUE,NA
3,down,400,400,TRUE,4.074,2.053,-2.021,4,20,9.98,4.263,2.1,0.88,-5.7170000000000005,0.007326950970650634,0,-0.07368421052631982,0,TRUE,NA
4,down,400,400,TRUE,2.053,1.538,-0.5149999999999999,4,20,4.26,2.919,0.88,0.58,-1.3409999999999997,0.004472135954999583,0,-0.019548872180450035,0,TRUE,NA
5,up,400,400,TRUE,1.538,2.58,1.042,4,20,2.92,5.02,0.58,1.2,2.0999999999999996,0,0,0,0,TRUE,NA
6,up,400,400,TRUE,2.58,6.557,3.9770000000000003,4,20,5.02,22.044999999999998,1.2,3.58,17.025,0.018209309360006132,0,0.29022556390974535,0,TRUE,NA
7,down,400,400,TRUE,6.557,5.764,-0.7930000000000001,4,20,22.08,19.68,3.58,3.12,-2.3999999999999986,0,0,0,0,TRUE,NA
8,up,400,400,TRUE,5.764,6.43,0.6659999999999995,4,20,19.68,22.315,3.12,3.52,2.6350000000000016,0.008885233166386196,0,0.11278195488721825,0,TRUE,NA
9,up,400,400,TRUE,6.43,7.088,0.6580000000000004,4,20,22.32,25.770000000000003,3.52,3.9,3.450000000000003,0.010259783520851322,0,0.15037593984964817,0,TRUE,NA
10,down,400,400,TRUE,7.088,6.548,-0.54,4,20,25.78,24.5,3.9,3.58,-1.2800000000000011,0,0,0,0,TRUE,NA
11,down,400,400,TRUE,6.548,5.598,-0.9500000000000002,4,20,24.5,20.48,3.58,3.02,-4.02,0,0,0,0,TRUE,NA
12,up,400,400,TRUE,5.598,6.232,0.6340000000000003,4,20,20.48,22.64,3.02,3.4,2.16,0,0,0,0,TRUE,NA
13,down,400,400,TRUE,6.232,4.968,-1.2640000000000002,4,20,22.64,17.433,3.4,2.6350000000000002,-5.207000000000001,0.00978720969859165,0.008885233166386394,-0.1278195488722032,-0.007518796992482557,TRUE,NA
14,up,400,400,TRUE,4.968,6.087,1.1189999999999998,4,20,17.42,21.86,2.64,3.3,4.439999999999998,0,0,0,0,TRUE,NA
15,down,400,400,TRUE,6.087,3.795,-2.292,4,20,21.86,11.664,3.3,1.92,-10.196,0.012311740225021586,0,-0.1804511278195445,0,TRUE,NA
16,up,400,400,TRUE,3.795,4.877,1.0819999999999999,4,20,11.64,15.62,1.92,2.58,3.9799999999999986,0,0,0,0,TRUE,NA
17,down,400,400,TRUE,4.877,3.982,-0.8949999999999996,4,20,15.62,12.315000000000001,2.58,2.04,-3.304999999999998,0.008885233166386196,0,-0.11278195488722213,0,TRUE,NA
18,down,400,400,TRUE,3.982,3.247,-0.7350000000000003,4,20,12.3,9.159,2.04,1.6,-3.141,0.004472135954999484,0,-0.028571428571418426,0,TRUE,NA
19,down,400,400,TRUE,3.247,2.857,-0.3899999999999997,4,20,9.14,7.54,1.6,1.36,-1.6000000000000005,0,0,0,0,TRUE,NA
20,down,400,400,TRUE,2.857,1.62,-1.237,4,20,7.54,3.64,1.36,0.62,-3.9,0,0,0,0,TRUE,NA
21,up,400,400,TRUE,1.62,4.532,2.912,4,20,3.64,12.898,0.62,2.36,9.258,0.006155870112510793,0,0.05413533834584623,0,TRUE,NA
22,down,400,400,TRUE,4.532,3.142,-1.3900000000000001,4,20,12.92,8.242,2.36,1.54,-4.677999999999999,0.006155870112510793,0,-0.0511278195488676,0,TRUE,NA
23,down,400,400,TRUE,3.142,2.808,-0.3340000000000001,4,20,8.24,7.06,1.54,1.34,-1.1800000000000006,0,0,0,0,FALSE,small_command_step
24,up,400,400,TRUE,2.808,3.745,0.9370000000000003,4,20,7.06,9.7,1.34,1.9,2.6399999999999997,0,0,0,0,TRUE,NA
25,down,400,400,TRUE,3.745,3.212,-0.5329999999999999,4,20,9.7,8.32,1.9,1.58,-1.379999999999999,0,0,0,0,TRUE,NA
26,down,400,400,TRUE,3.212,2.608,-0.6040000000000001,4,20,8.32,6.414,1.58,1.22,-1.9060000000000006,0.009403246919632345,0,-0.12631578947368266,0,TRUE,NA
27,up,400,400,TRUE,2.608,3.227,0.6189999999999998,4,20,6.4,7.82,1.22,1.58,1.42,0,0,0,0,TRUE,NA
28,down,400,400,TRUE,3.227,2.16,-1.0669999999999997,4,20,7.82,5,1.58,0.94,-2.8200000000000003,0,0,0,0,TRUE,NA
29,up,400,400,TRUE,2.16,4.834,2.6739999999999995,4,20,4.98,14.009,0.94,2.54,9.029,0.010208355710680591,0,0.14887218045113093,0,TRUE,NA
30,up,400,400,TRUE,4.834,6.804,1.9700000000000006,4,20,14.02,24.407,2.54,3.74,10.387,0.011742858972249403,0,0.17293233082707002,0,TRUE,NA
31,down,400,400,TRUE,6.804,5.135,-1.6690000000000005,4,20,24.42,17.68,3.74,2.74,-6.740000000000002,0,0,0,0,TRUE,NA
32,up,400,400,TRUE,5.135,6.906,1.771,4,20,17.68,25.291,2.74,3.8,7.611000000000001,0.010208355710680591,0,0.14887218045111858,0,TRUE,NA
33,down,400,400,TRUE,6.906,4.717,-2.189,4,20,25.3,16.038,3.8,2.48,-9.262,0.006155870112510793,0,-0.054135338345863086,0,TRUE,NA
34,up,400,400,TRUE,4.717,5.046,0.3290000000000006,4,20,16.02,16.9,2.48,2.68,0.879999999999999,0,0,0,0,FALSE,small_command_step
35,up,400,400,TRUE,5.046,5.709,0.6629999999999994,4,20,16.9,19.92,2.68,3.08,3.020000000000003,0,0,0,0,TRUE,NA
36,down,400,400,TRUE,5.709,3.634,-2.0749999999999997,4,20,19.92,10.92,3.08,1.82,-9.000000000000002,0.009176629354822274,0,-0.10827067669173711,0,TRUE,NA
37,up,400,400,TRUE,3.634,3.976,0.3420000000000001,4,20,10.9,11.72,1.82,2.04,0.8200000000000003,0,0,0,0,FALSE,small_command_step
38,up,400,400,TRUE,3.976,4.873,0.8970000000000002,4,20,11.72,15.363,2.04,2.58,3.642999999999999,0.007326950970650959,0,0.07669172932331439,0,TRUE,NA
39,down,400,400,TRUE,4.873,3.347,-1.5260000000000002,4,20,15.38,9.610999999999999,2.58,1.66,-5.769000000000002,0.010208355710680591,0,-0.14887218045113798,0,TRUE,NA
40,up,400,400,TRUE,3.347,3.736,0.38900000000000023,4,20,9.6,10.52,1.66,1.88,0.9199999999999999,0,0,0,0,FALSE,small_displacement_step
41,down,400,400,TRUE,3.736,2.013,-1.7230000000000003,4,20,10.52,4.893,1.88,0.86,-5.627,0.009787209698592083,0,-0.13684210526315557,0,TRUE,NA
42,up,400,400,TRUE,2.013,4.638,2.625,4,20,4.88,13.64,0.86,2.44,8.760000000000002,0,0,0,0,TRUE,NA
43,down,400,400,TRUE,4.638,1.982,-2.6559999999999997,4,20,13.66,4.76,2.44,0.84,-8.9,0,0,0,0,TRUE,NA
44,up,400,400,TRUE,1.982,3.311,1.329,4,20,4.76,8.14,0.84,1.62,3.380000000000001,0,0,0,0,TRUE,NA
45,down,400,400,TRUE,3.311,2.371,-0.94,4,20,8.14,5.68,1.62,1.08,-2.460000000000001,0,0,0,0,TRUE,NA
46,down,400,400,TRUE,2.371,1.872,-0.4989999999999999,4,20,5.68,4.24,1.08,0.78,-1.4399999999999995,0,0,0,0,TRUE,NA
47,up,400,400,TRUE,1.872,3.38,1.5079999999999998,4,20,4.24,8.107,0.78,1.68,3.866999999999999,0.00978720969859165,0,0.136842105263146,0,TRUE,NA
48,down,400,400,TRUE,3.38,1.526,-1.8539999999999999,4,20,8.12,3.28,1.68,0.56,-4.84,0,0,0,0,TRUE,NA
49,up,400,400,TRUE,1.526,4.813,3.287,4,20,3.28,13.921,0.56,2.54,10.641,0.010208355710680591,0,0.13082706766916577,0,TRUE,NA
50,down,400,400,TRUE,4.813,1.669,-3.1439999999999997,4,20,13.94,3.681,2.54,0.65,-10.259,0.004472135954999583,0.01025978352085155,-0.028571428571422752,0.15037593984962463,TRUE,NA
51,up,400,400,TRUE,1.669,4.066,2.397,4,20,3.68,10.673,0.66,2.08,6.993,0.00978720969859165,0,0.13684210526316426,0,TRUE,NA
52,up,400,400,TRUE,4.066,5.064,0.9980000000000002,4,20,10.68,15.35,2.08,2.68,4.67,0.010259783520851322,0,0.1503759398495907,0,TRUE,NA
53,down,400,400,TRUE,5.064,2.014,-3.0500000000000003,4,20,15.36,4.695,2.68,0.86,-10.665,0.008885233166386591,0,-0.11278195488721915,0,TRUE,NA
54,up,400,400,TRUE,2.014,2.705,0.6910000000000003,4,20,4.68,6.08,0.86,1.26,1.4000000000000004,0,0,0,0,TRUE,NA
55,up,400,400,TRUE,2.705,4.668,1.963,4,20,6.08,13.341,1.26,2.46,7.260999999999999,0.004472135954999484,0,0.02857142857139994,0,TRUE,NA
56,down,400,400,TRUE,4.668,2.508,-2.16,4,20,13.36,6.093999999999999,2.46,1.16,-7.266,0.009403246919632345,0,-0.12330827067668741,0,TRUE,NA
57,down,400,400,TRUE,2.508,2.133,-0.375,4,20,6.08,4.9,1.16,0.94,-1.1799999999999997,0,0,0,0,TRUE,NA
58,down,400,400,TRUE,2.133,1.656,-0.4770000000000001,4,20,4.9,3.55,0.94,0.64,-1.3500000000000005,0.01025978352085155,0,-0.11428571428571857,0,TRUE,NA
59,up,400,400,TRUE,1.656,4.739,3.083,4,20,3.54,13.46,0.64,2.48,9.920000000000002,0.011239029738980586,0,0.15338345864664701,0,TRUE,NA
60,up,400,400,TRUE,4.739,5.423,0.6840000000000002,4,20,13.48,17.188,2.5,2.9,3.7079999999999984,0.010052493799000478,0,0.14436090225561896,0,TRUE,NA
61,down,400,400,TRUE,5.423,4.433,-0.9900000000000002,4,20,17.2,13.52,2.9,2.3,-3.6799999999999997,0,0,0,0,TRUE,NA
62,up,400,400,TRUE,4.433,5.897,1.4640000000000004,4,20,13.52,19.946,2.3,3.1820000000000004,6.426000000000002,0.009403246919632345,0.00615587011251093,0.12631578947370095,-0.04210526315789614,TRUE,NA
63,down,400,400,TRUE,5.897,4.771,-1.1260000000000003,4,20,19.96,15.56,3.18,2.509,-4.4,0,0.010208355710680819,0,0.03157894736842513,TRUE,NA
64,up,400,400,TRUE,4.771,6.843,2.072,4,20,15.56,24.96,2.52,3.76,9.4,0.014509525002199923,0,0.22556390977441435,0,TRUE,NA
65,down,400,400,TRUE,6.843,4.691,-2.152,4,20,24.98,15.78,3.76,2.46,-9.200000000000001,0,0,0,0,TRUE,NA
66,up,400,400,TRUE,4.691,6.694,2.003,4,20,15.78,24.509999999999998,2.46,3.66,8.729999999999999,0.010259783520851322,0,0.15037593984965641,0,TRUE,NA
67,up,400,400,TRUE,6.694,7.136,0.44200000000000017,4,20,24.52,26.741,3.66,3.94,2.221,0.004472135955000279,0,0.028571428571453793,0,TRUE,NA
68,down,400,400,TRUE,7.136,4.958,-2.178,4,20,26.76,17.659,3.94,2.62,-9.101000000000003,0.004472135954999484,0,-0.028571428571434892,0,TRUE,NA
69,down,400,400,TRUE,4.958,3.767,-1.1910000000000003,4,20,17.64,11.741,2.62,1.92,-5.899000000000001,0.007880689256523955,0,-0.08270676691728897,0,TRUE,NA
70,up,400,400,TRUE,3.767,4.992,1.225,4,20,11.72,16.361,1.92,2.64,4.641,0.004472135954999484,0,0.028571428571406324,0,TRUE,NA
71,up,400,400,TRUE,4.992,5.405,0.41300000000000026,4,20,16.38,18.42,2.64,2.893,2.0400000000000027,0,0.009787209698591866,0,0.10977443609022665,TRUE,NA
72,up,400,400,TRUE,5.405,6.697,1.2919999999999998,4,20,18.42,24.836,2.88,3.68,6.415999999999997,0.008207826816681058,0,0.0962406015037565,0,TRUE,NA
73,down,400,400,TRUE,6.697,5.66,-1.037,4,20,24.86,21.1,3.68,3.04,-3.759999999999998,0,0,0,0,TRUE,NA
74,up,400,400,TRUE,5.66,6.617,0.9569999999999999,4,20,21.1,24.74,3.04,3.62,3.639999999999997,0,0,0,0,TRUE,NA
75,down,400,400,TRUE,6.617,4.189,-2.428,4,20,24.74,14.033,3.62,2.16,-10.706999999999999,0.00978720969859165,0,-0.13684210526315105,0,TRUE,NA
76,down,400,400,TRUE,4.189,3.76,-0.42900000000000027,4,20,14.02,11.839,2.16,1.9,-2.180999999999999,0.004472135954999484,0,-0.02857142857143119,0,TRUE,NA
77,up,400,400,TRUE,3.76,6.139,2.3790000000000004,4,20,11.82,22.189,1.9,3.34,10.369,0.010208355710680591,0,0.1488721804511529,0,TRUE,NA
78,down,400,400,TRUE,6.139,3.239,-2.9000000000000004,4,20,22.2,9.66,3.34,1.6,-12.54,0.009176629354822274,0,-0.10827067669171747,0,TRUE,NA
79,down,400,400,TRUE,3.239,2.018,-1.221,4,20,9.64,5.145,1.6,0.86,-4.495000000000001,0.008885233166386591,0,-0.11278195488721392,0,TRUE,NA
80,up,400,400,TRUE,2.018,2.488,0.4700000000000002,4,20,5.14,5.96,0.86,1.14,0.8200000000000003,0,0,0,0,FALSE,small_displacement_step
81,up,400,400,TRUE,2.488,3.723,1.2349999999999999,4,20,5.96,9.9,1.14,1.88,3.9400000000000004,0,0,0,0,TRUE,NA
82,down,400,400,TRUE,3.723,1.476,-2.247,4,20,9.9,3.4059999999999997,1.88,0.52,-6.494000000000001,0.014653901941300942,0,-0.22556390977443902,0,TRUE,NA
83,up,400,400,TRUE,1.476,3.674,2.198,4,20,3.4,9.439,0.52,1.84,6.039,0.004472135954999484,0,0.028571428571435343,0,TRUE,NA
84,down,400,400,TRUE,3.674,1.558,-2.1159999999999997,4,20,9.44,3.508,1.84,0.575,-5.9319999999999995,0.010052493799000702,0.008885233166386345,-0.027067669172931255,0.11278195488721814,TRUE,NA
85,up,400,400,TRUE,1.558,2.88,1.3219999999999998,4,20,3.52,6.58,0.58,1.38,3.06,0,0,0,0,TRUE,NA
86,up,400,400,TRUE,2.88,4.185,1.3049999999999997,4,20,6.58,11.38,1.38,2.16,4.800000000000001,0,0,0,0,TRUE,NA
87,up,400,400,TRUE,4.185,4.585,0.40000000000000036,4,20,11.38,13.36,2.16,2.4,1.9799999999999986,0,0,0,0,TRUE,NA
88,down,400,400,TRUE,4.585,3.137,-1.448,4,20,13.36,8.375,2.4,1.54,-4.984999999999999,0.008885233166386985,0,-0.11278195488721225,0,TRUE,NA
89,down,400,400,TRUE,3.137,1.737,-1.4,4,20,8.36,4.02,1.54,0.7,-4.34,0,0,0,0,TRUE,NA
90,up,400,400,TRUE,1.737,5.265,3.5279999999999996,4,20,4.02,16.549999999999997,0.7,2.8,12.529999999999998,0.010259783520851322,0,0.15037593984959,0,TRUE,NA
91,up,400,400,TRUE,5.265,6.372,1.1070000000000002,4,20,16.56,22.751,2.8,3.48,6.1910000000000025,0.010208355710682404,0,0.14887218045117515,0,TRUE,NA
92,up,400,400,TRUE,6.372,7.094,0.7220000000000004,4,20,22.76,26.544999999999998,3.48,3.9,3.7849999999999966,0.008885233166386196,0,0.11278195488724757,0,TRUE,NA
93,down,400,400,TRUE,7.094,5.86,-1.234,4,20,26.56,22.158,3.9,3.16,-4.4019999999999975,0.006155870112510793,0,-0.03007518796992192,0,TRUE,NA
94,down,400,400,TRUE,5.86,3.543,-2.317,4,20,22.14,10.715,3.16,1.78,-11.425,0.008885233166386985,0,-0.1127819548872137,0,TRUE,NA
95,up,400,400,TRUE,3.543,5.734,2.191,4,20,10.7,20.064999999999998,1.78,3.08,9.364999999999998,0.008885233166386196,0,0.11278195488719955,0,TRUE,NA
96,up,400,400,TRUE,5.734,6.482,0.7480000000000002,4,20,20.08,23.977,3.08,3.54,3.897000000000002,0.007326950970650309,0,0.07669172932331074,0,TRUE,NA
97,down,400,400,TRUE,6.482,5.133,-1.3490000000000002,4,20,23.98,18.52,3.54,2.72,-5.460000000000001,0,0,0,0,TRUE,NA
98,up,400,400,TRUE,5.133,6.325,1.1920000000000002,4,20,18.52,23.408,2.72,3.44,4.888000000000002,0.010052493799002263,0,0.1443609022556981,0,TRUE,NA
99,up,400,400,TRUE,6.325,7.037,0.7119999999999997,4,20,23.42,26.737,3.44,3.8729999999999998,3.3169999999999966,0.007326950970650309,0.009787209698591866,0.07669172932337602,-0.02556390977442678,TRUE,NA
100,down,400,400,TRUE,7.037,6.695,-0.34199999999999964,4,20,26.74,26.1,3.88,3.672,-0.639999999999997,0,0.010052493799000702,0,0.14436090225564546,FALSE,small_command_step
101,down,400,400,TRUE,6.695,5.197,-1.4980000000000002,4,20,26.1,19.492,3.68,2.76,-6.6080000000000005,0.010052493799000478,0,-0.14436090225564682,0,TRUE,NA
102,down,400,400,TRUE,5.197,2.105,-3.092,4,20,19.48,5.659,2.76,0.92,-13.821000000000002,0.004472135954999683,0,-0.028571428571424504,0,TRUE,NA
103,up,400,400,TRUE,2.105,3.017,0.9119999999999999,4,20,5.64,7.82,0.92,1.46,2.1800000000000006,0,0,0,0,TRUE,NA
104,up,400,400,TRUE,3.017,4.766,1.749,4,20,7.82,14.967,1.46,2.5,7.147,0.00978720969859165,0,0.13684210526313667,0,TRUE,NA
105,down,400,400,TRUE,4.766,2.528,-2.238,4,20,14.98,6.738,2.5,1.16,-8.242,0.006155870112511066,0,-0.05413533834585881,0,TRUE,NA
106,up,400,400,TRUE,2.528,6.174,3.6460000000000004,4,20,6.72,22.162,1.16,3.36,15.442,0.012814465510343475,0,0.18947368421055674,0,TRUE,NA
107,down,400,400,TRUE,6.174,5.603,-0.5710000000000006,4,20,22.18,20.44,3.36,3.02,-1.7399999999999984,0,0,0,0,TRUE,NA
108,down,400,400,TRUE,5.603,3.138,-2.465,4,20,20.44,9.107,3.02,1.52,-11.333000000000002,0.00978720969859165,0,-0.13684210526317467,0,TRUE,NA
109,up,400,400,TRUE,3.138,5.269,2.1310000000000002,4,20,9.1,17.721999999999998,1.52,2.8,8.621999999999998,0.006155870112510793,0,0.054135338345873085,0,TRUE,NA
110,up,400,400,TRUE,5.269,6.536,1.2669999999999995,4,20,17.74,24.306,2.8,3.58,6.5660000000000025,0.009403246919632345,0,0.12631578947366545,0,TRUE,NA
111,down,400,400,TRUE,6.536,5.807,-0.7289999999999992,4,20,24.32,21.94,3.58,3.14,-2.379999999999999,0,0,0,0,TRUE,NA
112,down,400,400,TRUE,5.807,4.182,-1.625,4,20,21.94,14,3.14,2.16,-7.940000000000001,0,0,0,0,TRUE,NA
113,up,400,400,TRUE,4.182,6.503,2.3209999999999997,4,20,13.98,24.278000000000002,2.16,3.54,10.298000000000002,0.008944271909998969,0,0.10526315789472937,0,TRUE,NA
114,down,400,400,TRUE,6.503,6.118,-0.3849999999999998,4,20,24.3,23.36,3.54,3.32,-0.9400000000000013,0,0,0,0,FALSE,small_displacement_step
115,down,400,400,TRUE,6.118,4.213,-1.9050000000000002,4,20,23.36,14.343,3.32,2.18,-9.017,0.007326950970650309,0,-0.07669172932332423,0,TRUE,NA
116,up,400,400,TRUE,4.213,4.895,0.6819999999999995,4,20,14.34,16.688,2.18,2.58,2.347999999999999,0.010052493799000478,0,0.12330827067670756,0,TRUE,NA
117,up,400,400,TRUE,4.895,6.5,1.6050000000000004,4,20,16.7,24.332,2.58,3.54,7.6320000000000014,0.010052493799000478,0,0.14436090225564913,0,TRUE,NA
118,down,400,400,TRUE,6.5,3.794,-2.706,4,20,24.34,12.391,3.54,1.92,-11.949,0.010208355710680591,0,-0.14887218045112444,0,TRUE,NA
119,up,400,400,TRUE,3.794,6.99,3.196,4,20,12.38,26.572999999999997,1.92,3.84,14.192999999999996,0.00978720969859165,0,0.13684210526314577,0,TRUE,NA
120,down,400,400,TRUE,6.99,4.456,-2.534,4,20,26.6,15.607,3.84,2.32,-10.993000000000002,0.00978720969859165,0,-0.13684210526317056,0,TRUE,NA
121,down,400,400,TRUE,4.456,3.285,-1.1710000000000003,4,20,15.6,10.089,2.32,1.62,-5.510999999999999,0.010208355710680591,0,-0.14887218045111,0,TRUE,NA
122,down,400,400,TRUE,3.285,2.259,-1.0260000000000002,4,20,10.08,6.122,1.62,1,-3.958,0.006155870112510793,0,-0.05413533834586696,0,TRUE,NA
123,up,400,400,TRUE,2.259,3.012,0.7530000000000001,4,20,6.12,7.86,1,1.46,1.7400000000000002,0,0,0,0,TRUE,NA
124,down,400,400,TRUE,3.012,2.319,-0.6930000000000001,4,20,7.86,6.035,1.46,1.04,-1.8250000000000002,0.008885233166386591,0,-0.11278195488722045,0,TRUE,NA
125,down,400,400,TRUE,2.319,0.998,-1.321,4,20,6.02,2.3819999999999997,1.04,0.256,-3.638,0.01436369692919217,0.00820782681668124,-0.2225563909774426,-0.09624060150375978,TRUE,NA
126,up,400,400,TRUE,0.998,2.439,1.441,4,20,2.36,5.36,0.24,1.1,3.0000000000000004,0,0,0,0,TRUE,NA
127,down,400,400,TRUE,2.439,1.35,-1.089,4,20,5.36,2.923,1.1,0.451,-2.4370000000000003,0.007326950970650471,0.010208355710680819,-0.07669172932330762,0.14887218045112927,TRUE,NA
128,up,400,400,TRUE,1.35,2.591,1.241,4,20,2.92,5.64,0.46,1.2,2.7199999999999998,0,0,0,0,TRUE,NA
129,down,400,400,TRUE,2.591,1.149,-1.4420000000000002,4,20,5.64,2.46,1.2,0.331,-3.1799999999999997,0.014509525002200246,0.010208355710680819,-0.22556390977443552,-0.14887218045112824,TRUE,NA
130,up,400,400,TRUE,1.149,6.369,5.22,4,20,2.44,22.628,0.32,3.46,20.188,0.015078740698500718,0,0.231578947368434,0,TRUE,NA
131,down,400,400,TRUE,6.369,4.273,-2.096,4,20,22.66,13.56,3.46,2.2,-9.1,0,0,0,0,TRUE,NA
132,down,400,400,TRUE,4.273,2.511,-1.7619999999999996,4,20,13.56,6.46,2.2,1.16,-7.1000000000000005,0,0,0,0,TRUE,NA
133,up,400,400,TRUE,2.511,3.419,0.9079999999999999,4,20,6.46,8.86,1.16,1.7,2.3999999999999995,0,0,0,0,TRUE,NA
134,up,400,400,TRUE,3.419,4.074,0.6549999999999998,4,20,8.86,11.4,1.7,2.1,2.540000000000001,0,0,0,0,TRUE,NA
135,down,400,400,TRUE,4.074,1.595,-2.479,4,20,11.4,3.724,2.1,0.592,-7.676,0.00820782681668124,0.010052493799000702,-0.09624060150375822,0.12030075187969871,TRUE,NA
136,up,400,400,TRUE,1.595,2.495,0.9000000000000001,4,20,3.72,5.56,0.6,1.14,1.8399999999999994,0,0,0,0,TRUE,NA
137,down,400,400,TRUE,2.495,1.036,-1.459,4,20,5.56,2.268,1.14,0.274,-3.292,0.011964860832322332,0.009403246919632553,-0.17744360902255388,-0.12631578947368452,TRUE,NA
138,up,400,400,TRUE,1.036,3.329,2.293,4,20,2.24,7.914,0.26,1.64,5.6739999999999995,0.009403246919632345,0,0.12631578947368044,0,TRUE,NA
139,up,400,400,TRUE,3.329,4.313,0.9839999999999995,4,20,7.92,11.975000000000001,1.64,2.24,4.0550000000000015,0.008885233166386196,0,0.11278195488722084,0,TRUE,NA
140,down,400,400,TRUE,4.313,2.999,-1.3139999999999996,4,20,11.98,7.74,2.24,1.44,-4.24,0,0,0,0,TRUE,NA
141,up,400,400,TRUE,2.999,3.422,0.42300000000000004,4,20,7.74,8.72,1.44,1.7,0.9800000000000004,0,0,0,0,FALSE,small_displacement_step
142,up,400,400,TRUE,3.422,5.661,2.2389999999999994,4,20,8.72,18.904,1.7,3.04,10.184,0.013917047478770395,0,0.2135338345864854,0,TRUE,NA
143,up,400,400,TRUE,5.661,6.664,1.0030000000000001,4,20,18.92,24.508,3.04,3.64,5.587999999999997,0.010052493799000478,0,0.14436090225566076,0,TRUE,NA
144,down,400,400,TRUE,6.664,5.197,-1.4669999999999996,4,20,24.52,18.58,3.64,2.76,-5.940000000000001,0,0,0,0,TRUE,NA
145,down,400,400,TRUE,5.197,4.519,-0.6779999999999999,4,20,18.58,15.217,2.76,2.36,-3.3629999999999978,0.007326950970650959,0,-0.07368421052634326,0,TRUE,NA
146,down,400,400,TRUE,4.519,2.684,-1.835,4,20,15.2,7.3100000000000005,2.36,1.26,-7.889999999999999,0.010259783520851778,0,-0.15037593984963227,0,TRUE,NA
147,down,400,400,TRUE,2.684,1.147,-1.5370000000000001,4,20,7.3,2.7060000000000004,1.26,0.335,-4.593999999999999,0.014653901941300942,0.008885233166386394,-0.2255639097744387,-0.1037593984962406,TRUE,NA
148,up,400,400,TRUE,1.147,2.975,1.828,4,20,2.68,7,0.32,1.42,4.32,0,0,0,0,TRUE,NA
149,down,400,400,TRUE,2.975,2.144,-0.831,4,20,7,5.0169999999999995,1.42,0.94,-1.9830000000000005,0.007326950970650309,0,-0.05864661654134703,0,TRUE,NA
150,up,400,400,TRUE,2.144,4.894,2.75,4,20,5,14.888,0.94,2.58,9.888,0.010052493799000478,0,0.14436090225565554,0,TRUE,NA
151,down,400,400,TRUE,4.894,2.64,-2.254,4,20,14.9,6.773,2.58,1.24,-8.127,0.009787209698592083,0,-0.13684210526317828,0,TRUE,NA
152,up,400,400,TRUE,2.64,4.746,2.1060000000000003,4,20,6.76,14.301,1.24,2.5,7.541,0.007880689256524204,0,0.0827067669172804,0,TRUE,NA
153,down,400,400,TRUE,4.746,3.911,-0.8350000000000004,4,20,14.32,11.5,2.5,2,-2.8200000000000003,0,0,0,0,TRUE,NA
154,down,400,400,TRUE,3.911,3.57,-0.3410000000000002,4,20,11.5,10.14,2,1.8,-1.3599999999999994,0,0,0,0,FALSE,small_command_step
155,down,400,400,TRUE,3.57,2.654,-0.9159999999999999,4,20,10.14,6.92,1.8,1.24,-3.2200000000000006,0,0,0,0,TRUE,NA
156,up,400,400,TRUE,2.654,4.631,1.9770000000000003,4,20,6.92,13.766,1.24,2.42,6.846,0.009403246919632345,0,0.12631578947368768,0,TRUE,NA
157,up,400,400,TRUE,4.631,6.647,2.016,4,20,13.78,24.332,2.42,3.64,10.552000000000001,0.010052493799000478,0,0.14436090225564913,0,TRUE,NA
158,down,400,400,TRUE,6.647,5.895,-0.7520000000000007,4,20,24.34,21.96,3.64,3.18,-2.379999999999999,0,0,0,0,TRUE,NA
159,down,400,400,TRUE,5.895,3.254,-2.6409999999999996,4,20,21.96,9.508,3.18,1.6,-12.452000000000002,0.010052493799000478,0,-0.14436090225563997,0,TRUE,NA
160,up,400,400,TRUE,3.254,4.635,1.3809999999999998,4,20,9.5,14.462000000000002,1.6,2.42,4.9620000000000015,0.006155870112510793,0,0.054135338345884035,0,TRUE,NA
161,up,400,400,TRUE,4.635,7.107,2.4720000000000004,4,20,14.48,26.815,2.42,3.92,12.335,0.012773327473169829,0,0.1909774436090052,0,TRUE,NA
162,down,400,400,TRUE,7.107,6.291,-0.8159999999999998,4,20,26.84,24.38,3.92,3.42,-2.460000000000001,0,0,0,0,TRUE,NA
163,up,400,400,TRUE,6.291,7.061,0.7699999999999996,4,20,24.38,27.12,3.42,3.88,2.740000000000002,0,0,0,0,TRUE,NA
164,down,400,400,TRUE,7.061,6.049,-1.0119999999999996,4,20,27.14,23.76,3.88,3.28,-3.379999999999999,0,0,0,0,TRUE,NA
165,down,400,400,TRUE,6.049,4.604,-1.4450000000000003,4,20,23.76,16.436,3.28,2.42,-7.324000000000002,0.008207826816681058,0,-0.09624060150376644,0,TRUE,NA
166,up,400,400,TRUE,4.604,5.855,1.2510000000000003,4,20,16.42,21.62,2.42,3.16,5.199999999999999,0,0,0,0,TRUE,NA
167,up,400,400,TRUE,5.855,6.704,0.8489999999999993,4,20,21.62,25.641000000000002,3.16,3.68,4.021000000000001,0.004472135954999484,0,0.028571428571413857,0,TRUE,NA
168,down,400,400,TRUE,6.704,5.366,-1.338,4,20,25.66,20.443,3.68,2.86,-5.216999999999999,0.007326950970650309,0,-0.07669172932333937,0,TRUE,NA
169,up,400,400,TRUE,5.366,6.562,1.1960000000000006,4,20,20.44,25.138,2.86,3.58,4.698,0.006155870112510793,0,0.05413533834584866,0,TRUE,NA
170,down,400,400,TRUE,6.562,3.384,-3.1780000000000004,4,20,25.14,10.709,3.58,1.68,-14.431000000000001,0.010208355710681497,0,-0.14887218045112066,0,TRUE,NA
171,down,400,400,TRUE,3.384,1.892,-1.492,4,20,10.7,5.02,1.68,0.78,-5.68,0,0,0,0,TRUE,NA
172,up,400,400,TRUE,1.892,2.57,0.6779999999999999,4,20,5.02,6.38,0.78,1.18,1.3600000000000003,0,0,0,0,TRUE,NA
173,down,400,400,TRUE,2.57,1.475,-1.0949999999999998,4,20,6.38,3.54,1.18,0.539,-2.84,0,0.004472135954999583,0,0.028571428571429375,TRUE,NA
174,up,400,400,TRUE,1.475,3.017,1.5419999999999998,4,20,3.54,7.34,0.54,1.46,3.8,0,0,0,0,TRUE,NA
175,down,400,400,TRUE,3.017,1.37,-1.6469999999999998,4,20,7.34,3.17,1.46,0.46,-4.17,0.012139539573337691,0,-0.17744360902255585,0,TRUE,NA
176,up,400,400,TRUE,1.37,4.529,3.159,4,20,3.16,13.314,0.46,2.36,10.154,0.009403246919632345,0,0.12631578947366978,0,TRUE,NA
177,up,400,400,TRUE,4.529,5.155,0.6260000000000003,4,20,13.32,16.735999999999997,2.36,2.74,3.415999999999997,0.008207826816681058,0,0.09624060150379223,0,TRUE,NA
178,up,400,400,TRUE,5.155,6.139,0.984,4,20,16.74,22.168,2.74,3.34,5.428000000000001,0.010052493799000478,0,0.14436090225565204,0,TRUE,NA
179,down,400,400,TRUE,6.139,3.521,-2.6180000000000003,4,20,22.18,10.638,3.34,1.76,-11.542,0.0061558701125113404,0,-0.05413533834588738,0,TRUE,NA
180,down,400,400,TRUE,3.521,2.332,-1.189,4,20,10.62,6.13,1.76,1.04,-4.489999999999999,0.010259783520851322,0,-0.1503759398496215,0,TRUE,NA
181,up,400,400,TRUE,2.332,4.883,2.551,4,20,6.12,15.457,1.04,2.58,9.337,0.007326950970650959,0,0.07669172932333387,0,TRUE,NA
182,up,400,400,TRUE,4.883,5.752,0.8689999999999998,4,20,15.46,20.174,2.58,3.1,4.713999999999999,0.009403246919632345,0,0.12631578947368974,0,TRUE,NA
183,down,400,400,TRUE,5.752,3.005,-2.747,4,20,20.18,8.556000000000001,3.1,1.44,-11.623999999999999,0.008207826816681788,0,-0.09624060150375388,0,TRUE,NA
184,up,400,400,TRUE,3.005,4.278,1.2729999999999997,4,20,8.54,12.86,1.44,2.22,4.32,0,0,0,0,TRUE,NA
185,down,400,400,TRUE,4.278,3.262,-1.0159999999999996,4,20,12.86,9.38,2.22,1.6,-3.4799999999999986,0,0,0,0,TRUE,NA
186,up,400,400,TRUE,3.262,5.748,2.486,4,20,9.38,20.003,1.6,3.1,10.623,0.00978720969859165,0,0.12481203007513815,0,TRUE,NA
187,up,400,400,TRUE,5.748,6.379,0.6309999999999993,4,20,20.02,23.544999999999998,3.1,3.48,3.5249999999999986,0.008885233166386196,0,0.11278195488721758,0,TRUE,NA
188,down,400,400,TRUE,6.379,5.93,-0.44899999999999984,4,20,23.56,22.36,3.48,3.2,-1.1999999999999993,0,0,0,0,TRUE,NA
189,up,400,400,TRUE,5.93,6.511,0.5810000000000004,4,20,22.36,24.56,3.2,3.56,2.1999999999999993,0,0,0,0,TRUE,NA
190,down,400,400,TRUE,6.511,4.701,-1.8100000000000005,4,20,24.56,16.825,3.56,2.473,-7.734999999999999,0.008885233166386196,0.009787209698591866,-0.11278195488721436,-0.04661654135338412,TRUE,NA
191,up,400,400,TRUE,4.701,6.225,1.524,4,20,16.82,23.268,2.48,3.38,6.448,0.010052493799000478,0,0.14436090225560713,0,TRUE,NA
192,down,400,400,TRUE,6.225,4.979,-1.2459999999999996,4,20,23.28,18.26,3.38,2.64,-5.02,0,0,0,0,TRUE,NA
193,down,400,400,TRUE,4.979,4.508,-0.4710000000000001,4,20,18.26,15.92,2.64,2.36,-2.3400000000000016,0,0,0,0,TRUE,NA
194,down,400,400,TRUE,4.508,3.35,-1.158,4,20,15.92,10.355,2.36,1.66,-5.5649999999999995,0.008885233166386196,0,-0.11278195488721837,0,TRUE,NA
195,up,400,400,TRUE,3.35,4.87,1.52,4,20,10.34,16.2,1.66,2.56,5.859999999999999,0,0,0,0,TRUE,NA
196,down,400,400,TRUE,4.87,2.487,-2.383,4,20,16.2,6.999,2.56,1.14,-9.201,0.010208355710680591,0,-0.13082706766917698,0,TRUE,NA
197,up,400,400,TRUE,2.487,3.306,0.819,4,20,6.98,9.06,1.14,1.62,2.08,0,0,0,0,TRUE,NA
198,up,400,400,TRUE,3.306,5.232,1.9260000000000002,4,20,9.06,17.557,1.62,2.78,8.496999999999998,0.007326950970650309,0,0.07669172932333386,0,TRUE,NA
199,down,400,400,TRUE,5.232,4.821,-0.4110000000000005,4,20,17.56,16.38,2.78,2.54,-1.1799999999999997,0,0,0,0,TRUE,NA
200,down,400,400,TRUE,4.821,1.221,-3.5999999999999996,4,20,16.38,3.244,2.54,0.394,-13.136,0.01788854381999814,0.009403246919632553,-0.28571428571428076,-0.12631578947368438,TRUE,NA
201,up,400,400,TRUE,1.221,2.054,0.8329999999999997,4,20,3.22,4.66,0.38,0.88,1.44,0,0,0,0,TRUE,NA
202,up,400,400,TRUE,2.054,3.953,1.899,4,20,4.66,10.997,0.88,2.02,6.337,0.007326950970650309,0,0.07669172932331945,0,TRUE,NA
203,down,400,400,TRUE,3.953,2.642,-1.311,4,20,11,6.92,2.02,1.24,-4.08,0,0,0,0,TRUE,NA
204,down,400,400,TRUE,2.642,2.056,-0.5859999999999999,4,20,6.92,5.1,1.24,0.88,-1.8200000000000003,0,0,0,0,TRUE,NA
205,up,400,400,TRUE,2.056,3.409,1.3529999999999998,4,20,5.1,8.72,0.88,1.68,3.620000000000001,0,0,0,0,TRUE,NA
206,down,400,400,TRUE,3.409,3.011,-0.3979999999999997,4,20,8.72,7.84,1.68,1.46,-0.8800000000000008,0,0,0,0,FALSE,small_displacement_step
207,up,400,400,TRUE,3.011,6.479,3.468,4,20,7.84,23.589,1.46,3.54,15.748999999999999,0.012096106376587432,0,0.17894736842111222,0,TRUE,NA
208,down,400,400,TRUE,6.479,3.911,-2.568,4,20,23.62,12.218,3.54,2,-11.402000000000001,0.0061558701125113404,0,-0.05413533834587437,0,TRUE,NA
209,up,400,400,TRUE,3.911,5.043,1.1320000000000001,4,20,12.2,16.695,2,2.68,4.495000000000001,0.008885233166386196,0,0.11278195488722137,0,TRUE,NA
210,down,400,400,TRUE,5.043,2.68,-2.363,4,20,16.7,7.4,2.68,1.26,-9.299999999999999,0,0,0,0,TRUE,NA
211,up,400,400,TRUE,2.68,5.458,2.778,4,20,7.4,18.535,1.26,2.92,11.135,0.008885233166386196,0,0.11278195488724535,0,TRUE,NA
212,down,400,400,TRUE,5.458,3.392,-2.0660000000000003,4,20,18.54,10.057,2.92,1.68,-8.482999999999999,0.007326950970650959,0,-0.07669172932331102,0,TRUE,NA
213,up,400,400,TRUE,3.392,6.083,2.6910000000000003,4,20,10.04,21.872999999999998,1.68,3.3,11.832999999999998,0.00978720969859165,0,0.13684210526315205,0,TRUE,NA
214,down,400,400,TRUE,6.083,4.611,-1.4720000000000004,4,20,21.88,15.777999999999999,3.3,2.42,-6.102,0.006155870112510793,0,-0.054135338345894374,0,TRUE,NA
215,down,400,400,TRUE,4.611,3.249,-1.3619999999999997,4,20,15.76,9.652000000000001,2.42,1.6,-6.107999999999999,0.010052493799000478,0,-0.14436090225563916,0,TRUE,NA
216,down,400,400,TRUE,3.249,2.191,-1.0580000000000003,4,20,9.64,5.82,1.6,0.96,-3.8200000000000003,0,0,0,0,TRUE,NA
217,up,400,400,TRUE,2.191,3.666,1.475,4,20,5.82,10.08,0.96,1.84,4.26,0,0,0,0,TRUE,NA
218,up,400,400,TRUE,3.666,4.37,0.7040000000000002,4,20,10.08,13.08,1.84,2.26,3,0,0,0,0,TRUE,NA
219,up,400,400,TRUE,4.37,6.832,2.4619999999999997,4,20,13.08,25.596,2.26,3.74,12.516,0.010462967275613145,0,0.14135338345866116,0,TRUE,NA
220,down,400,400,TRUE,6.832,4.033,-2.7989999999999995,4,20,25.62,13.116,3.74,2.06,-12.504000000000001,0.008207826816681058,0,-0.09624060150373892,0,TRUE,NA
221,up,400,400,TRUE,4.033,5.537,1.5039999999999996,4,20,13.1,19.441000000000003,2.06,2.96,6.341000000000003,0.004472135954999484,0,0.028571428571425403,0,TRUE,NA
222,down,400,400,TRUE,5.537,4.609,-0.9279999999999999,4,20,19.46,15.86,2.96,2.42,-3.6000000000000014,0,0,0,0,TRUE,NA
223,down,400,400,TRUE,4.609,3.002,-1.6070000000000002,4,20,15.86,8.801,2.42,1.46,-7.058999999999999,0.010208355710680976,0,-0.13082706766917152,0,TRUE,NA
224,up,400,400,TRUE,3.002,4.167,1.165,4,20,8.78,12.6,1.46,2.14,3.8200000000000003,0,0,0,0,TRUE,NA
225,down,400,400,TRUE,4.167,2.027,-2.1399999999999997,4,20,12.6,5.36,2.14,0.86,-7.239999999999999,0,0,0,0,TRUE,NA
226,up,400,400,TRUE,2.027,2.766,0.7389999999999999,4,20,5.36,6.96,0.86,1.3,1.5999999999999996,0,0,0,0,TRUE,NA
227,up,400,400,TRUE,2.766,3.729,0.9630000000000001,4,20,6.96,10.22,1.3,1.88,3.2600000000000007,0,0,0,0,TRUE,NA
228,down,400,400,TRUE,3.729,1.839,-1.8900000000000001,4,20,10.22,4.638,1.88,0.76,-5.582000000000001,0.006155870112510793,0,0.012030075187977239,0,TRUE,NA
229,up,400,400,TRUE,1.839,3.687,1.8479999999999999,4,20,4.64,9.88,0.76,1.86,5.240000000000001,0,0,0,0,TRUE,NA
230,up,400,400,TRUE,3.687,4.864,1.177,4,20,9.88,15.202,1.86,2.56,5.321999999999999,0.0061558701125113404,0,0.05413533834585715,0,TRUE,NA
231,down,400,400,TRUE,4.864,3.535,-1.3289999999999997,4,20,15.22,10.34,2.56,1.78,-4.880000000000001,0,0,0,0,TRUE,NA
232,down,400,400,TRUE,3.535,1.488,-2.047,4,20,10.34,3.6670000000000003,1.78,0.526,-6.673,0.009787209698591866,0.009403246919632553,-0.1368421052631539,0.12631578947368471,TRUE,NA
233,up,400,400,TRUE,1.488,3.586,2.098,4,20,3.66,9.42,0.54,1.8,5.76,0,0,0,0,TRUE,NA
234,up,400,400,TRUE,3.586,4.577,0.9910000000000001,4,20,9.42,13.737,1.8,2.4,4.317,0.007326950970650309,0,0.07669172932328772,0,TRUE,NA
235,up,400,400,TRUE,4.577,6.065,1.4880000000000004,4,20,13.74,21.585,2.4,3.28,7.845000000000001,0.014327007988228838,0,0.22105263157900196,0,TRUE,NA
236,down,400,400,TRUE,6.065,3.758,-2.3070000000000004,4,20,21.6,11.599,3.28,1.9,-10.001000000000001,0.004472135954999484,0,-0.028571428571415057,0,TRUE,NA
237,up,400,400,TRUE,3.758,4.521,0.7629999999999999,4,20,11.58,14.18,1.9,2.36,2.5999999999999996,0,0,0,0,TRUE,NA
238,down,400,400,TRUE,4.521,1.094,-3.4269999999999996,4,20,14.18,2.8649999999999998,2.36,0.32,-11.315,0.01701392618446803,0,-0.2691729323308292,0,TRUE,NA
239,up,400,400,TRUE,1.094,2.668,1.574,4,20,2.84,6.26,0.32,1.24,3.42,0,0,0,0,TRUE,NA
240,down,400,400,TRUE,2.668,1.722,-0.9460000000000002,4,20,6.26,4.04,1.24,0.68,-2.2199999999999998,0,0,0,0,TRUE,NA
241,up,400,400,TRUE,1.722,3.866,2.144,4,20,4.04,10.36,0.68,1.96,6.319999999999999,0,0,0,0,TRUE,NA
242,up,400,400,TRUE,3.866,7.121,3.2550000000000003,4,20,10.38,26.724,1.96,3.92,16.344,0.013917047478768891,0,0.21353383458650135,0,TRUE,NA
243,down,400,400,TRUE,7.121,5.146,-1.9750000000000005,4,20,26.74,18.6,3.92,2.74,-8.139999999999997,0,0,0,0,TRUE,NA
244,up,400,400,TRUE,5.146,5.738,0.5920000000000005,4,20,18.6,20.84,2.74,3.095,2.2399999999999984,0,0.008885233166386394,0,0.04360902255639568,TRUE,NA
245,down,400,400,TRUE,5.738,3.24,-2.498,4,20,20.84,9.644,3.1,1.6,-11.196,0.008207826816681058,0,-0.09624060150375309,0,TRUE,NA
246,up,400,400,TRUE,3.24,4.02,0.7799999999999994,4,20,9.64,12,1.6,2.06,2.3599999999999994,0,0,0,0,TRUE,NA
247,down,400,400,TRUE,4.02,2.722,-1.2979999999999996,4,20,12,7.548,2.06,1.28,-4.452,0.010052493799000478,0,-0.14135338345863815,0,TRUE,NA
248,up,400,400,TRUE,2.722,3.869,1.1470000000000002,4,20,7.54,11.02,1.28,1.96,3.4799999999999995,0,0,0,0,TRUE,NA
249,up,400,400,TRUE,3.869,5.813,1.9439999999999995,4,20,11.02,20.406,1.96,3.14,9.386,0.009403246919634015,0,0.12631578947369762,0,TRUE,NA
250,down,400,400,TRUE,5.813,4.76,-1.053,4,20,20.42,16.375999999999998,3.14,2.5,-4.044000000000004,0.008207826816681058,0,-0.06015037593987006,0,TRUE,NA
251,up,400,400,TRUE,4.76,5.305,0.5449999999999999,4,20,16.36,18.36,2.5,2.82,2,0,0,0,0,TRUE,NA
252,down,400,400,TRUE,5.305,4.299,-1.0059999999999993,4,20,18.36,14.338,2.82,2.22,-4.022,0.006155870112510793,0,-0.05413533834588774,0,TRUE,NA
253,up,400,400,TRUE,4.299,6.02,1.7209999999999992,4,20,14.32,21.815,2.22,3.26,7.495000000000001,0.008885233166386196,0,0.11278195488723348,0,TRUE,NA
254,down,400,400,TRUE,6.02,5.32,-0.6999999999999993,4,20,21.82,19.44,3.26,2.84,-2.379999999999999,0,0,0,0,TRUE,NA
255,down,400,400,TRUE,5.32,1.853,-3.4670000000000005,4,20,19.44,4.984,2.84,0.748,-14.456000000000001,0.008207826816681058,0.010052493799000702,-0.09624060150375863,0.14436090225563933,TRUE,NA
256,up,400,400,TRUE,1.853,2.93,1.0770000000000002,4,20,4.98,7.56,0.76,1.4,2.579999999999999,0,0,0,0,TRUE,NA
257,up,400,400,TRUE,2.93,3.378,0.44799999999999995,4,20,7.56,9.02,1.4,1.678,1.46,0,0.00615587011251093,0,-0.030075187969924293,TRUE,NA
258,down,400,400,TRUE,3.378,2.955,-0.42300000000000004,4,20,9.02,7.98,1.68,1.42,-1.0399999999999991,0,0,0,0,TRUE,NA
259,up,400,400,TRUE,2.955,3.836,0.8809999999999998,4,20,7.98,10.682,1.42,1.94,2.702,0.006155870112510793,0,0.05413533834587063,0,TRUE,NA
260,down,400,400,TRUE,3.836,2.859,-0.9769999999999999,4,20,10.7,7.74,1.94,1.36,-2.959999999999999,0,0,0,0,TRUE,NA
261,up,400,400,TRUE,2.859,4.677,1.8179999999999996,4,20,7.74,14.381,1.36,2.46,6.641,0.004472135954999484,0,0.02556390977442214,0,TRUE,NA
262,down,400,400,TRUE,4.677,3.083,-1.5939999999999994,4,20,14.4,8.673,2.46,1.5,-5.727,0.00978720969859165,0,-0.13684210526314583,0,TRUE,NA
263,up,400,400,TRUE,3.083,6.464,3.3810000000000002,4,20,8.66,23.686,1.5,3.52,15.026,0.014653901941300618,0,0.22556390977441793,0,TRUE,NA
264,down,400,400,TRUE,6.464,4.909,-1.5550000000000006,4,20,23.7,17.297,3.52,2.5940000000000003,-6.402999999999999,0.007326950970650309,0.009403246919632553,-0.06466165413534013,0.10827067669173364,TRUE,NA
265,down,400,400,TRUE,4.909,2.443,-2.4659999999999997,4,20,17.28,6.75,2.6,1.1,-10.530000000000001,0.010259783520851322,0,-0.15037593984960426,0,TRUE,NA
266,up,400,400,TRUE,2.443,3.279,0.8359999999999999,4,20,6.74,8.837,1.1,1.609,2.0969999999999995,0.007326950970650309,0.010208355710680819,0.0015037593984927441,-0.1157894736842101,TRUE,NA
267,up,400,400,TRUE,3.279,6.119,2.84,4,20,8.82,22.009999999999998,1.6,3.32,13.189999999999998,0.010259783520851322,0,0.15037593984965175,0,TRUE,NA
268,up,400,400,TRUE,6.119,6.684,0.5650000000000004,4,20,22.02,25.185,3.32,3.66,3.164999999999999,0.008885233166386196,0,0.11278195488719131,0,TRUE,NA
269,down,400,400,TRUE,6.684,5.961,-0.7229999999999999,4,20,25.2,22.92,3.66,3.22,-2.2799999999999976,0,0,0,0,TRUE,NA
270,down,400,400,TRUE,5.961,4.917,-1.0440000000000005,4,20,22.92,17.929000000000002,3.22,2.6,-4.991,0.010208355710680591,0,-0.148872180451106,0,TRUE,NA
271,down,400,400,TRUE,4.917,3.482,-1.4349999999999996,4,20,17.92,10.897,2.6,1.721,-7.0230000000000015,0.007326950970650309,0.004472135954999583,-0.07669172932330909,0.013533834586464575,TRUE,NA
272,up,400,400,TRUE,3.482,5.276,1.7939999999999996,4,20,10.88,18.24,1.72,2.8,7.359999999999998,0,0,0,0,TRUE,NA
273,down,400,400,TRUE,5.276,4.214,-1.0619999999999994,4,20,18.24,14.06,2.8,2.18,-4.179999999999998,0,0,0,0,TRUE,NA
274,up,400,400,TRUE,4.214,4.68,0.4659999999999993,4,20,14.06,15.54,2.18,2.46,1.4799999999999986,0,0,0,0,TRUE,NA
275,down,400,400,TRUE,4.68,3.708,-0.9719999999999995,4,20,15.54,11.8,2.46,1.88,-3.7399999999999984,0,0,0,0,TRUE,NA
276,up,400,400,TRUE,3.708,5.964,2.2560000000000002,4,20,11.8,21.597,1.88,3.22,9.797,0.007326950970651611,0,0.0766917293233357,0,TRUE,NA
277,up,400,400,TRUE,5.964,7.177,1.2129999999999992,4,20,21.62,27.613,3.22,3.96,5.9929999999999986,0.00978720969859165,0,0.13684210526311089,0,TRUE,NA
278,down,400,400,TRUE,7.177,6.741,-0.43599999999999994,4,20,27.62,26.68,3.96,3.7,-0.9400000000000013,0,0,0,0,FALSE,small_displacement_step
279,down,400,400,TRUE,6.741,3.082,-3.659,4,20,26.68,9.575,3.7,1.5,-17.105,0.012773327473169829,0,-0.19097744360901392,0,TRUE,NA
280,up,400,400,TRUE,3.082,3.964,0.8820000000000001,4,20,9.56,12.24,1.5,2.02,2.6799999999999997,0,0,0,0,TRUE,NA
281,up,400,400,TRUE,3.964,5.461,1.4970000000000003,4,20,12.24,19.26,2.02,2.92,7.020000000000001,0,0,0,0,TRUE,NA
282,up,400,400,TRUE,5.461,6.662,1.2009999999999996,4,20,19.26,25.438000000000002,2.92,3.64,6.178000000000001,0.006155870112510793,0,0.05413533834584406,0,TRUE,NA
283,down,400,400,TRUE,6.662,4.878,-1.7839999999999998,4,20,25.44,17.919,3.64,2.58,-7.521000000000001,0.004472135955000279,0,-0.028571428571418558,0,TRUE,NA
284,down,400,400,TRUE,4.878,2.766,-2.112,4,20,17.9,8.285,2.58,1.3,-9.614999999999998,0.008885233166386985,0,-0.11278195488723866,0,TRUE,NA
285,up,400,400,TRUE,2.766,4.098,1.3319999999999999,4,20,8.28,12.62,1.3,2.1,4.34,0,0,0,0,TRUE,NA
286,up,400,400,TRUE,4.098,4.992,0.8940000000000001,4,20,12.62,16.822,2.1,2.64,4.202,0.006155870112510793,0,0.0541353383458488,0,TRUE,NA
287,down,400,400,TRUE,4.992,3.513,-1.479,4,20,16.84,10.974,2.64,1.74,-5.866,0.009403246919632345,0,-0.126315789473682,0,TRUE,NA
288,down,400,400,TRUE,3.513,2.88,-0.633,4,20,10.96,8.46,1.74,1.38,-2.5,0,0,0,0,TRUE,NA
289,down,400,400,TRUE,2.88,2.208,-0.6719999999999997,4,20,8.46,6.029999999999999,1.38,0.98,-2.4300000000000015,0.010259783520851778,0,-0.1503759398496302,0,TRUE,NA
290,up,400,400,TRUE,2.208,3.49,1.282,4,20,6.02,9.62,0.98,1.74,3.5999999999999996,0,0,0,0,TRUE,NA
291,down,400,400,TRUE,3.49,2.801,-0.6890000000000001,4,20,9.62,7.74,1.74,1.32,-1.879999999999999,0,0,0,0,TRUE,NA
292,up,400,400,TRUE,2.801,4.716,1.915,4,20,7.74,14.83,1.32,2.48,7.09,0.010259783520851322,0,0.15037593984962958,0,TRUE,NA
293,down,400,400,TRUE,4.716,1.357,-3.359,4,20,14.84,3.569,2.48,0.46,-11.271,0.019973666874689117,0,-0.32330827067669443,0,TRUE,NA
294,up,400,400,TRUE,1.357,4.376,3.019,4,20,3.54,13.053,0.46,2.2779999999999996,9.513000000000002,0.009787209698592519,0.00615587011251093,0.13684210526318452,-0.042105263157895687,TRUE,NA
295,up,400,400,TRUE,4.376,5.301,0.9249999999999998,4,20,13.06,17.815,2.28,2.82,4.755000000000001,0.008885233166386196,0,0.11278195488719349,0,TRUE,NA
296,up,400,400,TRUE,5.301,6.369,1.0679999999999996,4,20,17.82,23.608,2.82,3.46,5.788,0.010052493799000478,0,0.14436090225567705,0,TRUE,NA
297,down,400,400,TRUE,6.369,4.443,-1.9260000000000002,4,20,23.62,15.254999999999999,3.46,2.304,-8.365000000000002,0.008885233166386196,0.00820782681668124,-0.11278195488721378,0.081203007518801,TRUE,NA
298,down,400,400,TRUE,4.443,3.489,-0.9539999999999997,4,20,15.24,10.857,2.3,1.74,-4.383000000000001,0.007326950970650309,0,-0.07669172932332394,0,TRUE,NA
299,down,400,400,TRUE,3.489,1.879,-1.6099999999999999,4,20,10.84,5.02,1.74,0.78,-5.82,0,0,0,0,TRUE,NA
300,down,400,400,TRUE,1.879,1.057,-0.8220000000000001,4,20,5.02,2.692,0.78,0.28,-2.3279999999999994,0.013611140947574424,0,-0.20451127819549025,0,TRUE,NA
301,up,400,400,TRUE,1.057,2.524,1.467,4,20,2.66,5.86,0.28,1.16,3.2,0,0,0,0,TRUE,NA
302,up,400,400,TRUE,2.524,3.222,0.698,4,20,5.86,8.123,1.16,1.58,2.262999999999999,0.007326950970650959,0,0.07669172932332138,0,TRUE,NA
303,down,400,400,TRUE,3.222,2.092,-1.13,4,20,8.14,5.18,1.58,0.92,-2.960000000000001,0,0,0,0,TRUE,NA
304,up,400,400,TRUE,2.092,3.204,1.112,4,20,5.18,8,0.92,1.56,2.8200000000000003,0,0,0,0,TRUE,NA
305,down,400,400,TRUE,3.204,2.628,-0.5760000000000001,4,20,8,6.66,1.56,1.22,-1.3399999999999999,0,0,0,0,TRUE,NA
306,down,400,400,TRUE,2.628,1.346,-1.282,4,20,6.66,3.17,1.22,0.44,-3.49,0.012139539573337691,0,-0.17744360902255585,0,TRUE,NA
307,up,400,400,TRUE,1.346,3.159,1.8129999999999997,4,20,3.16,7.68,0.44,1.54,4.52,0,0,0,0,TRUE,NA
308,down,400,400,TRUE,3.159,1.422,-1.7369999999999999,4,20,7.68,3.288,1.54,0.484,-4.3919999999999995,0.010052493799000702,0.00820782681668124,-0.14436090225564038,0.09624060150375931,TRUE,NA
309,up,400,400,TRUE,1.422,2.678,1.256,4,20,3.28,6.08,0.5,1.24,2.8000000000000003,0,0,0,0,TRUE,NA
310,up,400,400,TRUE,2.678,4.415,1.737,4,20,6.08,12.652000000000001,1.24,2.292,6.572000000000001,0.010052493799000478,0.010052493799000702,0.14436090225564285,0.13233082706766736,TRUE,NA
311,down,400,400,TRUE,4.415,3.673,-0.742,4,20,12.66,10.42,2.3,1.86,-2.24,0,0,0,0,TRUE,NA
312,down,400,400,TRUE,3.673,3.159,-0.5140000000000002,4,20,10.42,8.6,1.86,1.54,-1.8200000000000003,0,0,0,0,TRUE,NA
313,down,400,400,TRUE,3.159,1.929,-1.2299999999999998,4,20,8.6,4.74,1.54,0.8,-3.8599999999999994,0,0,0,0,TRUE,NA
314,up,400,400,TRUE,1.929,3.461,1.5319999999999998,4,20,4.74,8.856,0.8,1.72,4.116,0.008207826816681058,0,0.08421052631579598,0,TRUE,NA
315,up,400,400,TRUE,3.461,5.081,1.6200000000000006,4,20,8.86,16.089,1.72,2.7,7.228999999999999,0.010208355710682404,0,0.14887218045118258,0,TRUE,NA
316,down,400,400,TRUE,5.081,3.055,-2.0260000000000002,4,20,16.1,8.431,2.7,1.48,-7.669000000000002,0.010208355710680591,0,-0.14887218045112033,0,TRUE,NA
317,down,400,400,TRUE,3.055,1.1,-1.955,4,20,8.42,2.71,1.48,0.314,-5.71,0.013764944032233719,0.009403246919632553,-0.2075187969924791,-0.12631578947368488,TRUE,NA
318,up,400,400,TRUE,1.1,3.539,2.439,4,20,2.68,9.07,0.3,1.76,6.390000000000001,0.010259783520851322,0,0.15037593984962444,0,TRUE,NA
319,up,400,400,TRUE,3.539,5.957,2.4179999999999997,4,20,9.08,20.749,1.76,3.22,11.668999999999999,0.010208355710682404,0,0.14887218045118294,0,TRUE,NA
320,down,400,400,TRUE,5.957,4.438,-1.5190000000000001,4,20,20.76,14.5,3.22,2.3,-6.260000000000002,0,0,0,0,TRUE,NA
321,up,400,400,TRUE,4.438,5.369,0.931,4,20,14.5,18.297,2.3,2.86,3.7970000000000006,0.007326950970650309,0,0.07669172932332394,0,TRUE,NA
322,up,400,400,TRUE,5.369,6.426,1.0570000000000004,4,20,18.3,23.737,2.86,3.5,5.436999999999998,0.007326950970650309,0,0.07669172932330534,0,TRUE,NA
323,down,400,400,TRUE,6.426,5.053,-1.3730000000000002,4,20,23.76,18.186,3.5,2.68,-5.574000000000002,0.009403246919632345,0,-0.09924812030077819,0,TRUE,NA
324,up,400,400,TRUE,5.053,6.371,1.3180000000000005,4,20,18.18,23.755000000000003,2.68,3.48,5.575000000000003,0.008885233166387774,0,0.10977443609024114,0,TRUE,NA
325,down,400,400,TRUE,6.371,5.712,-0.6590000000000007,4,20,23.76,21.66,3.48,3.08,-2.1000000000000014,0,0,0,0,TRUE,NA
326,up,400,400,TRUE,5.712,6.12,0.40800000000000036,4,20,21.66,22.92,3.08,3.32,1.2600000000000016,0,0,0,0,TRUE,NA
327,down,400,400,TRUE,6.12,4.814,-1.306,4,20,22.92,17.515,3.32,2.54,-5.405000000000001,0.008885233166386196,0,-0.11278195488720305,0,TRUE,NA
328,up,400,400,TRUE,4.814,5.665,0.851,4,20,17.5,20.74,2.54,3.04,3.2399999999999984,0,0,0,0,TRUE,NA
329,down,400,400,TRUE,5.665,3.32,-2.345,4,20,20.74,10.398,3.04,1.64,-10.341999999999999,0.011050125029061416,0,-0.15037593984961306,0,TRUE,NA
330,up,400,400,TRUE,3.32,4.585,1.2650000000000001,4,20,10.38,14.96,1.64,2.4,4.58,0,0,0,0,TRUE,NA
331,up,400,400,TRUE,4.585,6.474,1.8890000000000002,4,20,14.96,24.328,2.4,3.5300000000000002,9.367999999999999,0.010052493799000478,0.01025978352085155,0.14436090225564774,4.030989485939378e-15,TRUE,NA
332,down,400,400,TRUE,6.474,4.679,-1.795,4,20,24.34,16.721999999999998,3.54,2.46,-7.618000000000002,0.006155870112510793,0,-0.05413533834583382,0,TRUE,NA
333,down,400,400,TRUE,4.679,4.239,-0.4400000000000004,4,20,16.72,14.51,2.46,2.18,-2.209999999999999,0.010259783520851322,0,-0.15037593984959438,0,TRUE,NA
334,up,400,400,TRUE,4.239,6.171,1.9320000000000004,4,20,14.5,22.956,2.18,3.36,8.456,0.008207826816681058,0,0.09624060150377979,0,TRUE,NA
335,down,400,400,TRUE,6.171,3.256,-2.9150000000000005,4,20,22.98,10.217,3.36,1.6,-12.763,0.009787209698592298,0,-0.12481203007518599,0,TRUE,NA
336,down,400,400,TRUE,3.256,2.693,-0.5629999999999997,4,20,10.2,7.805,1.6,1.26,-2.3949999999999996,0.008885233166386591,0,-0.11278195488722836,0,TRUE,NA
337,up,400,400,TRUE,2.693,4.104,1.411,4,20,7.8,12.458,1.26,2.12,4.658,0.0061558701125113404,0,0.054135338345874834,0,TRUE,NA
338,down,400,400,TRUE,4.104,3.465,-0.6390000000000002,4,20,12.46,10.468,2.12,1.72,-1.9920000000000009,0.010052493799000478,0,-0.14436090225563344,0,TRUE,NA
339,down,400,400,TRUE,3.465,3.093,-0.3719999999999999,4,20,10.46,9.02,1.72,1.5,-1.4400000000000013,0,0,0,0,TRUE,NA
340,up,400,400,TRUE,3.093,6.517,3.4240000000000004,4,20,9.02,24.265,1.5,3.56,15.245000000000001,0.014327007988228252,0,0.22105263157893468,0,TRUE,NA
341,down,400,400,TRUE,6.517,5.832,-0.6850000000000005,4,20,24.28,22.16,3.56,3.14,-2.120000000000001,0,0,0,0,TRUE,NA
342,down,400,400,TRUE,5.832,4.794,-1.0380000000000003,4,20,22.16,17.289,3.14,2.52,-4.870999999999999,0.010208355710680591,0,-0.14887218045113063,0,TRUE,NA
343,down,400,400,TRUE,4.794,2.414,-2.3799999999999994,4,20,17.28,6.934,2.52,1.1,-10.346,0.009403246919632763,0,-0.12631578947367725,0,TRUE,NA
344,down,400,400,TRUE,2.414,1.128,-1.2860000000000003,4,20,6.92,2.996,1.1,0.32,-3.924,0.015355437918998304,0,-0.2406015037593983,0,TRUE,NA
345,up,400,400,TRUE,1.128,2.69,1.562,4,20,2.96,6.54,0.32,1.26,3.58,0,0,0,0,TRUE,NA
346,down,400,400,TRUE,2.69,1.398,-1.292,4,20,6.54,3.3659999999999997,1.26,0.46900000000000003,-3.1740000000000004,0.009403246919632553,0.010208355710680789,-0.12631578947368338,0.14887218045112666,TRUE,NA
347,up,400,400,TRUE,1.398,3.47,2.072,4,20,3.36,9.02,0.48,1.72,5.66,0,0,0,0,TRUE,NA
348,down,400,400,TRUE,3.47,1.596,-1.874,4,20,9.02,3.859,1.72,0.6,-5.161,0.004472135954999583,0,0.02857142857143082,0,TRUE,NA
349,up,400,400,TRUE,1.596,2.814,1.218,4,20,3.86,6.7,0.6,1.32,2.8400000000000003,0,0,0,0,TRUE,NA
350,up,400,400,TRUE,2.814,3.763,0.9489999999999998,4,20,6.7,10.092,1.32,1.9,3.3920000000000003,0.010052493799000478,0,0.14436090225564702,0,TRUE,NA
351,up,400,400,TRUE,3.763,5.391,1.6280000000000001,4,20,10.1,17.995,1.9,2.88,7.895000000000001,0.008885233166386196,0,0.1127819548871862,0,TRUE,NA
352,up,400,400,TRUE,5.391,6.863,1.4720000000000004,4,20,18,25.92,2.88,3.76,7.920000000000002,0.011239029738981086,0,0.1533834586466603,0,TRUE,NA
353,down,400,400,TRUE,6.863,5.013,-1.8500000000000005,4,20,25.94,18.18,3.76,2.66,-7.760000000000002,0,0,0,0,TRUE,NA
354,up,400,400,TRUE,5.013,6.202,1.189,4,20,18.18,23.197,2.66,3.38,5.0169999999999995,0.007326950970650309,0,0.07669172932332735,0,TRUE,NA
355,down,400,400,TRUE,6.202,4.808,-1.3940000000000001,4,20,23.2,17.42,3.38,2.54,-5.779999999999998,0,0,0,0,TRUE,NA
356,up,400,400,TRUE,4.808,5.236,0.42799999999999994,4,20,17.42,18.76,2.54,2.78,1.3399999999999999,0,0,0,0,TRUE,NA
357,down,400,400,TRUE,5.236,3.576,-1.6599999999999997,4,20,18.76,11.41,2.78,1.8,-7.350000000000001,0.010259783520851322,0,-0.15037593984960887,0,TRUE,NA
358,down,400,400,TRUE,3.576,2.148,-1.428,4,20,11.4,5.892,1.8,0.94,-5.508,0.010052493799000925,0,-0.1443609022556427,0,TRUE,NA
359,up,400,400,TRUE,2.148,2.632,0.484,4,20,5.88,6.8,0.94,1.22,0.9199999999999999,0,0,0,0,FALSE,small_displacement_step
360,up,400,400,TRUE,2.632,3.551,0.919,4,20,6.8,9.74,1.22,1.78,2.9400000000000004,0,0,0,0,TRUE,NA
361,up,400,400,TRUE,3.551,4.994,1.4429999999999996,4,20,9.74,16.308,1.78,2.64,6.568,0.010052493799000478,0,0.14436090225565226,0,TRUE,NA
362,down,400,400,TRUE,4.994,1.289,-3.705,4,20,16.32,3.415,2.64,0.42,-12.905000000000001,0.015727950313140997,0,-0.24511278195488304,0,TRUE,NA
363,up,400,400,TRUE,1.289,3.277,1.9880000000000002,4,20,3.38,8.498,0.42,1.6,5.117999999999999,0.006155870112510793,0,0.0541353383458568,0,TRUE,NA
364,down,400,400,TRUE,3.277,2.652,-0.625,4,20,8.5,6.92,1.6,1.24,-1.58,0,0,0,0,TRUE,NA
365,down,400,400,TRUE,2.652,1.878,-0.7740000000000002,4,20,6.92,4.68,1.24,0.78,-2.24,0,0,0,0,TRUE,NA
366,up,400,400,TRUE,1.878,3.166,1.288,4,20,4.68,7.926,0.78,1.54,3.2460000000000004,0.009403246919632763,0,0.12631578947369154,0,TRUE,NA
367,up,400,400,TRUE,3.166,4.543,1.3770000000000002,4,20,7.94,13.623999999999999,1.54,2.371,5.683999999999998,0.008207826816681788,0.010208355710680819,0.09624060150377381,0.04962406015037406,TRUE,NA
368,up,400,400,TRUE,4.543,5.68,1.1369999999999996,4,20,13.64,19.681,2.36,3.06,6.041,0.01209610637658573,0,0.1729323308270545,0,TRUE,NA
369,down,400,400,TRUE,5.68,4.249,-1.431,4,20,19.7,13.82,3.06,2.2,-5.879999999999999,0,0,0,0,TRUE,NA
370,down,400,400,TRUE,4.249,2.158,-2.0909999999999997,4,20,13.82,5.76,2.2,0.94,-8.06,0,0,0,0,TRUE,NA
371,down,400,400,TRUE,2.158,1.348,-0.8099999999999998,4,20,5.76,3.307,0.94,0.44,-2.453,0.009787209698591866,0,-0.13684210526315516,0,TRUE,NA
372,up,400,400,TRUE,1.348,2.506,1.1579999999999997,4,20,3.3,5.82,0.44,1.14,2.5200000000000005,0,0,0,0,TRUE,NA
373,up,400,400,TRUE,2.506,4.019,1.5130000000000003,4,20,5.82,11.186,1.14,2.06,5.366,0.009403246919632345,0,0.12631578947369512,0,TRUE,NA
374,up,400,400,TRUE,4.019,6.183,2.1639999999999997,4,20,11.2,22.221,2.06,3.36,11.021,0.013726654823064902,0,0.2090225563910021,0,TRUE,NA
375,down,400,400,TRUE,6.183,4.186,-1.9969999999999999,4,20,22.24,13.6,3.36,2.16,-8.639999999999999,0,0,0,0,TRUE,NA
376,up,400,400,TRUE,4.186,5.208,1.0220000000000002,4,20,13.6,17.711,2.16,2.775,4.110999999999999,0.010208355710680591,0.008885233166386394,0.14887218045115605,0.025563909774441382,TRUE,NA
377,down,400,400,TRUE,5.208,1.199,-4.009,4,20,17.72,3.2230000000000003,2.78,0.38,-14.496999999999998,0.016254554017744994,0,-0.2571428571428567,0,TRUE,NA
378,up,400,400,TRUE,1.199,2.478,1.2790000000000001,4,20,3.2,5.84,0.38,1.12,2.6399999999999997,0,0,0,0,TRUE,NA
379,up,400,400,TRUE,2.478,2.843,0.36499999999999977,4,20,5.84,6.9,1.12,1.34,1.0600000000000005,0,0,0,0,TRUE,NA
380,up,400,400,TRUE,2.843,5.022,2.1790000000000003,4,20,6.9,16.06,1.34,2.66,9.159999999999998,0.011239029738980088,0,0.1533834586466317,0,TRUE,NA
381,down,400,400,TRUE,5.022,3.479,-1.5430000000000001,4,20,16.08,10.18,2.66,1.722,-5.899999999999999,0,0.00615587011251093,0,-1.1201570224878774e-15,TRUE,NA
382,down,400,400,TRUE,3.479,2.633,-0.8460000000000001,4,20,10.18,7.082,1.72,1.22,-3.098,0.006155870112510793,0,-0.054135338345876256,0,TRUE,NA
383,down,400,400,TRUE,2.633,0.961,-1.6720000000000002,4,20,7.08,2.455,1.22,0.237,-4.625,0.012773327473170113,0.0073269509706504615,-0.19097744360902183,-0.0766917293233079,TRUE,NA
384,up,400,400,TRUE,0.961,2.499,1.5380000000000003,4,20,2.44,5.66,0.22,1.14,3.22,0,0,0,0,TRUE,NA
385,down,400,400,TRUE,2.499,1.097,-1.4020000000000001,4,20,5.66,2.56,1.14,0.3,-3.1,0.014509525002200246,0,-0.2255639097744355,0,TRUE,NA
386,up,400,400,TRUE,1.097,2.806,1.709,4,20,2.54,6.42,0.3,1.32,3.88,0,0,0,0,TRUE,NA
387,up,400,400,TRUE,2.806,3.869,1.0630000000000002,4,20,6.42,10.299000000000001,1.32,1.96,3.8790000000000013,0.004472135954999881,0,0.028571428571457346,0,TRUE,NA
388,down,400,400,TRUE,3.869,3.128,-0.7410000000000001,4,20,10.3,8.28,1.96,1.52,-2.0200000000000014,0,0,0,0,TRUE,NA
389,up,400,400,TRUE,3.128,3.739,0.6109999999999998,4,20,8.28,10,1.52,1.88,1.7200000000000006,0,0,0,0,TRUE,NA
390,up,400,400,TRUE,3.739,5.037,1.298,4,20,10,15.964,1.88,2.66,5.964,0.008207826816681058,0,0.09624060150374286,0,TRUE,NA
391,down,400,400,TRUE,5.037,1.769,-3.268,4,20,15.98,4.386,2.66,0.696,-11.594000000000001,0.009403246919632763,0.008207826816681195,-0.12631578947368557,0.07218045112781982,TRUE,NA
392,up,400,400,TRUE,1.769,5.359,3.59,4,20,4.38,17.615000000000002,0.7,2.86,13.235000000000003,0.011002392084403383,0,0.15488721804509806,0,TRUE,NA
393,up,400,400,TRUE,5.359,7.144,1.7850000000000001,4,20,17.64,27.101,2.86,3.939,9.460999999999999,0.015183093090325934,0.004472135954999583,0.23909774436086553,0.028571428571423755,TRUE,NA
394,down,400,400,TRUE,7.144,6.255,-0.8890000000000002,4,20,27.12,24.36,3.94,3.4,-2.7600000000000016,0,0,0,0,TRUE,NA
395,down,400,400,TRUE,6.255,5.335,-0.9199999999999999,4,20,24.36,20.1,3.4,2.84,-4.259999999999998,0,0,0,0,TRUE,NA
396,down,400,400,TRUE,5.335,4.538,-0.7969999999999997,4,20,20.1,15.943,2.84,2.36,-4.157000000000002,0.007326950970650959,0,-0.0766917293232773,0,TRUE,NA
397,down,400,400,TRUE,4.538,1.04,-3.498,4,20,15.94,2.8979999999999997,2.36,0.296,-13.042,0.01436369692919217,0.008207826816681217,-0.22255639097743993,-0.0962406015037586,TRUE,NA
398,up,400,400,TRUE,1.04,1.852,0.812,4,20,2.88,4.14,0.28,0.74,1.2599999999999998,0,0,0,0,TRUE,NA
399,up,400,400,TRUE,1.852,2.19,0.33799999999999986,4,20,4.14,4.88,0.74,0.96,0.7400000000000002,0,0,0,0,FALSE,small_command_step
400,down,400,400,TRUE,2.19,1.524,-0.6659999999999999,4,20,4.88,3.48,0.96,0.56,-1.4,0,0,0,0,TRUE,NA
401,up,400,400,TRUE,1.524,4.019,2.495,4,20,3.48,11.019,0.56,2.06,7.539,0.004472135954999484,0,0.02857142857140775,0,TRUE,NA
402,down,400,400,TRUE,4.019,2.64,-1.379,4,20,11.02,6.8,2.06,1.24,-4.22,0,0,0,0,TRUE,NA
403,up,400,400,TRUE,2.64,3.666,1.0259999999999998,4,20,6.8,9.75,1.24,1.84,2.95,0.010259783520851322,0,0.1503759398496323,0,TRUE,NA
404,down,400,400,TRUE,3.666,2.392,-1.274,4,20,9.76,6.091,1.84,1.08,-3.6689999999999996,0.010208355710680591,0,-0.14887218045112394,0,TRUE,NA
405,down,400,400,TRUE,2.392,1.232,-1.16,4,20,6.08,2.887,1.08,0.367,-3.193,0.01341640786499875,0.009787209698591866,-0.20300751879699175,-0.13684210526315801,TRUE,NA
406,up,400,400,TRUE,1.232,2.9,1.668,4,20,2.86,6.78,0.36,1.38,3.9200000000000004,0,0,0,0,TRUE,NA
407,down,400,400,TRUE,2.9,2.442,-0.45799999999999974,4,20,6.78,5.86,1.38,1.12,-0.9199999999999999,0,0,0,0,FALSE,small_displacement_step
408,up,400,400,TRUE,2.442,6.015,3.5729999999999995,4,20,5.86,21.012999999999998,1.12,3.26,15.152999999999999,0.013416407864998451,0,0.20300751879699488,0,TRUE,NA
409,down,400,400,TRUE,6.015,4.508,-1.5069999999999997,4,20,21.04,14.835,3.26,2.34,-6.204999999999998,0.008885233166386196,0,-0.10375939849622313,0,TRUE,NA
410,up,400,400,TRUE,4.508,5.182,0.6740000000000004,4,20,14.82,17.448,2.34,2.76,2.628,0.010052493799000478,0,0.144360902255621,0,TRUE,NA
411,up,400,400,TRUE,5.182,6.529,1.3469999999999995,4,20,17.46,24.299,2.76,3.56,6.838999999999999,0.007880689256523955,0,0.08270676691729856,0,TRUE,NA
412,down,400,400,TRUE,6.529,5.722,-0.8069999999999995,4,20,24.32,21.62,3.56,3.08,-2.6999999999999993,0,0,0,0,TRUE,NA
413,up,400,400,TRUE,5.722,6.523,0.8009999999999993,4,20,21.62,24.698999999999998,3.08,3.56,3.078999999999997,0.004472135954999484,0,0.028571428571434,0,TRUE,NA
414,down,400,400,TRUE,6.523,5.664,-0.859,4,20,24.7,21.72,3.56,3.04,-2.9800000000000004,0,0,0,0,TRUE,NA
415,up,400,400,TRUE,5.664,6.681,1.0170000000000003,4,20,21.72,25.611,3.04,3.66,3.891000000000002,0.010208355710680591,0,0.1488721804510903,0,TRUE,NA
416,down,400,400,TRUE,6.681,6.085,-0.5960000000000001,4,20,25.62,23.88,3.66,3.3,-1.740000000000002,0,0,0,0,TRUE,NA
417,down,400,400,TRUE,6.085,5.194,-0.891,4,20,23.88,19.781000000000002,3.3,2.76,-4.098999999999997,0.004472135954999484,0,-0.028571428571411747,0,TRUE,NA
418,up,400,400,TRUE,5.194,6.788,1.5940000000000003,4,20,19.78,26.226,2.76,3.72,6.445999999999998,0.009403246919632345,0,0.12631578947365577,0,TRUE,NA
419,down,400,400,TRUE,6.788,6.386,-0.40200000000000014,4,20,26.24,25.3,3.72,3.48,-0.9399999999999977,0,0,0,0,FALSE,small_displacement_step
420,up,400,400,TRUE,6.386,7.029,0.6429999999999998,4,20,25.3,27.52,3.48,3.86,2.219999999999999,0,0,0,0,TRUE,NA
421,down,400,400,TRUE,7.029,6.245,-0.7839999999999998,4,20,27.52,25.16,3.86,3.4,-2.3599999999999994,0,0,0,0,TRUE,NA
422,up,400,400,TRUE,6.245,6.781,0.5359999999999996,4,20,25.16,26.755000000000003,3.4,3.72,1.5950000000000024,0.008885233166387774,0,0.10375939849624478,0,TRUE,NA
423,down,400,400,TRUE,6.781,5.245,-1.5359999999999996,4,20,26.76,20.621000000000002,3.72,2.782,-6.138999999999999,0.004472135954999484,0.00615587011251093,-0.02857142857143835,-0.012030075187963974,TRUE,NA
424,down,400,400,TRUE,5.245,2.299,-2.946,4,20,20.62,6.769,2.78,1.02,-13.851,0.010208355710681044,0,-0.1488721804511406,0,TRUE,NA
425,up,400,400,TRUE,2.299,3.124,0.8250000000000002,4,20,6.76,8.8,1.02,1.52,2.040000000000001,0,0,0,0,TRUE,NA
426,down,400,400,TRUE,3.124,2.532,-0.5920000000000001,4,20,8.8,7.072,1.52,1.16,-1.7280000000000006,0.010052493799000925,0,-0.1443609022556603,0,TRUE,NA
427,up,400,400,TRUE,2.532,3.653,1.121,4,20,7.06,10.42,1.16,1.84,3.3600000000000003,0,0,0,0,TRUE,NA
428,up,400,400,TRUE,3.653,5.793,2.14,4,20,10.42,20.883,1.84,3.12,10.463,0.00978720969859165,0,0.12481203007516578,0,TRUE,NA
429,up,400,400,TRUE,5.793,6.363,0.5700000000000003,4,20,20.9,24.112000000000002,3.12,3.46,3.2120000000000033,0.010052493799000478,0,0.1443609022556225,0,TRUE,NA
430,down,400,400,TRUE,6.363,2.751,-3.6120000000000005,4,20,24.12,8.134,3.46,1.3,-15.986,0.00940324691963318,0,-0.12631578947369954,0,TRUE,NA
431,up,400,400,TRUE,2.751,4.976,2.225,4,20,8.12,16.865,1.3,2.62,8.745,0.008885233166386196,0,0.11278195488722075,0,TRUE,NA
432,down,400,400,TRUE,4.976,3.489,-1.487,4,20,16.88,10.860999999999999,2.62,1.74,-6.019,0.004472135954999881,0,-0.028571428571433934,0,TRUE,NA
433,up,400,400,TRUE,3.489,4.377,0.8879999999999999,4,20,10.86,13.96,1.74,2.28,3.1000000000000014,0,0,0,0,TRUE,NA
434,up,400,400,TRUE,4.377,4.869,0.492,4,20,13.96,16.3,2.28,2.56,2.34,0,0,0,0,TRUE,NA
435,up,400,400,TRUE,4.869,6.096,1.2270000000000003,4,20,16.3,22.651,2.56,3.3,6.350999999999999,0.010208355710680591,0,0.14887218045111453,0,TRUE,NA
436,down,400,400,TRUE,6.096,5.382,-0.7140000000000004,4,20,22.66,20.2,3.3,2.88,-2.460000000000001,0,0,0,0,TRUE,NA
437,up,400,400,TRUE,5.382,6.359,0.9770000000000003,4,20,20.2,24.211,2.88,3.46,4.010999999999999,0.010208355710680591,0,0.14887218045116019,0,TRUE,NA
438,down,400,400,TRUE,6.359,5.452,-0.907,4,20,24.22,20.94,3.46,2.92,-3.2799999999999976,0,0,0,0,TRUE,NA
439,down,400,400,TRUE,5.452,1.328,-4.124,4,20,20.94,3.879,2.92,0.458,-17.061,0.021980852911951412,0.00615587011251093,-0.3563909774436121,-0.05413533834586377,TRUE,NA
440,up,400,400,TRUE,1.328,2.17,0.8419999999999999,4,20,3.84,5.38,0.44,0.94,1.54,0,0,0,0,TRUE,NA
441,up,400,400,TRUE,2.17,5.983,3.8129999999999997,4,20,5.38,21.832,0.94,3.24,16.452,0.010052493799000478,0,0.14436090225560383,0,TRUE,NA
442,down,400,400,TRUE,5.983,4.644,-1.3389999999999995,4,20,21.84,16.362,3.24,2.44,-5.4780000000000015,0.006155870112510793,0,-0.05413533834588006,0,TRUE,NA
443,up,400,400,TRUE,4.644,5.699,1.0549999999999997,4,20,16.36,20.802,2.44,3.06,4.442,0.006155870112510793,0,0.05413533834587187,0,TRUE,NA
444,up,400,400,TRUE,5.699,6.785,1.0860000000000003,4,20,20.82,26.224999999999998,3.06,3.72,5.404999999999998,0.008885233166386196,0,0.11278195488721494,0,TRUE,NA
445,down,400,400,TRUE,6.785,5.429,-1.3559999999999999,4,20,26.24,21,3.72,2.9,-5.239999999999998,0,0,0,0,TRUE,NA
446,up,400,400,TRUE,5.429,6.727,1.298,4,20,21,26.183,2.9,3.68,5.183,0.007326950970650309,0,0.07669172932336266,0,TRUE,NA
447,down,400,400,TRUE,6.727,6.024,-0.7030000000000003,4,20,26.2,24.02,3.68,3.26,-2.1799999999999997,0,0,0,0,TRUE,NA
448,down,400,400,TRUE,6.024,5.124,-0.9000000000000004,4,20,24.02,19.803,3.26,2.72,-4.216999999999999,0.007326950970650309,0,-0.07669172932334373,0,TRUE,NA
449,down,400,400,TRUE,5.124,2.788,-2.336,4,20,19.8,8.566,2.72,1.32,-11.234,0.009403246919632345,0,-0.12631578947366431,0,TRUE,NA
450,down,400,400,TRUE,2.788,1.848,-0.9399999999999997,4,20,8.56,5.143,1.32,0.74,-3.4170000000000007,0.007326950970650634,0,-0.07669172932330438,0,TRUE,NA
451,down,400,400,TRUE,1.848,1.222,-0.6260000000000001,4,20,5.14,3.2230000000000003,0.74,0.36,-1.9169999999999994,0.016254554017744994,0,-0.2571428571428567,0,TRUE,NA
452,up,400,400,TRUE,1.222,2.038,0.8159999999999998,4,20,3.2,4.74,0.36,0.86,1.54,0,0,0,0,TRUE,NA
453,down,400,400,TRUE,2.038,1.273,-0.7649999999999999,4,20,4.74,3.109,0.86,0.398,-1.6310000000000002,0.010208355710680819,0.00615587011251093,-0.14887218045112643,0.006015037593985275,TRUE,NA
454,up,400,400,TRUE,1.273,3.485,2.2119999999999997,4,20,3.1,9.18,0.4,1.72,6.08,0,0,0,0,TRUE,NA
455,up,400,400,TRUE,3.485,3.975,0.4900000000000002,4,20,9.18,11.34,1.72,2.02,2.16,0,0,0,0,TRUE,NA
456,up,400,400,TRUE,3.975,6.43,2.4549999999999996,4,20,11.34,23.989,2.02,3.5,12.649000000000001,0.010208355710680591,0,0.1488721804511227,0,TRUE,NA
457,up,400,400,TRUE,6.43,6.946,0.516,4,20,24,26.872999999999998,3.5,3.82,2.8729999999999976,0.00978720969859165,0,0.13684210526320206,0,TRUE,NA
458,down,400,400,TRUE,6.946,4.178,-2.768,4,20,26.88,14.397,3.82,2.16,-12.482999999999999,0.007326950970650309,0,-0.07669172932330454,0,TRUE,NA
459,up,400,400,TRUE,4.178,4.764,0.5860000000000003,4,20,14.38,16.42,2.16,2.5,2.040000000000001,0,0,0,0,TRUE,NA
460,down,400,400,TRUE,4.764,1.94,-2.8240000000000003,4,20,16.42,5.32,2.5,0.8,-11.100000000000001,0,0,0,0,TRUE,NA
461,down,400,400,TRUE,1.94,1.303,-0.637,4,20,5.32,3.3419999999999996,0.8,0.412,-1.9780000000000006,0.01105012502906166,0.010052493799000674,-0.1233082706766948,0.04812030075187993,TRUE,NA
462,up,400,400,TRUE,1.303,1.656,0.353,4,20,3.32,3.82,0.42,0.637,0.5,0,0.007326950970650471,0,-0.031578947368421664,FALSE,small_displacement_step
463,up,400,400,TRUE,1.656,3.77,2.114,4,20,3.82,10.373000000000001,0.64,1.9,6.553000000000001,0.009787209698592519,0,0.13684210526317692,0,TRUE,NA
464,down,400,400,TRUE,3.77,2.805,-0.9649999999999999,4,20,10.38,7.538,1.9,1.32,-2.8420000000000005,0.006155870112511066,0,-0.05413533834585396,0,TRUE,NA
465,down,400,400,TRUE,2.805,2.026,-0.7790000000000004,4,20,7.52,5.124,1.32,0.86,-2.396,0.008207826816681058,0,-0.08421052631579526,0,TRUE,NA
466,up,400,400,TRUE,2.026,3.118,1.092,4,20,5.12,7.92,0.86,1.52,2.8,0,0,0,0,TRUE,NA
467,down,400,400,TRUE,3.118,1.423,-1.6949999999999998,4,20,7.92,3.468,1.52,0.48,-4.452,0.010052493799000702,0,-0.14436090225563986,0,TRUE,NA
468,up,400,400,TRUE,1.423,4.642,3.2190000000000003,4,20,3.46,14.128,0.48,2.44,10.668,0.010052493799001371,0,0.1443609022556346,0,TRUE,NA
469,down,400,400,TRUE,4.642,1.53,-3.112,4,20,14.14,3.812,2.44,0.552,-10.328000000000001,0.015078740698501052,0.010052493799000702,-0.23157894736842102,-0.11428571428571402,TRUE,NA
470,up,400,400,TRUE,1.53,2.071,0.5410000000000001,4,20,3.78,4.72,0.54,0.88,0.94,0,0,0,0,FALSE,small_displacement_step
471,up,400,400,TRUE,2.071,6.291,4.220000000000001,4,20,4.72,22.82,0.88,3.42,18.1,0.015894388284780184,0,0.25263157894736726,0,TRUE,NA
472,down,400,400,TRUE,6.291,5.09,-1.2010000000000005,4,20,22.84,18.18,3.42,2.7,-4.66,0,0,0,0,TRUE,NA
473,up,400,400,TRUE,5.09,6.888,1.798,4,20,18.18,26.349,2.7,3.78,8.169,0.010208355710680591,0,0.14887218045112804,0,TRUE,NA
474,down,400,400,TRUE,6.888,5.744,-1.1440000000000001,4,20,26.36,22.22,3.78,3.1,-4.140000000000001,0,0,0,0,TRUE,NA
475,up,400,400,TRUE,5.744,6.992,1.2480000000000002,4,20,22.22,27.18,3.1,3.84,4.960000000000001,0,0,0,0,TRUE,NA
476,down,400,400,TRUE,6.992,4.727,-2.2649999999999997,4,20,27.18,17.47,3.84,2.48,-9.71,0.010259783520851322,0,-0.15037593984961858,0,TRUE,NA
477,up,400,400,TRUE,4.727,7.012,2.2849999999999993,4,20,17.46,27.34,2.48,3.86,9.879999999999999,0,0,0,0,TRUE,NA
478,down,400,400,TRUE,7.012,6.1,-0.9119999999999999,4,20,27.34,24.42,3.86,3.3,-2.919999999999998,0,0,0,0,TRUE,NA
479,up,400,400,TRUE,6.1,7.17,1.0700000000000003,4,20,24.42,28.243,3.3,3.944,3.822999999999997,0.007326950970651611,0.00820782681668124,0.07669172932330787,-0.024060150375946998,TRUE,NA
480,down,400,400,TRUE,7.17,5.136,-2.034,4,20,28.26,20.061,3.94,2.72,-8.199000000000002,0.004472135954999484,0,-0.028571428571435745,0,TRUE,NA
481,down,400,400,TRUE,5.136,3.955,-1.181,4,20,20.06,13.807,2.72,2.02,-6.252999999999998,0.00978720969859165,0,-0.13684210526314927,0,TRUE,NA
482,down,400,400,TRUE,3.955,2.61,-1.3450000000000002,4,20,13.8,7.748,2.02,1.2,-6.0520000000000005,0.010052493799000478,0,-0.14436090225562528,0,TRUE,NA
483,up,400,400,TRUE,2.61,3.773,1.1630000000000003,4,20,7.74,11.36,1.2,1.9,3.619999999999999,0,0,0,0,TRUE,NA
484,down,400,400,TRUE,3.773,2.244,-1.529,4,20,11.36,6.292,1.9,0.98,-5.068,0.010052493799000478,0,-0.14436090225563997,0,TRUE,NA
485,up,400,400,TRUE,2.244,4.081,1.8370000000000002,4,20,6.28,12.314,0.98,2.1,6.034,0.009403246919632345,0,0.12631578947368008,0,TRUE,NA
486,up,400,400,TRUE,4.081,6.484,2.4029999999999996,4,20,12.32,24.61,2.1,3.54,12.29,0.010259783520851322,0,0.15037593984962183,0,TRUE,NA
487,down,400,400,TRUE,6.484,1.828,-4.656,4,20,24.62,5.09,3.54,0.726,-19.53,0.0229415733870563,0.009403246919632553,-0.375939849624066,-0.12631578947368313,TRUE,NA
488,up,400,400,TRUE,1.828,2.959,1.131,4,20,5.06,7.84,0.72,1.42,2.7800000000000002,0,0,0,0,TRUE,NA
489,up,400,400,TRUE,2.959,4.144,1.185,4,20,7.84,12.469000000000001,1.42,2.14,4.629000000000001,0.010208355710680591,0,0.13984962406015544,0,TRUE,NA
490,down,400,400,TRUE,4.144,3.342,-0.802,4,20,12.48,9.842,2.14,1.64,-2.638,0.006155870112510793,0,-0.04210526315789052,0,TRUE,NA
491,up,400,400,TRUE,3.342,4.742,1.4,4,20,9.84,15.323,1.64,2.48,5.4830000000000005,0.007326950970650309,0,0.07669172932329255,0,TRUE,NA
492,down,400,400,TRUE,4.742,3.773,-0.9689999999999999,4,20,15.34,11.8,2.48,1.9,-3.539999999999999,0,0,0,0,TRUE,NA
493,up,400,400,TRUE,3.773,5.635,1.8619999999999997,4,20,11.8,20.066,1.9,3.02,8.265999999999998,0.009403246919632345,0,0.12631578947368094,0,TRUE,NA
494,up,400,400,TRUE,5.635,6.643,1.008,4,20,20.08,25.476,3.02,3.64,5.396000000000001,0.008207826816681058,0,0.09624060150376083,0,TRUE,NA
495,down,400,400,TRUE,6.643,2.833,-3.8099999999999996,4,20,25.48,8.512,3.64,1.34,-16.968,0.010052493799000478,0,-0.14436090225564857,0,TRUE,NA
496,up,400,400,TRUE,2.833,4.832,1.9989999999999997,4,20,8.5,16.2,1.34,2.54,7.699999999999999,0,0,0,0,TRUE,NA
497,down,400,400,TRUE,4.832,2.48,-2.352,4,20,16.2,7.13,2.54,1.12,-9.07,0.010259783520851322,0,-0.15037593984962164,0,TRUE,NA
498,up,400,400,TRUE,2.48,3.272,0.7919999999999998,4,20,7.12,9.162,1.12,1.6,2.0420000000000007,0.006155870112510793,0,5.550678427730356e-15,0,TRUE,NA
499,down,400,400,TRUE,3.272,0.994,-2.2779999999999996,4,20,9.16,2.774,1.6,0.26,-6.386,0.014653901941300942,0,-0.22556390977443894,0,TRUE,NA
500,up,400,400,TRUE,0.994,2.309,1.3150000000000002,4,20,2.74,5.42,0.26,1.02,2.6799999999999997,0,0,0,0,TRUE,NA
501,up,400,400,TRUE,2.309,6.624,4.3149999999999995,4,20,5.42,24.884,1.02,3.62,19.464,0.015355437918997962,0,0.24060150375938877,0,TRUE,NA
502,down,400,400,TRUE,6.624,4.212,-2.412,4,20,24.9,14.16,3.62,2.18,-10.739999999999998,0,0,0,0,TRUE,NA
503,down,400,400,TRUE,4.212,3.376,-0.8359999999999999,4,20,14.16,10.32,2.18,1.66,-3.84,0,0,0,0,TRUE,NA
504,down,400,400,TRUE,3.376,2.877,-0.4990000000000001,4,20,10.32,8.28,1.66,1.36,-2.040000000000001,0,0,0,0,TRUE,NA
505,down,400,400,TRUE,2.877,1.866,-1.0109999999999997,4,20,8.28,4.918,1.36,0.76,-3.361999999999999,0.006155870112510793,0,-0.05413533834586805,0,TRUE,NA
506,up,400,400,TRUE,1.866,2.732,0.8660000000000001,4,20,4.9,6.899,0.76,1.28,1.9989999999999997,0.004472135954999683,0,0.025563909774440424,0,TRUE,NA
507,up,400,400,TRUE,2.732,3.377,0.6449999999999996,4,20,6.9,9.02,1.28,1.66,2.119999999999999,0,0,0,0,TRUE,NA
508,up,400,400,TRUE,3.377,4.639,1.2620000000000005,4,20,9.02,14.51,1.66,2.44,5.49,0.010259783520851322,0,0.15037593984965789,0,TRUE,NA
509,down,400,400,TRUE,4.639,3.067,-1.572,4,20,14.52,8.78,2.44,1.48,-5.74,0,0,0,0,TRUE,NA
510,up,400,400,TRUE,3.067,6.295,3.2279999999999998,4,20,8.78,23.221,1.48,3.42,14.441,0.01209610637658573,0,0.17293233082708281,0,TRUE,NA
511,down,400,400,TRUE,6.295,3.121,-3.174,4,20,23.24,9.285,3.42,1.52,-13.954999999999998,0.008885233166386985,0,-0.1127819548872185,0,TRUE,NA
512,up,400,400,TRUE,3.121,5.545,2.424,4,20,9.28,19.558,1.52,2.98,10.278,0.008944271909998969,0,0.10526315789475689,0,TRUE,NA
513,down,400,400,TRUE,5.545,3.217,-2.328,4,20,19.58,9.732000000000001,2.98,1.58,-9.847999999999997,0.010052493799000478,0,-0.1443609022556412,0,TRUE,NA
514,up,400,400,TRUE,3.217,4.421,1.2040000000000002,4,20,9.72,13.998,1.58,2.3,4.277999999999999,0.006155870112510793,0,0.05413533834585091,0,TRUE,NA
515,down,400,400,TRUE,4.421,2.152,-2.269,4,20,14,5.938000000000001,2.3,0.9369999999999999,-8.062,0.006155870112511066,0.007326950970650431,-0.05413533834586365,0.01654135338345851,TRUE,NA
516,down,400,400,TRUE,2.152,0.956,-1.1960000000000002,4,20,5.92,2.591,0.94,0.224,-3.3289999999999997,0.013726654823065206,0.00820782681668123,-0.20300751879699455,-0.09624060150375889,TRUE,NA
517,up,400,400,TRUE,0.956,3.664,2.708,4,20,2.56,9.961,0.22,1.84,7.401,0.004472135954999484,0,0.028571428571438656,0,TRUE,NA
518,up,400,400,TRUE,3.664,5.312,1.6480000000000001,4,20,9.98,17.946,1.84,2.84,7.966000000000001,0.009403246919632345,0,0.12631578947372155,0,TRUE,NA
519,down,400,400,TRUE,5.312,3.85,-1.4620000000000002,4,20,17.96,12.08,2.84,1.96,-5.880000000000001,0,0,0,0,TRUE,NA
520,up,400,400,TRUE,3.85,5.274,1.424,4,20,12.08,18.002,1.96,2.8,5.921999999999999,0.006155870112510793,0,0.054135338345851484,0,TRUE,NA
521,down,400,400,TRUE,5.274,3.974,-1.2999999999999998,4,20,18.02,12.839,2.8,2.02,-5.180999999999999,0.004472135954999484,0,-0.02857142857141104,0,TRUE,NA
522,up,400,400,TRUE,3.974,5.734,1.7599999999999998,4,20,12.82,20.494,2.02,3.08,7.6739999999999995,0.009403246919632345,0,0.12631578947366146,0,TRUE,NA
523,down,400,400,TRUE,5.734,4.907,-0.827,4,20,20.5,17.46,3.08,2.58,-3.039999999999999,0,0,0,0,TRUE,NA
524,down,400,400,TRUE,4.907,3.044,-1.863,4,20,17.46,9.175,2.58,1.47,-8.285,0.008885233166386196,0.01025978352085155,-0.11278195488721089,0.15037593984962339,TRUE,NA
525,up,400,400,TRUE,3.044,4.131,1.0870000000000002,4,20,9.16,12.773,1.48,2.12,3.6129999999999995,0.00978720969859165,0,0.12781954887217117,0,TRUE,NA
526,down,400,400,TRUE,4.131,2.982,-1.149,4,20,12.78,8.8,2.12,1.423,-3.9799999999999986,0,0.007326950970650471,0,0.07669172932330906,TRUE,NA
527,up,400,400,TRUE,2.982,4.708,1.726,4,20,8.8,15.197,1.44,2.468,6.3969999999999985,0.007326950970650309,0.010052493799000702,0.07669172932328788,0.015037593984961888,TRUE,NA
528,down,400,400,TRUE,4.708,3.028,-1.6800000000000002,4,20,15.2,8.966000000000001,2.46,1.46,-6.233999999999998,0.009403246919632345,0,-0.11428571428571478,0,TRUE,NA
529,up,400,400,TRUE,3.028,4.001,0.9730000000000003,4,20,8.96,12.04,1.46,2.04,3.0799999999999983,0,0,0,0,TRUE,NA
530,down,400,400,TRUE,4.001,1.786,-2.2150000000000003,4,20,12.04,4.817,2.04,0.712,-7.222999999999999,0.007326950970650634,0.010052493799000702,-0.07669172932332052,0.06315789473684277,TRUE,NA
531,up,400,400,TRUE,1.786,3.547,1.7610000000000001,4,20,4.8,9.8,0.72,1.78,5.000000000000001,0,0,0,0,TRUE,NA
532,down,400,400,TRUE,3.547,1.907,-1.6400000000000001,4,20,9.8,5.018,1.78,0.78,-4.782000000000001,0.006155870112510793,0,-0.054135338345858146,0,TRUE,NA
533,up,400,400,TRUE,1.907,3.602,1.6949999999999998,4,20,5,9.875,0.78,1.8,4.875,0.008885233166386985,0,0.11278195488723206,0,TRUE,NA
534,down,400,400,TRUE,3.602,1.655,-1.9469999999999998,4,20,9.88,4.26,1.8,0.64,-5.620000000000001,0,0,0,0,TRUE,NA
535,up,400,400,TRUE,1.655,3.291,1.636,4,20,4.26,8.577,0.64,1.62,4.317,0.007326950970650309,0,0.06466165413535332,0,TRUE,NA
536,down,400,400,TRUE,3.291,2.628,-0.6629999999999998,4,20,8.58,6.917,1.62,1.22,-1.6630000000000003,0.007326950970650309,0,-0.022556390977443237,0,TRUE,NA
537,down,400,400,TRUE,2.628,1.115,-1.5130000000000001,4,20,6.92,2.844,1.22,0.32,-4.0760000000000005,0.015355437918998304,0,-0.24060150375939818,0,TRUE,NA
538,up,400,400,TRUE,1.115,5.628,4.513,4,20,2.82,19.214,0.3,3.02,16.394,0.013138933706635447,0,0.19849624060147084,0,TRUE,NA
539,down,400,400,TRUE,5.628,3.928,-1.7000000000000002,4,20,19.24,12.26,3.02,2,-6.979999999999999,0,0,0,0,TRUE,NA
540,down,400,400,TRUE,3.928,2.046,-1.8820000000000001,4,20,12.26,5.38,2,0.86,-6.88,0,0,0,0,TRUE,NA
541,down,400,400,TRUE,2.046,1.3,-0.7459999999999998,4,20,5.38,3.209,0.86,0.40700000000000003,-2.171,0.010208355710680819,0.00978720969859184,-0.14887218045112385,0.1368421052631583,TRUE,NA
542,up,400,400,TRUE,1.3,2.215,0.9149999999999998,4,20,3.2,5.04,0.42,0.96,1.8399999999999999,0,0,0,0,TRUE,NA
543,up,400,400,TRUE,2.215,2.592,0.3770000000000002,4,20,5.04,6.06,0.96,1.2,1.0199999999999996,0,0,0,0,TRUE,NA
544,up,400,400,TRUE,2.592,3.147,0.5549999999999997,4,20,6.06,7.84,1.2,1.54,1.7800000000000002,0,0,0,0,TRUE,NA
545,down,400,400,TRUE,3.147,2.36,-0.7869999999999999,4,20,7.84,5.899,1.54,1.06,-1.9409999999999998,0.004472135954999683,0,-0.01954887218044768,0,TRUE,NA
546,up,400,400,TRUE,2.36,4.838,2.478,4,20,5.9,15.004,1.06,2.54,9.104,0.008207826816681058,0,0.09624060150376677,0,TRUE,NA
547,up,400,400,TRUE,4.838,5.63,0.7919999999999998,4,20,15.02,19.447000000000003,2.54,3.02,4.427000000000003,0.00978720969859165,0,0.13684210526314441,0,TRUE,NA
548,up,400,400,TRUE,5.63,6.782,1.1520000000000001,4,20,19.46,25.698,3.02,3.72,6.2379999999999995,0.011050125029061416,0,0.15037593984962125,0,TRUE,NA
549,down,400,400,TRUE,6.782,5.902,-0.8799999999999999,4,20,25.72,22.76,3.72,3.1820000000000004,-2.9599999999999973,0,0.00615587011251093,0,-0.04210526315789614,TRUE,NA
550,down,400,400,TRUE,5.902,4.78,-1.1219999999999999,4,20,22.76,17.263,3.18,2.52,-5.497,0.007326950970650309,0,-0.07669172932330116,0,TRUE,NA
551,up,400,400,TRUE,4.78,5.579,0.7989999999999995,4,20,17.26,20.4,2.52,3,3.139999999999997,0,0,0,0,TRUE,NA
552,down,400,400,TRUE,5.579,4.157,-1.4219999999999997,4,20,20.4,14.215,3,2.14,-6.184999999999999,0.008885233166386985,0,-0.11278195488721929,0,TRUE,NA
553,up,400,400,TRUE,4.157,4.987,0.8300000000000001,4,20,14.2,17.326,2.14,2.64,3.1260000000000012,0.009403246919632345,0,0.04511278195489831,0,TRUE,NA
554,up,400,400,TRUE,4.987,6.896,1.9089999999999998,4,20,17.32,26.538999999999998,2.64,3.78,9.218999999999998,0.007880689256523955,0,0.08270676691728092,0,TRUE,NA
555,down,400,400,TRUE,6.896,5.723,-1.173,4,20,26.56,22.33,3.78,3.08,-4.23,0.010259783520851322,0,-0.14736842105263642,0,TRUE,NA
556,up,400,400,TRUE,5.723,6.767,1.0440000000000005,4,20,22.32,26.34,3.08,3.7030000000000003,4.02,0,0.007326950970650471,0,0.02255639097743957,TRUE,NA
557,down,400,400,TRUE,6.767,4.994,-1.7730000000000006,4,20,26.34,19,3.7,2.64,-7.34,0,0,0,0,TRUE,NA
558,down,400,400,TRUE,4.994,3.266,-1.7279999999999998,4,20,18.98,10.47,2.64,1.6,-8.51,0.010259783520851322,0,-0.15037593984961753,0,TRUE,NA
559,down,400,400,TRUE,3.266,1.465,-1.801,4,20,10.46,4.047,1.6,0.502,-6.413000000000001,0.017501879598308432,0.00615587011251093,-0.27518796992481603,-0.054135338345864904,TRUE,NA
560,down,400,400,TRUE,1.465,0.997,-0.4680000000000001,4,20,4.02,2.66,0.5,0.24,-1.3599999999999994,0.014509525002200246,0,-0.22556390977443544,0,TRUE,NA
561,up,400,400,TRUE,0.997,3.15,2.153,4,20,2.64,8.12,0.22,1.54,5.479999999999999,0,0,0,0,TRUE,NA
562,down,400,400,TRUE,3.15,2.503,-0.6469999999999998,4,20,8.12,6.54,1.54,1.154,-1.5799999999999992,0,0.009403246919632553,0,0.036090225563911664,TRUE,NA
563,down,400,400,TRUE,2.503,1.634,-0.8690000000000002,4,20,6.54,4.08,1.16,0.62,-2.46,0,0,0,0,TRUE,NA
564,up,400,400,TRUE,1.634,2.37,0.7360000000000002,4,20,4.08,5.56,0.62,1.06,1.4799999999999995,0,0,0,0,TRUE,NA
565,down,400,400,TRUE,2.37,1.114,-1.256,4,20,5.56,2.741,1.06,0.308,-2.8189999999999995,0.015183093090324803,0.010052493799000702,-0.239097744360899,-0.14436090225563974,TRUE,NA
566,up,400,400,TRUE,1.114,2.483,1.369,4,20,2.72,5.646,0.3,1.12,2.9259999999999997,0.009403246919632763,0,0.09924812030076083,0,TRUE,NA
567,up,400,400,TRUE,2.483,2.867,0.3839999999999999,4,20,5.66,6.86,1.12,1.36,1.2000000000000002,0,0,0,0,TRUE,NA
568,up,400,400,TRUE,2.867,6.352,3.4850000000000003,4,20,6.86,23.233999999999998,1.36,3.46,16.374,0.013138933706636186,0,0.19849624060149867,0,TRUE,NA
569,down,400,400,TRUE,6.352,3.979,-2.373,4,20,23.26,12.732000000000001,3.46,2.04,-10.528,0.010052493799000478,0,-0.14436090225563145,0,TRUE,NA
570,up,400,400,TRUE,3.979,4.487,0.508,4,20,12.72,14.42,2.04,2.34,1.6999999999999993,0,0,0,0,TRUE,NA
571,down,400,400,TRUE,4.487,3.402,-1.085,4,20,14.42,10.280999999999999,2.34,1.68,-4.139000000000001,0.004472135954999881,0,-0.02857142857141664,0,TRUE,NA
572,down,400,400,TRUE,3.402,2.476,-0.9260000000000002,4,20,10.28,6.773,1.68,1.12,-3.5069999999999997,0.009787209698592083,0,-0.13684210526317828,0,TRUE,NA
573,down,400,400,TRUE,2.476,1.36,-1.1159999999999999,4,20,6.76,3.424,1.12,0.446,-3.336,0.00820782681668124,0.009403246919632553,-0.09624060150375328,0.12631578947368519,TRUE,NA
574,up,400,400,TRUE,1.36,1.724,0.3639999999999999,4,20,3.42,3.94,0.46,0.68,0.52,0,0,0,0,FALSE,small_displacement_step
575,up,400,400,TRUE,1.724,2.754,1.03,4,20,3.94,6.56,0.68,1.3,2.6199999999999997,0,0,0,0,TRUE,NA
576,down,400,400,TRUE,2.754,1.602,-1.152,4,20,6.56,3.8259999999999996,1.3,0.6,-2.734,0.009403246919632553,0,-0.018045112781953313,0,TRUE,NA
577,up,400,400,TRUE,1.602,3.06,1.458,4,20,3.82,7.46,0.6,1.48,3.64,0,0,0,0,TRUE,NA
578,up,400,400,TRUE,3.06,5.106,2.046,4,20,7.46,16.463,1.48,2.718,9.003,0.011742858972247746,0.00615587011251093,0.16691729323308488,0.04210526315789552,TRUE,NA
579,down,400,400,TRUE,5.106,2.877,-2.229,4,20,16.48,7.9,2.72,1.36,-8.58,0,0,0,0,TRUE,NA
580,down,400,400,TRUE,2.877,2.516,-0.36099999999999977,4,20,7.9,6.6129999999999995,1.36,1.16,-1.2870000000000008,0.009787209698592083,0,-0.1248120300751939,0,TRUE,NA
581,down,400,400,TRUE,2.516,0.963,-1.553,4,20,6.6,2.461,1.16,0.237,-4.138999999999999,0.013726654823065206,0.0073269509706504615,-0.20902255639097628,-0.0766917293233079,TRUE,NA
582,up,400,400,TRUE,0.963,1.748,0.785,4,20,2.44,3.7,0.22,0.68,1.2600000000000002,0,0,0,0,TRUE,NA
583,up,400,400,TRUE,1.748,3.313,1.5650000000000002,4,20,3.7,8.24,0.68,1.64,4.54,0,0,0,0,TRUE,NA
584,down,400,400,TRUE,3.313,1.17,-2.1430000000000002,4,20,8.24,2.799,1.64,0.34,-5.441000000000001,0.015183093090324978,0,-0.2390977443608982,0,TRUE,NA
585,up,400,400,TRUE,1.17,2.724,1.5540000000000003,4,20,2.78,6.242,0.34,1.28,3.462,0.006155870112510793,0,0.054135338345857396,0,TRUE,NA
586,up,400,400,TRUE,2.724,4.153,1.4289999999999994,4,20,6.26,11.568,1.28,2.14,5.308,0.010052493799000478,0,0.14436090225564366,0,TRUE,NA
587,down,400,400,TRUE,4.153,3.076,-1.0769999999999995,4,20,11.58,8.239,2.14,1.48,-3.3409999999999993,0.004472135954999484,0,-0.028571428571420282,0,TRUE,NA
588,up,400,400,TRUE,3.076,4.754,1.6779999999999995,4,20,8.22,14.602,1.48,2.5,6.382,0.006155870112510793,0,0.054135338345872044,0,TRUE,NA
589,up,400,400,TRUE,4.754,5.964,1.2100000000000009,4,20,14.62,21.185,2.5,3.22,6.5649999999999995,0.011002392084403383,0,0.15488721804511651,0,TRUE,NA
590,down,400,400,TRUE,5.964,1.528,-4.436,4,20,21.2,3.9819999999999998,3.22,0.56,-17.218,0.019358120830939712,0,-0.30977443609022465,0,TRUE,NA
591,up,400,400,TRUE,1.528,2.476,0.948,4,20,3.94,5.88,0.56,1.12,1.94,0,0,0,0,TRUE,NA
592,up,400,400,TRUE,2.476,4.512,2.0359999999999996,4,20,5.88,13.553,1.12,2.36,7.673000000000001,0.009787209698592519,0,0.13684210526315904,0,TRUE,NA
593,up,400,400,TRUE,4.512,6.755,2.2430000000000003,4,20,13.56,25.363,2.36,3.7,11.802999999999999,0.014903196407411575,0,0.23308270676692078,0,TRUE,NA
594,down,400,400,TRUE,6.755,3.456,-3.299,4,20,25.38,10.511,3.7,1.72,-14.869,0.010208355710680591,0,-0.14887218045110234,0,TRUE,NA
595,down,400,400,TRUE,3.456,2.968,-0.488,4,20,10.5,8.454,1.72,1.42,-2.0459999999999994,0.00940324691963318,0,-0.1263157894736872,0,TRUE,NA
596,down,400,400,TRUE,2.968,1.709,-1.259,4,20,8.44,4.36,1.42,0.66,-4.079999999999999,0,0,0,0,TRUE,NA
597,up,400,400,TRUE,1.709,2.441,0.7319999999999998,4,20,4.36,5.84,0.66,1.1,1.4799999999999995,0,0,0,0,TRUE,NA
598,up,400,400,TRUE,2.441,4.126,1.6850000000000005,4,20,5.84,11.798,1.1,2.12,5.958,0.0061558701125113404,0,0.05413533834586367,0,TRUE,NA
599,down,400,400,TRUE,4.126,3.093,-1.0330000000000004,4,20,11.8,8.52,2.12,1.5,-3.280000000000001,0,0,0,0,TRUE,NA
600,up,400,400,TRUE,3.093,4.574,1.4809999999999999,4,20,8.52,13.974,1.5,2.4,5.454000000000001,0.009403246919632345,0,0.12631578947368102,0,TRUE,NA
601,up,400,400,TRUE,4.574,6.126,1.5520000000000005,4,20,13.98,22.211,2.4,3.32,8.230999999999998,0.010208355710680591,0,0.14887218045114012,0,TRUE,NA
602,down,400,400,TRUE,6.126,4.58,-1.5460000000000003,4,20,22.22,15.7,3.32,2.4,-6.52,0,0,0,0,TRUE,NA
603,up,400,400,TRUE,4.58,5.437,0.8570000000000002,4,20,15.7,19.171,2.4,2.918,3.471,0.010208355710680591,0.00615587011251093,0.1488721804511574,-0.024060150375939254,TRUE,NA
604,down,400,400,TRUE,5.437,4.159,-1.2780000000000005,4,20,19.18,13.871,2.92,2.14,-5.308999999999999,0.010208355710681497,0,-0.1488721804511336,0,TRUE,NA
605,up,400,400,TRUE,4.159,5.398,1.2389999999999999,4,20,13.86,18.96,2.14,2.88,5.100000000000001,0,0,0,0,TRUE,NA
606,down,400,400,TRUE,5.398,2.964,-2.4339999999999997,4,20,18.96,8.798,2.88,1.42,-10.162,0.008944271909999532,0,-0.10225563909774178,0,TRUE,NA
607,up,400,400,TRUE,2.964,5.226,2.262,4,20,8.78,17.866,1.42,2.78,9.086,0.009403246919632345,0,0.12631578947369188,0,TRUE,NA
608,down,400,400,TRUE,5.226,2.209,-3.017,4,20,17.88,6.129,2.78,0.96,-11.751,0.010208355710680591,0,-0.14887218045112569,0,TRUE,NA
609,up,400,400,TRUE,2.209,3.602,1.3929999999999998,4,20,6.12,10.18,0.96,1.8,4.06,0,0,0,0,TRUE,NA
610,up,400,400,TRUE,3.602,4.367,0.7650000000000001,4,20,10.18,13.42,1.8,2.26,3.24,0,0,0,0,TRUE,NA
611,down,400,400,TRUE,4.367,2.853,-1.5139999999999998,4,20,13.42,8.113999999999999,2.26,1.36,-5.306000000000001,0.009403246919632345,0,-0.1263157894736935,0,TRUE,NA
612,up,400,400,TRUE,2.853,4.883,2.03,4,20,8.1,15.814,1.36,2.58,7.714,0.009403246919632345,0,0.12631578947368466,0,TRUE,NA
613,up,400,400,TRUE,4.883,6.583,1.7000000000000002,4,20,15.82,24.785,2.58,3.6,8.965,0.011002392084403383,0,0.15488721804511693,0,TRUE,NA
614,down,400,400,TRUE,6.583,5.625,-0.9580000000000002,4,20,24.8,21.384999999999998,3.6,3.02,-3.4150000000000027,0.008885233166386196,0,-0.07368421052629825,0,TRUE,NA
615,down,400,400,TRUE,5.625,4.064,-1.561,4,20,21.38,13.696,3.02,2.08,-7.683999999999999,0.008207826816681058,0,-0.0962406015037359,0,TRUE,NA
616,down,400,400,TRUE,4.064,2.308,-1.7560000000000002,4,20,13.68,6.548,2.08,1.02,-7.132,0.010052493799000478,0,-0.14436090225563541,0,TRUE,NA
617,up,400,400,TRUE,2.308,5.341,3.0330000000000004,4,20,6.54,18.453,1.02,2.8569999999999998,11.913,0.00978720969859165,0.007326950970650471,0.13684210526314664,0.025563909774432698,TRUE,NA
618,up,400,400,TRUE,5.341,6.762,1.4209999999999994,4,20,18.46,25.895999999999997,2.86,3.7,7.435999999999996,0.008207826816681058,0,0.0962406015037565,0,TRUE,NA
619,down,400,400,TRUE,6.762,5.715,-1.0469999999999997,4,20,25.92,22.142,3.7,3.08,-3.7780000000000022,0.006155870112510793,0,-0.05413533834584664,0,TRUE,NA
620,down,400,400,TRUE,5.715,4.581,-1.1339999999999995,4,20,22.14,16.506,3.08,2.4,-5.634,0.009403246919632345,0,-0.12631578947367697,0,TRUE,NA
621,down,400,400,TRUE,4.581,2.659,-1.9220000000000006,4,20,16.5,7.894,2.4,1.24,-8.606,0.009403246919632763,0,-0.1263157894736967,0,TRUE,NA
622,up,400,400,TRUE,2.659,3.266,0.6070000000000002,4,20,7.88,9.38,1.24,1.6,1.5000000000000009,0,0,0,0,TRUE,NA
623,up,400,400,TRUE,3.266,4.14,0.8739999999999997,4,20,9.38,12.718,1.6,2.14,3.337999999999999,0.0061558701125113404,0,0.05413533834585537,0,TRUE,NA
624,up,400,400,TRUE,4.14,5.108,0.968,4,20,12.72,17.4,2.14,2.7110000000000003,4.679999999999998,0,0.010208355710680819,0,0.10075187969925312,TRUE,NA
625,down,400,400,TRUE,5.108,4.227,-0.8809999999999993,4,20,17.4,14.1,2.7,2.18,-3.299999999999999,0,0,0,0,TRUE,NA
626,down,400,400,TRUE,4.227,3.458,-0.7690000000000001,4,20,14.1,10.78,2.18,1.72,-3.3200000000000003,0,0,0,0,TRUE,NA
627,up,400,400,TRUE,3.458,3.784,0.3259999999999996,4,20,10.78,11.56,1.72,1.92,0.7800000000000011,0,0,0,0,FALSE,small_command_step
628,up,400,400,TRUE,3.784,5.442,1.6580000000000004,4,20,11.56,19.048,1.92,2.916,7.487999999999998,0.010052493799000478,0.00820782681668124,0.14436090225563966,-0.012030075187967698,TRUE,NA
629,down,400,400,TRUE,5.442,4.441,-1.0010000000000003,4,20,19.06,15.2,2.92,2.3,-3.8599999999999994,0,0,0,0,TRUE,NA
630,down,400,400,TRUE,4.441,1.612,-2.8289999999999997,4,20,15.2,4.49,2.3,0.6,-10.709999999999999,0.021026299321513692,0,-0.34285714285714014,0,TRUE,NA
631,up,400,400,TRUE,1.612,3.464,1.8519999999999999,4,20,4.46,9.647,0.6,1.72,5.187,0.00978720969859165,0,0.09473684210526163,0,TRUE,NA
632,down,400,400,TRUE,3.464,2.3,-1.1640000000000001,4,20,9.64,6.251,1.72,1.02,-3.3890000000000002,0.010208355710680591,0,-0.14887218045112285,0,TRUE,NA
633,up,400,400,TRUE,2.3,5.993,3.6930000000000005,4,20,6.24,21.631,1.02,3.24,15.391,0.010208355710680591,0,0.14887218045110792,0,TRUE,NA
634,down,400,400,TRUE,5.993,1.136,-4.857,4,20,21.64,3.2649999999999997,3.24,0.34400000000000003,-18.375,0.01701392618446789,0.008207826816681217,-0.2691729323308266,-0.09624060150375885,TRUE,NA
635,up,400,400,TRUE,1.136,2.487,1.3510000000000002,4,20,3.24,6.06,0.34,1.12,2.8199999999999994,0,0,0,0,TRUE,NA
636,down,400,400,TRUE,2.487,1.408,-1.0790000000000002,4,20,6.06,3.5,1.12,0.48,-2.5599999999999996,0,0,0,0,TRUE,NA
637,up,400,400,TRUE,1.408,2.717,1.3090000000000002,4,20,3.5,6.54,0.48,1.28,3.04,0,0,0,0,TRUE,NA
638,up,400,400,TRUE,2.717,6.165,3.448,4,20,6.54,22.338,1.28,3.36,15.798000000000002,0.01436369692919185,0,0.22255639097744429,0,TRUE,NA
639,down,400,400,TRUE,6.165,1.843,-4.322,4,20,22.36,4.855,3.36,0.74,-17.505,0.01572795031314105,0,-0.24511278195488717,0,TRUE,NA
640,up,400,400,TRUE,1.843,4.187,2.3440000000000003,4,20,4.84,12.42,0.74,2.16,7.58,0,0,0,0,TRUE,NA
641,up,400,400,TRUE,4.187,5.2,1.013,4,20,12.42,17.516,2.16,2.76,5.095999999999998,0.008207826816681058,0,0.09624060150377567,0,TRUE,NA
642,up,400,400,TRUE,5.2,6.588,1.388,4,20,17.52,24.889,2.76,3.6,7.369,0.010208355710680591,0,0.14887218045112666,0,TRUE,NA
643,down,400,400,TRUE,6.588,4.608,-1.9800000000000004,4,20,24.9,16.32,3.6,2.42,-8.579999999999998,0,0,0,0,TRUE,NA
644,up,400,400,TRUE,4.608,5.064,0.4560000000000004,4,20,16.32,17.829,2.42,2.68,1.5090000000000003,0.010208355710680591,0,0.10676691729321336,0,TRUE,NA
645,down,400,400,TRUE,5.064,3.955,-1.109,4,20,17.84,13.169,2.68,2.02,-4.670999999999999,0.010208355710680591,0,-0.14887218045113274,0,TRUE,NA
646,down,400,400,TRUE,3.955,3.407,-0.548,4,20,13.16,10.64,2.02,1.68,-2.5199999999999996,0,0,0,0,TRUE,NA
647,down,400,400,TRUE,3.407,2.791,-0.6160000000000001,4,20,10.64,8.137,1.68,1.32,-2.503,0.007326950970650959,0,-0.07669172932332287,0,TRUE,NA
648,down,400,400,TRUE,2.791,1.29,-1.501,4,20,8.12,3.442,1.32,0.405,-4.677999999999999,0.01576137851304826,0.00888523316638637,-0.24962406015036903,-0.11278195488721796,TRUE,NA
649,up,400,400,TRUE,1.29,4.994,3.7039999999999997,4,20,3.42,16.352999999999998,0.4,2.64,12.932999999999998,0.00978720969859165,0,0.13684210526314092,0,TRUE,NA
650,down,400,400,TRUE,4.994,3.752,-1.242,4,20,16.38,11.64,2.64,1.9,-4.739999999999998,0,0,0,0,TRUE,NA
651,up,400,400,TRUE,3.752,4.445,0.6930000000000005,4,20,11.64,14.067,1.9,2.3,2.4269999999999996,0.00978720969859165,0,0.0827067669173187,0,TRUE,NA
652,down,400,400,TRUE,4.445,2.478,-1.967,4,20,14.08,6.963,2.3,1.12,-7.117,0.007326950970650634,0,-0.07669172932331766,0,TRUE,NA
653,up,400,400,TRUE,2.478,3.255,0.7769999999999997,4,20,6.96,8.95,1.12,1.6,1.9899999999999993,0.010259783520852233,0,0.11428571428572755,0,TRUE,NA
654,up,400,400,TRUE,3.255,5.278,2.0229999999999997,4,20,8.96,17.868,1.6,2.8,8.907999999999998,0.010052493799000478,0,0.14436090225563694,0,TRUE,NA
655,down,400,400,TRUE,5.278,4.206,-1.0719999999999992,4,20,17.88,13.762,2.8,2.1740000000000004,-4.1179999999999986,0.006155870112510793,0.009403246919632553,-0.054135338345879455,0.07218045112781973,TRUE,NA
656,up,400,400,TRUE,4.206,6.294,2.087999999999999,4,20,13.76,23.413,2.18,3.42,9.653,0.009787209698593388,0,0.13684210526319673,0,TRUE,NA
657,down,400,400,TRUE,6.294,5.974,-0.3199999999999994,4,20,23.42,22.74,3.42,3.24,-0.6800000000000033,0,0,0,0,FALSE,small_command_step
658,down,400,400,TRUE,5.974,5.133,-0.8410000000000002,4,20,22.74,19.1,3.24,2.72,-3.639999999999997,0,0,0,0,TRUE,NA
659,down,400,400,TRUE,5.133,1.401,-3.732,4,20,19.1,4.027,2.72,0.483,-15.073,0.022734161635370554,0.007326950970650471,-0.37142857142857416,-0.07669172932330874,TRUE,NA
660,up,400,400,TRUE,1.401,2.001,0.5999999999999999,4,20,4,4.96,0.48,0.84,0.96,0,0,0,0,FALSE,small_displacement_step
661,up,400,400,TRUE,2.001,3.437,1.436,4,20,4.96,9.34,0.84,1.7,4.38,0,0,0,0,TRUE,NA
662,down,400,400,TRUE,3.437,2.103,-1.3339999999999996,4,20,9.34,5.54,1.7,0.9,-3.8,0,0,0,0,TRUE,NA
663,down,400,400,TRUE,2.103,1.457,-0.6460000000000001,4,20,5.54,3.68,0.9,0.52,-1.8599999999999999,0,0,0,0,TRUE,NA
664,up,400,400,TRUE,1.457,2.386,0.929,4,20,3.68,5.64,0.52,1.07,1.9599999999999995,0,0.01025978352085155,0,0.030075187969925712,TRUE,NA
665,up,400,400,TRUE,2.386,4.512,2.1259999999999994,4,20,5.64,13.651,1.08,2.34,8.011,0.010208355710680591,0,0.14887218045113615,0,TRUE,NA
666,down,400,400,TRUE,4.512,3.411,-1.1009999999999995,4,20,13.66,9.9,2.34,1.689,-3.76,0,0.010208355710680819,0,0.1488721804511274,TRUE,NA
667,down,400,400,TRUE,3.411,1.782,-1.629,4,20,9.9,4.608,1.7,0.704,-5.292000000000001,0.010052493799000925,0.00820782681668124,-0.096240601503768,-0.09624060150375811,TRUE,NA
668,down,400,400,TRUE,1.782,1.426,-0.3560000000000001,4,20,4.6,3.528,0.7,0.48,-1.0719999999999996,0.010052493799000702,0,-0.14436090225563372,0,TRUE,NA
669,up,400,400,TRUE,1.426,2.529,1.103,4,20,3.52,5.94,0.48,1.16,2.4200000000000004,0,0,0,0,TRUE,NA
670,down,400,400,TRUE,2.529,1.344,-1.1849999999999998,4,20,5.94,3.248,1.16,0.44,-2.692,0.010052493799000478,0,-0.14436090225563483,0,TRUE,NA
671,up,400,400,TRUE,1.344,5.989,4.645,4,20,3.24,21.138,0.44,3.24,17.898000000000003,0.01576137851304791,0,0.24962406015037678,0,TRUE,NA
672,down,400,400,TRUE,5.989,4.516,-1.4729999999999999,4,20,21.16,15.12,3.24,2.36,-6.040000000000001,0,0,0,0,TRUE,NA
673,up,400,400,TRUE,4.516,5.886,1.37,4,20,15.12,21.212,2.36,3.18,6.0920000000000005,0.010052493799000478,0,0.14436090225565704,0,TRUE,NA
674,down,400,400,TRUE,5.886,3.894,-1.992,4,20,21.22,12.606,3.18,1.98,-8.613999999999999,0.009403246919632345,0,-0.1263157894736817,0,TRUE,NA
675,down,400,400,TRUE,3.894,3.138,-0.7560000000000002,4,20,12.6,9.302000000000001,1.98,1.52,-3.2979999999999983,0.006155870112510793,0,-0.05413533834587921,0,TRUE,NA
676,up,400,400,TRUE,3.138,5.492,2.354,4,20,9.3,19.154,1.52,2.94,9.854,0.009403246919632345,0,0.12631578947372368,0,TRUE,NA
677,up,400,400,TRUE,5.492,6.235,0.7430000000000003,4,20,19.16,23.223,2.94,3.397,4.062999999999999,0.007326950970650309,0.007326950970650471,0.07669172932332598,-0.004511278195490706,TRUE,NA
678,down,400,400,TRUE,6.235,4.874,-1.3610000000000007,4,20,23.24,17.62,3.4,2.573,-5.6199999999999974,0,0.009787209698591866,0,0.019548872180450344,TRUE,NA
679,down,400,400,TRUE,4.874,3.391,-1.4829999999999997,4,20,17.62,10.652000000000001,2.58,1.68,-6.968,0.010052493799000478,0,-0.14436090225564954,0,TRUE,NA
680,up,400,400,TRUE,3.391,4.793,1.4020000000000001,4,20,10.64,16.021,1.68,2.52,5.381,0.004472135954999484,0,0.02857142857141763,0,TRUE,NA
681,up,400,400,TRUE,4.793,5.79,0.9969999999999999,4,20,16.04,21.064999999999998,2.52,3.12,5.024999999999999,0.008885233166386196,0,0.11278195488718921,0,TRUE,NA
682,down,400,400,TRUE,5.79,5.463,-0.32699999999999996,4,20,21.08,20.261000000000003,3.12,2.92,-0.8189999999999955,0.004472135954999484,0,-0.016541353383504542,0,FALSE,small_command_step
683,down,400,400,TRUE,5.463,3.522,-1.9410000000000003,4,20,20.26,11.366,2.92,1.76,-8.894000000000002,0.00940324691963318,0,-0.12631578947370226,0,TRUE,NA
684,up,400,400,TRUE,3.522,4.046,0.5240000000000005,4,20,11.36,12.9,1.76,2.08,1.540000000000001,0,0,0,0,TRUE,NA
685,up,400,400,TRUE,4.046,6.487,2.441,4,20,12.9,24.532,2.08,3.54,11.632,0.010052493799000478,0,0.14436090225561818,0,TRUE,NA
686,down,400,400,TRUE,6.487,4.093,-2.394,4,20,24.54,13.996,3.54,2.1,-10.543999999999999,0.008207826816681058,0,-0.09624060150378114,0,TRUE,NA
687,down,400,400,TRUE,4.093,2.712,-1.3809999999999998,4,20,13.98,8.097999999999999,2.1,1.26,-5.8820000000000014,0.006155870112510793,0,-0.05413533834587073,0,TRUE,NA
688,up,400,400,TRUE,2.712,5.676,2.964,4,20,8.08,20.417,1.26,3.048,12.337000000000002,0.007326950970651611,0.010052493799000702,0.07669172932331271,0.14436090225563397,TRUE,NA
689,up,400,400,TRUE,5.676,7.091,1.415,4,20,20.44,27.569,3.06,3.9,7.128999999999998,0.010208355710680591,0,0.14887218045118497,0,TRUE,NA
690,down,400,400,TRUE,7.091,4.589,-2.502,4,20,27.58,16.718999999999998,3.9,2.4,-10.861,0.004472135954999484,0,-0.028571428571393997,0,TRUE,NA
691,down,400,400,TRUE,4.589,1.998,-2.591,4,20,16.7,5.766,2.4,0.84,-10.934,0.013138933706635846,0,-0.1984962406015012,0,TRUE,NA
692,down,400,400,TRUE,1.998,1.133,-0.865,4,20,5.74,3.144,0.84,0.32,-2.596,0.0139170474787692,0,-0.21353383458646322,0,TRUE,NA
693,up,400,400,TRUE,1.133,6.231,5.098,4,20,3.12,23.106,0.32,3.38,19.986,0.014653901941301612,0,0.2255639097744329,0,TRUE,NA
694,down,400,400,TRUE,6.231,4.658,-1.5729999999999995,4,20,23.12,16.56,3.38,2.44,-6.560000000000002,0,0,0,0,TRUE,NA
695,down,400,400,TRUE,4.658,1.96,-2.6980000000000004,4,20,16.56,5.448,2.44,0.82,-11.111999999999998,0.010052493799000478,0,-0.14436090225563505,0,TRUE,NA
696,up,400,400,TRUE,1.96,3.303,1.343,4,20,5.44,9.119,0.82,1.62,3.6789999999999994,0.004472135954999484,0,0.025563909774430304,0,TRUE,NA
697,down,400,400,TRUE,3.303,2.316,-0.9870000000000001,4,20,9.12,6.3,1.62,1.02,-2.8199999999999994,0,0,0,0,TRUE,NA
698,up,400,400,TRUE,2.316,5.122,2.806,4,20,6.3,17.188,1.02,2.72,10.887999999999998,0.010052493799000478,0,0.14436090225561896,0,TRUE,NA
699,up,400,400,TRUE,5.122,6.293,1.1710000000000003,4,20,17.2,23.569,2.72,3.42,6.369,0.010208355710680591,0,0.14887218045112466,0,TRUE,NA
700,down,400,400,TRUE,6.293,3.844,-2.4490000000000003,4,20,23.58,12.661,3.42,1.942,-10.918999999999999,0.004472135954999484,0.00615587011251093,-0.02857142857142356,0.04210526315789695,TRUE,NA
701,down,400,400,TRUE,3.844,1.647,-2.197,4,20,12.66,4.521999999999999,1.94,0.62,-8.138000000000002,0.006155870112511066,0,-0.05413533834586799,0,TRUE,NA
702,up,400,400,TRUE,1.647,4.644,2.997,4,20,4.52,14.891,0.62,2.44,10.371,0.010208355710680591,0,0.14887218045115033,0,TRUE,NA
703,down,400,400,TRUE,4.644,3.236,-1.408,4,20,14.9,9.68,2.44,1.58,-5.220000000000001,0,0,0,0,TRUE,NA
704,up,400,400,TRUE,3.236,6.098,2.8619999999999997,4,20,9.68,22.457,1.58,3.3,12.777000000000001,0.011742858972247746,0,0.16691729323307164,0,TRUE,NA
705,up,400,400,TRUE,6.098,6.856,0.758,4,20,22.48,26.524,3.3,3.76,4.0440000000000005,0.008207826816681058,0,0.09624060150373642,0,TRUE,NA
706,down,400,400,TRUE,6.856,3.214,-3.642,4,20,26.54,10.11,3.76,1.56,-16.43,0.010259783520851322,0,-0.1503759398496041,0,TRUE,NA
707,down,400,400,TRUE,3.214,1.387,-1.827,4,20,10.1,3.846,1.56,0.46,-6.254,0.019574419397183733,0,-0.31578947368420923,0,TRUE,NA
708,up,400,400,TRUE,1.387,2.038,0.6509999999999998,4,20,3.82,5,0.46,0.86,1.1800000000000002,0,0,0,0,TRUE,NA
709,up,400,400,TRUE,2.038,4.307,2.2690000000000006,4,20,5,13.068,0.86,2.22,8.068,0.010052493799000478,0,0.14436090225564852,0,TRUE,NA
710,down,400,400,TRUE,4.307,3.547,-0.7600000000000002,4,20,13.08,10.64,2.22,1.78,-2.4399999999999995,0,0,0,0,TRUE,NA
711,up,400,400,TRUE,3.547,5.731,2.1839999999999997,4,20,10.64,20.487000000000002,1.78,3.08,9.847000000000001,0.00978720969859165,0,0.13684210526314772,0,TRUE,NA
712,down,400,400,TRUE,5.731,4.71,-1.021,4,20,20.5,16.54,3.08,2.463,-3.960000000000001,0,0.007326950970650471,0,-0.0315789473684216,TRUE,NA
713,up,400,400,TRUE,4.71,5.145,0.4349999999999996,4,20,16.54,18.06,2.46,2.74,1.5199999999999996,0,0,0,0,TRUE,NA
714,up,400,400,TRUE,5.145,6.533,1.3880000000000008,4,20,18.06,24.945,2.74,3.56,6.885000000000002,0.008885233166386196,0,0.11278195488722895,0,TRUE,NA
715,down,400,400,TRUE,6.533,5.32,-1.213,4,20,24.96,20.26,3.56,2.84,-4.699999999999999,0,0,0,0,TRUE,NA
716,down,400,400,TRUE,5.32,2.458,-2.862,4,20,20.26,7.277,2.84,1.1,-12.983,0.011742858972248084,0,-0.1669172932330694,0,TRUE,NA
717,up,400,400,TRUE,2.458,6.208,3.75,4,20,7.26,23.337,1.1,3.38,16.076999999999998,0.011742858972247746,0,0.166917293233079,0,TRUE,NA
718,down,400,400,TRUE,6.208,3.15,-3.0580000000000003,4,20,23.36,9.812000000000001,3.38,1.54,-13.547999999999998,0.010052493799000478,0,-0.14436090225564321,0,TRUE,NA
719,up,400,400,TRUE,3.15,4.697,1.5470000000000002,4,20,9.8,15.72,1.54,2.46,5.92,0,0,0,0,TRUE,NA
720,down,400,400,TRUE,4.697,3.557,-1.1400000000000001,4,20,15.72,11.36,2.46,1.78,-4.360000000000001,0,0,0,0,TRUE,NA
721,down,400,400,TRUE,3.557,2.333,-1.2239999999999998,4,20,11.36,6.702,1.78,1.04,-4.6579999999999995,0.006155870112510793,0,-0.05413533834585891,0,TRUE,NA
722,down,400,400,TRUE,2.333,1.609,-0.7240000000000002,4,20,6.7,4.36,1.04,0.6,-2.34,0,0,0,0,TRUE,NA
723,up,400,400,TRUE,1.609,2.337,0.7280000000000002,4,20,4.36,5.84,0.6,1.04,1.4799999999999995,0,0,0,0,TRUE,NA
724,up,400,400,TRUE,2.337,4.707,2.3699999999999997,4,20,5.84,14.985,1.04,2.465,9.145,0.011002392084403383,0.008885233166386394,0.15488721804508737,-0.0496240601503753,TRUE,NA
725,up,400,400,TRUE,4.707,5.805,1.0979999999999999,4,20,15,20.937,2.46,3.14,5.937000000000001,0.007326950970650309,0,0.07669172932330771,0,TRUE,NA
726,down,400,400,TRUE,5.805,3.636,-2.1689999999999996,4,20,20.96,11.59,3.14,1.82,-9.370000000000001,0.010259783520851322,0,-0.1503759398496162,0,TRUE,NA
727,down,400,400,TRUE,3.636,1.925,-1.711,4,20,11.58,5.301,1.82,0.785,-6.279,0.004472135954999683,0.008885233166386394,-0.028571428571418648,0.10075187969924786,TRUE,NA
728,up,400,400,TRUE,1.925,2.868,0.9429999999999998,4,20,5.3,7.553,0.8,1.36,2.253,0.00978720969859165,0,-0.046616541353370206,0,TRUE,NA
729,up,400,400,TRUE,2.868,6.527,3.6590000000000003,4,20,7.54,24.523,1.36,3.56,16.983,0.013416407864998451,0,0.20300751879698262,0,TRUE,NA
730,down,400,400,TRUE,6.527,4.777,-1.75,4,20,24.54,17.16,3.56,2.5,-7.379999999999999,0,0,0,0,TRUE,NA
731,down,400,400,TRUE,4.777,3.567,-1.21,4,20,17.16,11.401,2.5,1.78,-5.759,0.004472135954999484,0,-0.028571428571414096,0,TRUE,NA
732,up,400,400,TRUE,3.567,5.175,1.6079999999999997,4,20,11.4,18,1.78,2.76,6.6,0,0,0,0,TRUE,NA
733,up,400,400,TRUE,5.175,6.661,1.4859999999999998,4,20,18,25.566,2.76,3.64,7.565999999999999,0.009403246919632345,0,0.12631578947369537,0,TRUE,NA
734,down,400,400,TRUE,6.661,3.707,-2.9539999999999997,4,20,25.58,12.321,3.64,1.86,-13.258999999999999,0.007880689256523955,0,-0.08270676691730627,0,TRUE,NA
735,down,400,400,TRUE,3.707,1.409,-2.298,4,20,12.3,4.007,1.86,0.48,-8.293000000000001,0.019761738683361625,0,-0.3172932330826978,0,TRUE,NA
736,up,400,400,TRUE,1.409,4.006,2.5970000000000004,4,20,3.98,11.981,0.48,2.04,8.001,0.004472135954999484,0,0.028571428571424886,0,TRUE,NA
737,up,400,400,TRUE,4.006,7.138,3.1319999999999997,4,20,11.98,27.674,2.04,3.92,15.693999999999999,0.013138933706635447,0,0.1984962406015017,0,TRUE,NA
738,down,400,400,TRUE,7.138,3.594,-3.544,4,20,27.7,11.683,3.92,1.8,-16.017,0.007326950970650309,0,-0.07669172932330466,0,TRUE,NA
739,down,400,400,TRUE,3.594,1.187,-2.407,4,20,11.68,3.411,1.8,0.36,-8.269,0.017740824166460355,0,-0.28120300751879973,0,TRUE,NA
740,up,400,400,TRUE,1.187,2.145,0.958,4,20,3.38,5.22,0.36,0.92,1.8399999999999999,0,0,0,0,TRUE,NA
741,up,400,400,TRUE,2.145,3.552,1.407,4,20,5.22,9.8,0.92,1.78,4.580000000000001,0,0,0,0,TRUE,NA
742,up,400,400,TRUE,3.552,5.892,2.3400000000000003,4,20,9.8,21.331,1.78,3.18,11.530999999999999,0.010208355710680591,0,0.14887218045113282,0,TRUE,NA
743,up,400,400,TRUE,5.892,6.753,0.8609999999999998,4,20,21.34,26.017,3.18,3.7,4.677,0.00978720969859165,0,0.1248120300751622,0,TRUE,NA
744,down,400,400,TRUE,6.753,5.773,-0.9800000000000004,4,20,26.04,22.58,3.7,3.12,-3.460000000000001,0,0,0,0,TRUE,NA
745,down,400,400,TRUE,5.773,5.251,-0.5219999999999994,4,20,22.58,20.12,3.12,2.8,-2.4599999999999973,0,0,0,0,TRUE,NA
746,up,400,400,TRUE,5.251,6.302,1.0509999999999993,4,20,20.12,24.371,2.8,3.42,4.250999999999998,0.010208355710680591,0,0.14887218045111555,0,TRUE,NA
747,down,400,400,TRUE,6.302,1.158,-5.144,4,20,24.38,3.5700000000000003,3.42,0.36,-20.81,0.02102629932151389,0,-0.3428571428571425,0,TRUE,NA
748,up,400,400,TRUE,1.158,1.865,0.7070000000000001,4,20,3.54,4.636,0.36,0.76,1.096,0.008207826816681058,0,0.07518796992481729,0,TRUE,NA
749,up,400,400,TRUE,1.865,3.92,2.0549999999999997,4,20,4.64,11.5,0.76,2,6.86,0,0,0,0,TRUE,NA
750,down,400,400,TRUE,3.92,2.715,-1.205,4,20,11.5,7.606,2,1.28,-3.894,0.009403246919632763,0,-0.12631578947369435,0,TRUE,NA
751,up,400,400,TRUE,2.715,6.231,3.516,4,20,7.6,23.21,1.28,3.38,15.610000000000001,0.010259783520851322,0,0.15037593984965106,0,TRUE,NA
752,down,400,400,TRUE,6.231,4.1,-2.1310000000000002,4,20,23.22,13.823,3.38,2.1,-9.396999999999998,0.007326950970650309,0,-0.07669172932330559,0,TRUE,NA
753,down,400,400,TRUE,4.1,3.577,-0.5229999999999997,4,20,13.82,11.4,2.1,1.8,-2.42,0,0,0,0,TRUE,NA
754,down,400,400,TRUE,3.577,2.165,-1.412,4,20,11.4,6.06,1.8,0.94,-5.340000000000001,0,0,0,0,TRUE,NA
755,up,400,400,TRUE,2.165,3.341,1.1760000000000002,4,20,6.06,9.3,0.94,1.64,3.240000000000001,0,0,0,0,TRUE,NA
756,down,400,400,TRUE,3.341,1.975,-1.366,4,20,9.3,5.331,1.64,0.82,-3.9690000000000003,0.010208355710680591,0,-0.14887218045112982,0,TRUE,NA
757,up,400,400,TRUE,1.975,5.341,3.366,4,20,5.32,18.311,0.82,2.84,12.991,0.010208355710680591,0,0.14887218045114675,0,TRUE,NA
758,down,400,400,TRUE,5.341,1.774,-3.567,4,20,18.32,4.825,2.84,0.7,-13.495000000000001,0.008885233166386196,0,-0.11278195488721766,0,TRUE,NA
759,up,400,400,TRUE,1.774,3.135,1.3609999999999998,4,20,4.82,8.36,0.7,1.52,3.539999999999999,0,0,0,0,TRUE,NA
760,down,400,400,TRUE,3.135,1.552,-1.5829999999999997,4,20,8.36,4.06,1.52,0.56,-4.3,0,0,0,0,TRUE,NA
761,up,400,400,TRUE,1.552,4.498,2.946,4,20,4.06,13.815000000000001,0.56,2.34,9.755000000000003,0.008885233166386196,0,0.11278195488723469,0,TRUE,NA
762,down,400,400,TRUE,4.498,2.421,-2.0770000000000004,4,20,13.82,6.608,2.34,1.088,-7.212000000000001,0.010052493799000925,0.010052493799000702,-0.14436090225564324,0.14436090225563836,TRUE,NA
763,up,400,400,TRUE,2.421,4.78,2.3590000000000004,4,20,6.6,15.292,1.1,2.52,8.692,0.010052493799001371,0,0.1443609022556743,0,TRUE,NA
764,up,400,400,TRUE,4.78,6.142,1.362,4,20,15.3,22.648,2.52,3.34,7.347999999999999,0.010052493799000478,0,0.14436090225561973,0,TRUE,NA
765,down,400,400,TRUE,6.142,4.724,-1.4180000000000001,4,20,22.66,16.787000000000003,3.34,2.48,-5.8729999999999976,0.00978720969859165,0,-0.13684210526317678,0,TRUE,NA
766,up,400,400,TRUE,4.724,6.256,1.532,4,20,16.78,23.538999999999998,2.48,3.4,6.758999999999997,0.004472135954999484,0,0.028571428571427977,0,TRUE,NA
767,down,400,400,TRUE,6.256,5.404,-0.8520000000000003,4,20,23.56,20.5,3.4,2.88,-3.0599999999999987,0,0,0,0,TRUE,NA
768,down,400,400,TRUE,5.404,4.527,-0.8769999999999998,4,20,20.5,16.254,2.88,2.36,-4.245999999999999,0.009403246919634015,0,-0.12631578947370184,0,TRUE,NA
769,down,400,400,TRUE,4.527,3.812,-0.7150000000000003,4,20,16.24,12.741,2.36,1.94,-3.4989999999999988,0.004472135954999484,0,-0.028571428571415397,0,TRUE,NA
770,up,400,400,TRUE,3.812,6.121,2.3090000000000006,4,20,12.74,22.976,1.94,3.32,10.235999999999999,0.008207826816681058,0,0.09624060150375616,0,TRUE,NA
771,down,400,400,TRUE,6.121,1.383,-4.738,4,20,23,4.101,3.32,0.48,-18.899,0.022918620331397313,0,-0.37142857142856595,0,TRUE,NA
772,up,400,400,TRUE,1.383,6.332,4.949,4,20,4.06,23.881,0.48,3.44,19.821,0.013726654823064902,0,0.20902255639097259,0,TRUE,NA
773,down,400,400,TRUE,6.332,1.775,-4.557,4,20,23.9,5.013,3.44,0.7,-18.887,0.020799797569865015,0,-0.3383458646616415,0,TRUE,NA
774,up,400,400,TRUE,1.775,3.364,1.589,4,20,4.98,9.42,0.7,1.66,4.4399999999999995,0,0,0,0,TRUE,NA
775,down,400,400,TRUE,3.364,1.548,-1.8159999999999998,4,20,9.42,4.16,1.66,0.56,-5.26,0,0,0,0,TRUE,NA
776,up,400,400,TRUE,1.548,4.887,3.3389999999999995,4,20,4.16,15.995000000000001,0.56,2.58,11.835,0.008885233166386196,0,0.11278195488720674,0,TRUE,NA
777,down,400,400,TRUE,4.887,3.568,-1.3189999999999995,4,20,16.02,11.001,2.58,1.78,-5.019,0.004472135954999484,0,-0.0255639097744317,0,TRUE,NA
778,up,400,400,TRUE,3.568,5.015,1.4469999999999996,4,20,11,16.874,1.78,2.66,5.873999999999999,0.009403246919632345,0,0.12631578947368466,0,TRUE,NA
779,down,400,400,TRUE,5.015,1.498,-3.5169999999999995,4,20,16.88,4.177,2.66,0.54,-12.703,0.02079979756986524,0,-0.3353383458646701,0,TRUE,NA
780,up,400,400,TRUE,1.498,2.215,0.7169999999999999,4,20,4.14,5.52,0.54,0.96,1.38,0,0,0,0,TRUE,NA
781,up,400,400,TRUE,2.215,3.359,1.1440000000000001,4,20,5.52,9.06,0.96,1.66,3.540000000000001,0,0,0,0,TRUE,NA
782,down,400,400,TRUE,3.359,2.649,-0.71,4,20,9.06,7.178999999999999,1.66,1.24,-1.8810000000000011,0.004472135954999484,0,-0.028571428571441782,0,TRUE,NA
783,up,400,400,TRUE,2.649,5.284,2.635,4,20,7.16,17.889,1.24,2.82,10.729,0.010208355710680591,0,0.14887218045111755,0,TRUE,NA
784,down,400,400,TRUE,5.284,4.601,-0.6829999999999998,4,20,17.9,15.6,2.82,2.4,-2.299999999999999,0,0,0,0,TRUE,NA
785,down,400,400,TRUE,4.601,2.694,-1.907,4,20,15.6,7.755,2.4,1.26,-7.845,0.008885233166386196,0,-0.11278195488720756,0,TRUE,NA
786,down,400,400,TRUE,2.694,1.241,-1.4529999999999998,4,20,7.74,3.356,1.26,0.38,-4.384,0.015355437918998304,0,-0.2406015037594024,0,TRUE,NA
787,up,400,400,TRUE,1.241,2.696,1.455,4,20,3.32,6.718999999999999,0.38,1.26,3.3989999999999996,0.004472135954999484,0,0.010526315789479119,0,TRUE,NA
788,down,400,400,TRUE,2.696,1.584,-1.112,4,20,6.72,4.018999999999999,1.26,0.589,-2.7010000000000005,0.004472135954999484,0.010208355710680819,-0.007518796992480198,-0.136842105263157,TRUE,NA
789,up,400,400,TRUE,1.584,3.971,2.387,4,20,4.02,11.261,0.58,2.02,7.241,0.004472135954999484,0,0.028571428571422534,0,TRUE,NA
790,up,400,400,TRUE,3.971,5.097,1.1260000000000003,4,20,11.28,16.862,2.02,2.7,5.581999999999999,0.011050125029061416,0,0.15037593984963027,0,TRUE,NA
791,up,400,400,TRUE,5.097,6.132,1.0349999999999993,4,20,16.88,22.57,2.7,3.32,5.690000000000001,0.010259783520851322,0,0.15037593984962633,0,TRUE,NA
792,down,400,400,TRUE,6.132,4.081,-2.0509999999999993,4,20,22.58,13.591,3.32,2.1,-8.988999999999999,0.010208355710680591,0,-0.14887218045112502,0,TRUE,NA
793,up,400,400,TRUE,4.081,4.398,0.3169999999999993,4,20,13.58,14.44,2.1,2.28,0.8599999999999994,0,0,0,0,FALSE,small_command_step
794,up,400,400,TRUE,4.398,6.621,2.2230000000000008,4,20,14.44,25.2,2.28,3.62,10.76,0.012977713690460727,0,0.19248120300750066,0,TRUE,NA
795,down,400,400,TRUE,6.621,5.689,-0.9320000000000004,4,20,25.22,21.96,3.62,3.06,-3.259999999999998,0,0,0,0,TRUE,NA
796,down,400,400,TRUE,5.689,2.469,-3.22,4,20,21.96,7.297,3.06,1.12,-14.663,0.009787209698591759,0,-0.12481203007520313,0,TRUE,NA
797,up,400,400,TRUE,2.469,5.357,2.8880000000000003,4,20,7.28,18.889,1.12,2.86,11.608999999999998,0.010208355710680591,0,0.14887218045112754,0,TRUE,NA
798,down,400,400,TRUE,5.357,4.363,-0.9939999999999998,4,20,18.9,15.02,2.86,2.26,-3.879999999999999,0,0,0,0,TRUE,NA
799,down,400,400,TRUE,4.363,1.366,-2.9970000000000003,4,20,15.02,3.9139999999999997,2.26,0.46,-11.106,0.021618705350983265,0,-0.35187969924811685,0,TRUE,NA
800,up,400,400,TRUE,1.366,6.288,4.922000000000001,4,20,3.88,23.504,0.46,3.42,19.624000000000002,0.012311740225021586,0,0.18045112781952816,0,TRUE,NA
801,down,400,400,TRUE,6.288,2.413,-3.8750000000000004,4,20,23.52,6.9350000000000005,3.42,1.08,-16.585,0.008885233166386591,0,-0.11278195488721528,0,TRUE,NA
802,down,400,400,TRUE,2.413,1.558,-0.8549999999999998,4,20,6.92,4.2,1.08,0.58,-2.7199999999999998,0,0,0,0,TRUE,NA
803,up,400,400,TRUE,1.558,5.633,4.075,4,20,4.2,19.969,0.58,3.02,15.769000000000002,0.010208355710680591,0,0.14887218045114692,0,TRUE,NA
804,down,400,400,TRUE,5.633,4.528,-1.1050000000000004,4,20,20,15.64,3.02,2.36,-4.359999999999999,0,0,0,0,TRUE,NA
805,down,400,400,TRUE,4.528,1.188,-3.34,4,20,15.64,3.412,2.36,0.36,-12.228000000000002,0.01641565363336248,0,-0.25563909774436316,0,TRUE,NA
806,up,400,400,TRUE,1.188,1.996,0.808,4,20,3.38,4.817,0.36,0.84,1.4370000000000003,0.007326950970650634,0,0.07669172932331407,0,TRUE,NA
807,up,400,400,TRUE,1.996,3.949,1.9529999999999998,4,20,4.82,11.408,0.84,2.02,6.587999999999999,0.010052493799000478,0,0.1443609022556578,0,TRUE,NA
808,down,400,400,TRUE,3.949,2.563,-1.3859999999999997,4,20,11.42,7,2.02,1.18,-4.42,0,0,0,0,TRUE,NA
809,up,400,400,TRUE,2.563,5.666,3.103,4,20,7,19.958000000000002,1.18,3.04,12.958000000000002,0.012814465510343475,0,0.18947368421054597,0,TRUE,NA
810,down,400,400,TRUE,5.666,4.416,-1.25,4,20,19.98,14.96,3.04,2.3,-5.02,0,0,0,0,TRUE,NA
811,up,400,400,TRUE,4.416,6.713,2.2969999999999997,4,20,14.96,25.682,2.3,3.68,10.721999999999998,0.008944271909998969,0,0.10526315789471959,0,TRUE,NA
812,down,400,400,TRUE,6.713,4.224,-2.489,4,20,25.7,14.636000000000001,3.68,2.18,-11.063999999999998,0.008207826816681788,0,-0.0962406015037669,0,TRUE,NA
813,up,400,400,TRUE,4.224,4.608,0.38399999999999945,4,20,14.62,15.76,2.18,2.42,1.1400000000000006,0,0,0,0,TRUE,NA
814,up,400,400,TRUE,4.608,5.944,1.3360000000000003,4,20,15.76,22.127000000000002,2.42,3.22,6.367000000000003,0.00978720969859165,0,0.1368421052631621,0,TRUE,NA
815,down,400,400,TRUE,5.944,2.532,-3.412,4,20,22.14,7.521,3.22,1.16,-14.619,0.010208355710680852,0,-0.130827067669166,0,TRUE,NA
816,up,400,400,TRUE,2.532,4.023,1.4909999999999997,4,20,7.5,12.423,1.16,2.06,4.923,0.007326950970650309,0,0.06766917293233063,0,TRUE,NA
817,up,400,400,TRUE,4.023,6.786,2.763,4,20,12.42,26.14,2.06,3.72,13.72,0.011239029738980088,0,0.1533834586466599,0,TRUE,NA
818,down,400,400,TRUE,6.786,4.345,-2.441,4,20,26.16,15.36,3.72,2.26,-10.8,0,0,0,0,TRUE,NA
819,down,400,400,TRUE,4.345,3.077,-1.2679999999999998,4,20,15.36,9.546999999999999,2.26,1.48,-5.813000000000001,0.009787209698592519,0,-0.1368421052631677,0,TRUE,NA
820,up,400,400,TRUE,3.077,5.402,2.325,4,20,9.54,19.246,1.48,2.88,9.706,0.009403246919634015,0,0.12631578947369165,0,TRUE,NA
821,down,400,400,TRUE,5.402,1.719,-3.683,4,20,19.26,4.908,2.88,0.66,-14.352,0.022849622823099294,0,-0.3729323308270673,0,TRUE,NA
822,up,400,400,TRUE,1.719,5.712,3.9929999999999994,4,20,4.88,20.64,0.66,3.08,15.760000000000002,0.012977713690460727,0,0.19248120300748603,0,TRUE,NA
823,down,400,400,TRUE,5.712,2.316,-3.396,4,20,20.66,6.671,3.08,1.02,-13.989,0.010208355710680591,0,-0.14887218045114128,0,TRUE,NA
824,down,400,400,TRUE,2.316,1.683,-0.6329999999999998,4,20,6.66,4.593,1.02,0.64,-2.067,0.00978720969859165,0,-0.13684210526315335,0,TRUE,NA
825,up,400,400,TRUE,1.683,4.221,2.5380000000000003,4,20,4.58,12.85,0.64,2.18,8.27,0.010259783520851322,0,0.15037593984962658,0,TRUE,NA
826,up,400,400,TRUE,4.221,6.743,2.5220000000000002,4,20,12.86,25.819,2.18,3.7,12.959,0.013726654823064902,0,0.2090225563909511,0,TRUE,NA
827,down,400,400,TRUE,6.743,1.735,-5.008,4,20,25.84,4.929,3.7,0.68,-20.911,0.02198085291195133,0,-0.35939849624060854,0,TRUE,NA
828,up,400,400,TRUE,1.735,3.607,1.872,4,20,4.88,10.36,0.68,1.804,5.4799999999999995,0,0.00820782681668124,0,0.09323308270676496,TRUE,NA
829,up,400,400,TRUE,3.607,4.745,1.138,4,20,10.36,15.56,1.8,2.5,5.200000000000001,0,0,0,0,TRUE,NA
830,up,400,400,TRUE,4.745,6.535,1.79,4,20,15.56,24.922,2.5,3.56,9.362,0.006155870112510793,0,0.05413533834585367,0,TRUE,NA
831,down,400,400,TRUE,6.535,3.226,-3.309,4,20,24.94,10.119,3.56,1.58,-14.821000000000002,0.007880689256524204,0,-0.08270676691728705,0,TRUE,NA
832,up,400,400,TRUE,3.226,6.3,3.074,4,20,10.1,23.864,1.58,3.42,13.764000000000001,0.008207826816681058,0,0.09624060150373569,0,TRUE,NA
833,down,400,400,TRUE,6.3,1.717,-4.583,4,20,23.88,4.952,3.42,0.667,-18.927999999999997,0.02190890230020675,0.009787209698591866,-0.3578947368421086,-0.1368421052631587,TRUE,NA
834,up,400,400,TRUE,1.717,5.024,3.307,4,20,4.92,17.11,0.66,2.66,12.19,0.010259783520851322,0,0.15037593984964828,0,TRUE,NA
835,down,400,400,TRUE,5.024,2.813,-2.211,4,20,17.12,8.328,2.66,1.32,-8.792000000000002,0.010052493799000478,0,-0.1443609022556325,0,TRUE,NA
836,up,400,400,TRUE,2.813,6.42,3.6069999999999998,4,20,8.32,24.319,1.32,3.5,15.998999999999999,0.01518309309032464,0,0.2390977443608806,0,TRUE,NA
837,down,400,400,TRUE,6.42,4.607,-1.8129999999999997,4,20,24.34,16.567,3.5,2.42,-7.773,0.00978720969859165,0,-0.1338345864661727,0,TRUE,NA
838,down,400,400,TRUE,4.607,2.073,-2.5340000000000003,4,20,16.56,5.954,2.42,0.88,-10.605999999999998,0.01142481141154945,0,-0.16541353383458027,0,TRUE,NA
839,down,1,400,FALSE,2.073,0,-2.073,0.01,5,5.94,5.94,0.88,0.88,0,NA,NA,0,0,FALSE,incomplete_hold
