run_id,file,step_v,settle_ms,direction,u,n_samples,p_raw_v_mean,p_raw_v_min,p_raw_v_max,p_bar_mean,p_bar_min,p_bar_max,clamped,in_sensor_voltage_range,in_sensor_pressure_range,above_zero_pressure_threshold
step_0.01V_settle_200ms,static_threshold_hysteresis_step_0p01v_settle_time_200ms_p_voltage.csv,0.01,200,up,0.01,4,0.79225,0.791,0.796,0,0,0,TRUE,TRUE,TRUE,FALSE
step_0.01V_settle_200ms,static_threshold_hysteresis_step_0p01v_settle_time_200ms_p_voltage.csv,0.01,200,up,0.02,4,0.7947500000000001,0.791,0.796,0,0,0,TRUE,TRUE,TRUE,FALSE
step_0.01V_settle_200ms,static_threshold_hysteresis_step_0p01v_settle_time_200ms_p_voltage.csv,0.01,200,up,0.03,4,0.79225,0.791,0.796,0,0,0,TRUE,TRUE,TRUE,FALSE
step_0.01V_settle_200ms,static_threshold_hysteresis_step_0p01v_settle_time_200ms_p_voltage.csv,0.01,200,up,0.04,4,0.7897500000000001,0.786,0.791,0,0,0,TRUE,TRUE,TRUE,FALSE
step_0.01V_settle_200ms,static_threshold_hysteresis_step_0p01v_settle_time_200ms_p_voltage.csv,0.01,200,up,0.05,4,0.791,0.791,0.791,0,0,0,TRUE,TRUE,TRUE,FALSE
step_0.01V_settle_200ms,static_threshold_hysteresis_step_0p01v_settle_time_200ms_p_voltage.csv,0.01,200,up,0.06,4,0.791,0.791,0.791,0,0,0,TRUE,TRUE,TRUE,FALSE
step_0.01V_settle_200ms,static_threshold_hysteresis_step_0p01v_settle_time_200ms_p_voltage.csv,0.01,200,up,0.07,4,0.7947500000000001,0.791,0.796,0,0,0,TRUE,TRUE,TRUE,FALSE
step_0.01V_settle_200ms,static_threshold_hysteresis_step_0p01v_settle_time_200ms_p_voltage.csv,0.01,200,up,0.08,4,0.7885,0.786,0.791,0,0,0,TRUE,TRUE,TRUE,FALSE
step_0.01V_settle_200ms,static_threshold_hysteresis_step_0p01v_settle_time_200ms_p_voltage.csv,0.01,200,up,0.09,4,0.791,0.791,0.791,0,0,0,TRUE,TRUE,TRUE,FALSE
step_0.01V_settle_200ms,static_threshold_hysteresis_step_0p01v_settle_time_200ms_p_voltage.csv,0.01,200,up,0.1,4,0.7897500000000001,0.786,0.796,0,0,0,TRUE,TRUE,TRUE,FALSE
step_0.01V_settle_200ms,static_threshold_hysteresis_step_0p01v_settle_time_200ms_p_voltage.csv,0.01,200,up,0.11,4,0.791,0.791,0.791,0,0,0,TRUE,TRUE,TRUE,FALSE
step_0.01V_settle_200ms,static_threshold_hysteresis_step_0p01v_settle_time_200ms_p_voltage.csv,0.01,200,up,0.12,4,0.79225,0.791,0.796,0,0,0,TRUE,TRUE,TRUE,FALSE
step_0.01V_settle_200ms,static_threshold_hysteresis_step_0p01v_settle_time_200ms_p_voltage.csv,0.01,200,up,0.13,4,0.79225,0.791,0.796,0,0,0,TRUE,TRUE,TRUE,FALSE
step_0.01V_settle_200ms,static_threshold_hysteresis_step_0p01v_settle_time_200ms_p_voltage.csv,0.01,200,up,0.14,4,0.791,0.791,0.791,0,0,0,TRUE,TRUE,TRUE,FALSE
step_0.01V_settle_200ms,static_threshold_hysteresis_step_0p01v_settle_time_200ms_p_voltage.csv,0.01,200,up,0.15,4,0.7935000000000001,0.786,0.796,0,0,0,TRUE,TRUE,TRUE,FALSE
step_0.01V_settle_200ms,static_threshold_hysteresis_step_0p01v_settle_time_200ms_p_voltage.csv,0.01,200,up,0.16,4,0.80225,0.791,0.811,0,0,0,TRUE,TRUE,TRUE,FALSE
step_0.01V_settle_200ms,static_threshold_hysteresis_step_0p01v_settle_time_200ms_p_voltage.csv,0.01,200,up,0.17,4,0.8107500000000001,0.796,0.825,0,0,0,TRUE,TRUE,TRUE,FALSE
step_0.01V_settle_200ms,static_threshold_hysteresis_step_0p01v_settle_time_200ms_p_voltage.csv,0.01,200,up,0.18,4,0.824,0.806,0.84,0,0,0,TRUE,TRUE,TRUE,FALSE
step_0.01V_settle_200ms,static_threshold_hysteresis_step_0p01v_settle_time_200ms_p_voltage.csv,0.01,200,up,0.19,4,0.82875,0.815,0.84,0,0,0,TRUE,TRUE,TRUE,FALSE
step_0.01V_settle_200ms,static_threshold_hysteresis_step_0p01v_settle_time_200ms_p_voltage.csv,0.01,200,up,0.2,4,0.83,0.825,0.835,0,0,0,TRUE,TRUE,TRUE,FALSE
step_0.01V_settle_200ms,static_threshold_hysteresis_step_0p01v_settle_time_200ms_p_voltage.csv,0.01,200,up,0.21,4,0.8494999999999999,0.835,0.859,0,0,0,TRUE,TRUE,TRUE,FALSE
step_0.01V_settle_200ms,static_threshold_hysteresis_step_0p01v_settle_time_200ms_p_voltage.csv,0.01,200,up,0.22,4,0.8605,0.845,0.869,0,0,0,TRUE,TRUE,TRUE,FALSE
step_0.01V_settle_200ms,static_threshold_hysteresis_step_0p01v_settle_time_200ms_p_voltage.csv,0.01,200,up,0.23,4,0.85925,0.845,0.864,0,0,0,TRUE,TRUE,TRUE,FALSE
step_0.01V_settle_200ms,static_threshold_hysteresis_step_0p01v_settle_time_200ms_p_voltage.csv,0.01,200,up,0.24,4,0.8665,0.854,0.874,0,0,0,TRUE,TRUE,TRUE,FALSE
step_0.01V_settle_200ms,static_threshold_hysteresis_step_0p01v_settle_time_200ms_p_voltage.csv,0.01,200,up,0.25,4,0.8714999999999999,0.864,0.874,0,0,0,TRUE,TRUE,TRUE,FALSE
step_0.01V_settle_200ms,static_threshold_hysteresis_step_0p01v_settle_time_200ms_p_voltage.csv,0.01,200,up,0.26,4,0.88275,0.874,0.889,0,0,0,TRUE,TRUE,TRUE,FALSE
step_0.01V_settle_200ms,static_threshold_hysteresis_step_0p01v_settle_time_200ms_p_voltage.csv,0.01,200,up,0.27,4,0.889,0.879,0.894,0,0,0,TRUE,TRUE,TRUE,FALSE
step_0.01V_settle_200ms,static_threshold_hysteresis_step_0p01v_settle_time_200ms_p_voltage.csv,0.01,200,up,0.28,4,0.89025,0.879,0.894,0,0,0,TRUE,TRUE,TRUE,FALSE
step_0.01V_settle_200ms,static_threshold_hysteresis_step_0p01v_settle_time_200ms_p_voltage.csv,0.01,200,up,0.29,4,0.90075,0.889,0.908,0,0,0,TRUE,TRUE,TRUE,FALSE
step_0.01V_settle_200ms,static_threshold_hysteresis_step_0p01v_settle_time_200ms_p_voltage.csv,0.01,200,up,0.3,4,0.903,0.903,0.903,0,0,0,TRUE,TRUE,TRUE,FALSE
step_0.01V_settle_200ms,static_threshold_hysteresis_step_0p01v_settle_time_200ms_p_voltage.csv,0.01,200,up,0.31,4,0.9105000000000001,0.908,0.913,0,0,0,TRUE,TRUE,TRUE,FALSE
step_0.01V_settle_200ms,static_threshold_hysteresis_step_0p01v_settle_time_200ms_p_voltage.csv,0.01,200,up,0.32,4,0.9217500000000001,0.913,0.928,0,0,0,TRUE,TRUE,TRUE,FALSE
step_0.01V_settle_200ms,static_threshold_hysteresis_step_0p01v_settle_time_200ms_p_voltage.csv,0.01,200,up,0.33,4,0.92925,0.923,0.933,0,0,0,TRUE,TRUE,TRUE,FALSE
step_0.01V_settle_200ms,static_threshold_hysteresis_step_0p01v_settle_time_200ms_p_voltage.csv,0.01,200,up,0.34,4,0.93425,0.928,0.938,0,0,0,TRUE,TRUE,TRUE,FALSE
step_0.01V_settle_200ms,static_threshold_hysteresis_step_0p01v_settle_time_200ms_p_voltage.csv,0.01,200,up,0.35,4,0.941,0.938,0.942,0,0,0,TRUE,TRUE,TRUE,FALSE
step_0.01V_settle_200ms,static_threshold_hysteresis_step_0p01v_settle_time_200ms_p_voltage.csv,0.01,200,up,0.36,4,0.9484999999999999,0.938,0.957,0,0,0,TRUE,TRUE,TRUE,FALSE
step_0.01V_settle_200ms,static_threshold_hysteresis_step_0p01v_settle_time_200ms_p_voltage.csv,0.01,200,up,0.37,4,0.957,0.947,0.962,0,0,0,TRUE,TRUE,TRUE,FALSE
step_0.01V_settle_200ms,static_threshold_hysteresis_step_0p01v_settle_time_200ms_p_voltage.csv,0.01,200,up,0.38,4,0.9595,0.957,0.962,0,0,0,TRUE,TRUE,TRUE,FALSE
step_0.01V_settle_200ms,static_threshold_hysteresis_step_0p01v_settle_time_200ms_p_voltage.csv,0.01,200,up,0.39,4,0.9715,0.957,0.981,0,0,0,TRUE,TRUE,TRUE,FALSE
step_0.01V_settle_200ms,static_threshold_hysteresis_step_0p01v_settle_time_200ms_p_voltage.csv,0.01,200,up,0.4,4,0.9764999999999999,0.967,0.981,0,0,0,TRUE,TRUE,TRUE,FALSE
step_0.01V_settle_200ms,static_threshold_hysteresis_step_0p01v_settle_time_200ms_p_voltage.csv,0.01,200,up,0.41,4,0.9815,0.977,0.986,0,0,0,TRUE,TRUE,TRUE,FALSE
step_0.01V_settle_200ms,static_threshold_hysteresis_step_0p01v_settle_time_200ms_p_voltage.csv,0.01,200,up,0.42,4,0.9884999999999999,0.981,0.991,0,0,0,TRUE,TRUE,TRUE,FALSE
step_0.01V_settle_200ms,static_threshold_hysteresis_step_0p01v_settle_time_200ms_p_voltage.csv,0.01,200,up,0.43,4,0.996,0.991,1.001,0,0,0,TRUE,TRUE,TRUE,FALSE
step_0.01V_settle_200ms,static_threshold_hysteresis_step_0p01v_settle_time_200ms_p_voltage.csv,0.01,200,up,0.44,4,1.00475,0.991,1.011,0,0,0,TRUE,TRUE,TRUE,FALSE
step_0.01V_settle_200ms,static_threshold_hysteresis_step_0p01v_settle_time_200ms_p_voltage.csv,0.01,200,up,0.45,4,1.00725,0.996,1.011,0,0,0,TRUE,TRUE,TRUE,FALSE
step_0.01V_settle_200ms,static_threshold_hysteresis_step_0p01v_settle_time_200ms_p_voltage.csv,0.01,200,up,0.46,4,1.01475,1.006,1.021,0,0,0,TRUE,TRUE,TRUE,FALSE
step_0.01V_settle_200ms,static_threshold_hysteresis_step_0p01v_settle_time_200ms_p_voltage.csv,0.01,200,up,0.47,4,1.01925,1.011,1.025,0,0,0,TRUE,TRUE,TRUE,FALSE
step_0.01V_settle_200ms,static_threshold_hysteresis_step_0p01v_settle_time_200ms_p_voltage.csv,0.01,200,up,0.48,4,1.034,1.016,1.04,0,0,0,TRUE,TRUE,TRUE,FALSE
step_0.01V_settle_200ms,static_threshold_hysteresis_step_0p01v_settle_time_200ms_p_voltage.csv,0.01,200,up,0.49,4,1.04,1.035,1.045,0,0,0,TRUE,TRUE,TRUE,FALSE
step_0.01V_settle_200ms,static_threshold_hysteresis_step_0p01v_settle_time_200ms_p_voltage.csv,0.01,200,up,0.5,4,1.0425,1.04,1.045,0,0,0,TRUE,TRUE,TRUE,FALSE
step_0.01V_settle_200ms,static_threshold_hysteresis_step_0p01v_settle_time_200ms_p_voltage.csv,0.01,200,up,0.51,4,1.05125,1.04,1.055,0,0,0,TRUE,TRUE,TRUE,FALSE
step_0.01V_settle_200ms,static_threshold_hysteresis_step_0p01v_settle_time_200ms_p_voltage.csv,0.01,200,up,0.52,4,1.06075,1.055,1.064,0,0,0,TRUE,TRUE,TRUE,FALSE
step_0.01V_settle_200ms,static_threshold_hysteresis_step_0p01v_settle_time_200ms_p_voltage.csv,0.01,200,up,0.53,4,1.06575,1.055,1.074,0,0,0,TRUE,TRUE,TRUE,FALSE
step_0.01V_settle_200ms,static_threshold_hysteresis_step_0p01v_settle_time_200ms_p_voltage.csv,0.01,200,up,0.54,4,1.07175,1.06,1.079,0,0,0,TRUE,TRUE,TRUE,FALSE
step_0.01V_settle_200ms,static_threshold_hysteresis_step_0p01v_settle_time_200ms_p_voltage.csv,0.01,200,up,0.55,4,1.0815000000000001,1.074,1.084,0,0,0,TRUE,TRUE,TRUE,FALSE
step_0.01V_settle_200ms,static_threshold_hysteresis_step_0p01v_settle_time_200ms_p_voltage.csv,0.01,200,up,0.56,4,1.0827499999999999,1.074,1.089,0,0,0,TRUE,TRUE,TRUE,FALSE
step_0.01V_settle_200ms,static_threshold_hysteresis_step_0p01v_settle_time_200ms_p_voltage.csv,0.01,200,up,0.57,4,1.0902500000000002,1.084,1.094,0,0,0,TRUE,TRUE,TRUE,FALSE
step_0.01V_settle_200ms,static_threshold_hysteresis_step_0p01v_settle_time_200ms_p_voltage.csv,0.01,200,up,0.58,4,1.09775,1.089,1.104,0,0,0,TRUE,TRUE,TRUE,FALSE
step_0.01V_settle_200ms,static_threshold_hysteresis_step_0p01v_settle_time_200ms_p_voltage.csv,0.01,200,up,0.59,4,1.1047500000000001,1.099,1.108,0,0,0,TRUE,TRUE,TRUE,FALSE
step_0.01V_settle_200ms,static_threshold_hysteresis_step_0p01v_settle_time_200ms_p_voltage.csv,0.01,200,up,0.6,4,1.112,1.104,1.118,8.000000000001339e-4,0,0.006200000000000205,FALSE,TRUE,TRUE,TRUE
step_0.01V_settle_200ms,static_threshold_hysteresis_step_0p01v_settle_time_200ms_p_voltage.csv,0.01,200,up,0.61,4,1.1155000000000002,1.108,1.118,0.00395000000000012,0,0.006200000000000205,FALSE,TRUE,TRUE,TRUE
step_0.01V_settle_200ms,static_threshold_hysteresis_step_0p01v_settle_time_200ms_p_voltage.csv,0.01,200,up,0.62,4,1.12425,1.118,1.128,0.011824999999999974,0.006200000000000205,0.01519999999999988,FALSE,TRUE,TRUE,TRUE
step_0.01V_settle_200ms,static_threshold_hysteresis_step_0p01v_settle_time_200ms_p_voltage.csv,0.01,200,up,0.63,4,1.1355,1.133,1.138,0.021949999999999914,0.01970000000000005,0.0242,FALSE,TRUE,TRUE,TRUE
step_0.01V_settle_200ms,static_threshold_hysteresis_step_0p01v_settle_time_200ms_p_voltage.csv,0.01,200,up,0.64,4,1.138,1.133,1.143,0.0242,0.01970000000000005,0.028699999999999948,FALSE,TRUE,TRUE,TRUE
step_0.01V_settle_200ms,static_threshold_hysteresis_step_0p01v_settle_time_200ms_p_voltage.csv,0.01,200,up,0.65,4,1.14625,1.138,1.152,0.031625000000000014,0.0242,0.036799999999999944,FALSE,TRUE,TRUE,TRUE
step_0.01V_settle_200ms,static_threshold_hysteresis_step_0p01v_settle_time_200ms_p_voltage.csv,0.01,200,up,0.66,4,1.1532499999999999,1.147,1.157,0.037924999999999986,0.032299999999999995,0.041300000000000114,FALSE,TRUE,TRUE,TRUE
step_0.01V_settle_200ms,static_threshold_hysteresis_step_0p01v_settle_time_200ms_p_voltage.csv,0.01,200,up,0.67,4,1.157,1.152,1.162,0.041300000000000114,0.036799999999999944,0.04580000000000006,FALSE,TRUE,TRUE,TRUE
step_0.01V_settle_200ms,static_threshold_hysteresis_step_0p01v_settle_time_200ms_p_voltage.csv,0.01,200,up,0.68,4,1.16075,1.157,1.162,0.04467500000000002,0.041300000000000114,0.04580000000000006,FALSE,TRUE,TRUE,TRUE
step_0.01V_settle_200ms,static_threshold_hysteresis_step_0p01v_settle_time_200ms_p_voltage.csv,0.01,200,up,0.69,4,1.17075,1.162,1.177,0.05367499999999992,0.04580000000000006,0.05930000000000013,FALSE,TRUE,TRUE,TRUE
step_0.01V_settle_200ms,static_threshold_hysteresis_step_0p01v_settle_time_200ms_p_voltage.csv,0.01,200,up,0.7,4,1.1744999999999999,1.172,1.182,0.05704999999999982,0.05479999999999996,0.06380000000000008,FALSE,TRUE,TRUE,TRUE
step_0.01V_settle_200ms,static_threshold_hysteresis_step_0p01v_settle_time_200ms_p_voltage.csv,0.01,200,up,0.71,4,1.1844999999999999,1.182,1.187,0.06604999999999994,0.06380000000000008,0.06830000000000003,FALSE,TRUE,TRUE,TRUE
step_0.01V_settle_200ms,static_threshold_hysteresis_step_0p01v_settle_time_200ms_p_voltage.csv,0.01,200,up,0.72,4,1.18775,1.182,1.191,0.06897500000000001,0.06380000000000008,0.07190000000000007,FALSE,TRUE,TRUE,TRUE
step_0.01V_settle_200ms,static_threshold_hysteresis_step_0p01v_settle_time_200ms_p_voltage.csv,0.01,200,up,0.73,4,1.1985000000000001,1.191,1.206,0.07865000000000011,0.07190000000000007,0.08539999999999992,FALSE,TRUE,TRUE,TRUE
step_0.01V_settle_200ms,static_threshold_hysteresis_step_0p01v_settle_time_200ms_p_voltage.csv,0.01,200,up,0.74,4,1.2085000000000001,1.201,1.211,0.08765000000000023,0.0809000000000002,0.08990000000000009,FALSE,TRUE,TRUE,TRUE
step_0.01V_settle_200ms,static_threshold_hysteresis_step_0p01v_settle_time_200ms_p_voltage.csv,0.01,200,up,0.75,4,1.20975,1.206,1.211,0.08877500000000005,0.08539999999999992,0.08990000000000009,FALSE,TRUE,TRUE,TRUE
step_0.01V_settle_200ms,static_threshold_hysteresis_step_0p01v_settle_time_200ms_p_voltage.csv,0.01,200,up,0.76,4,1.216,1.206,1.226,0.09440000000000004,0.08539999999999992,0.10339999999999994,FALSE,TRUE,TRUE,TRUE
step_0.01V_settle_200ms,static_threshold_hysteresis_step_0p01v_settle_time_200ms_p_voltage.csv,0.01,200,up,0.77,4,1.2235,1.216,1.226,0.10115000000000007,0.09440000000000004,0.10339999999999994,FALSE,TRUE,TRUE,TRUE
step_0.01V_settle_200ms,static_threshold_hysteresis_step_0p01v_settle_time_200ms_p_voltage.csv,0.01,200,up,0.78,4,1.2245,1.216,1.23,0.10204999999999997,0.09440000000000004,0.10699999999999998,FALSE,TRUE,TRUE,TRUE
step_0.01V_settle_200ms,static_threshold_hysteresis_step_0p01v_settle_time_200ms_p_voltage.csv,0.01,200,up,0.79,4,1.24125,1.23,1.25,0.11712499999999992,0.10699999999999998,0.125,FALSE,TRUE,TRUE,TRUE
step_0.01V_settle_200ms,static_threshold_hysteresis_step_0p01v_settle_time_200ms_p_voltage.csv,0.01,200,up,0.8,4,1.24875,1.24,1.255,0.12387499999999996,0.1160000000000001,0.12949999999999995,FALSE,TRUE,TRUE,TRUE
step_0.01V_settle_200ms,static_threshold_hysteresis_step_0p01v_settle_time_200ms_p_voltage.csv,0.01,200,up,0.81,4,1.24875,1.245,1.25,0.12387499999999996,0.12050000000000005,0.125,FALSE,TRUE,TRUE,TRUE
step_0.01V_settle_200ms,static_threshold_hysteresis_step_0p01v_settle_time_200ms_p_voltage.csv,0.01,200,up,0.82,4,1.2599999999999998,1.255,1.265,0.1339999999999999,0.12949999999999995,0.13849999999999985,FALSE,TRUE,TRUE,TRUE
step_0.01V_settle_200ms,static_threshold_hysteresis_step_0p01v_settle_time_200ms_p_voltage.csv,0.01,200,up,0.83,4,1.26375,1.26,1.265,0.13737500000000002,0.13400000000000012,0.13849999999999985,FALSE,TRUE,TRUE,TRUE
step_0.01V_settle_200ms,static_threshold_hysteresis_step_0p01v_settle_time_200ms_p_voltage.csv,0.01,200,up,0.84,4,1.2675,1.26,1.27,0.14075000000000015,0.13400000000000012,0.14300000000000002,FALSE,TRUE,TRUE,TRUE
step_0.01V_settle_200ms,static_threshold_hysteresis_step_0p01v_settle_time_200ms_p_voltage.csv,0.01,200,up,0.85,4,1.27525,1.274,1.279,0.1477250000000001,0.14660000000000006,0.1511,FALSE,TRUE,TRUE,TRUE
step_0.01V_settle_200ms,static_threshold_hysteresis_step_0p01v_settle_time_200ms_p_voltage.csv,0.01,200,up,0.86,4,1.28775,1.279,1.294,0.1589750000000001,0.1511,0.16460000000000008,FALSE,TRUE,TRUE,TRUE
step_0.01V_settle_200ms,static_threshold_hysteresis_step_0p01v_settle_time_200ms_p_voltage.csv,0.01,200,up,0.87,4,1.29025,1.284,1.294,0.16122499999999995,0.15559999999999996,0.16460000000000008,FALSE,TRUE,TRUE,TRUE
step_0.01V_settle_200ms,static_threshold_hysteresis_step_0p01v_settle_time_200ms_p_voltage.csv,0.01,200,up,0.88,4,1.2965,1.294,1.299,0.16684999999999994,0.16460000000000008,0.16910000000000003,FALSE,TRUE,TRUE,TRUE
step_0.01V_settle_200ms,static_threshold_hysteresis_step_0p01v_settle_time_200ms_p_voltage.csv,0.01,200,up,0.89,4,1.306,1.294,1.313,0.1754,0.16460000000000008,0.18169999999999997,FALSE,TRUE,TRUE,TRUE
step_0.01V_settle_200ms,static_threshold_hysteresis_step_0p01v_settle_time_200ms_p_voltage.csv,0.01,200,up,0.9,4,1.309,1.309,1.309,0.17809999999999993,0.17809999999999993,0.17809999999999993,FALSE,TRUE,TRUE,TRUE
step_0.01V_settle_200ms,static_threshold_hysteresis_step_0p01v_settle_time_200ms_p_voltage.csv,0.01,200,up,0.91,4,1.3205,1.313,1.323,0.18845,0.18169999999999997,0.1907000000000001,FALSE,TRUE,TRUE,TRUE
step_0.01V_settle_200ms,static_threshold_hysteresis_step_0p01v_settle_time_200ms_p_voltage.csv,0.01,200,up,0.92,4,1.32325,1.309,1.328,0.190925,0.17809999999999993,0.19520000000000004,FALSE,TRUE,TRUE,TRUE
step_0.01V_settle_200ms,static_threshold_hysteresis_step_0p01v_settle_time_200ms_p_voltage.csv,0.01,200,up,0.93,4,1.32925,1.328,1.333,0.19632500000000008,0.19520000000000004,0.1997,FALSE,TRUE,TRUE,TRUE
step_0.01V_settle_200ms,static_threshold_hysteresis_step_0p01v_settle_time_200ms_p_voltage.csv,0.01,200,up,0.94,4,1.348,1.338,1.353,0.21320000000000006,0.20420000000000016,0.2177,FALSE,TRUE,TRUE,TRUE
step_0.01V_settle_200ms,static_threshold_hysteresis_step_0p01v_settle_time_200ms_p_voltage.csv,0.01,200,up,0.95,4,1.34875,1.333,1.357,0.21387500000000004,0.1997,0.22130000000000005,FALSE,TRUE,TRUE,TRUE
step_0.01V_settle_200ms,static_threshold_hysteresis_step_0p01v_settle_time_200ms_p_voltage.csv,0.01,200,up,0.96,4,1.355,1.353,1.357,0.21950000000000003,0.2177,0.22130000000000005,FALSE,TRUE,TRUE,TRUE
step_0.01V_settle_200ms,static_threshold_hysteresis_step_0p01v_settle_time_200ms_p_voltage.csv,0.01,200,up,0.97,4,1.36225,1.353,1.367,0.22602499999999992,0.2177,0.23029999999999995,FALSE,TRUE,TRUE,TRUE
step_0.01V_settle_200ms,static_threshold_hysteresis_step_0p01v_settle_time_200ms_p_voltage.csv,0.01,200,up,0.98,4,1.3682500000000002,1.357,1.372,0.23142500000000021,0.22130000000000005,0.23480000000000012,FALSE,TRUE,TRUE,TRUE
step_0.01V_settle_200ms,static_threshold_hysteresis_step_0p01v_settle_time_200ms_p_voltage.csv,0.01,200,up,0.99,4,1.37325,1.367,1.377,0.23592500000000016,0.23029999999999995,0.23930000000000007,FALSE,TRUE,TRUE,TRUE
step_0.01V_settle_200ms,static_threshold_hysteresis_step_0p01v_settle_time_200ms_p_voltage.csv,0.01,200,up,1,4,1.377,1.372,1.382,0.23930000000000007,0.23480000000000012,0.24380000000000002,FALSE,TRUE,TRUE,TRUE
step_0.01V_settle_200ms,static_threshold_hysteresis_step_0p01v_settle_time_200ms_p_voltage.csv,0.01,200,up,1.01,4,1.3857499999999998,1.377,1.392,0.24717499999999992,0.23930000000000007,0.2527999999999999,FALSE,TRUE,TRUE,TRUE
step_0.01V_settle_200ms,static_threshold_hysteresis_step_0p01v_settle_time_200ms_p_voltage.csv,0.01,200,up,1.02,4,1.3924999999999998,1.382,1.396,0.25325,0.24380000000000002,0.25639999999999996,FALSE,TRUE,TRUE,TRUE
step_0.01V_settle_200ms,static_threshold_hysteresis_step_0p01v_settle_time_200ms_p_voltage.csv,0.01,200,up,1.03,4,1.4,1.392,1.406,0.26,0.2527999999999999,0.26539999999999986,FALSE,TRUE,TRUE,TRUE
step_0.01V_settle_200ms,static_threshold_hysteresis_step_0p01v_settle_time_200ms_p_voltage.csv,0.01,200,up,1.04,4,1.40475,1.396,1.411,0.26427500000000004,0.25639999999999996,0.26990000000000003,FALSE,TRUE,TRUE,TRUE
step_0.01V_settle_200ms,static_threshold_hysteresis_step_0p01v_settle_time_200ms_p_voltage.csv,0.01,200,up,1.05,4,1.41475,1.411,1.416,0.27327499999999993,0.26990000000000003,0.2744,FALSE,TRUE,TRUE,TRUE
step_0.01V_settle_200ms,static_threshold_hysteresis_step_0p01v_settle_time_200ms_p_voltage.csv,0.01,200,up,1.06,4,1.41725,1.416,1.421,0.275525,0.2744,0.27890000000000015,FALSE,TRUE,TRUE,TRUE
step_0.01V_settle_200ms,static_threshold_hysteresis_step_0p01v_settle_time_200ms_p_voltage.csv,0.01,200,up,1.07,4,1.42725,1.416,1.436,0.2845249999999999,0.2744,0.2924,FALSE,TRUE,TRUE,TRUE
step_0.01V_settle_200ms,static_threshold_hysteresis_step_0p01v_settle_time_200ms_p_voltage.csv,0.01,200,up,1.08,4,1.433,1.421,1.44,0.28970000000000007,0.27890000000000015,0.29600000000000004,FALSE,TRUE,TRUE,TRUE
step_0.01V_settle_200ms,static_threshold_hysteresis_step_0p01v_settle_time_200ms_p_voltage.csv,0.01,200,up,1.09,4,1.44275,1.436,1.445,0.29847500000000005,0.2924,0.3005,FALSE,TRUE,TRUE,TRUE
step_0.01V_settle_200ms,static_threshold_hysteresis_step_0p01v_settle_time_200ms_p_voltage.csv,0.01,200,up,1.1,4,1.4425,1.44,1.445,0.2982499999999999,0.29600000000000004,0.3005,FALSE,TRUE,TRUE,TRUE
step_0.01V_settle_200ms,static_threshold_hysteresis_step_0p01v_settle_time_200ms_p_voltage.csv,0.01,200,up,1.11,4,1.455,1.445,1.465,0.3095000000000001,0.3005,0.3185,FALSE,TRUE,TRUE,TRUE
step_0.01V_settle_200ms,static_threshold_hysteresis_step_0p01v_settle_time_200ms_p_voltage.csv,0.01,200,up,1.12,4,1.46375,1.455,1.47,0.3173750000000002,0.3095000000000001,0.32299999999999995,FALSE,TRUE,TRUE,TRUE
step_0.01V_settle_200ms,static_threshold_hysteresis_step_0p01v_settle_time_200ms_p_voltage.csv,0.01,200,up,1.13,4,1.4625,1.46,1.465,0.3162499999999999,0.31400000000000006,0.3185,FALSE,TRUE,TRUE,TRUE
step_0.01V_settle_200ms,static_threshold_hysteresis_step_0p01v_settle_time_200ms_p_voltage.csv,0.01,200,up,1.14,4,1.4755,1.465,1.479,0.32794999999999996,0.3185,0.33110000000000017,FALSE,TRUE,TRUE,TRUE
step_0.01V_settle_200ms,static_threshold_hysteresis_step_0p01v_settle_time_200ms_p_voltage.csv,0.01,200,up,1.15,4,1.484,1.484,1.484,0.3356000000000001,0.3356000000000001,0.3356000000000001,FALSE,TRUE,TRUE,TRUE
step_0.01V_settle_200ms,static_threshold_hysteresis_step_0p01v_settle_time_200ms_p_voltage.csv,0.01,200,up,1.16,4,1.489,1.484,1.494,0.34010000000000007,0.3356000000000001,0.3446,FALSE,TRUE,TRUE,TRUE
step_0.01V_settle_200ms,static_threshold_hysteresis_step_0p01v_settle_time_200ms_p_voltage.csv,0.01,200,up,1.17,4,1.50025,1.494,1.504,0.350225,0.3446,0.35360000000000014,FALSE,TRUE,TRUE,TRUE
step_0.01V_settle_200ms,static_threshold_hysteresis_step_0p01v_settle_time_200ms_p_voltage.csv,0.01,200,up,1.18,4,1.50275,1.494,1.509,0.3524750000000001,0.3446,0.35809999999999986,FALSE,TRUE,TRUE,TRUE
step_0.01V_settle_200ms,static_threshold_hysteresis_step_0p01v_settle_time_200ms_p_voltage.csv,0.01,200,up,1.19,4,1.5114999999999998,1.509,1.514,0.36034999999999995,0.35809999999999986,0.36260000000000003,FALSE,TRUE,TRUE,TRUE
step_0.01V_settle_200ms,static_threshold_hysteresis_step_0p01v_settle_time_200ms_p_voltage.csv,0.01,200,up,1.2,4,1.51975,1.514,1.523,0.36777499999999996,0.36260000000000003,0.37070000000000003,FALSE,TRUE,TRUE,TRUE
step_0.01V_settle_200ms,static_threshold_hysteresis_step_0p01v_settle_time_200ms_p_voltage.csv,0.01,200,up,1.21,4,1.5187499999999998,1.514,1.523,0.36687499999999984,0.36260000000000003,0.37070000000000003,FALSE,TRUE,TRUE,TRUE
step_0.01V_settle_200ms,static_threshold_hysteresis_step_0p01v_settle_time_200ms_p_voltage.csv,0.01,200,up,1.22,4,1.533,1.523,1.538,0.3796999999999999,0.37070000000000003,0.3842000000000001,FALSE,TRUE,TRUE,TRUE
step_0.01V_settle_200ms,static_threshold_hysteresis_step_0p01v_settle_time_200ms_p_voltage.csv,0.01,200,up,1.23,4,1.5342500000000001,1.528,1.538,0.3808250000000002,0.3752,0.3842000000000001,FALSE,TRUE,TRUE,TRUE
step_0.01V_settle_200ms,static_threshold_hysteresis_step_0p01v_settle_time_200ms_p_voltage.csv,0.01,200,up,1.24,4,1.538,1.528,1.548,0.3842000000000001,0.3752,0.3932,FALSE,TRUE,TRUE,TRUE
step_0.01V_settle_200ms,static_threshold_hysteresis_step_0p01v_settle_time_200ms_p_voltage.csv,0.01,200,up,1.25,4,1.55175,1.548,1.553,0.3965749999999999,0.3932,0.39769999999999994,FALSE,TRUE,TRUE,TRUE
step_0.01V_settle_200ms,static_threshold_hysteresis_step_0p01v_settle_time_200ms_p_voltage.csv,0.01,200,up,1.26,4,1.55675,1.553,1.558,0.40107500000000007,0.39769999999999994,0.4022000000000001,FALSE,TRUE,TRUE,TRUE
step_0.01V_settle_200ms,static_threshold_hysteresis_step_0p01v_settle_time_200ms_p_voltage.csv,0.01,200,up,1.27,4,1.564,1.558,1.572,0.4076000000000002,0.4022000000000001,0.41480000000000006,FALSE,TRUE,TRUE,TRUE
step_0.01V_settle_200ms,static_threshold_hysteresis_step_0p01v_settle_time_200ms_p_voltage.csv,0.01,200,up,1.28,4,1.5659999999999998,1.563,1.567,0.4094,0.40670000000000006,0.4102999999999999,FALSE,TRUE,TRUE,TRUE
step_0.01V_settle_200ms,static_threshold_hysteresis_step_0p01v_settle_time_200ms_p_voltage.csv,0.01,200,up,1.29,4,1.571,1.563,1.577,0.41389999999999993,0.40670000000000006,0.4193,FALSE,TRUE,TRUE,TRUE
step_0.01V_settle_200ms,static_threshold_hysteresis_step_0p01v_settle_time_200ms_p_voltage.csv,0.01,200,up,1.3,4,1.582,1.572,1.587,0.4238000000000002,0.41480000000000006,0.4282999999999999,FALSE,TRUE,TRUE,TRUE
step_0.01V_settle_200ms,static_threshold_hysteresis_step_0p01v_settle_time_200ms_p_voltage.csv,0.01,200,up,1.31,4,1.5845,1.582,1.587,0.42605000000000004,0.4238000000000002,0.4282999999999999,FALSE,TRUE,TRUE,TRUE
step_0.01V_settle_200ms,static_threshold_hysteresis_step_0p01v_settle_time_200ms_p_voltage.csv,0.01,200,up,1.32,4,1.59325,1.582,1.602,0.4339250000000001,0.4238000000000002,0.4418000000000002,FALSE,TRUE,TRUE,TRUE
step_0.01V_settle_200ms,static_threshold_hysteresis_step_0p01v_settle_time_200ms_p_voltage.csv,0.01,200,up,1.33,4,1.598,1.592,1.606,0.43820000000000014,0.4328000000000001,0.4454,FALSE,TRUE,TRUE,TRUE
step_0.01V_settle_200ms,static_threshold_hysteresis_step_0p01v_settle_time_200ms_p_voltage.csv,0.01,200,up,1.34,4,1.60625,1.597,1.611,0.44562499999999994,0.4373,0.44989999999999997,FALSE,TRUE,TRUE,TRUE
step_0.01V_settle_200ms,static_threshold_hysteresis_step_0p01v_settle_time_200ms_p_voltage.csv,0.01,200,up,1.35,4,1.6147500000000001,1.611,1.616,0.4532750000000001,0.44989999999999997,0.45440000000000014,FALSE,TRUE,TRUE,TRUE
step_0.01V_settle_200ms,static_threshold_hysteresis_step_0p01v_settle_time_200ms_p_voltage.csv,0.01,200,up,1.36,4,1.621,1.611,1.626,0.4589000000000001,0.44989999999999997,0.46340000000000003,FALSE,TRUE,TRUE,TRUE
step_0.01V_settle_200ms,static_threshold_hysteresis_step_0p01v_settle_time_200ms_p_voltage.csv,0.01,200,up,1.37,4,1.6284999999999998,1.626,1.631,0.4656499999999999,0.46340000000000003,0.4679,FALSE,TRUE,TRUE,TRUE
step_0.01V_settle_200ms,static_threshold_hysteresis_step_0p01v_settle_time_200ms_p_voltage.csv,0.01,200,up,1.38,4,1.6360000000000001,1.621,1.641,0.47240000000000015,0.4589000000000001,0.4769000000000001,FALSE,TRUE,TRUE,TRUE
step_0.01V_settle_200ms,static_threshold_hysteresis_step_0p01v_settle_time_200ms_p_voltage.csv,0.01,200,up,1.39,4,1.641,1.626,1.646,0.4769000000000001,0.46340000000000003,0.48140000000000005,FALSE,TRUE,TRUE,TRUE
step_0.01V_settle_200ms,static_threshold_hysteresis_step_0p01v_settle_time_200ms_p_voltage.csv,0.01,200,up,1.4,4,1.6504999999999999,1.646,1.66,0.48544999999999994,0.48140000000000005,0.494,FALSE,TRUE,TRUE,TRUE
step_0.01V_settle_200ms,static_threshold_hysteresis_step_0p01v_settle_time_200ms_p_voltage.csv,0.01,200,up,1.41,4,1.65875,1.655,1.665,0.49287499999999995,0.48950000000000005,0.49850000000000017,FALSE,TRUE,TRUE,TRUE
step_0.01V_settle_200ms,static_threshold_hysteresis_step_0p01v_settle_time_200ms_p_voltage.csv,0.01,200,up,1.42,4,1.66125,1.66,1.665,0.49512500000000004,0.494,0.49850000000000017,FALSE,TRUE,TRUE,TRUE
step_0.01V_settle_200ms,static_threshold_hysteresis_step_0p01v_settle_time_200ms_p_voltage.csv,0.01,200,up,1.43,4,1.6712500000000001,1.665,1.675,0.5041250000000002,0.49850000000000017,0.5075000000000001,FALSE,TRUE,TRUE,TRUE
step_0.01V_settle_200ms,static_threshold_hysteresis_step_0p01v_settle_time_200ms_p_voltage.csv,0.01,200,up,1.44,4,1.67625,1.665,1.685,0.5086250000000001,0.49850000000000017,0.5165000000000002,FALSE,TRUE,TRUE,TRUE
step_0.01V_settle_200ms,static_threshold_hysteresis_step_0p01v_settle_time_200ms_p_voltage.csv,0.01,200,up,1.45,4,1.6785,1.665,1.689,0.51065,0.49850000000000017,0.5201,FALSE,TRUE,TRUE,TRUE
step_0.01V_settle_200ms,static_threshold_hysteresis_step_0p01v_settle_time_200ms_p_voltage.csv,0.01,200,up,1.46,4,1.694,1.689,1.699,0.5246,0.5201,0.5291000000000001,FALSE,TRUE,TRUE,TRUE
step_0.01V_settle_200ms,static_threshold_hysteresis_step_0p01v_settle_time_200ms_p_voltage.csv,0.01,200,up,1.47,4,1.70025,1.689,1.709,0.5302250000000002,0.5201,0.5381,FALSE,TRUE,TRUE,TRUE
step_0.01V_settle_200ms,static_threshold_hysteresis_step_0p01v_settle_time_200ms_p_voltage.csv,0.01,200,up,1.48,4,1.70025,1.694,1.704,0.5302250000000002,0.5246,0.5336000000000001,FALSE,TRUE,TRUE,TRUE
step_0.01V_settle_200ms,static_threshold_hysteresis_step_0p01v_settle_time_200ms_p_voltage.csv,0.01,200,up,1.49,4,1.72025,1.709,1.724,0.5482250000000002,0.5381,0.5516000000000001,FALSE,TRUE,TRUE,TRUE
step_0.01V_settle_200ms,static_threshold_hysteresis_step_0p01v_settle_time_200ms_p_voltage.csv,0.01,200,up,1.5,4,1.719,1.709,1.729,0.5471000000000001,0.5381,0.5561,FALSE,TRUE,TRUE,TRUE
step_0.01V_settle_200ms,static_threshold_hysteresis_step_0p01v_settle_time_200ms_p_voltage.csv,0.01,200,up,1.51,4,1.7215,1.719,1.729,0.54935,0.5471000000000001,0.5561,FALSE,TRUE,TRUE,TRUE
step_0.01V_settle_200ms,static_threshold_hysteresis_step_0p01v_settle_time_200ms_p_voltage.csv,0.01,200,up,1.52,4,1.731,1.719,1.738,0.5579000000000001,0.5471000000000001,0.5642,FALSE,TRUE,TRUE,TRUE
step_0.01V_settle_200ms,static_threshold_hysteresis_step_0p01v_settle_time_200ms_p_voltage.csv,0.01,200,up,1.53,4,1.737,1.724,1.743,0.5633000000000001,0.5516000000000001,0.5687000000000002,FALSE,TRUE,TRUE,TRUE
step_0.01V_settle_200ms,static_threshold_hysteresis_step_0p01v_settle_time_200ms_p_voltage.csv,0.01,200,up,1.54,4,1.74675,1.743,1.758,0.5720750000000001,0.5687000000000002,0.5822,FALSE,TRUE,TRUE,TRUE
step_0.01V_settle_200ms,static_threshold_hysteresis_step_0p01v_settle_time_200ms_p_voltage.csv,0.01,200,up,1.55,4,1.758,1.748,1.763,0.5822,0.5731999999999999,0.5867,FALSE,TRUE,TRUE,TRUE
step_0.01V_settle_200ms,static_threshold_hysteresis_step_0p01v_settle_time_200ms_p_voltage.csv,0.01,200,up,1.56,4,1.75925,1.753,1.763,0.5833250000000001,0.5776999999999999,0.5867,FALSE,TRUE,TRUE,TRUE
step_0.01V_settle_200ms,static_threshold_hysteresis_step_0p01v_settle_time_200ms_p_voltage.csv,0.01,200,up,1.57,4,1.7655,1.758,1.768,0.5889500000000001,0.5822,0.5912,FALSE,TRUE,TRUE,TRUE
step_0.01V_settle_200ms,static_threshold_hysteresis_step_0p01v_settle_time_200ms_p_voltage.csv,0.01,200,up,1.58,4,1.77125,1.768,1.777,0.594125,0.5912,0.5992999999999999,FALSE,TRUE,TRUE,TRUE
step_0.01V_settle_200ms,static_threshold_hysteresis_step_0p01v_settle_time_200ms_p_voltage.csv,0.01,200,up,1.59,4,1.7845,1.772,1.792,0.60605,0.5948,0.6128,FALSE,TRUE,TRUE,TRUE
step_0.01V_settle_200ms,static_threshold_hysteresis_step_0p01v_settle_time_200ms_p_voltage.csv,0.01,200,up,1.6,4,1.78575,1.777,1.792,0.607175,0.5992999999999999,0.6128,FALSE,TRUE,TRUE,TRUE
step_0.01V_settle_200ms,static_threshold_hysteresis_step_0p01v_settle_time_200ms_p_voltage.csv,0.01,200,up,1.61,4,1.79075,1.782,1.797,0.6116750000000002,0.6038000000000001,0.6173,FALSE,TRUE,TRUE,TRUE
step_0.01V_settle_200ms,static_threshold_hysteresis_step_0p01v_settle_time_200ms_p_voltage.csv,0.01,200,up,1.62,4,1.80325,1.792,1.812,0.622925,0.6128,0.6308,FALSE,TRUE,TRUE,TRUE
step_0.01V_settle_200ms,static_threshold_hysteresis_step_0p01v_settle_time_200ms_p_voltage.csv,0.01,200,up,1.63,4,1.80575,1.797,1.812,0.625175,0.6173,0.6308,FALSE,TRUE,TRUE,TRUE
step_0.01V_settle_200ms,static_threshold_hysteresis_step_0p01v_settle_time_200ms_p_voltage.csv,0.01,200,up,1.64,4,1.812,1.812,1.812,0.6308,0.6308,0.6308,FALSE,TRUE,TRUE,TRUE
step_0.01V_settle_200ms,static_threshold_hysteresis_step_0p01v_settle_time_200ms_p_voltage.csv,0.01,200,up,1.65,4,1.82,1.812,1.826,0.6380000000000001,0.6308,0.6434000000000002,FALSE,TRUE,TRUE,TRUE
step_0.01V_settle_200ms,static_threshold_hysteresis_step_0p01v_settle_time_200ms_p_voltage.csv,0.01,200,up,1.66,4,1.8275000000000001,1.812,1.836,0.6447500000000002,0.6308,0.6524000000000001,FALSE,TRUE,TRUE,TRUE
step_0.01V_settle_200ms,static_threshold_hysteresis_step_0p01v_settle_time_200ms_p_voltage.csv,0.01,200,up,1.67,4,1.836,1.836,1.836,0.6524000000000001,0.6524000000000001,0.6524000000000001,FALSE,TRUE,TRUE,TRUE
step_0.01V_settle_200ms,static_threshold_hysteresis_step_0p01v_settle_time_200ms_p_voltage.csv,0.01,200,up,1.68,4,1.83975,1.831,1.846,0.655775,0.6478999999999999,0.6614000000000002,FALSE,TRUE,TRUE,TRUE
step_0.01V_settle_200ms,static_threshold_hysteresis_step_0p01v_settle_time_200ms_p_voltage.csv,0.01,200,up,1.69,4,1.83975,1.831,1.846,0.655775,0.6478999999999999,0.6614000000000002,FALSE,TRUE,TRUE,TRUE
step_0.01V_settle_200ms,static_threshold_hysteresis_step_0p01v_settle_time_200ms_p_voltage.csv,0.01,200,up,1.7,4,1.8530000000000002,1.846,1.86,0.6677000000000002,0.6614000000000002,0.6740000000000002,FALSE,TRUE,TRUE,TRUE
step_0.01V_settle_200ms,static_threshold_hysteresis_step_0p01v_settle_time_200ms_p_voltage.csv,0.01,200,up,1.71,4,1.8565,1.851,1.86,0.6708500000000002,0.6658999999999999,0.6740000000000002,FALSE,TRUE,TRUE,TRUE
step_0.01V_settle_200ms,static_threshold_hysteresis_step_0p01v_settle_time_200ms_p_voltage.csv,0.01,200,up,1.72,4,1.86125,1.855,1.865,0.6751250000000002,0.6695,0.6785000000000001,FALSE,TRUE,TRUE,TRUE
step_0.01V_settle_200ms,static_threshold_hysteresis_step_0p01v_settle_time_200ms_p_voltage.csv,0.01,200,up,1.73,4,1.88,1.87,1.885,0.692,0.683,0.6965000000000001,FALSE,TRUE,TRUE,TRUE
step_0.01V_settle_200ms,static_threshold_hysteresis_step_0p01v_settle_time_200ms_p_voltage.csv,0.01,200,up,1.74,4,1.88,1.875,1.885,0.692,0.6875,0.6965000000000001,FALSE,TRUE,TRUE,TRUE
step_0.01V_settle_200ms,static_threshold_hysteresis_step_0p01v_settle_time_200ms_p_voltage.csv,0.01,200,up,1.75,4,1.88125,1.875,1.885,0.6931250000000002,0.6875,0.6965000000000001,FALSE,TRUE,TRUE,TRUE
step_0.01V_settle_200ms,static_threshold_hysteresis_step_0p01v_settle_time_200ms_p_voltage.csv,0.01,200,up,1.76,4,1.8980000000000001,1.895,1.899,0.7082000000000002,0.7055,0.7091000000000001,FALSE,TRUE,TRUE,TRUE
step_0.01V_settle_200ms,static_threshold_hysteresis_step_0p01v_settle_time_200ms_p_voltage.csv,0.01,200,up,1.77,4,1.898,1.89,1.904,0.7081999999999999,0.7009999999999998,0.7136,FALSE,TRUE,TRUE,TRUE
step_0.01V_settle_200ms,static_threshold_hysteresis_step_0p01v_settle_time_200ms_p_voltage.csv,0.01,200,up,1.78,4,1.9089999999999998,1.904,1.914,0.7181,0.7136,0.7225999999999999,FALSE,TRUE,TRUE,TRUE
step_0.01V_settle_200ms,static_threshold_hysteresis_step_0p01v_settle_time_200ms_p_voltage.csv,0.01,200,up,1.79,4,1.91525,1.909,1.919,0.723725,0.7181,0.7271000000000001,FALSE,TRUE,TRUE,TRUE
step_0.01V_settle_200ms,static_threshold_hysteresis_step_0p01v_settle_time_200ms_p_voltage.csv,0.01,200,up,1.8,4,1.91775,1.914,1.919,0.725975,0.7225999999999999,0.7271000000000001,FALSE,TRUE,TRUE,TRUE
step_0.01V_settle_200ms,static_threshold_hysteresis_step_0p01v_settle_time_200ms_p_voltage.csv,0.01,200,up,1.81,4,1.93325,1.919,1.938,0.7399249999999999,0.7271000000000001,0.7442,FALSE,TRUE,TRUE,TRUE
step_0.01V_settle_200ms,static_threshold_hysteresis_step_0p01v_settle_time_200ms_p_voltage.csv,0.01,200,up,1.82,4,1.9344999999999999,1.924,1.938,0.74105,0.7316,0.7442,FALSE,TRUE,TRUE,TRUE
step_0.01V_settle_200ms,static_threshold_hysteresis_step_0p01v_settle_time_200ms_p_voltage.csv,0.01,200,up,1.83,4,1.9369999999999998,1.934,1.938,0.7432999999999998,0.7405999999999999,0.7442,FALSE,TRUE,TRUE,TRUE
step_0.01V_settle_200ms,static_threshold_hysteresis_step_0p01v_settle_time_200ms_p_voltage.csv,0.01,200,up,1.84,4,1.9492500000000001,1.943,1.953,0.7543250000000001,0.7487000000000001,0.7577,FALSE,TRUE,TRUE,TRUE
step_0.01V_settle_200ms,static_threshold_hysteresis_step_0p01v_settle_time_200ms_p_voltage.csv,0.01,200,up,1.85,4,1.953,1.938,1.963,0.7577,0.7442,0.7667000000000002,FALSE,TRUE,TRUE,TRUE
step_0.01V_settle_200ms,static_threshold_hysteresis_step_0p01v_settle_time_200ms_p_voltage.csv,0.01,200,up,1.86,4,1.96675,1.963,1.968,0.7700750000000001,0.7667000000000002,0.7712000000000001,FALSE,TRUE,TRUE,TRUE
step_0.01V_settle_200ms,static_threshold_hysteresis_step_0p01v_settle_time_200ms_p_voltage.csv,0.01,200,up,1.87,4,1.96425,1.958,1.968,0.767825,0.7622,0.7712000000000001,FALSE,TRUE,TRUE,TRUE
step_0.01V_settle_200ms,static_threshold_hysteresis_step_0p01v_settle_time_200ms_p_voltage.csv,0.01,200,up,1.88,4,1.9765,1.968,1.982,0.77885,0.7712000000000001,0.7838,FALSE,TRUE,TRUE,TRUE
step_0.01V_settle_200ms,static_threshold_hysteresis_step_0p01v_settle_time_200ms_p_voltage.csv,0.01,200,up,1.89,4,1.98475,1.968,1.992,0.7862750000000001,0.7712000000000001,0.7928,FALSE,TRUE,TRUE,TRUE
step_0.01V_settle_200ms,static_threshold_hysteresis_step_0p01v_settle_time_200ms_p_voltage.csv,0.01,200,up,1.9,4,1.9812500000000002,1.973,1.987,0.7831250000000003,0.7757000000000001,0.7883000000000002,FALSE,TRUE,TRUE,TRUE
step_0.01V_settle_200ms,static_threshold_hysteresis_step_0p01v_settle_time_200ms_p_voltage.csv,0.01,200,up,1.91,4,1.9885,1.978,1.992,0.78965,0.7802,0.7928,FALSE,TRUE,TRUE,TRUE
step_0.01V_settle_200ms,static_threshold_hysteresis_step_0p01v_settle_time_200ms_p_voltage.csv,0.01,200,up,1.92,4,2.00575,1.992,2.012,0.805175,0.7928,0.8108,FALSE,TRUE,TRUE,TRUE
step_0.01V_settle_200ms,static_threshold_hysteresis_step_0p01v_settle_time_200ms_p_voltage.csv,0.01,200,up,1.93,4,2.0145,2.007,2.017,0.81305,0.8063000000000002,0.8152999999999999,FALSE,TRUE,TRUE,TRUE
step_0.01V_settle_200ms,static_threshold_hysteresis_step_0p01v_settle_time_200ms_p_voltage.csv,0.01,200,up,1.94,4,2.01325,2.007,2.017,0.8119250000000002,0.8063000000000002,0.8152999999999999,FALSE,TRUE,TRUE,TRUE
step_0.01V_settle_200ms,static_threshold_hysteresis_step_0p01v_settle_time_200ms_p_voltage.csv,0.01,200,up,1.95,4,2.0164999999999997,2.007,2.021,0.8148499999999999,0.8063000000000002,0.8189,FALSE,TRUE,TRUE,TRUE
step_0.01V_settle_200ms,static_threshold_hysteresis_step_0p01v_settle_time_200ms_p_voltage.csv,0.01,200,up,1.96,4,2.03225,2.021,2.041,0.8290249999999999,0.8189,0.8369,FALSE,TRUE,TRUE,TRUE
step_0.01V_settle_200ms,static_threshold_hysteresis_step_0p01v_settle_time_200ms_p_voltage.csv,0.01,200,up,1.97,4,2.03475,2.021,2.041,0.831275,0.8189,0.8369,FALSE,TRUE,TRUE,TRUE
step_0.01V_settle_200ms,static_threshold_hysteresis_step_0p01v_settle_time_200ms_p_voltage.csv,0.01,200,up,1.98,4,2.04225,2.036,2.051,0.8380250000000002,0.8324,0.8459000000000001,FALSE,TRUE,TRUE,TRUE
step_0.01V_settle_200ms,static_threshold_hysteresis_step_0p01v_settle_time_200ms_p_voltage.csv,0.01,200,up,1.99,4,2.06425,2.056,2.07,0.8578250000000001,0.8504,0.863,FALSE,TRUE,TRUE,TRUE
step_0.01V_settle_200ms,static_threshold_hysteresis_step_0p01v_settle_time_200ms_p_voltage.csv,0.01,200,up,2,4,2.0629999999999997,2.051,2.07,0.8566999999999998,0.8459000000000001,0.863,FALSE,TRUE,TRUE,TRUE
step_0.01V_settle_200ms,static_threshold_hysteresis_step_0p01v_settle_time_200ms_p_voltage.csv,0.01,200,up,2.01,4,2.0665,2.056,2.07,0.85985,0.8504,0.863,FALSE,TRUE,TRUE,TRUE
step_0.01V_settle_200ms,static_threshold_hysteresis_step_0p01v_settle_time_200ms_p_voltage.csv,0.01,200,up,2.02,4,2.0725,2.065,2.08,0.8652499999999999,0.8585,0.8720000000000001,FALSE,TRUE,TRUE,TRUE
step_0.01V_settle_200ms,static_threshold_hysteresis_step_0p01v_settle_time_200ms_p_voltage.csv,0.01,200,up,2.03,4,2.08125,2.065,2.09,0.8731249999999999,0.8585,0.881,FALSE,TRUE,TRUE,TRUE
step_0.01V_settle_200ms,static_threshold_hysteresis_step_0p01v_settle_time_200ms_p_voltage.csv,0.01,200,up,2.04,4,2.0862499999999997,2.08,2.09,0.8776249999999999,0.8720000000000001,0.881,FALSE,TRUE,TRUE,TRUE
step_0.01V_settle_200ms,static_threshold_hysteresis_step_0p01v_settle_time_200ms_p_voltage.csv,0.01,200,up,2.05,4,2.09,2.09,2.09,0.881,0.881,0.881,FALSE,TRUE,TRUE,TRUE
step_0.01V_settle_200ms,static_threshold_hysteresis_step_0p01v_settle_time_200ms_p_voltage.csv,0.01,200,up,2.06,4,2.097,2.08,2.104,0.8873,0.8720000000000001,0.8936000000000002,FALSE,TRUE,TRUE,TRUE
step_0.01V_settle_200ms,static_threshold_hysteresis_step_0p01v_settle_time_200ms_p_voltage.csv,0.01,200,up,2.07,4,2.10325,2.095,2.109,0.8929250000000002,0.8855000000000002,0.8981000000000001,FALSE,TRUE,TRUE,TRUE
step_0.01V_settle_200ms,static_threshold_hysteresis_step_0p01v_settle_time_200ms_p_voltage.csv,0.01,200,up,2.08,4,2.1065,2.104,2.109,0.89585,0.8936000000000002,0.8981000000000001,FALSE,TRUE,TRUE,TRUE
step_0.01V_settle_200ms,static_threshold_hysteresis_step_0p01v_settle_time_200ms_p_voltage.csv,0.01,200,up,2.09,4,2.11525,2.109,2.119,0.9037250000000001,0.8981000000000001,0.9071000000000002,FALSE,TRUE,TRUE,TRUE
step_0.01V_settle_200ms,static_threshold_hysteresis_step_0p01v_settle_time_200ms_p_voltage.csv,0.01,200,up,2.1,4,2.1265,2.119,2.129,0.91385,0.9071000000000002,0.9161000000000001,FALSE,TRUE,TRUE,TRUE
step_0.01V_settle_200ms,static_threshold_hysteresis_step_0p01v_settle_time_200ms_p_voltage.csv,0.01,200,up,2.11,4,2.1315,2.129,2.134,0.91835,0.9161000000000001,0.9205999999999999,FALSE,TRUE,TRUE,TRUE
step_0.01V_settle_200ms,static_threshold_hysteresis_step_0p01v_settle_time_200ms_p_voltage.csv,0.01,200,up,2.12,4,2.134,2.129,2.139,0.9205999999999999,0.9161000000000001,0.9250999999999998,FALSE,TRUE,TRUE,TRUE
step_0.01V_settle_200ms,static_threshold_hysteresis_step_0p01v_settle_time_200ms_p_voltage.csv,0.01,200,up,2.13,4,2.1470000000000002,2.139,2.153,0.9323000000000004,0.9250999999999998,0.9377,FALSE,TRUE,TRUE,TRUE
step_0.01V_settle_200ms,static_threshold_hysteresis_step_0p01v_settle_time_200ms_p_voltage.csv,0.01,200,up,2.14,4,2.14575,2.139,2.148,0.9311750000000001,0.9250999999999998,0.9332000000000003,FALSE,TRUE,TRUE,TRUE
step_0.01V_settle_200ms,static_threshold_hysteresis_step_0p01v_settle_time_200ms_p_voltage.csv,0.01,200,up,2.15,4,2.1567499999999997,2.148,2.163,0.9410749999999999,0.9332000000000003,0.9466999999999999,FALSE,TRUE,TRUE,TRUE
step_0.01V_settle_200ms,static_threshold_hysteresis_step_0p01v_settle_time_200ms_p_voltage.csv,0.01,200,up,2.16,4,2.16175,2.153,2.168,0.945575,0.9377,0.9512000000000003,FALSE,TRUE,TRUE,TRUE
step_0.01V_settle_200ms,static_threshold_hysteresis_step_0p01v_settle_time_200ms_p_voltage.csv,0.01,200,up,2.17,4,2.16675,2.163,2.168,0.950075,0.9466999999999999,0.9512000000000003,FALSE,TRUE,TRUE,TRUE
step_0.01V_settle_200ms,static_threshold_hysteresis_step_0p01v_settle_time_200ms_p_voltage.csv,0.01,200,up,2.18,4,2.18,2.168,2.192,0.9620000000000002,0.9512000000000003,0.9728000000000001,FALSE,TRUE,TRUE,TRUE
step_0.01V_settle_200ms,static_threshold_hysteresis_step_0p01v_settle_time_200ms_p_voltage.csv,0.01,200,up,2.19,4,2.1875,2.183,2.192,0.96875,0.9646999999999999,0.9728000000000001,FALSE,TRUE,TRUE,TRUE
step_0.01V_settle_200ms,static_threshold_hysteresis_step_0p01v_settle_time_200ms_p_voltage.csv,0.01,200,up,2.2,4,2.1935000000000002,2.188,2.197,0.9741500000000003,0.9692000000000003,0.9773000000000001,FALSE,TRUE,TRUE,TRUE
step_0.01V_settle_200ms,static_threshold_hysteresis_step_0p01v_settle_time_200ms_p_voltage.csv,0.01,200,up,2.21,4,2.20075,2.192,2.207,0.9806750000000002,0.9728000000000001,0.9863,FALSE,TRUE,TRUE,TRUE
step_0.01V_settle_200ms,static_threshold_hysteresis_step_0p01v_settle_time_200ms_p_voltage.csv,0.01,200,up,2.22,4,2.20325,2.197,2.212,0.9829250000000003,0.9773000000000001,0.9908000000000001,FALSE,TRUE,TRUE,TRUE
step_0.01V_settle_200ms,static_threshold_hysteresis_step_0p01v_settle_time_200ms_p_voltage.csv,0.01,200,up,2.23,4,2.207,2.202,2.212,0.9863,0.9818,0.9908000000000001,FALSE,TRUE,TRUE,TRUE
step_0.01V_settle_200ms,static_threshold_hysteresis_step_0p01v_settle_time_200ms_p_voltage.csv,0.01,200,up,2.24,4,2.217,2.212,2.222,0.9953000000000001,0.9908000000000001,0.9998,FALSE,TRUE,TRUE,TRUE
step_0.01V_settle_200ms,static_threshold_hysteresis_step_0p01v_settle_time_200ms_p_voltage.csv,0.01,200,up,2.25,4,2.229,2.217,2.236,1.0061,0.9953000000000001,1.0124000000000004,FALSE,TRUE,TRUE,TRUE
step_0.01V_settle_200ms,static_threshold_hysteresis_step_0p01v_settle_time_200ms_p_voltage.csv,0.01,200,up,2.26,4,2.2277500000000003,2.217,2.236,1.0049750000000004,0.9953000000000001,1.0124000000000004,FALSE,TRUE,TRUE,TRUE
step_0.01V_settle_200ms,static_threshold_hysteresis_step_0p01v_settle_time_200ms_p_voltage.csv,0.01,200,up,2.27,4,2.23475,2.231,2.236,1.011275,1.0078999999999998,1.0124000000000004,FALSE,TRUE,TRUE,TRUE
step_0.01V_settle_200ms,static_threshold_hysteresis_step_0p01v_settle_time_200ms_p_voltage.csv,0.01,200,up,2.28,4,2.24475,2.231,2.251,1.0202749999999998,1.0078999999999998,1.0259,FALSE,TRUE,TRUE,TRUE
step_0.01V_settle_200ms,static_threshold_hysteresis_step_0p01v_settle_time_200ms_p_voltage.csv,0.01,200,up,2.29,4,2.246,2.246,2.246,1.0213999999999999,1.0213999999999999,1.0213999999999999,FALSE,TRUE,TRUE,TRUE
step_0.01V_settle_200ms,static_threshold_hysteresis_step_0p01v_settle_time_200ms_p_voltage.csv,0.01,200,up,2.3,4,2.2535,2.241,2.261,1.0281500000000001,1.0169000000000001,1.0349000000000004,FALSE,TRUE,TRUE,TRUE
step_0.01V_settle_200ms,static_threshold_hysteresis_step_0p01v_settle_time_200ms_p_voltage.csv,0.01,200,up,2.31,4,2.266,2.261,2.271,1.0394,1.0349000000000004,1.0438999999999998,FALSE,TRUE,TRUE,TRUE
step_0.01V_settle_200ms,static_threshold_hysteresis_step_0p01v_settle_time_200ms_p_voltage.csv,0.01,200,up,2.32,4,2.2704999999999997,2.256,2.28,1.04345,1.0303999999999998,1.052,FALSE,TRUE,TRUE,TRUE
step_0.01V_settle_200ms,static_threshold_hysteresis_step_0p01v_settle_time_200ms_p_voltage.csv,0.01,200,up,2.33,4,2.2729999999999997,2.261,2.28,1.0456999999999996,1.0349000000000004,1.052,FALSE,TRUE,TRUE,TRUE
step_0.01V_settle_200ms,static_threshold_hysteresis_step_0p01v_settle_time_200ms_p_voltage.csv,0.01,200,up,2.34,4,2.28125,2.275,2.29,1.053125,1.0474999999999999,1.061,FALSE,TRUE,TRUE,TRUE
step_0.01V_settle_200ms,static_threshold_hysteresis_step_0p01v_settle_time_200ms_p_voltage.csv,0.01,200,up,2.35,4,2.29625,2.285,2.305,1.0666250000000002,1.0565000000000002,1.0745,FALSE,TRUE,TRUE,TRUE
step_0.01V_settle_200ms,static_threshold_hysteresis_step_0p01v_settle_time_200ms_p_voltage.csv,0.01,200,up,2.36,4,2.3,2.295,2.305,1.0699999999999998,1.0655000000000001,1.0745,FALSE,TRUE,TRUE,TRUE
step_0.01V_settle_200ms,static_threshold_hysteresis_step_0p01v_settle_time_200ms_p_voltage.csv,0.01,200,up,2.37,4,2.2975,2.295,2.3,1.0677499999999998,1.0655000000000001,1.0699999999999998,FALSE,TRUE,TRUE,TRUE
step_0.01V_settle_200ms,static_threshold_hysteresis_step_0p01v_settle_time_200ms_p_voltage.csv,0.01,200,up,2.38,4,2.3120000000000003,2.31,2.314,1.0808000000000004,1.0790000000000002,1.0826000000000002,FALSE,TRUE,TRUE,TRUE
step_0.01V_settle_200ms,static_threshold_hysteresis_step_0p01v_settle_time_200ms_p_voltage.csv,0.01,200,up,2.39,4,2.3155,2.31,2.319,1.0839500000000002,1.0790000000000002,1.0871,FALSE,TRUE,TRUE,TRUE
step_0.01V_settle_200ms,static_threshold_hysteresis_step_0p01v_settle_time_200ms_p_voltage.csv,0.01,200,up,2.4,4,2.3192500000000003,2.31,2.329,1.0873250000000003,1.0790000000000002,1.0961000000000003,FALSE,TRUE,TRUE,TRUE
step_0.01V_settle_200ms,static_threshold_hysteresis_step_0p01v_settle_time_200ms_p_voltage.csv,0.01,200,up,2.41,4,2.329,2.319,2.334,1.0961000000000003,1.0871,1.1006,FALSE,TRUE,TRUE,TRUE
step_0.01V_settle_200ms,static_threshold_hysteresis_step_0p01v_settle_time_200ms_p_voltage.csv,0.01,200,up,2.42,4,2.3352500000000003,2.334,2.339,1.1017250000000005,1.1006,1.1051000000000002,FALSE,TRUE,TRUE,TRUE
step_0.01V_settle_200ms,static_threshold_hysteresis_step_0p01v_settle_time_200ms_p_voltage.csv,0.01,200,up,2.43,4,2.3440000000000003,2.334,2.354,1.1096000000000004,1.1006,1.1186000000000003,FALSE,TRUE,TRUE,TRUE
step_0.01V_settle_200ms,static_threshold_hysteresis_step_0p01v_settle_time_200ms_p_voltage.csv,0.01,200,up,2.44,4,2.3525,2.344,2.358,1.1172500000000003,1.1096,1.1222000000000003,FALSE,TRUE,TRUE,TRUE
step_0.01V_settle_200ms,static_threshold_hysteresis_step_0p01v_settle_time_200ms_p_voltage.csv,0.01,200,up,2.45,4,2.3537500000000002,2.349,2.358,1.1183750000000003,1.1141,1.1222000000000003,FALSE,TRUE,TRUE,TRUE
step_0.01V_settle_200ms,static_threshold_hysteresis_step_0p01v_settle_time_200ms_p_voltage.csv,0.01,200,up,2.46,4,2.363,2.358,2.368,1.1267,1.1222000000000003,1.1311999999999998,FALSE,TRUE,TRUE,TRUE
step_0.01V_settle_200ms,static_threshold_hysteresis_step_0p01v_settle_time_200ms_p_voltage.csv,0.01,200,up,2.47,4,2.3655,2.363,2.368,1.1289500000000001,1.1267,1.1311999999999998,FALSE,TRUE,TRUE,TRUE
step_0.01V_settle_200ms,static_threshold_hysteresis_step_0p01v_settle_time_200ms_p_voltage.csv,0.01,200,up,2.48,4,2.37675,2.368,2.383,1.139075,1.1311999999999998,1.1447000000000003,FALSE,TRUE,TRUE,TRUE
step_0.01V_settle_200ms,static_threshold_hysteresis_step_0p01v_settle_time_200ms_p_voltage.csv,0.01,200,up,2.49,4,2.38675,2.383,2.388,1.1480750000000004,1.1447000000000003,1.1492,FALSE,TRUE,TRUE,TRUE
step_0.01V_settle_200ms,static_threshold_hysteresis_step_0p01v_settle_time_200ms_p_voltage.csv,0.01,200,up,2.5,4,2.3892499999999997,2.383,2.393,1.1503249999999996,1.1447000000000003,1.1536999999999997,FALSE,TRUE,TRUE,TRUE
step_0.01V_settle_200ms,static_threshold_hysteresis_step_0p01v_settle_time_200ms_p_voltage.csv,0.01,200,up,2.51,4,2.396,2.393,2.397,1.1564,1.1536999999999997,1.1572999999999998,FALSE,TRUE,TRUE,TRUE
step_0.01V_settle_200ms,static_threshold_hysteresis_step_0p01v_settle_time_200ms_p_voltage.csv,0.01,200,up,2.52,4,2.412,2.412,2.412,1.1707999999999998,1.1707999999999998,1.1707999999999998,FALSE,TRUE,TRUE,TRUE
step_0.01V_settle_200ms,static_threshold_hysteresis_step_0p01v_settle_time_200ms_p_voltage.csv,0.01,200,up,2.53,4,2.407,2.407,2.407,1.1663000000000001,1.1663000000000001,1.1663000000000001,FALSE,TRUE,TRUE,TRUE
step_0.01V_settle_200ms,static_threshold_hysteresis_step_0p01v_settle_time_200ms_p_voltage.csv,0.01,200,up,2.54,4,2.4219999999999997,2.407,2.432,1.1797999999999997,1.1663000000000001,1.1888,FALSE,TRUE,TRUE,TRUE
step_0.01V_settle_200ms,static_threshold_hysteresis_step_0p01v_settle_time_200ms_p_voltage.csv,0.01,200,up,2.55,4,2.4307499999999997,2.422,2.437,1.187675,1.1798000000000002,1.1932999999999998,FALSE,TRUE,TRUE,TRUE
step_0.01V_settle_200ms,static_threshold_hysteresis_step_0p01v_settle_time_200ms_p_voltage.csv,0.01,200,up,2.56,4,2.4245,2.422,2.427,1.1820500000000003,1.1798000000000002,1.1843,FALSE,TRUE,TRUE,TRUE
step_0.01V_settle_200ms,static_threshold_hysteresis_step_0p01v_settle_time_200ms_p_voltage.csv,0.01,200,up,2.57,4,2.44475,2.441,2.446,1.200275,1.1968999999999999,1.2014,FALSE,TRUE,TRUE,TRUE
step_0.01V_settle_200ms,static_threshold_hysteresis_step_0p01v_settle_time_200ms_p_voltage.csv,0.01,200,up,2.58,4,2.4425,2.437,2.446,1.1982499999999998,1.1932999999999998,1.2014,FALSE,TRUE,TRUE,TRUE
step_0.01V_settle_200ms,static_threshold_hysteresis_step_0p01v_settle_time_200ms_p_voltage.csv,0.01,200,up,2.59,4,2.45475,2.441,2.466,1.2092750000000003,1.1968999999999999,1.2194000000000003,FALSE,TRUE,TRUE,TRUE
step_0.01V_settle_200ms,static_threshold_hysteresis_step_0p01v_settle_time_200ms_p_voltage.csv,0.01,200,up,2.6,4,2.4610000000000003,2.451,2.466,1.2149000000000005,1.2059000000000002,1.2194000000000003,FALSE,TRUE,TRUE,TRUE
step_0.01V_settle_200ms,static_threshold_hysteresis_step_0p01v_settle_time_200ms_p_voltage.csv,0.01,200,up,2.61,4,2.46225,2.461,2.466,1.2160250000000001,1.2149,1.2194000000000003,FALSE,TRUE,TRUE,TRUE
step_0.01V_settle_200ms,static_threshold_hysteresis_step_0p01v_settle_time_200ms_p_voltage.csv,0.01,200,up,2.62,4,2.471,2.471,2.471,1.2239,1.2239,1.2239,FALSE,TRUE,TRUE,TRUE
step_0.01V_settle_200ms,static_threshold_hysteresis_step_0p01v_settle_time_200ms_p_voltage.csv,0.01,200,up,2.63,4,2.476,2.476,2.476,1.2284000000000002,1.2284000000000002,1.2284000000000002,FALSE,TRUE,TRUE,TRUE
step_0.01V_settle_200ms,static_threshold_hysteresis_step_0p01v_settle_time_200ms_p_voltage.csv,0.01,200,up,2.64,4,2.4865000000000004,2.476,2.49,1.2378500000000003,1.2284000000000002,1.241,FALSE,TRUE,TRUE,TRUE
step_0.01V_settle_200ms,static_threshold_hysteresis_step_0p01v_settle_time_200ms_p_voltage.csv,0.01,200,up,2.65,4,2.48875,2.485,2.49,1.239875,1.2365,1.241,FALSE,TRUE,TRUE,TRUE
step_0.01V_settle_200ms,static_threshold_hysteresis_step_0p01v_settle_time_200ms_p_voltage.csv,0.01,200,up,2.66,4,2.49625,2.485,2.5,1.2466249999999999,1.2365,1.25,FALSE,TRUE,TRUE,TRUE
step_0.01V_settle_200ms,static_threshold_hysteresis_step_0p01v_settle_time_200ms_p_voltage.csv,0.01,200,up,2.67,4,2.505,2.505,2.505,1.2545000000000002,1.2545000000000002,1.2545000000000002,FALSE,TRUE,TRUE,TRUE
step_0.01V_settle_200ms,static_threshold_hysteresis_step_0p01v_settle_time_200ms_p_voltage.csv,0.01,200,up,2.68,4,2.517,2.505,2.524,1.2652999999999999,1.2545000000000002,1.2716000000000003,FALSE,TRUE,TRUE,TRUE
step_0.01V_settle_200ms,static_threshold_hysteresis_step_0p01v_settle_time_200ms_p_voltage.csv,0.01,200,up,2.69,4,2.52325,2.515,2.529,1.270925,1.2635,1.2761,FALSE,TRUE,TRUE,TRUE
step_0.01V_settle_200ms,static_threshold_hysteresis_step_0p01v_settle_time_200ms_p_voltage.csv,0.01,200,up,2.7,4,2.5255,2.52,2.529,1.2729500000000002,1.2680000000000002,1.2761,FALSE,TRUE,TRUE,TRUE
step_0.01V_settle_200ms,static_threshold_hysteresis_step_0p01v_settle_time_200ms_p_voltage.csv,0.01,200,up,2.71,4,2.534,2.529,2.539,1.2805999999999997,1.2761,1.2851000000000004,FALSE,TRUE,TRUE,TRUE
step_0.01V_settle_200ms,static_threshold_hysteresis_step_0p01v_settle_time_200ms_p_voltage.csv,0.01,200,up,2.72,4,2.53775,2.534,2.539,1.2839749999999999,1.2805999999999997,1.2851000000000004,FALSE,TRUE,TRUE,TRUE
step_0.01V_settle_200ms,static_threshold_hysteresis_step_0p01v_settle_time_200ms_p_voltage.csv,0.01,200,up,2.73,4,2.5465,2.539,2.549,1.2918500000000002,1.2851000000000004,1.2940999999999998,FALSE,TRUE,TRUE,TRUE
step_0.01V_settle_200ms,static_threshold_hysteresis_step_0p01v_settle_time_200ms_p_voltage.csv,0.01,200,up,2.74,4,2.5465,2.544,2.549,1.2918500000000002,1.2896,1.2940999999999998,FALSE,TRUE,TRUE,TRUE
step_0.01V_settle_200ms,static_threshold_hysteresis_step_0p01v_settle_time_200ms_p_voltage.csv,0.01,200,up,2.75,4,2.55525,2.549,2.559,1.299725,1.2940999999999998,1.3031000000000001,FALSE,TRUE,TRUE,TRUE
step_0.01V_settle_200ms,static_threshold_hysteresis_step_0p01v_settle_time_200ms_p_voltage.csv,0.01,200,up,2.76,4,2.561,2.559,2.563,1.3049,1.3031000000000001,1.3067000000000002,FALSE,TRUE,TRUE,TRUE
step_0.01V_settle_200ms,static_threshold_hysteresis_step_0p01v_settle_time_200ms_p_voltage.csv,0.01,200,up,2.77,4,2.568,2.563,2.573,1.3112,1.3067000000000002,1.3157,FALSE,TRUE,TRUE,TRUE
step_0.01V_settle_200ms,static_threshold_hysteresis_step_0p01v_settle_time_200ms_p_voltage.csv,0.01,200,up,2.78,4,2.5705,2.568,2.573,1.31345,1.3112,1.3157,FALSE,TRUE,TRUE,TRUE
step_0.01V_settle_200ms,static_threshold_hysteresis_step_0p01v_settle_time_200ms_p_voltage.csv,0.01,200,up,2.79,4,2.58675,2.573,2.598,1.3280750000000001,1.3157,1.3382,FALSE,TRUE,TRUE,TRUE
step_0.01V_settle_200ms,static_threshold_hysteresis_step_0p01v_settle_time_200ms_p_voltage.csv,0.01,200,up,2.8,4,2.5942499999999997,2.588,2.598,1.334825,1.3292000000000002,1.3382,FALSE,TRUE,TRUE,TRUE
step_0.01V_settle_200ms,static_threshold_hysteresis_step_0p01v_settle_time_200ms_p_voltage.csv,0.01,200,up,2.81,4,2.5955,2.593,2.598,1.33595,1.3336999999999999,1.3382,FALSE,TRUE,TRUE,TRUE
step_0.01V_settle_200ms,static_threshold_hysteresis_step_0p01v_settle_time_200ms_p_voltage.csv,0.01,200,up,2.82,4,2.6085000000000003,2.598,2.612,1.3476500000000002,1.3382,1.3508,FALSE,TRUE,TRUE,TRUE
step_0.01V_settle_200ms,static_threshold_hysteresis_step_0p01v_settle_time_200ms_p_voltage.csv,0.01,200,up,2.83,4,2.60875,2.598,2.617,1.3478750000000002,1.3382,1.3553000000000002,FALSE,TRUE,TRUE,TRUE
step_0.01V_settle_200ms,static_threshold_hysteresis_step_0p01v_settle_time_200ms_p_voltage.csv,0.01,200,up,2.84,4,2.617,2.617,2.617,1.3553000000000002,1.3553000000000002,1.3553000000000002,FALSE,TRUE,TRUE,TRUE
step_0.01V_settle_200ms,static_threshold_hysteresis_step_0p01v_settle_time_200ms_p_voltage.csv,0.01,200,up,2.85,4,2.6245,2.622,2.632,1.36205,1.3598,1.3688000000000002,FALSE,TRUE,TRUE,TRUE
step_0.01V_settle_200ms,static_threshold_hysteresis_step_0p01v_settle_time_200ms_p_voltage.csv,0.01,200,up,2.86,4,2.63525,2.622,2.646,1.371725,1.3598,1.3814000000000002,FALSE,TRUE,TRUE,TRUE
step_0.01V_settle_200ms,static_threshold_hysteresis_step_0p01v_settle_time_200ms_p_voltage.csv,0.01,200,up,2.87,4,2.63825,2.632,2.642,1.3744250000000005,1.3688000000000002,1.3778000000000001,FALSE,TRUE,TRUE,TRUE
step_0.01V_settle_200ms,static_threshold_hysteresis_step_0p01v_settle_time_200ms_p_voltage.csv,0.01,200,up,2.88,4,2.64275,2.637,2.646,1.378475,1.3733,1.3814000000000002,FALSE,TRUE,TRUE,TRUE
step_0.01V_settle_200ms,static_threshold_hysteresis_step_0p01v_settle_time_200ms_p_voltage.csv,0.01,200,up,2.89,4,2.6535,2.646,2.661,1.3881500000000004,1.3814000000000002,1.3949000000000003,FALSE,TRUE,TRUE,TRUE
step_0.01V_settle_200ms,static_threshold_hysteresis_step_0p01v_settle_time_200ms_p_voltage.csv,0.01,200,up,2.9,4,2.65725,2.651,2.661,1.3915250000000001,1.3859,1.3949000000000003,FALSE,TRUE,TRUE,TRUE
step_0.01V_settle_200ms,static_threshold_hysteresis_step_0p01v_settle_time_200ms_p_voltage.csv,0.01,200,up,2.91,4,2.6585,2.651,2.661,1.3926500000000002,1.3859,1.3949000000000003,FALSE,TRUE,TRUE,TRUE
step_0.01V_settle_200ms,static_threshold_hysteresis_step_0p01v_settle_time_200ms_p_voltage.csv,0.01,200,up,2.92,4,2.66975,2.661,2.676,1.402775,1.3949000000000003,1.4084000000000003,FALSE,TRUE,TRUE,TRUE
step_0.01V_settle_200ms,static_threshold_hysteresis_step_0p01v_settle_time_200ms_p_voltage.csv,0.01,200,up,2.93,4,2.67475,2.666,2.681,1.4072749999999998,1.3994,1.4129,FALSE,TRUE,TRUE,TRUE
step_0.01V_settle_200ms,static_threshold_hysteresis_step_0p01v_settle_time_200ms_p_voltage.csv,0.01,200,up,2.94,4,2.6797500000000003,2.676,2.681,1.4117750000000004,1.4084000000000003,1.4129,FALSE,TRUE,TRUE,TRUE
step_0.01V_settle_200ms,static_threshold_hysteresis_step_0p01v_settle_time_200ms_p_voltage.csv,0.01,200,up,2.95,4,2.689,2.676,2.7,1.4201000000000001,1.4084000000000003,1.4300000000000002,FALSE,TRUE,TRUE,TRUE
step_0.01V_settle_200ms,static_threshold_hysteresis_step_0p01v_settle_time_200ms_p_voltage.csv,0.01,200,up,2.96,4,2.69625,2.695,2.7,1.426625,1.4255,1.4300000000000002,FALSE,TRUE,TRUE,TRUE
step_0.01V_settle_200ms,static_threshold_hysteresis_step_0p01v_settle_time_200ms_p_voltage.csv,0.01,200,up,2.97,4,2.7075,2.695,2.715,1.43675,1.4255,1.4434999999999998,FALSE,TRUE,TRUE,TRUE
step_0.01V_settle_200ms,static_threshold_hysteresis_step_0p01v_settle_time_200ms_p_voltage.csv,0.01,200,up,2.98,4,2.71375,2.7,2.725,1.4423750000000002,1.4300000000000002,1.4525000000000001,FALSE,TRUE,TRUE,TRUE
step_0.01V_settle_200ms,static_threshold_hysteresis_step_0p01v_settle_time_200ms_p_voltage.csv,0.01,200,up,2.99,4,2.71375,2.71,2.725,1.4423750000000002,1.439,1.4525000000000001,FALSE,TRUE,TRUE,TRUE
step_0.01V_settle_200ms,static_threshold_hysteresis_step_0p01v_settle_time_200ms_p_voltage.csv,0.01,200,up,3,4,2.72825,2.715,2.739,1.455425,1.4434999999999998,1.4651,FALSE,TRUE,TRUE,TRUE
step_0.01V_settle_200ms,static_threshold_hysteresis_step_0p01v_settle_time_200ms_p_voltage.csv,0.01,200,up,3.01,4,2.734,2.729,2.739,1.4606,1.4561000000000002,1.4651,FALSE,TRUE,TRUE,TRUE
step_0.01V_settle_200ms,static_threshold_hysteresis_step_0p01v_settle_time_200ms_p_voltage.csv,0.01,200,up,3.02,4,2.7352499999999997,2.734,2.739,1.461725,1.4606,1.4651,FALSE,TRUE,TRUE,TRUE
step_0.01V_settle_200ms,static_threshold_hysteresis_step_0p01v_settle_time_200ms_p_voltage.csv,0.01,200,up,3.03,4,2.754,2.749,2.759,1.4786000000000001,1.4741,1.4830999999999999,FALSE,TRUE,TRUE,TRUE
step_0.01V_settle_200ms,static_threshold_hysteresis_step_0p01v_settle_time_200ms_p_voltage.csv,0.01,200,up,3.04,4,2.754,2.749,2.759,1.4786000000000001,1.4741,1.4830999999999999,FALSE,TRUE,TRUE,TRUE
step_0.01V_settle_200ms,static_threshold_hysteresis_step_0p01v_settle_time_200ms_p_voltage.csv,0.01,200,up,3.05,4,2.766,2.759,2.773,1.4894000000000003,1.4830999999999999,1.4957000000000003,FALSE,TRUE,TRUE,TRUE
step_0.01V_settle_200ms,static_threshold_hysteresis_step_0p01v_settle_time_200ms_p_voltage.csv,0.01,200,up,3.06,4,2.7685,2.759,2.773,1.49165,1.4830999999999999,1.4957000000000003,FALSE,TRUE,TRUE,TRUE
step_0.01V_settle_200ms,static_threshold_hysteresis_step_0p01v_settle_time_200ms_p_voltage.csv,0.01,200,up,3.07,4,2.77,2.769,2.773,1.4929999999999999,1.4921000000000002,1.4957000000000003,FALSE,TRUE,TRUE,TRUE
step_0.01V_settle_200ms,static_threshold_hysteresis_step_0p01v_settle_time_200ms_p_voltage.csv,0.01,200,up,3.08,4,2.777,2.769,2.783,1.4993000000000003,1.4921000000000002,1.5047000000000001,FALSE,TRUE,TRUE,TRUE
step_0.01V_settle_200ms,static_threshold_hysteresis_step_0p01v_settle_time_200ms_p_voltage.csv,0.01,200,up,3.09,4,2.783,2.783,2.783,1.5047000000000001,1.5047000000000001,1.5047000000000001,FALSE,TRUE,TRUE,TRUE
step_0.01V_settle_200ms,static_threshold_hysteresis_step_0p01v_settle_time_200ms_p_voltage.csv,0.01,200,up,3.1,4,2.79425,2.788,2.803,1.514825,1.5091999999999999,1.5227,FALSE,TRUE,TRUE,TRUE
step_0.01V_settle_200ms,static_threshold_hysteresis_step_0p01v_settle_time_200ms_p_voltage.csv,0.01,200,up,3.11,4,2.80875,2.798,2.817,1.5278749999999999,1.5182000000000002,1.5353000000000003,FALSE,TRUE,TRUE,TRUE
step_0.01V_settle_200ms,static_threshold_hysteresis_step_0p01v_settle_time_200ms_p_voltage.csv,0.01,200,up,3.12,4,2.80875,2.798,2.817,1.5278749999999999,1.5182000000000002,1.5353000000000003,FALSE,TRUE,TRUE,TRUE
step_0.01V_settle_200ms,static_threshold_hysteresis_step_0p01v_settle_time_200ms_p_voltage.csv,0.01,200,up,3.13,4,2.8185000000000002,2.813,2.822,1.5366500000000003,1.5317000000000003,1.5398,FALSE,TRUE,TRUE,TRUE
step_0.01V_settle_200ms,static_threshold_hysteresis_step_0p01v_settle_time_200ms_p_voltage.csv,0.01,200,up,3.14,4,2.8207500000000003,2.817,2.822,1.5386750000000005,1.5353000000000003,1.5398,FALSE,TRUE,TRUE,TRUE
step_0.01V_settle_200ms,static_threshold_hysteresis_step_0p01v_settle_time_200ms_p_voltage.csv,0.01,200,up,3.15,4,2.822,2.817,2.827,1.5398,1.5353000000000003,1.5443000000000002,FALSE,TRUE,TRUE,TRUE
step_0.01V_settle_200ms,static_threshold_hysteresis_step_0p01v_settle_time_200ms_p_voltage.csv,0.01,200,up,3.16,4,2.8345000000000002,2.827,2.842,1.5510500000000005,1.5443000000000002,1.5578000000000003,FALSE,TRUE,TRUE,TRUE
step_0.01V_settle_200ms,static_threshold_hysteresis_step_0p01v_settle_time_200ms_p_voltage.csv,0.01,200,up,3.17,4,2.84525,2.827,2.856,1.5607250000000001,1.5443000000000002,1.5703999999999998,FALSE,TRUE,TRUE,TRUE
step_0.01V_settle_200ms,static_threshold_hysteresis_step_0p01v_settle_time_200ms_p_voltage.csv,0.01,200,up,3.18,4,2.8445,2.837,2.847,1.56005,1.5533000000000001,1.5623,FALSE,TRUE,TRUE,TRUE
step_0.01V_settle_200ms,static_threshold_hysteresis_step_0p01v_settle_time_200ms_p_voltage.csv,0.01,200,up,3.19,4,2.8527500000000003,2.842,2.861,1.5674750000000004,1.5578000000000003,1.5749000000000004,FALSE,TRUE,TRUE,TRUE
step_0.01V_settle_200ms,static_threshold_hysteresis_step_0p01v_settle_time_200ms_p_voltage.csv,0.01,200,up,3.2,4,2.85725,2.856,2.861,1.5715250000000003,1.5703999999999998,1.5749000000000004,FALSE,TRUE,TRUE,TRUE
step_0.01V_settle_200ms,static_threshold_hysteresis_step_0p01v_settle_time_200ms_p_voltage.csv,0.01,200,up,3.21,4,2.8685,2.856,2.881,1.5816500000000002,1.5703999999999998,1.5928999999999998,FALSE,TRUE,TRUE,TRUE
step_0.01V_settle_200ms,static_threshold_hysteresis_step_0p01v_settle_time_200ms_p_voltage.csv,0.01,200,up,3.22,4,2.8785,2.871,2.881,1.5906500000000001,1.5838999999999999,1.5928999999999998,FALSE,TRUE,TRUE,TRUE
step_0.01V_settle_200ms,static_threshold_hysteresis_step_0p01v_settle_time_200ms_p_voltage.csv,0.01,200,up,3.23,4,2.8810000000000002,2.871,2.886,1.5929000000000002,1.5838999999999999,1.5974000000000004,FALSE,TRUE,TRUE,TRUE
step_0.01V_settle_200ms,static_threshold_hysteresis_step_0p01v_settle_time_200ms_p_voltage.csv,0.01,200,up,3.24,4,2.88975,2.881,2.896,1.600775,1.5928999999999998,1.6063999999999998,FALSE,TRUE,TRUE,TRUE
step_0.01V_settle_200ms,static_threshold_hysteresis_step_0p01v_settle_time_200ms_p_voltage.csv,0.01,200,up,3.25,4,2.8922499999999998,2.886,2.896,1.6030249999999997,1.5974000000000004,1.6063999999999998,FALSE,TRUE,TRUE,TRUE
step_0.01V_settle_200ms,static_threshold_hysteresis_step_0p01v_settle_time_200ms_p_voltage.csv,0.01,200,up,3.26,4,2.90625,2.9,2.91,1.615625,1.6099999999999999,1.6190000000000002,FALSE,TRUE,TRUE,TRUE
step_0.01V_settle_200ms,static_threshold_hysteresis_step_0p01v_settle_time_200ms_p_voltage.csv,0.01,200,up,3.27,4,2.9065000000000003,2.896,2.91,1.6158500000000005,1.6063999999999998,1.6190000000000002,FALSE,TRUE,TRUE,TRUE
step_0.01V_settle_200ms,static_threshold_hysteresis_step_0p01v_settle_time_200ms_p_voltage.csv,0.01,200,up,3.28,4,2.91375,2.9,2.925,1.622375,1.6099999999999999,1.6324999999999998,FALSE,TRUE,TRUE,TRUE
step_0.01V_settle_200ms,static_threshold_hysteresis_step_0p01v_settle_time_200ms_p_voltage.csv,0.01,200,up,3.29,4,2.9175,2.91,2.92,1.62575,1.6190000000000002,1.6280000000000001,FALSE,TRUE,TRUE,TRUE
step_0.01V_settle_200ms,static_threshold_hysteresis_step_0p01v_settle_time_200ms_p_voltage.csv,0.01,200,up,3.3,4,2.9325,2.925,2.935,1.63925,1.6324999999999998,1.6415000000000002,FALSE,TRUE,TRUE,TRUE
step_0.01V_settle_200ms,static_threshold_hysteresis_step_0p01v_settle_time_200ms_p_voltage.csv,0.01,200,up,3.31,4,2.938,2.93,2.944,1.6442,1.637,1.6496,FALSE,TRUE,TRUE,TRUE
step_0.01V_settle_200ms,static_threshold_hysteresis_step_0p01v_settle_time_200ms_p_voltage.csv,0.01,200,up,3.32,4,2.94175,2.93,2.949,1.6475749999999998,1.637,1.6541000000000001,FALSE,TRUE,TRUE,TRUE
step_0.01V_settle_200ms,static_threshold_hysteresis_step_0p01v_settle_time_200ms_p_voltage.csv,0.01,200,up,3.33,4,2.9415,2.939,2.944,1.6473499999999999,1.6451000000000002,1.6496,FALSE,TRUE,TRUE,TRUE
step_0.01V_settle_200ms,static_threshold_hysteresis_step_0p01v_settle_time_200ms_p_voltage.csv,0.01,200,up,3.34,4,2.949,2.939,2.954,1.6541000000000001,1.6451000000000002,1.6586000000000003,FALSE,TRUE,TRUE,TRUE
step_0.01V_settle_200ms,static_threshold_hysteresis_step_0p01v_settle_time_200ms_p_voltage.csv,0.01,200,up,3.35,4,2.9565,2.949,2.959,1.6608500000000004,1.6541000000000001,1.6631,FALSE,TRUE,TRUE,TRUE
step_0.01V_settle_200ms,static_threshold_hysteresis_step_0p01v_settle_time_200ms_p_voltage.csv,0.01,200,up,3.36,4,2.9715,2.964,2.979,1.67435,1.6676000000000002,1.6811000000000003,FALSE,TRUE,TRUE,TRUE
step_0.01V_settle_200ms,static_threshold_hysteresis_step_0p01v_settle_time_200ms_p_voltage.csv,0.01,200,up,3.37,4,2.97275,2.964,2.979,1.675475,1.6676000000000002,1.6811000000000003,FALSE,TRUE,TRUE,TRUE
step_0.01V_settle_200ms,static_threshold_hysteresis_step_0p01v_settle_time_200ms_p_voltage.csv,0.01,200,up,3.38,4,2.98325,2.979,2.988,1.6849250000000002,1.6811000000000003,1.6892,FALSE,TRUE,TRUE,TRUE
step_0.01V_settle_200ms,static_threshold_hysteresis_step_0p01v_settle_time_200ms_p_voltage.csv,0.01,200,up,3.39,4,2.9835000000000003,2.979,2.988,1.6851500000000001,1.6811000000000003,1.6892,FALSE,TRUE,TRUE,TRUE
step_0.01V_settle_200ms,static_threshold_hysteresis_step_0p01v_settle_time_200ms_p_voltage.csv,0.01,200,up,3.4,4,2.987,2.979,2.993,1.6883000000000004,1.6811000000000003,1.6936999999999998,FALSE,TRUE,TRUE,TRUE
step_0.01V_settle_200ms,static_threshold_hysteresis_step_0p01v_settle_time_200ms_p_voltage.csv,0.01,200,up,3.41,4,2.998,2.988,3.003,1.6982000000000004,1.6892,1.7027,FALSE,TRUE,TRUE,TRUE
step_0.01V_settle_200ms,static_threshold_hysteresis_step_0p01v_settle_time_200ms_p_voltage.csv,0.01,200,up,3.42,4,3.003,3.003,3.003,1.7027,1.7027,1.7027,FALSE,TRUE,TRUE,TRUE
step_0.01V_settle_200ms,static_threshold_hysteresis_step_0p01v_settle_time_200ms_p_voltage.csv,0.01,200,up,3.43,4,3.01375,3.003,3.022,1.7123750000000002,1.7027,1.7197999999999998,FALSE,TRUE,TRUE,TRUE
step_0.01V_settle_200ms,static_threshold_hysteresis_step_0p01v_settle_time_200ms_p_voltage.csv,0.01,200,up,3.44,4,3.0214999999999996,3.018,3.032,1.71935,1.7161999999999997,1.7288000000000001,FALSE,TRUE,TRUE,TRUE
step_0.01V_settle_200ms,static_threshold_hysteresis_step_0p01v_settle_time_200ms_p_voltage.csv,0.01,200,up,3.45,4,3.026,3.018,3.032,1.7233999999999998,1.7161999999999997,1.7288000000000001,FALSE,TRUE,TRUE,TRUE
step_0.01V_settle_200ms,static_threshold_hysteresis_step_0p01v_settle_time_200ms_p_voltage.csv,0.01,200,up,3.46,4,3.0382499999999997,3.027,3.042,1.7344249999999999,1.7243000000000004,1.7378,FALSE,TRUE,TRUE,TRUE
step_0.01V_settle_200ms,static_threshold_hysteresis_step_0p01v_settle_time_200ms_p_voltage.csv,0.01,200,up,3.47,4,3.04075,3.037,3.042,1.736675,1.7332999999999998,1.7378,FALSE,TRUE,TRUE,TRUE
step_0.01V_settle_200ms,static_threshold_hysteresis_step_0p01v_settle_time_200ms_p_voltage.csv,0.01,200,up,3.48,4,3.0445,3.042,3.047,1.74005,1.7378,1.7423000000000002,FALSE,TRUE,TRUE,TRUE
step_0.01V_settle_200ms,static_threshold_hysteresis_step_0p01v_settle_time_200ms_p_voltage.csv,0.01,200,up,3.49,4,3.052,3.047,3.057,1.7468,1.7423000000000002,1.7513,FALSE,TRUE,TRUE,TRUE
step_0.01V_settle_200ms,static_threshold_hysteresis_step_0p01v_settle_time_200ms_p_voltage.csv,0.01,200,up,3.5,4,3.0615,3.047,3.071,1.75535,1.7423000000000002,1.7639,FALSE,TRUE,TRUE,TRUE
step_0.01V_settle_200ms,static_threshold_hysteresis_step_0p01v_settle_time_200ms_p_voltage.csv,0.01,200,up,3.51,4,3.066,3.066,3.066,1.7593999999999999,1.7593999999999999,1.7593999999999999,FALSE,TRUE,TRUE,TRUE
step_0.01V_settle_200ms,static_threshold_hysteresis_step_0p01v_settle_time_200ms_p_voltage.csv,0.01,200,up,3.52,4,3.0835,3.066,3.096,1.77515,1.7593999999999999,1.7864,FALSE,TRUE,TRUE,TRUE
step_0.01V_settle_200ms,static_threshold_hysteresis_step_0p01v_settle_time_200ms_p_voltage.csv,0.01,200,up,3.53,4,3.0860000000000003,3.076,3.096,1.7774000000000005,1.7684000000000002,1.7864,FALSE,TRUE,TRUE,TRUE
step_0.01V_settle_200ms,static_threshold_hysteresis_step_0p01v_settle_time_200ms_p_voltage.csv,0.01,200,up,3.54,4,3.08975,3.076,3.096,1.7807750000000002,1.7684000000000002,1.7864,FALSE,TRUE,TRUE,TRUE
step_0.01V_settle_200ms,static_threshold_hysteresis_step_0p01v_settle_time_200ms_p_voltage.csv,0.01,200,up,3.55,4,3.0935,3.086,3.096,1.7841500000000003,1.7774,1.7864,FALSE,TRUE,TRUE,TRUE
step_0.01V_settle_200ms,static_threshold_hysteresis_step_0p01v_settle_time_200ms_p_voltage.csv,0.01,200,up,3.56,4,3.10525,3.096,3.11,1.7947250000000001,1.7864,1.799,FALSE,TRUE,TRUE,TRUE
step_0.01V_settle_200ms,static_threshold_hysteresis_step_0p01v_settle_time_200ms_p_voltage.csv,0.01,200,up,3.57,4,3.1055,3.101,3.11,1.79495,1.7909000000000002,1.799,FALSE,TRUE,TRUE,TRUE
step_0.01V_settle_200ms,static_threshold_hysteresis_step_0p01v_settle_time_200ms_p_voltage.csv,0.01,200,up,3.58,4,3.11375,3.11,3.115,1.802375,1.799,1.8035,FALSE,TRUE,TRUE,TRUE
step_0.01V_settle_200ms,static_threshold_hysteresis_step_0p01v_settle_time_200ms_p_voltage.csv,0.01,200,up,3.59,4,3.13,3.115,3.14,1.8170000000000002,1.8035,1.826,FALSE,TRUE,TRUE,TRUE
step_0.01V_settle_200ms,static_threshold_hysteresis_step_0p01v_settle_time_200ms_p_voltage.csv,0.01,200,up,3.6,4,3.1312499999999996,3.12,3.135,1.8181249999999998,1.8080000000000003,1.8215,FALSE,TRUE,TRUE,TRUE
step_0.01V_settle_200ms,static_threshold_hysteresis_step_0p01v_settle_time_200ms_p_voltage.csv,0.01,200,up,3.61,4,3.13875,3.13,3.145,1.824875,1.8170000000000002,1.8305000000000002,FALSE,TRUE,TRUE,TRUE
step_0.01V_settle_200ms,static_threshold_hysteresis_step_0p01v_settle_time_200ms_p_voltage.csv,0.01,200,up,3.62,4,3.14,3.14,3.14,1.826,1.826,1.826,FALSE,TRUE,TRUE,TRUE
step_0.01V_settle_200ms,static_threshold_hysteresis_step_0p01v_settle_time_200ms_p_voltage.csv,0.01,200,up,3.63,4,3.15075,3.14,3.159,1.8356750000000002,1.826,1.8430999999999997,FALSE,TRUE,TRUE,TRUE
step_0.01V_settle_200ms,static_threshold_hysteresis_step_0p01v_settle_time_200ms_p_voltage.csv,0.01,200,up,3.64,4,3.1552499999999997,3.149,3.159,1.8397249999999996,1.8341000000000003,1.8430999999999997,FALSE,TRUE,TRUE,TRUE
step_0.01V_settle_200ms,static_threshold_hysteresis_step_0p01v_settle_time_200ms_p_voltage.csv,0.01,200,up,3.65,4,3.164,3.154,3.169,1.8476000000000004,1.8386,1.8521,FALSE,TRUE,TRUE,TRUE
step_0.01V_settle_200ms,static_threshold_hysteresis_step_0p01v_settle_time_200ms_p_voltage.csv,0.01,200,up,3.66,4,3.16275,3.159,3.164,1.8464749999999999,1.8430999999999997,1.8476000000000004,FALSE,TRUE,TRUE,TRUE
step_0.01V_settle_200ms,static_threshold_hysteresis_step_0p01v_settle_time_200ms_p_voltage.csv,0.01,200,up,3.67,4,3.181,3.169,3.188,1.8629000000000002,1.8521,1.8692000000000002,FALSE,TRUE,TRUE,TRUE
step_0.01V_settle_200ms,static_threshold_hysteresis_step_0p01v_settle_time_200ms_p_voltage.csv,0.01,200,up,3.68,4,3.18475,3.179,3.188,1.8662750000000004,1.8611,1.8692000000000002,FALSE,TRUE,TRUE,TRUE
step_0.01V_settle_200ms,static_threshold_hysteresis_step_0p01v_settle_time_200ms_p_voltage.csv,0.01,200,up,3.69,4,3.19325,3.184,3.198,1.8739249999999998,1.8656000000000001,1.8782,FALSE,TRUE,TRUE,TRUE
step_0.01V_settle_200ms,static_threshold_hysteresis_step_0p01v_settle_time_200ms_p_voltage.csv,0.01,200,up,3.7,4,3.19075,3.184,3.193,1.8716750000000002,1.8656000000000001,1.8737,FALSE,TRUE,TRUE,TRUE
step_0.01V_settle_200ms,static_threshold_hysteresis_step_0p01v_settle_time_200ms_p_voltage.csv,0.01,200,up,3.71,4,3.19925,3.198,3.203,1.8793250000000001,1.8782,1.8826999999999998,FALSE,TRUE,TRUE,TRUE
step_0.01V_settle_200ms,static_threshold_hysteresis_step_0p01v_settle_time_200ms_p_voltage.csv,0.01,200,up,3.72,4,3.21175,3.198,3.223,1.8905750000000001,1.8782,1.9007,FALSE,TRUE,TRUE,TRUE
step_0.01V_settle_200ms,static_threshold_hysteresis_step_0p01v_settle_time_200ms_p_voltage.csv,0.01,200,up,3.73,4,3.2215,3.218,3.232,1.89935,1.8961999999999999,1.9088000000000003,FALSE,TRUE,TRUE,TRUE
step_0.01V_settle_200ms,static_threshold_hysteresis_step_0p01v_settle_time_200ms_p_voltage.csv,0.01,200,up,3.74,4,3.2265,3.218,3.232,1.9038500000000003,1.8961999999999999,1.9088000000000003,FALSE,TRUE,TRUE,TRUE
step_0.01V_settle_200ms,static_threshold_hysteresis_step_0p01v_settle_time_200ms_p_voltage.csv,0.01,200,up,3.75,4,3.2255000000000003,3.218,3.228,1.9029500000000001,1.8961999999999999,1.9052000000000002,FALSE,TRUE,TRUE,TRUE
step_0.01V_settle_200ms,static_threshold_hysteresis_step_0p01v_settle_time_200ms_p_voltage.csv,0.01,200,up,3.76,4,3.2375,3.228,3.247,1.9137499999999998,1.9052000000000002,1.9223,FALSE,TRUE,TRUE,TRUE
step_0.01V_settle_200ms,static_threshold_hysteresis_step_0p01v_settle_time_200ms_p_voltage.csv,0.01,200,up,3.77,4,3.2435,3.228,3.252,1.9191500000000001,1.9052000000000002,1.9268,FALSE,TRUE,TRUE,TRUE
step_0.01V_settle_200ms,static_threshold_hysteresis_step_0p01v_settle_time_200ms_p_voltage.csv,0.01,200,up,3.78,4,3.252,3.252,3.252,1.9268,1.9268,1.9268,FALSE,TRUE,TRUE,TRUE
step_0.01V_settle_200ms,static_threshold_hysteresis_step_0p01v_settle_time_200ms_p_voltage.csv,0.01,200,up,3.79,4,3.257,3.247,3.262,1.9313000000000002,1.9223,1.9358,FALSE,TRUE,TRUE,TRUE
step_0.01V_settle_200ms,static_threshold_hysteresis_step_0p01v_settle_time_200ms_p_voltage.csv,0.01,200,up,3.8,4,3.2595,3.252,3.262,1.9335500000000003,1.9268,1.9358,FALSE,TRUE,TRUE,TRUE
step_0.01V_settle_200ms,static_threshold_hysteresis_step_0p01v_settle_time_200ms_p_voltage.csv,0.01,200,up,3.81,4,3.269,3.262,3.276,1.9421000000000004,1.9358,1.9484,FALSE,TRUE,TRUE,TRUE
step_0.01V_settle_200ms,static_threshold_hysteresis_step_0p01v_settle_time_200ms_p_voltage.csv,0.01,200,up,3.82,4,3.2725,3.262,3.276,1.9452500000000001,1.9358,1.9484,FALSE,TRUE,TRUE,TRUE
step_0.01V_settle_200ms,static_threshold_hysteresis_step_0p01v_settle_time_200ms_p_voltage.csv,0.01,200,up,3.83,4,3.281,3.271,3.286,1.9529,1.9439000000000002,1.9574000000000003,FALSE,TRUE,TRUE,TRUE
step_0.01V_settle_200ms,static_threshold_hysteresis_step_0p01v_settle_time_200ms_p_voltage.csv,0.01,200,up,3.84,4,3.281,3.276,3.286,1.9529,1.9484,1.9574000000000003,FALSE,TRUE,TRUE,TRUE
step_0.01V_settle_200ms,static_threshold_hysteresis_step_0p01v_settle_time_200ms_p_voltage.csv,0.01,200,up,3.85,4,3.30225,3.291,3.306,1.972025,1.9619,1.9754,FALSE,TRUE,TRUE,TRUE
step_0.01V_settle_200ms,static_threshold_hysteresis_step_0p01v_settle_time_200ms_p_voltage.csv,0.01,200,up,3.86,4,3.30975,3.306,3.311,1.9787750000000002,1.9754,1.9799000000000002,FALSE,TRUE,TRUE,TRUE
step_0.01V_settle_200ms,static_threshold_hysteresis_step_0p01v_settle_time_200ms_p_voltage.csv,0.01,200,up,3.87,4,3.314,3.311,3.315,1.9826000000000001,1.9799000000000002,1.9834999999999998,FALSE,TRUE,TRUE,TRUE
step_0.01V_settle_200ms,static_threshold_hysteresis_step_0p01v_settle_time_200ms_p_voltage.csv,0.01,200,up,3.88,4,3.3200000000000003,3.315,3.325,1.9880000000000004,1.9834999999999998,1.9925000000000002,FALSE,TRUE,TRUE,TRUE
step_0.01V_settle_200ms,static_threshold_hysteresis_step_0p01v_settle_time_200ms_p_voltage.csv,0.01,200,up,3.89,4,3.32375,3.315,3.33,1.9913750000000001,1.9834999999999998,1.9970000000000003,FALSE,TRUE,TRUE,TRUE
step_0.01V_settle_200ms,static_threshold_hysteresis_step_0p01v_settle_time_200ms_p_voltage.csv,0.01,200,up,3.9,4,3.33,3.325,3.335,1.9970000000000003,1.9925000000000002,2.0015,FALSE,TRUE,TRUE,TRUE
step_0.01V_settle_200ms,static_threshold_hysteresis_step_0p01v_settle_time_200ms_p_voltage.csv,0.01,200,up,3.91,4,3.33875,3.325,3.345,2.004875,1.9925000000000002,2.0105000000000004,FALSE,TRUE,TRUE,TRUE
step_0.01V_settle_200ms,static_threshold_hysteresis_step_0p01v_settle_time_200ms_p_voltage.csv,0.01,200,up,3.92,4,3.34125,3.34,3.345,2.0071250000000003,2.006,2.0105000000000004,FALSE,TRUE,TRUE,TRUE
step_0.01V_settle_200ms,static_threshold_hysteresis_step_0p01v_settle_time_200ms_p_voltage.csv,0.01,200,up,3.93,4,3.3529999999999998,3.34,3.359,2.0177,2.006,2.0231,FALSE,TRUE,TRUE,TRUE
step_0.01V_settle_200ms,static_threshold_hysteresis_step_0p01v_settle_time_200ms_p_voltage.csv,0.01,200,up,3.94,4,3.3605,3.35,3.364,2.0244500000000003,2.015,2.0276,FALSE,TRUE,TRUE,TRUE
step_0.01V_settle_200ms,static_threshold_hysteresis_step_0p01v_settle_time_200ms_p_voltage.csv,0.01,200,up,3.95,4,3.3555,3.35,3.364,2.01995,2.015,2.0276,FALSE,TRUE,TRUE,TRUE
step_0.01V_settle_200ms,static_threshold_hysteresis_step_0p01v_settle_time_200ms_p_voltage.csv,0.01,200,up,3.96,4,3.3715,3.354,3.384,2.0343500000000003,2.0186,2.0456,FALSE,TRUE,TRUE,TRUE
step_0.01V_settle_200ms,static_threshold_hysteresis_step_0p01v_settle_time_200ms_p_voltage.csv,0.01,200,up,3.97,4,3.37775,3.369,3.384,2.039975,2.0321000000000002,2.0456,FALSE,TRUE,TRUE,TRUE
step_0.01V_settle_200ms,static_threshold_hysteresis_step_0p01v_settle_time_200ms_p_voltage.csv,0.01,200,up,3.98,4,3.379,3.369,3.384,2.0411,2.0321000000000002,2.0456,FALSE,TRUE,TRUE,TRUE
step_0.01V_settle_200ms,static_threshold_hysteresis_step_0p01v_settle_time_200ms_p_voltage.csv,0.01,200,up,3.99,4,3.38775,3.379,3.394,2.048975,2.0411,2.0546,FALSE,TRUE,TRUE,TRUE
step_0.01V_settle_200ms,static_threshold_hysteresis_step_0p01v_settle_time_200ms_p_voltage.csv,0.01,200,up,4,4,3.395,3.389,3.403,2.0555,2.0501,2.0627,FALSE,TRUE,TRUE,TRUE
step_0.01V_settle_200ms,static_threshold_hysteresis_step_0p01v_settle_time_200ms_p_voltage.csv,0.01,200,up,4.01,4,3.40425,3.398,3.408,2.0638250000000005,2.0582000000000003,2.0672,FALSE,TRUE,TRUE,TRUE
step_0.01V_settle_200ms,static_threshold_hysteresis_step_0p01v_settle_time_200ms_p_voltage.csv,0.01,200,up,4.02,4,3.408,3.403,3.413,2.0672,2.0627,2.0717,FALSE,TRUE,TRUE,TRUE
step_0.01V_settle_200ms,static_threshold_hysteresis_step_0p01v_settle_time_200ms_p_voltage.csv,0.01,200,up,4.03,4,3.42675,3.413,3.438,2.0840750000000003,2.0717,2.0942000000000003,FALSE,TRUE,TRUE,TRUE
step_0.01V_settle_200ms,static_threshold_hysteresis_step_0p01v_settle_time_200ms_p_voltage.csv,0.01,200,up,4.04,4,3.428,3.418,3.433,2.0852,2.0762,2.0897,FALSE,TRUE,TRUE,TRUE
step_0.01V_settle_200ms,static_threshold_hysteresis_step_0p01v_settle_time_200ms_p_voltage.csv,0.01,200,up,4.05,4,3.4305,3.423,3.433,2.08745,2.0807,2.0897,FALSE,TRUE,TRUE,TRUE
step_0.01V_settle_200ms,static_threshold_hysteresis_step_0p01v_settle_time_200ms_p_voltage.csv,0.01,200,up,4.06,4,3.43275,3.423,3.442,2.089475,2.0807,2.0978000000000003,FALSE,TRUE,TRUE,TRUE
step_0.01V_settle_200ms,static_threshold_hysteresis_step_0p01v_settle_time_200ms_p_voltage.csv,0.01,200,up,4.07,4,3.457,3.447,3.467,2.1113,2.1023,2.1203000000000003,FALSE,TRUE,TRUE,TRUE
step_0.01V_settle_200ms,static_threshold_hysteresis_step_0p01v_settle_time_200ms_p_voltage.csv,0.01,200,up,4.08,4,3.45575,3.447,3.462,2.1101750000000004,2.1023,2.1158,FALSE,TRUE,TRUE,TRUE
step_0.01V_settle_200ms,static_threshold_hysteresis_step_0p01v_settle_time_200ms_p_voltage.csv,0.01,200,up,4.09,4,3.457,3.447,3.462,2.1113,2.1023,2.1158,FALSE,TRUE,TRUE,TRUE
step_0.01V_settle_200ms,static_threshold_hysteresis_step_0p01v_settle_time_200ms_p_voltage.csv,0.01,200,up,4.1,4,3.47325,3.467,3.477,2.125925,2.1203000000000003,2.1292999999999997,FALSE,TRUE,TRUE,TRUE
step_0.01V_settle_200ms,static_threshold_hysteresis_step_0p01v_settle_time_200ms_p_voltage.csv,0.01,200,up,4.11,4,3.47075,3.467,3.472,2.123675,2.1203000000000003,2.1248,FALSE,TRUE,TRUE,TRUE
step_0.01V_settle_200ms,static_threshold_hysteresis_step_0p01v_settle_time_200ms_p_voltage.csv,0.01,200,up,4.12,4,3.48025,3.472,3.486,2.132225,2.1248,2.1374000000000004,FALSE,TRUE,TRUE,TRUE
step_0.01V_settle_200ms,static_threshold_hysteresis_step_0p01v_settle_time_200ms_p_voltage.csv,0.01,200,up,4.13,4,3.48125,3.477,3.486,2.133125,2.1292999999999997,2.1374000000000004,FALSE,TRUE,TRUE,TRUE
step_0.01V_settle_200ms,static_threshold_hysteresis_step_0p01v_settle_time_200ms_p_voltage.csv,0.01,200,up,4.14,4,3.49475,3.486,3.501,2.145275,2.1374000000000004,2.1509,FALSE,TRUE,TRUE,TRUE
step_0.01V_settle_200ms,static_threshold_hysteresis_step_0p01v_settle_time_200ms_p_voltage.csv,0.01,200,up,4.15,4,3.496,3.491,3.501,2.1464,2.1419,2.1509,FALSE,TRUE,TRUE,TRUE
step_0.01V_settle_200ms,static_threshold_hysteresis_step_0p01v_settle_time_200ms_p_voltage.csv,0.01,200,up,4.16,4,3.5035,3.491,3.511,2.15315,2.1419,2.1599000000000004,FALSE,TRUE,TRUE,TRUE
step_0.01V_settle_200ms,static_threshold_hysteresis_step_0p01v_settle_time_200ms_p_voltage.csv,0.01,200,up,4.17,4,3.5085,3.501,3.511,2.1576500000000003,2.1509,2.1599000000000004,FALSE,TRUE,TRUE,TRUE
step_0.01V_settle_200ms,static_threshold_hysteresis_step_0p01v_settle_time_200ms_p_voltage.csv,0.01,200,up,4.18,4,3.52175,3.511,3.53,2.169575,2.1599000000000004,2.177,FALSE,TRUE,TRUE,TRUE
step_0.01V_settle_200ms,static_threshold_hysteresis_step_0p01v_settle_time_200ms_p_voltage.csv,0.01,200,up,4.19,4,3.524,3.516,3.53,2.1716,2.1644,2.177,FALSE,TRUE,TRUE,TRUE
step_0.01V_settle_200ms,static_threshold_hysteresis_step_0p01v_settle_time_200ms_p_voltage.csv,0.01,200,up,4.2,4,3.53275,3.521,3.54,2.179475,2.1689,2.186,FALSE,TRUE,TRUE,TRUE
step_0.01V_settle_200ms,static_threshold_hysteresis_step_0p01v_settle_time_200ms_p_voltage.csv,0.01,200,up,4.21,4,3.5375,3.53,3.54,2.1837500000000003,2.177,2.186,FALSE,TRUE,TRUE,TRUE
step_0.01V_settle_200ms,static_threshold_hysteresis_step_0p01v_settle_time_200ms_p_voltage.csv,0.01,200,up,4.22,4,3.54875,3.54,3.555,2.1938750000000002,2.186,2.1995,FALSE,TRUE,TRUE,TRUE
step_0.01V_settle_200ms,static_threshold_hysteresis_step_0p01v_settle_time_200ms_p_voltage.csv,0.01,200,up,4.23,4,3.55125,3.545,3.555,2.196125,2.1905,2.1995,FALSE,TRUE,TRUE,TRUE
step_0.01V_settle_200ms,static_threshold_hysteresis_step_0p01v_settle_time_200ms_p_voltage.csv,0.01,200,up,4.24,4,3.55625,3.55,3.56,2.200625,2.195,2.204,FALSE,TRUE,TRUE,TRUE
step_0.01V_settle_200ms,static_threshold_hysteresis_step_0p01v_settle_time_200ms_p_voltage.csv,0.01,200,up,4.25,4,3.564,3.564,3.564,2.2076000000000002,2.2076000000000002,2.2076000000000002,FALSE,TRUE,TRUE,TRUE
step_0.01V_settle_200ms,static_threshold_hysteresis_step_0p01v_settle_time_200ms_p_voltage.csv,0.01,200,up,4.26,4,3.56925,3.56,3.574,2.212325,2.204,2.2166,FALSE,TRUE,TRUE,TRUE
step_0.01V_settle_200ms,static_threshold_hysteresis_step_0p01v_settle_time_200ms_p_voltage.csv,0.01,200,up,4.27,4,3.574,3.569,3.579,2.2166,2.2121,2.2211000000000003,FALSE,TRUE,TRUE,TRUE
step_0.01V_settle_200ms,static_threshold_hysteresis_step_0p01v_settle_time_200ms_p_voltage.csv,0.01,200,up,4.28,4,3.59475,3.574,3.608,2.235275,2.2166,2.2472000000000003,FALSE,TRUE,TRUE,TRUE
step_0.01V_settle_200ms,static_threshold_hysteresis_step_0p01v_settle_time_200ms_p_voltage.csv,0.01,200,up,4.29,4,3.599,3.589,3.604,2.2391,2.2301,2.2436000000000003,FALSE,TRUE,TRUE,TRUE
step_0.01V_settle_200ms,static_threshold_hysteresis_step_0p01v_settle_time_200ms_p_voltage.csv,0.01,200,up,4.3,4,3.5965,3.594,3.599,2.23685,2.2346,2.2391,FALSE,TRUE,TRUE,TRUE
step_0.01V_settle_200ms,static_threshold_hysteresis_step_0p01v_settle_time_200ms_p_voltage.csv,0.01,200,up,4.31,4,3.60375,3.594,3.613,2.243375,2.2346,2.2517,FALSE,TRUE,TRUE,TRUE
step_0.01V_settle_200ms,static_threshold_hysteresis_step_0p01v_settle_time_200ms_p_voltage.csv,0.01,200,up,4.32,4,3.61925,3.608,3.628,2.2573250000000002,2.2472000000000003,2.2652,FALSE,TRUE,TRUE,TRUE
step_0.01V_settle_200ms,static_threshold_hysteresis_step_0p01v_settle_time_200ms_p_voltage.csv,0.01,200,up,4.33,4,3.62175,3.608,3.633,2.259575,2.2472000000000003,2.2697000000000003,FALSE,TRUE,TRUE,TRUE
step_0.01V_settle_200ms,static_threshold_hysteresis_step_0p01v_settle_time_200ms_p_voltage.csv,0.01,200,up,4.34,4,3.62425,3.618,3.628,2.261825,2.2561999999999998,2.2652,FALSE,TRUE,TRUE,TRUE
step_0.01V_settle_200ms,static_threshold_hysteresis_step_0p01v_settle_time_200ms_p_voltage.csv,0.01,200,up,4.35,4,3.633,3.623,3.643,2.2697000000000003,2.2607000000000004,2.2786999999999997,FALSE,TRUE,TRUE,TRUE
step_0.01V_settle_200ms,static_threshold_hysteresis_step_0p01v_settle_time_200ms_p_voltage.csv,0.01,200,up,4.36,4,3.643,3.643,3.643,2.2786999999999997,2.2786999999999997,2.2786999999999997,FALSE,TRUE,TRUE,TRUE
step_0.01V_settle_200ms,static_threshold_hysteresis_step_0p01v_settle_time_200ms_p_voltage.csv,0.01,200,up,4.37,4,3.64125,3.633,3.647,2.277125,2.2697000000000003,2.2822999999999998,FALSE,TRUE,TRUE,TRUE
step_0.01V_settle_200ms,static_threshold_hysteresis_step_0p01v_settle_time_200ms_p_voltage.csv,0.01,200,up,4.38,4,3.65475,3.643,3.662,2.289275,2.2786999999999997,2.2958,FALSE,TRUE,TRUE,TRUE
step_0.01V_settle_200ms,static_threshold_hysteresis_step_0p01v_settle_time_200ms_p_voltage.csv,0.01,200,up,4.39,4,3.6545,3.647,3.657,2.28905,2.2822999999999998,2.2913,FALSE,TRUE,TRUE,TRUE
step_0.01V_settle_200ms,static_threshold_hysteresis_step_0p01v_settle_time_200ms_p_voltage.csv,0.01,200,up,4.4,4,3.6695,3.667,3.672,2.30255,2.3003,2.3048,FALSE,TRUE,TRUE,TRUE
step_0.01V_settle_200ms,static_threshold_hysteresis_step_0p01v_settle_time_200ms_p_voltage.csv,0.01,200,up,4.41,4,3.66825,3.662,3.672,2.301425,2.2958,2.3048,FALSE,TRUE,TRUE,TRUE
step_0.01V_settle_200ms,static_threshold_hysteresis_step_0p01v_settle_time_200ms_p_voltage.csv,0.01,200,up,4.42,4,3.682,3.672,3.687,2.3138,2.3048,2.3183,FALSE,TRUE,TRUE,TRUE
step_0.01V_settle_200ms,static_threshold_hysteresis_step_0p01v_settle_time_200ms_p_voltage.csv,0.01,200,up,4.43,4,3.682,3.672,3.687,2.3138,2.3048,2.3183,FALSE,TRUE,TRUE,TRUE
step_0.01V_settle_200ms,static_threshold_hysteresis_step_0p01v_settle_time_200ms_p_voltage.csv,0.01,200,up,4.44,4,3.6845,3.682,3.687,2.31605,2.3138,2.3183,FALSE,TRUE,TRUE,TRUE
step_0.01V_settle_200ms,static_threshold_hysteresis_step_0p01v_settle_time_200ms_p_voltage.csv,0.01,200,up,4.45,4,3.70375,3.687,3.711,2.3333749999999998,2.3183,2.3399,FALSE,TRUE,TRUE,TRUE
step_0.01V_settle_200ms,static_threshold_hysteresis_step_0p01v_settle_time_200ms_p_voltage.csv,0.01,200,up,4.46,4,3.706,3.701,3.711,2.3354,2.3309,2.3399,FALSE,TRUE,TRUE,TRUE
step_0.01V_settle_200ms,static_threshold_hysteresis_step_0p01v_settle_time_200ms_p_voltage.csv,0.01,200,up,4.47,4,3.70725,3.706,3.711,2.3365250000000004,2.3354,2.3399,FALSE,TRUE,TRUE,TRUE
step_0.01V_settle_200ms,static_threshold_hysteresis_step_0p01v_settle_time_200ms_p_voltage.csv,0.01,200,up,4.48,4,3.72225,3.711,3.726,2.350025,2.3399,2.3534,FALSE,TRUE,TRUE,TRUE
step_0.01V_settle_200ms,static_threshold_hysteresis_step_0p01v_settle_time_200ms_p_voltage.csv,0.01,200,up,4.49,4,3.723,3.711,3.73,2.3507,2.3399,2.357,FALSE,TRUE,TRUE,TRUE
step_0.01V_settle_200ms,static_threshold_hysteresis_step_0p01v_settle_time_200ms_p_voltage.csv,0.01,200,up,4.5,4,3.72775,3.721,3.73,2.354975,2.3489,2.357,FALSE,TRUE,TRUE,TRUE
step_0.01V_settle_200ms,static_threshold_hysteresis_step_0p01v_settle_time_200ms_p_voltage.csv,0.01,200,up,4.51,4,3.74375,3.73,3.75,2.369375,2.357,2.375,FALSE,TRUE,TRUE,TRUE
step_0.01V_settle_200ms,static_threshold_hysteresis_step_0p01v_settle_time_200ms_p_voltage.csv,0.01,200,up,4.52,4,3.74625,3.74,3.75,2.371625,2.366,2.375,FALSE,TRUE,TRUE,TRUE
step_0.01V_settle_200ms,static_threshold_hysteresis_step_0p01v_settle_time_200ms_p_voltage.csv,0.01,200,up,4.53,4,3.7475,3.74,3.755,2.37275,2.366,2.3795,FALSE,TRUE,TRUE,TRUE
step_0.01V_settle_200ms,static_threshold_hysteresis_step_0p01v_settle_time_200ms_p_voltage.csv,0.01,200,up,4.54,4,3.76,3.755,3.765,2.384,2.3795,2.3885,FALSE,TRUE,TRUE,TRUE
step_0.01V_settle_200ms,static_threshold_hysteresis_step_0p01v_settle_time_200ms_p_voltage.csv,0.01,200,up,4.55,4,3.767,3.76,3.774,2.3903,2.384,2.3966000000000003,FALSE,TRUE,TRUE,TRUE
step_0.01V_settle_200ms,static_threshold_hysteresis_step_0p01v_settle_time_200ms_p_voltage.csv,0.01,200,up,4.56,4,3.77675,3.77,3.779,2.399075,2.3930000000000002,2.4011,FALSE,TRUE,TRUE,TRUE
step_0.01V_settle_200ms,static_threshold_hysteresis_step_0p01v_settle_time_200ms_p_voltage.csv,0.01,200,up,4.57,4,3.778,3.77,3.784,2.4002,2.3930000000000002,2.4055999999999997,FALSE,TRUE,TRUE,TRUE
step_0.01V_settle_200ms,static_threshold_hysteresis_step_0p01v_settle_time_200ms_p_voltage.csv,0.01,200,up,4.58,4,3.79275,3.779,3.804,2.413475,2.4011,2.4236,FALSE,TRUE,TRUE,TRUE
step_0.01V_settle_200ms,static_threshold_hysteresis_step_0p01v_settle_time_200ms_p_voltage.csv,0.01,200,up,4.59,4,3.79275,3.784,3.799,2.413475,2.4055999999999997,2.4191,FALSE,TRUE,TRUE,TRUE
step_0.01V_settle_200ms,static_threshold_hysteresis_step_0p01v_settle_time_200ms_p_voltage.csv,0.01,200,up,4.6,4,3.7965,3.779,3.804,2.41685,2.4011,2.4236,FALSE,TRUE,TRUE,TRUE
step_0.01V_settle_200ms,static_threshold_hysteresis_step_0p01v_settle_time_200ms_p_voltage.csv,0.01,200,up,4.61,4,3.806,3.799,3.813,2.4254000000000002,2.4191,2.4317,FALSE,TRUE,TRUE,TRUE
step_0.01V_settle_200ms,static_threshold_hysteresis_step_0p01v_settle_time_200ms_p_voltage.csv,0.01,200,up,4.62,4,3.8065,3.799,3.809,2.42585,2.4191,2.4281,FALSE,TRUE,TRUE,TRUE
step_0.01V_settle_200ms,static_threshold_hysteresis_step_0p01v_settle_time_200ms_p_voltage.csv,0.01,200,up,4.63,4,3.82425,3.813,3.833,2.441825,2.4317,2.4497000000000004,FALSE,TRUE,TRUE,TRUE
step_0.01V_settle_200ms,static_threshold_hysteresis_step_0p01v_settle_time_200ms_p_voltage.csv,0.01,200,up,4.64,4,3.8245,3.809,3.833,2.44205,2.4281,2.4497000000000004,FALSE,TRUE,TRUE,TRUE
step_0.01V_settle_200ms,static_threshold_hysteresis_step_0p01v_settle_time_200ms_p_voltage.csv,0.01,200,up,4.65,4,3.82675,3.818,3.833,2.444075,2.4362,2.4497000000000004,FALSE,TRUE,TRUE,TRUE
step_0.01V_settle_200ms,static_threshold_hysteresis_step_0p01v_settle_time_200ms_p_voltage.csv,0.01,200,up,4.66,4,3.833,3.828,3.838,2.4497000000000004,2.4452,2.4542,FALSE,TRUE,TRUE,TRUE
step_0.01V_settle_200ms,static_threshold_hysteresis_step_0p01v_settle_time_200ms_p_voltage.csv,0.01,200,up,4.67,4,3.8455000000000004,3.838,3.853,2.4609500000000004,2.4542,2.4677000000000002,FALSE,TRUE,TRUE,TRUE
step_0.01V_settle_200ms,static_threshold_hysteresis_step_0p01v_settle_time_200ms_p_voltage.csv,0.01,200,up,4.68,4,3.84925,3.838,3.853,2.464325,2.4542,2.4677000000000002,FALSE,TRUE,TRUE,TRUE
step_0.01V_settle_200ms,static_threshold_hysteresis_step_0p01v_settle_time_200ms_p_voltage.csv,0.01,200,up,4.69,4,3.86475,3.848,3.872,2.478275,2.4632,2.4848,FALSE,TRUE,TRUE,TRUE
step_0.01V_settle_200ms,static_threshold_hysteresis_step_0p01v_settle_time_200ms_p_voltage.csv,0.01,200,up,4.7,4,3.8682499999999997,3.862,3.872,2.4814249999999998,2.4758,2.4848,FALSE,TRUE,TRUE,TRUE
step_0.01V_settle_200ms,static_threshold_hysteresis_step_0p01v_settle_time_200ms_p_voltage.csv,0.01,200,up,4.71,4,3.8695,3.867,3.872,2.48255,2.4803,2.4848,FALSE,TRUE,TRUE,TRUE
step_0.01V_settle_200ms,static_threshold_hysteresis_step_0p01v_settle_time_200ms_p_voltage.csv,0.01,200,up,4.72,4,3.8745,3.872,3.877,2.48705,2.4848,2.4893,FALSE,TRUE,TRUE,TRUE
step_0.01V_settle_200ms,static_threshold_hysteresis_step_0p01v_settle_time_200ms_p_voltage.csv,0.01,200,up,4.73,4,3.889,3.877,3.901,2.5000999999999998,2.4893,2.5109,FALSE,TRUE,TRUE,TRUE
step_0.01V_settle_200ms,static_threshold_hysteresis_step_0p01v_settle_time_200ms_p_voltage.csv,0.01,200,up,4.74,4,3.895,3.892,3.896,2.5055,2.5028,2.5064,FALSE,TRUE,TRUE,TRUE
step_0.01V_settle_200ms,static_threshold_hysteresis_step_0p01v_settle_time_200ms_p_voltage.csv,0.01,200,up,4.75,4,3.8975,3.892,3.901,2.50775,2.5028,2.5109,FALSE,TRUE,TRUE,TRUE
step_0.01V_settle_200ms,static_threshold_hysteresis_step_0p01v_settle_time_200ms_p_voltage.csv,0.01,200,up,4.76,4,3.9035,3.901,3.906,2.5131500000000004,2.5109,2.5154,FALSE,TRUE,TRUE,TRUE
step_0.01V_settle_200ms,static_threshold_hysteresis_step_0p01v_settle_time_200ms_p_voltage.csv,0.01,200,up,4.77,4,3.9050000000000002,3.892,3.911,2.5145000000000004,2.5028,2.5199000000000003,FALSE,TRUE,TRUE,TRUE
step_0.01V_settle_200ms,static_threshold_hysteresis_step_0p01v_settle_time_200ms_p_voltage.csv,0.01,200,up,4.78,4,3.916,3.906,3.921,2.5244,2.5154,2.5288999999999997,FALSE,TRUE,TRUE,TRUE
step_0.01V_settle_200ms,static_threshold_hysteresis_step_0p01v_settle_time_200ms_p_voltage.csv,0.01,200,up,4.79,4,3.921,3.916,3.926,2.5288999999999997,2.5244,2.5334000000000003,FALSE,TRUE,TRUE,TRUE
step_0.01V_settle_200ms,static_threshold_hysteresis_step_0p01v_settle_time_200ms_p_voltage.csv,0.01,200,up,4.8,4,3.926,3.921,3.931,2.5334000000000003,2.5288999999999997,2.5379,FALSE,TRUE,TRUE,TRUE
step_0.01V_settle_200ms,static_threshold_hysteresis_step_0p01v_settle_time_200ms_p_voltage.csv,0.01,200,up,4.81,4,3.9379999999999997,3.931,3.945,2.5442,2.5379,2.5505,FALSE,TRUE,TRUE,TRUE
step_0.01V_settle_200ms,static_threshold_hysteresis_step_0p01v_settle_time_200ms_p_voltage.csv,0.01,200,up,4.82,4,3.9427499999999998,3.936,3.945,2.548475,2.5424,2.5505,FALSE,TRUE,TRUE,TRUE
step_0.01V_settle_200ms,static_threshold_hysteresis_step_0p01v_settle_time_200ms_p_voltage.csv,0.01,200,up,4.83,4,3.95,3.945,3.955,2.555,2.5505,2.5595000000000003,FALSE,TRUE,TRUE,TRUE
step_0.01V_settle_200ms,static_threshold_hysteresis_step_0p01v_settle_time_200ms_p_voltage.csv,0.01,200,up,4.84,4,3.9525,3.945,3.955,2.5572500000000002,2.5505,2.5595000000000003,FALSE,TRUE,TRUE,TRUE
step_0.01V_settle_200ms,static_threshold_hysteresis_step_0p01v_settle_time_200ms_p_voltage.csv,0.01,200,up,4.85,4,3.965,3.96,3.97,2.5685,2.564,2.5730000000000004,FALSE,TRUE,TRUE,TRUE
step_0.01V_settle_200ms,static_threshold_hysteresis_step_0p01v_settle_time_200ms_p_voltage.csv,0.01,200,up,4.86,4,3.97,3.97,3.97,2.5730000000000004,2.5730000000000004,2.5730000000000004,FALSE,TRUE,TRUE,TRUE
step_0.01V_settle_200ms,static_threshold_hysteresis_step_0p01v_settle_time_200ms_p_voltage.csv,0.01,200,up,4.87,4,3.98325,3.97,3.994,2.584925,2.5730000000000004,2.5946000000000002,FALSE,TRUE,TRUE,TRUE
step_0.01V_settle_200ms,static_threshold_hysteresis_step_0p01v_settle_time_200ms_p_voltage.csv,0.01,200,up,4.88,4,3.97925,3.97,3.984,2.581325,2.5730000000000004,2.5856,FALSE,TRUE,TRUE,TRUE
step_0.01V_settle_200ms,static_threshold_hysteresis_step_0p01v_settle_time_200ms_p_voltage.csv,0.01,200,up,4.89,4,3.9852499999999997,3.984,3.989,2.586725,2.5856,2.5901,FALSE,TRUE,TRUE,TRUE
step_0.01V_settle_200ms,static_threshold_hysteresis_step_0p01v_settle_time_200ms_p_voltage.csv,0.01,200,up,4.9,4,3.9989999999999997,3.984,4.004,2.5991,2.5856,2.6035999999999997,FALSE,TRUE,TRUE,TRUE
step_0.01V_settle_200ms,static_threshold_hysteresis_step_0p01v_settle_time_200ms_p_voltage.csv,0.01,200,up,4.91,4,4.00775,4.004,4.009,2.606975,2.6035999999999997,2.6081000000000003,FALSE,TRUE,TRUE,TRUE
step_0.01V_settle_200ms,static_threshold_hysteresis_step_0p01v_settle_time_200ms_p_voltage.csv,0.01,200,up,4.92,4,4.0127500000000005,4.004,4.019,2.6114750000000004,2.6035999999999997,2.6171,FALSE,TRUE,TRUE,TRUE
step_0.01V_settle_200ms,static_threshold_hysteresis_step_0p01v_settle_time_200ms_p_voltage.csv,0.01,200,up,4.93,4,4.01875,4.014,4.023,2.616875,2.6126000000000005,2.6207,FALSE,TRUE,TRUE,TRUE
step_0.01V_settle_200ms,static_threshold_hysteresis_step_0p01v_settle_time_200ms_p_voltage.csv,0.01,200,up,4.94,4,4.027,4.014,4.033,2.6243000000000003,2.6126000000000005,2.6297000000000006,FALSE,TRUE,TRUE,TRUE
step_0.01V_settle_200ms,static_threshold_hysteresis_step_0p01v_settle_time_200ms_p_voltage.csv,0.01,200,up,4.95,4,4.0305,4.028,4.033,2.62745,2.6251999999999995,2.6297000000000006,FALSE,TRUE,TRUE,TRUE
step_0.01V_settle_200ms,static_threshold_hysteresis_step_0p01v_settle_time_200ms_p_voltage.csv,0.01,200,up,4.96,4,4.0345,4.019,4.043,2.6310500000000006,2.6171,2.6387,FALSE,TRUE,TRUE,TRUE
step_0.01V_settle_200ms,static_threshold_hysteresis_step_0p01v_settle_time_200ms_p_voltage.csv,0.01,200,up,4.97,4,4.043,4.043,4.043,2.6387,2.6387,2.6387,FALSE,TRUE,TRUE,TRUE
step_0.01V_settle_200ms,static_threshold_hysteresis_step_0p01v_settle_time_200ms_p_voltage.csv,0.01,200,up,4.98,4,4.05375,4.038,4.067,2.648375,2.6342000000000003,2.6603000000000003,FALSE,TRUE,TRUE,TRUE
step_0.01V_settle_200ms,static_threshold_hysteresis_step_0p01v_settle_time_200ms_p_voltage.csv,0.01,200,up,4.99,4,4.0555,4.048,4.058,2.6499500000000005,2.6432,2.6522,FALSE,TRUE,TRUE,TRUE
step_0.01V_settle_200ms,static_threshold_hysteresis_step_0p01v_settle_time_200ms_p_voltage.csv,0.01,200,up,5,4,4.05925,4.053,4.063,2.6533249999999997,2.6477,2.6567,FALSE,TRUE,TRUE,TRUE
step_0.01V_settle_200ms,static_threshold_hysteresis_step_0p01v_settle_time_200ms_p_voltage.csv,0.01,200,up,5.01,4,4.066,4.063,4.067,2.6593999999999998,2.6567,2.6603000000000003,FALSE,TRUE,TRUE,TRUE
step_0.01V_settle_200ms,static_threshold_hysteresis_step_0p01v_settle_time_200ms_p_voltage.csv,0.01,200,up,5.02,4,4.07325,4.067,4.077,2.665925,2.6603000000000003,2.6693000000000002,FALSE,TRUE,TRUE,TRUE
step_0.01V_settle_200ms,static_threshold_hysteresis_step_0p01v_settle_time_200ms_p_voltage.csv,0.01,200,up,5.03,4,4.08325,4.067,4.092,2.6749249999999996,2.6603000000000003,2.6828,FALSE,TRUE,TRUE,TRUE
step_0.01V_settle_200ms,static_threshold_hysteresis_step_0p01v_settle_time_200ms_p_voltage.csv,0.01,200,up,5.04,4,4.087,4.082,4.092,2.6782999999999997,2.6738,2.6828,FALSE,TRUE,TRUE,TRUE
step_0.01V_settle_200ms,static_threshold_hysteresis_step_0p01v_settle_time_200ms_p_voltage.csv,0.01,200,up,5.05,4,4.0882499999999995,4.082,4.092,2.6794249999999997,2.6738,2.6828,FALSE,TRUE,TRUE,TRUE
step_0.01V_settle_200ms,static_threshold_hysteresis_step_0p01v_settle_time_200ms_p_voltage.csv,0.01,200,up,5.06,4,4.104,4.102,4.106,2.6936,2.6918,2.6954,FALSE,TRUE,TRUE,TRUE
step_0.01V_settle_200ms,static_threshold_hysteresis_step_0p01v_settle_time_200ms_p_voltage.csv,0.01,200,up,5.07,4,4.10975,4.106,4.111,2.698775,2.6954,2.6999,FALSE,TRUE,TRUE,TRUE
step_0.01V_settle_200ms,static_threshold_hysteresis_step_0p01v_settle_time_200ms_p_voltage.csv,0.01,200,up,5.08,4,4.1135,4.106,4.116,2.70215,2.6954,2.7043999999999997,FALSE,TRUE,TRUE,TRUE
step_0.01V_settle_200ms,static_threshold_hysteresis_step_0p01v_settle_time_200ms_p_voltage.csv,0.01,200,up,5.09,4,4.1235,4.111,4.131,2.71115,2.6999,2.7179,FALSE,TRUE,TRUE,TRUE
step_0.01V_settle_200ms,static_threshold_hysteresis_step_0p01v_settle_time_200ms_p_voltage.csv,0.01,200,up,5.1,4,4.13225,4.126,4.136,2.7190250000000002,2.7134000000000005,2.7224000000000004,FALSE,TRUE,TRUE,TRUE
step_0.01V_settle_200ms,static_threshold_hysteresis_step_0p01v_settle_time_200ms_p_voltage.csv,0.01,200,up,5.11,4,4.13475,4.126,4.141,2.7212750000000003,2.7134000000000005,2.7269,FALSE,TRUE,TRUE,TRUE
step_0.01V_settle_200ms,static_threshold_hysteresis_step_0p01v_settle_time_200ms_p_voltage.csv,0.01,200,up,5.12,4,4.15175,4.141,4.16,2.7365749999999998,2.7269,2.744,FALSE,TRUE,TRUE,TRUE
step_0.01V_settle_200ms,static_threshold_hysteresis_step_0p01v_settle_time_200ms_p_voltage.csv,0.01,200,up,5.13,4,4.149,4.136,4.155,2.7341,2.7224000000000004,2.7395000000000005,FALSE,TRUE,TRUE,TRUE
step_0.01V_settle_200ms,static_threshold_hysteresis_step_0p01v_settle_time_200ms_p_voltage.csv,0.01,200,up,5.14,4,4.15875,4.15,4.165,2.7428750000000006,2.7350000000000003,2.7485,FALSE,TRUE,TRUE,TRUE
step_0.01V_settle_200ms,static_threshold_hysteresis_step_0p01v_settle_time_200ms_p_voltage.csv,0.01,200,up,5.15,4,4.1675,4.16,4.175,2.7507500000000005,2.744,2.7575,FALSE,TRUE,TRUE,TRUE
step_0.01V_settle_200ms,static_threshold_hysteresis_step_0p01v_settle_time_200ms_p_voltage.csv,0.01,200,up,5.16,4,4.17125,4.17,4.175,2.7541249999999997,2.753,2.7575,FALSE,TRUE,TRUE,TRUE
step_0.01V_settle_200ms,static_threshold_hysteresis_step_0p01v_settle_time_200ms_p_voltage.csv,0.01,200,up,5.17,4,4.1775,4.17,4.18,2.7597500000000004,2.753,2.762,FALSE,TRUE,TRUE,TRUE
step_0.01V_settle_200ms,static_threshold_hysteresis_step_0p01v_settle_time_200ms_p_voltage.csv,0.01,200,up,5.18,4,4.1892499999999995,4.18,4.194,2.7703249999999997,2.762,2.7746,FALSE,TRUE,TRUE,TRUE
step_0.01V_settle_200ms,static_threshold_hysteresis_step_0p01v_settle_time_200ms_p_voltage.csv,0.01,200,up,5.19,4,4.19175,4.185,4.194,2.772575,2.7664999999999997,2.7746,FALSE,TRUE,TRUE,TRUE
step_0.01V_settle_200ms,static_threshold_hysteresis_step_0p01v_settle_time_200ms_p_voltage.csv,0.01,200,up,5.2,4,4.19175,4.185,4.194,2.772575,2.7664999999999997,2.7746,FALSE,TRUE,TRUE,TRUE
step_0.01V_settle_200ms,static_threshold_hysteresis_step_0p01v_settle_time_200ms_p_voltage.csv,0.01,200,up,5.21,4,4.204,4.204,4.204,2.7836,2.7836,2.7836,FALSE,TRUE,TRUE,TRUE
step_0.01V_settle_200ms,static_threshold_hysteresis_step_0p01v_settle_time_200ms_p_voltage.csv,0.01,200,up,5.22,4,4.2065,4.194,4.214,2.7858500000000004,2.7746,2.7926000000000006,FALSE,TRUE,TRUE,TRUE
step_0.01V_settle_200ms,static_threshold_hysteresis_step_0p01v_settle_time_200ms_p_voltage.csv,0.01,200,up,5.23,4,4.220000000000001,4.214,4.233,2.7980000000000005,2.7926000000000006,2.8097,FALSE,TRUE,TRUE,TRUE
step_0.01V_settle_200ms,static_threshold_hysteresis_step_0p01v_settle_time_200ms_p_voltage.csv,0.01,200,up,5.24,4,4.22775,4.224,4.229,2.804975,2.8016,2.8061000000000003,FALSE,TRUE,TRUE,TRUE
step_0.01V_settle_200ms,static_threshold_hysteresis_step_0p01v_settle_time_200ms_p_voltage.csv,0.01,200,up,5.25,4,4.231999999999999,4.229,4.233,2.8087999999999993,2.8061000000000003,2.8097,FALSE,TRUE,TRUE,TRUE
step_0.01V_settle_200ms,static_threshold_hysteresis_step_0p01v_settle_time_200ms_p_voltage.csv,0.01,200,up,5.26,4,4.24075,4.229,4.248,2.8166750000000005,2.8061000000000003,2.8232000000000004,FALSE,TRUE,TRUE,TRUE
step_0.01V_settle_200ms,static_threshold_hysteresis_step_0p01v_settle_time_200ms_p_voltage.csv,0.01,200,up,5.27,4,4.24425,4.238,4.253,2.8198250000000002,2.8142000000000005,2.8277,FALSE,TRUE,TRUE,TRUE
step_0.01V_settle_200ms,static_threshold_hysteresis_step_0p01v_settle_time_200ms_p_voltage.csv,0.01,200,up,5.28,4,4.25175,4.248,4.253,2.8265750000000005,2.8232000000000004,2.8277,FALSE,TRUE,TRUE,TRUE
step_0.01V_settle_200ms,static_threshold_hysteresis_step_0p01v_settle_time_200ms_p_voltage.csv,0.01,200,up,5.29,4,4.26175,4.253,4.268,2.8355750000000004,2.8277,2.8411999999999997,FALSE,TRUE,TRUE,TRUE
step_0.01V_settle_200ms,static_threshold_hysteresis_step_0p01v_settle_time_200ms_p_voltage.csv,0.01,200,up,5.3,4,4.26675,4.263,4.268,2.840075,2.8367,2.8411999999999997,FALSE,TRUE,TRUE,TRUE
step_0.01V_settle_200ms,static_threshold_hysteresis_step_0p01v_settle_time_200ms_p_voltage.csv,0.01,200,up,5.31,4,4.26675,4.263,4.268,2.840075,2.8367,2.8411999999999997,FALSE,TRUE,TRUE,TRUE
step_0.01V_settle_200ms,static_threshold_hysteresis_step_0p01v_settle_time_200ms_p_voltage.csv,0.01,200,up,5.32,4,4.28575,4.272,4.297,2.8571750000000002,2.8448,2.8672999999999997,FALSE,TRUE,TRUE,TRUE
step_0.01V_settle_200ms,static_threshold_hysteresis_step_0p01v_settle_time_200ms_p_voltage.csv,0.01,200,up,5.33,4,4.28825,4.282,4.292,2.859425,2.8538,2.8628,FALSE,TRUE,TRUE,TRUE
step_0.01V_settle_200ms,static_threshold_hysteresis_step_0p01v_settle_time_200ms_p_voltage.csv,0.01,200,up,5.34,4,4.29325,4.292,4.297,2.8639249999999996,2.8628,2.8672999999999997,FALSE,TRUE,TRUE,TRUE
step_0.01V_settle_200ms,static_threshold_hysteresis_step_0p01v_settle_time_200ms_p_voltage.csv,0.01,200,up,5.35,4,4.30075,4.292,4.307,2.870675,2.8628,2.8763000000000005,FALSE,TRUE,TRUE,TRUE
step_0.01V_settle_200ms,static_threshold_hysteresis_step_0p01v_settle_time_200ms_p_voltage.csv,0.01,200,up,5.36,4,4.30075,4.297,4.302,2.870675,2.8672999999999997,2.8718,FALSE,TRUE,TRUE,TRUE
step_0.01V_settle_200ms,static_threshold_hysteresis_step_0p01v_settle_time_200ms_p_voltage.csv,0.01,200,up,5.37,4,4.31525,4.307,4.321,2.883725,2.8763000000000005,2.8889,FALSE,TRUE,TRUE,TRUE
step_0.01V_settle_200ms,static_threshold_hysteresis_step_0p01v_settle_time_200ms_p_voltage.csv,0.01,200,up,5.38,4,4.31975,4.316,4.321,2.887775,2.8844,2.8889,FALSE,TRUE,TRUE,TRUE
step_0.01V_settle_200ms,static_threshold_hysteresis_step_0p01v_settle_time_200ms_p_voltage.csv,0.01,200,up,5.39,4,4.323499999999999,4.321,4.326,2.891149999999999,2.8889,2.8933999999999997,FALSE,TRUE,TRUE,TRUE
step_0.01V_settle_200ms,static_threshold_hysteresis_step_0p01v_settle_time_200ms_p_voltage.csv,0.01,200,up,5.4,4,4.33725,4.326,4.341,2.903525,2.8933999999999997,2.9069000000000003,FALSE,TRUE,TRUE,TRUE
step_0.01V_settle_200ms,static_threshold_hysteresis_step_0p01v_settle_time_200ms_p_voltage.csv,0.01,200,up,5.41,4,4.341,4.341,4.341,2.9069000000000003,2.9069000000000003,2.9069000000000003,FALSE,TRUE,TRUE,TRUE
step_0.01V_settle_200ms,static_threshold_hysteresis_step_0p01v_settle_time_200ms_p_voltage.csv,0.01,200,up,5.42,4,4.346,4.341,4.351,2.9114,2.9069000000000003,2.9159,FALSE,TRUE,TRUE,TRUE
step_0.01V_settle_200ms,static_threshold_hysteresis_step_0p01v_settle_time_200ms_p_voltage.csv,0.01,200,up,5.43,4,4.3557500000000005,4.351,4.37,2.9201750000000004,2.9159,2.9330000000000003,FALSE,TRUE,TRUE,TRUE
step_0.01V_settle_200ms,static_threshold_hysteresis_step_0p01v_settle_time_200ms_p_voltage.csv,0.01,200,up,5.44,4,4.35425,4.351,4.36,2.9188250000000004,2.9159,2.9240000000000004,FALSE,TRUE,TRUE,TRUE
step_0.01V_settle_200ms,static_threshold_hysteresis_step_0p01v_settle_time_200ms_p_voltage.csv,0.01,200,up,5.45,4,4.3675,4.36,4.37,2.9307499999999997,2.9240000000000004,2.9330000000000003,FALSE,TRUE,TRUE,TRUE
step_0.01V_settle_200ms,static_threshold_hysteresis_step_0p01v_settle_time_200ms_p_voltage.csv,0.01,200,up,5.46,4,4.362500000000001,4.36,4.365,2.926250000000001,2.9240000000000004,2.9285,FALSE,TRUE,TRUE,TRUE
step_0.01V_settle_200ms,static_threshold_hysteresis_step_0p01v_settle_time_200ms_p_voltage.csv,0.01,200,up,5.47,4,4.37875,4.375,4.38,2.940875,2.9375,2.942,FALSE,TRUE,TRUE,TRUE
step_0.01V_settle_200ms,static_threshold_hysteresis_step_0p01v_settle_time_200ms_p_voltage.csv,0.01,200,up,5.48,4,4.38125,4.375,4.385,2.9431249999999998,2.9375,2.9465,FALSE,TRUE,TRUE,TRUE
step_0.01V_settle_200ms,static_threshold_hysteresis_step_0p01v_settle_time_200ms_p_voltage.csv,0.01,200,up,5.49,4,4.39,4.385,4.395,2.9509999999999996,2.9465,2.9555,FALSE,TRUE,TRUE,TRUE
step_0.01V_settle_200ms,static_threshold_hysteresis_step_0p01v_settle_time_200ms_p_voltage.csv,0.01,200,up,5.5,4,4.395,4.395,4.395,2.9555,2.9555,2.9555,FALSE,TRUE,TRUE,TRUE
step_0.01V_settle_200ms,static_threshold_hysteresis_step_0p01v_settle_time_200ms_p_voltage.csv,0.01,200,up,5.51,4,4.39925,4.39,4.404,2.959325,2.9509999999999996,2.9636,FALSE,TRUE,TRUE,TRUE
step_0.01V_settle_200ms,static_threshold_hysteresis_step_0p01v_settle_time_200ms_p_voltage.csv,0.01,200,up,5.52,4,4.41025,4.409,4.414,2.969225,2.9680999999999997,2.9726,FALSE,TRUE,TRUE,TRUE
step_0.01V_settle_200ms,static_threshold_hysteresis_step_0p01v_settle_time_200ms_p_voltage.csv,0.01,200,up,5.53,4,4.429,4.419,4.434,2.9861000000000004,2.9770999999999996,2.9906,FALSE,TRUE,TRUE,TRUE
step_0.01V_settle_200ms,static_threshold_hysteresis_step_0p01v_settle_time_200ms_p_voltage.csv,0.01,200,up,5.54,4,4.43025,4.424,4.434,2.987225,2.9816000000000003,2.9906,FALSE,TRUE,TRUE,TRUE
step_0.01V_settle_200ms,static_threshold_hysteresis_step_0p01v_settle_time_200ms_p_voltage.csv,0.01,200,up,5.55,4,4.426500000000001,4.424,4.429,2.983850000000001,2.9816000000000003,2.9861000000000004,FALSE,TRUE,TRUE,TRUE
step_0.01V_settle_200ms,static_threshold_hysteresis_step_0p01v_settle_time_200ms_p_voltage.csv,0.01,200,up,5.56,4,4.443,4.443,4.443,2.9987,2.9987,2.9987,FALSE,TRUE,TRUE,TRUE
step_0.01V_settle_200ms,static_threshold_hysteresis_step_0p01v_settle_time_200ms_p_voltage.csv,0.01,200,up,5.57,4,4.4392499999999995,4.438,4.443,2.995325,2.9941999999999998,2.9987,FALSE,TRUE,TRUE,TRUE
step_0.01V_settle_200ms,static_threshold_hysteresis_step_0p01v_settle_time_200ms_p_voltage.csv,0.01,200,up,5.58,4,4.458,4.448,4.463,3.0122,3.0032000000000005,3.0167,FALSE,TRUE,TRUE,TRUE
step_0.01V_settle_200ms,static_threshold_hysteresis_step_0p01v_settle_time_200ms_p_voltage.csv,0.01,200,up,5.59,4,4.46175,4.453,4.468,3.015575,3.0077000000000007,3.0212000000000003,FALSE,TRUE,TRUE,TRUE
step_0.01V_settle_200ms,static_threshold_hysteresis_step_0p01v_settle_time_200ms_p_voltage.csv,0.01,200,up,5.6,4,4.46925,4.463,4.478,3.0223249999999995,3.0167,3.0302,FALSE,TRUE,TRUE,TRUE
step_0.01V_settle_200ms,static_threshold_hysteresis_step_0p01v_settle_time_200ms_p_voltage.csv,0.01,200,up,5.61,4,4.47425,4.463,4.478,3.0268249999999997,3.0167,3.0302,FALSE,TRUE,TRUE,TRUE
step_0.01V_settle_200ms,static_threshold_hysteresis_step_0p01v_settle_time_200ms_p_voltage.csv,0.01,200,up,5.62,4,4.478,4.478,4.478,3.0302,3.0302,3.0302,FALSE,TRUE,TRUE,TRUE
step_0.01V_settle_200ms,static_threshold_hysteresis_step_0p01v_settle_time_200ms_p_voltage.csv,0.01,200,up,5.63,4,4.49075,4.482,4.497,3.0416750000000006,3.0338000000000003,3.0473,FALSE,TRUE,TRUE,TRUE
step_0.01V_settle_200ms,static_threshold_hysteresis_step_0p01v_settle_time_200ms_p_voltage.csv,0.01,200,up,5.64,4,4.492,4.492,4.492,3.0427999999999997,3.0427999999999997,3.0427999999999997,FALSE,TRUE,TRUE,TRUE
step_0.01V_settle_200ms,static_threshold_hysteresis_step_0p01v_settle_time_200ms_p_voltage.csv,0.01,200,up,5.65,4,4.49575,4.492,4.497,3.046175,3.0427999999999997,3.0473,FALSE,TRUE,TRUE,TRUE
step_0.01V_settle_200ms,static_threshold_hysteresis_step_0p01v_settle_time_200ms_p_voltage.csv,0.01,200,up,5.66,4,4.50575,4.502,4.512,3.055175,3.0518,3.0607999999999995,FALSE,TRUE,TRUE,TRUE
step_0.01V_settle_200ms,static_threshold_hysteresis_step_0p01v_settle_time_200ms_p_voltage.csv,0.01,200,up,5.67,4,4.52275,4.512,4.531,3.070475,3.0607999999999995,3.0778999999999996,FALSE,TRUE,TRUE,TRUE
step_0.01V_settle_200ms,static_threshold_hysteresis_step_0p01v_settle_time_200ms_p_voltage.csv,0.01,200,up,5.68,4,4.52375,4.517,4.526,3.0713749999999997,3.0653000000000006,3.0734000000000004,FALSE,TRUE,TRUE,TRUE
step_0.01V_settle_200ms,static_threshold_hysteresis_step_0p01v_settle_time_200ms_p_voltage.csv,0.01,200,up,5.69,4,4.5235,4.521,4.526,3.0711500000000003,3.0689,3.0734000000000004,FALSE,TRUE,TRUE,TRUE
step_0.01V_settle_200ms,static_threshold_hysteresis_step_0p01v_settle_time_200ms_p_voltage.csv,0.01,200,up,5.7,4,4.5335,4.531,4.536,3.0801500000000006,3.0778999999999996,3.0824,FALSE,TRUE,TRUE,TRUE
step_0.01V_settle_200ms,static_threshold_hysteresis_step_0p01v_settle_time_200ms_p_voltage.csv,0.01,200,up,5.71,4,4.5385,4.531,4.541,3.08465,3.0778999999999996,3.086900000000001,FALSE,TRUE,TRUE,TRUE
step_0.01V_settle_200ms,static_threshold_hysteresis_step_0p01v_settle_time_200ms_p_voltage.csv,0.01,200,up,5.72,4,4.5447500000000005,4.541,4.546,3.090275000000001,3.086900000000001,3.0914,FALSE,TRUE,TRUE,TRUE
step_0.01V_settle_200ms,static_threshold_hysteresis_step_0p01v_settle_time_200ms_p_voltage.csv,0.01,200,up,5.73,4,4.556,4.551,4.561,3.1004000000000005,3.0959000000000003,3.1048999999999998,FALSE,TRUE,TRUE,TRUE
step_0.01V_settle_200ms,static_threshold_hysteresis_step_0p01v_settle_time_200ms_p_voltage.csv,0.01,200,up,5.74,4,4.56675,4.556,4.575,3.110075,3.1004000000000005,3.1175000000000006,FALSE,TRUE,TRUE,TRUE
step_0.01V_settle_200ms,static_threshold_hysteresis_step_0p01v_settle_time_200ms_p_voltage.csv,0.01,200,up,5.75,4,4.57125,4.565,4.575,3.1141250000000005,3.1085000000000003,3.1175000000000006,FALSE,TRUE,TRUE,TRUE
step_0.01V_settle_200ms,static_threshold_hysteresis_step_0p01v_settle_time_200ms_p_voltage.csv,0.01,200,up,5.76,4,4.575,4.575,4.575,3.1175000000000006,3.1175000000000006,3.1175000000000006,FALSE,TRUE,TRUE,TRUE
step_0.01V_settle_200ms,static_threshold_hysteresis_step_0p01v_settle_time_200ms_p_voltage.csv,0.01,200,up,5.77,4,4.585,4.58,4.59,3.1265,3.122,3.1310000000000002,FALSE,TRUE,TRUE,TRUE
step_0.01V_settle_200ms,static_threshold_hysteresis_step_0p01v_settle_time_200ms_p_voltage.csv,0.01,200,up,5.78,4,4.58375,4.58,4.585,3.125375,3.122,3.1265,FALSE,TRUE,TRUE,TRUE
step_0.01V_settle_200ms,static_threshold_hysteresis_step_0p01v_settle_time_200ms_p_voltage.csv,0.01,200,up,5.79,4,4.601,4.6,4.604,3.1409000000000002,3.1399999999999997,3.1436,FALSE,TRUE,TRUE,TRUE
step_0.01V_settle_200ms,static_threshold_hysteresis_step_0p01v_settle_time_200ms_p_voltage.csv,0.01,200,up,5.8,4,4.601,4.595,4.609,3.1409000000000002,3.1354999999999995,3.1481000000000003,FALSE,TRUE,TRUE,TRUE
step_0.01V_settle_200ms,static_threshold_hysteresis_step_0p01v_settle_time_200ms_p_voltage.csv,0.01,200,up,5.81,4,4.609,4.604,4.614,3.1481000000000003,3.1436,3.1525999999999996,FALSE,TRUE,TRUE,TRUE
step_0.01V_settle_200ms,static_threshold_hysteresis_step_0p01v_settle_time_200ms_p_voltage.csv,0.01,200,up,5.82,4,4.61025,4.604,4.619,3.1492249999999995,3.1436,3.1571,FALSE,TRUE,TRUE,TRUE
step_0.01V_settle_200ms,static_threshold_hysteresis_step_0p01v_settle_time_200ms_p_voltage.csv,0.01,200,up,5.83,4,4.6265,4.619,4.629,3.16385,3.1571,3.1661,FALSE,TRUE,TRUE,TRUE
step_0.01V_settle_200ms,static_threshold_hysteresis_step_0p01v_settle_time_200ms_p_voltage.csv,0.01,200,up,5.84,4,4.63025,4.629,4.634,3.167225,3.1661,3.1706000000000003,FALSE,TRUE,TRUE,TRUE
step_0.01V_settle_200ms,static_threshold_hysteresis_step_0p01v_settle_time_200ms_p_voltage.csv,0.01,200,up,5.85,4,4.6365,4.629,4.644,3.1728500000000004,3.1661,3.1796000000000006,FALSE,TRUE,TRUE,TRUE
step_0.01V_settle_200ms,static_threshold_hysteresis_step_0p01v_settle_time_200ms_p_voltage.csv,0.01,200,up,5.86,4,4.641500000000001,4.639,4.644,3.1773500000000006,3.1751000000000005,3.1796000000000006,FALSE,TRUE,TRUE,TRUE
step_0.01V_settle_200ms,static_threshold_hysteresis_step_0p01v_settle_time_200ms_p_voltage.csv,0.01,200,up,5.87,4,4.65325,4.639,4.668,3.187925,3.1751000000000005,3.2012,FALSE,TRUE,TRUE,TRUE
step_0.01V_settle_200ms,static_threshold_hysteresis_step_0p01v_settle_time_200ms_p_voltage.csv,0.01,200,up,5.88,4,4.658,4.653,4.663,3.1922000000000006,3.1876999999999995,3.1967000000000008,FALSE,TRUE,TRUE,TRUE
step_0.01V_settle_200ms,static_threshold_hysteresis_step_0p01v_settle_time_200ms_p_voltage.csv,0.01,200,up,5.89,4,4.6655,4.658,4.668,3.19895,3.1922000000000006,3.2012,FALSE,TRUE,TRUE,TRUE
step_0.01V_settle_200ms,static_threshold_hysteresis_step_0p01v_settle_time_200ms_p_voltage.csv,0.01,200,up,5.9,4,4.66675,4.663,4.668,3.200075000000001,3.1967000000000008,3.2012,FALSE,TRUE,TRUE,TRUE
step_0.01V_settle_200ms,static_threshold_hysteresis_step_0p01v_settle_time_200ms_p_voltage.csv,0.01,200,up,5.91,4,4.67175,4.663,4.678,3.204575,3.1967000000000008,3.2102000000000004,FALSE,TRUE,TRUE,TRUE
step_0.01V_settle_200ms,static_threshold_hysteresis_step_0p01v_settle_time_200ms_p_voltage.csv,0.01,200,up,5.92,4,4.68425,4.683,4.688,3.2158249999999997,3.2146999999999997,3.2192,FALSE,TRUE,TRUE,TRUE
step_0.01V_settle_200ms,static_threshold_hysteresis_step_0p01v_settle_time_200ms_p_voltage.csv,0.01,200,up,5.93,4,4.68875,4.683,4.692,3.219875,3.2146999999999997,3.2228000000000003,FALSE,TRUE,TRUE,TRUE
step_0.01V_settle_200ms,static_threshold_hysteresis_step_0p01v_settle_time_200ms_p_voltage.csv,0.01,200,up,5.94,4,4.6915,4.688,4.702,3.2223499999999996,3.2192,3.2318,FALSE,TRUE,TRUE,TRUE
step_0.01V_settle_200ms,static_threshold_hysteresis_step_0p01v_settle_time_200ms_p_voltage.csv,0.01,200,up,5.95,4,4.70325,4.697,4.707,3.232925,3.2273000000000005,3.2363,FALSE,TRUE,TRUE,TRUE
step_0.01V_settle_200ms,static_threshold_hysteresis_step_0p01v_settle_time_200ms_p_voltage.csv,0.01,200,up,5.96,4,4.70575,4.702,4.707,3.235175,3.2318,3.2363,FALSE,TRUE,TRUE,TRUE
step_0.01V_settle_200ms,static_threshold_hysteresis_step_0p01v_settle_time_200ms_p_voltage.csv,0.01,200,up,5.97,4,4.722,4.707,4.727,3.2498000000000005,3.2363,3.2543000000000006,FALSE,TRUE,TRUE,TRUE
step_0.01V_settle_200ms,static_threshold_hysteresis_step_0p01v_settle_time_200ms_p_voltage.csv,0.01,200,up,5.98,4,4.7255,4.722,4.731,3.2529500000000002,3.2498000000000005,3.2579000000000002,FALSE,TRUE,TRUE,TRUE
step_0.01V_settle_200ms,static_threshold_hysteresis_step_0p01v_settle_time_200ms_p_voltage.csv,0.01,200,up,5.99,4,4.7242500000000005,4.722,4.731,3.251825,3.2498000000000005,3.2579000000000002,FALSE,TRUE,TRUE,TRUE
step_0.01V_settle_200ms,static_threshold_hysteresis_step_0p01v_settle_time_200ms_p_voltage.csv,0.01,200,up,6,4,4.737500000000001,4.722,4.746,3.263750000000001,3.2498000000000005,3.2714000000000008,FALSE,TRUE,TRUE,TRUE
step_0.01V_settle_200ms,static_threshold_hysteresis_step_0p01v_settle_time_200ms_p_voltage.csv,0.01,200,up,6.01,4,4.746,4.741,4.751,3.2714000000000008,3.2668999999999997,3.2759,FALSE,TRUE,TRUE,TRUE
step_0.01V_settle_200ms,static_threshold_hysteresis_step_0p01v_settle_time_200ms_p_voltage.csv,0.01,200,up,6.02,4,4.746,4.746,4.746,3.2714000000000008,3.2714000000000008,3.2714000000000008,FALSE,TRUE,TRUE,TRUE
step_0.01V_settle_200ms,static_threshold_hysteresis_step_0p01v_settle_time_200ms_p_voltage.csv,0.01,200,up,6.03,4,4.75725,4.746,4.761,3.2815250000000002,3.2714000000000008,3.2849000000000004,FALSE,TRUE,TRUE,TRUE
step_0.01V_settle_200ms,static_threshold_hysteresis_step_0p01v_settle_time_200ms_p_voltage.csv,0.01,200,up,6.04,4,4.76225,4.761,4.766,3.2860250000000004,3.2849000000000004,3.2894000000000005,FALSE,TRUE,TRUE,TRUE
step_0.01V_settle_200ms,static_threshold_hysteresis_step_0p01v_settle_time_200ms_p_voltage.csv,0.01,200,up,6.05,4,4.77175,4.766,4.775,3.294575,3.2894000000000005,3.2975000000000003,FALSE,TRUE,TRUE,TRUE
step_0.01V_settle_200ms,static_threshold_hysteresis_step_0p01v_settle_time_200ms_p_voltage.csv,0.01,200,up,6.06,4,4.77175,4.766,4.775,3.294575,3.2894000000000005,3.2975000000000003,FALSE,TRUE,TRUE,TRUE
step_0.01V_settle_200ms,static_threshold_hysteresis_step_0p01v_settle_time_200ms_p_voltage.csv,0.01,200,up,6.07,4,4.78625,4.775,4.79,3.307625,3.2975000000000003,3.311,FALSE,TRUE,TRUE,TRUE
step_0.01V_settle_200ms,static_threshold_hysteresis_step_0p01v_settle_time_200ms_p_voltage.csv,0.01,200,up,6.08,4,4.78875,4.785,4.79,3.309875000000001,3.3065000000000007,3.311,FALSE,TRUE,TRUE,TRUE
step_0.01V_settle_200ms,static_threshold_hysteresis_step_0p01v_settle_time_200ms_p_voltage.csv,0.01,200,up,6.09,4,4.79375,4.785,4.8,3.314375,3.3065000000000007,3.3200000000000003,FALSE,TRUE,TRUE,TRUE
step_0.01V_settle_200ms,static_threshold_hysteresis_step_0p01v_settle_time_200ms_p_voltage.csv,0.01,200,up,6.1,4,4.80375,4.795,4.81,3.3233750000000004,3.3155,3.3289999999999997,FALSE,TRUE,TRUE,TRUE
step_0.01V_settle_200ms,static_threshold_hysteresis_step_0p01v_settle_time_200ms_p_voltage.csv,0.01,200,up,6.11,4,4.8084999999999996,4.8,4.814,3.3276499999999993,3.3200000000000003,3.3326000000000002,FALSE,TRUE,TRUE,TRUE
step_0.01V_settle_200ms,static_threshold_hysteresis_step_0p01v_settle_time_200ms_p_voltage.csv,0.01,200,up,6.12,4,4.8145,4.81,4.819,3.33305,3.3289999999999997,3.3371000000000004,FALSE,TRUE,TRUE,TRUE
step_0.01V_settle_200ms,static_threshold_hysteresis_step_0p01v_settle_time_200ms_p_voltage.csv,0.01,200,up,6.13,4,4.81775,4.814,4.819,3.3359750000000004,3.3326000000000002,3.3371000000000004,FALSE,TRUE,TRUE,TRUE
step_0.01V_settle_200ms,static_threshold_hysteresis_step_0p01v_settle_time_200ms_p_voltage.csv,0.01,200,up,6.14,4,4.83525,4.819,4.854,3.351725,3.3371000000000004,3.3686,FALSE,TRUE,TRUE,TRUE
step_0.01V_settle_200ms,static_threshold_hysteresis_step_0p01v_settle_time_200ms_p_voltage.csv,0.01,200,up,6.15,4,4.8415,4.839,4.849,3.3573500000000003,3.3551,3.3641000000000005,FALSE,TRUE,TRUE,TRUE
step_0.01V_settle_200ms,static_threshold_hysteresis_step_0p01v_settle_time_200ms_p_voltage.csv,0.01,200,up,6.16,4,4.85475,4.844,4.863,3.369275,3.3596000000000004,3.3767000000000005,FALSE,TRUE,TRUE,TRUE
step_0.01V_settle_200ms,static_threshold_hysteresis_step_0p01v_settle_time_200ms_p_voltage.csv,0.01,200,up,6.17,4,4.8572500000000005,4.849,4.863,3.371525000000001,3.3641000000000005,3.3767000000000005,FALSE,TRUE,TRUE,TRUE
step_0.01V_settle_200ms,static_threshold_hysteresis_step_0p01v_settle_time_200ms_p_voltage.csv,0.01,200,up,6.18,4,4.8585,4.854,4.863,3.37265,3.3686,3.3767000000000005,FALSE,TRUE,TRUE,TRUE
step_0.01V_settle_200ms,static_threshold_hysteresis_step_0p01v_settle_time_200ms_p_voltage.csv,0.01,200,up,6.19,4,4.866750000000001,4.863,4.878,3.3800750000000006,3.3767000000000005,3.3902,FALSE,TRUE,TRUE,TRUE
step_0.01V_settle_200ms,static_threshold_hysteresis_step_0p01v_settle_time_200ms_p_voltage.csv,0.01,200,up,6.2,4,4.87425,4.863,4.878,3.386825,3.3767000000000005,3.3902,FALSE,TRUE,TRUE,TRUE
step_0.01V_settle_200ms,static_threshold_hysteresis_step_0p01v_settle_time_200ms_p_voltage.csv,0.01,200,up,6.21,4,4.87925,4.873,4.883,3.391325,3.3857,3.3947000000000003,FALSE,TRUE,TRUE,TRUE
step_0.01V_settle_200ms,static_threshold_hysteresis_step_0p01v_settle_time_200ms_p_voltage.csv,0.01,200,up,6.22,4,4.8805,4.878,4.888,3.39245,3.3902,3.3992000000000004,FALSE,TRUE,TRUE,TRUE
step_0.01V_settle_200ms,static_threshold_hysteresis_step_0p01v_settle_time_200ms_p_voltage.csv,0.01,200,up,6.23,4,4.890499999999999,4.888,4.893,3.4014499999999996,3.3992000000000004,3.4036999999999997,FALSE,TRUE,TRUE,TRUE
step_0.01V_settle_200ms,static_threshold_hysteresis_step_0p01v_settle_time_200ms_p_voltage.csv,0.01,200,up,6.24,4,4.896,4.888,4.902,3.4063999999999997,3.3992000000000004,3.4118000000000004,FALSE,TRUE,TRUE,TRUE
step_0.01V_settle_200ms,static_threshold_hysteresis_step_0p01v_settle_time_200ms_p_voltage.csv,0.01,200,up,6.25,4,4.90575,4.897,4.912,3.4151750000000005,3.4073,3.4208,FALSE,TRUE,TRUE,TRUE
step_0.01V_settle_200ms,static_threshold_hysteresis_step_0p01v_settle_time_200ms_p_voltage.csv,0.01,200,up,6.26,4,4.9094999999999995,4.907,4.912,3.4185499999999998,3.4163000000000006,3.4208,FALSE,TRUE,TRUE,TRUE
step_0.01V_settle_200ms,static_threshold_hysteresis_step_0p01v_settle_time_200ms_p_voltage.csv,0.01,200,up,6.27,4,4.9145,4.912,4.917,3.423050000000001,3.4208,3.4253,FALSE,TRUE,TRUE,TRUE
step_0.01V_settle_200ms,static_threshold_hysteresis_step_0p01v_settle_time_200ms_p_voltage.csv,0.01,200,up,6.28,4,4.935,4.917,4.941,3.4414999999999996,3.4253,3.4469000000000003,FALSE,TRUE,TRUE,TRUE
step_0.01V_settle_200ms,static_threshold_hysteresis_step_0p01v_settle_time_200ms_p_voltage.csv,0.01,200,up,6.29,4,4.93325,4.922,4.937,3.4399250000000006,3.4298,3.4433000000000007,FALSE,TRUE,TRUE,TRUE
step_0.01V_settle_200ms,static_threshold_hysteresis_step_0p01v_settle_time_200ms_p_voltage.csv,0.01,200,up,6.3,4,4.93325,4.927,4.937,3.4399250000000006,3.4342999999999995,3.4433000000000007,FALSE,TRUE,TRUE,TRUE
step_0.01V_settle_200ms,static_threshold_hysteresis_step_0p01v_settle_time_200ms_p_voltage.csv,0.01,200,up,6.31,4,4.939,4.937,4.941,3.4451,3.4433000000000007,3.4469000000000003,FALSE,TRUE,TRUE,TRUE
step_0.01V_settle_200ms,static_threshold_hysteresis_step_0p01v_settle_time_200ms_p_voltage.csv,0.01,200,up,6.32,4,4.9485,4.941,4.956,3.4536500000000006,3.4469000000000003,3.460400000000001,FALSE,TRUE,TRUE,TRUE
step_0.01V_settle_200ms,static_threshold_hysteresis_step_0p01v_settle_time_200ms_p_voltage.csv,0.01,200,up,6.33,4,4.9585,4.951,4.976,3.46265,3.4558999999999997,3.4783999999999997,FALSE,TRUE,TRUE,TRUE
step_0.01V_settle_200ms,static_threshold_hysteresis_step_0p01v_settle_time_200ms_p_voltage.csv,0.01,200,up,6.34,4,4.966,4.956,4.976,3.4694000000000003,3.460400000000001,3.4783999999999997,FALSE,TRUE,TRUE,TRUE
step_0.01V_settle_200ms,static_threshold_hysteresis_step_0p01v_settle_time_200ms_p_voltage.csv,0.01,200,up,6.35,4,4.9745,4.971,4.98,3.47705,3.4739000000000004,3.482,FALSE,TRUE,TRUE,TRUE
step_0.01V_settle_200ms,static_threshold_hysteresis_step_0p01v_settle_time_200ms_p_voltage.csv,0.01,200,up,6.36,4,4.97925,4.971,4.985,3.481325000000001,3.4739000000000004,3.4865000000000004,FALSE,TRUE,TRUE,TRUE
step_0.01V_settle_200ms,static_threshold_hysteresis_step_0p01v_settle_time_200ms_p_voltage.csv,0.01,200,up,6.37,4,4.984,4.976,4.99,3.4856,3.4783999999999997,3.4910000000000005,FALSE,TRUE,TRUE,TRUE
step_0.01V_settle_200ms,static_threshold_hysteresis_step_0p01v_settle_time_200ms_p_voltage.csv,0.01,200,up,6.38,4,4.99,4.985,4.995,3.4910000000000005,3.4865000000000004,3.4955,FALSE,TRUE,TRUE,TRUE
step_0.01V_settle_200ms,static_threshold_hysteresis_step_0p01v_settle_time_200ms_p_voltage.csv,0.01,200,up,6.39,4,5.00625,5,5.01,3.505625,3.5,3.5090000000000003,FALSE,TRUE,TRUE,TRUE
step_0.01V_settle_200ms,static_threshold_hysteresis_step_0p01v_settle_time_200ms_p_voltage.csv,0.01,200,up,6.4,4,5.00625,5.005,5.01,3.505625,3.5045,3.5090000000000003,FALSE,TRUE,TRUE,TRUE
step_0.01V_settle_200ms,static_threshold_hysteresis_step_0p01v_settle_time_200ms_p_voltage.csv,0.01,200,up,6.41,4,5.016249999999999,5.005,5.02,3.5146249999999997,3.5045,3.518,FALSE,TRUE,TRUE,TRUE
step_0.01V_settle_200ms,static_threshold_hysteresis_step_0p01v_settle_time_200ms_p_voltage.csv,0.01,200,up,6.42,4,5.01375,5.005,5.02,3.5123750000000005,3.5045,3.518,FALSE,TRUE,TRUE,TRUE
step_0.01V_settle_200ms,static_threshold_hysteresis_step_0p01v_settle_time_200ms_p_voltage.csv,0.01,200,up,6.43,4,5.0265,5.024,5.034,3.5238500000000004,3.5216000000000003,3.5305999999999997,FALSE,TRUE,TRUE,TRUE
step_0.01V_settle_200ms,static_threshold_hysteresis_step_0p01v_settle_time_200ms_p_voltage.csv,0.01,200,up,6.44,4,5.0255,5.015,5.029,3.52295,3.5134999999999996,3.5261000000000005,FALSE,TRUE,TRUE,TRUE
step_0.01V_settle_200ms,static_threshold_hysteresis_step_0p01v_settle_time_200ms_p_voltage.csv,0.01,200,up,6.45,4,5.0365,5.034,5.039,3.5328500000000007,3.5305999999999997,3.5351,FALSE,TRUE,TRUE,TRUE
step_0.01V_settle_200ms,static_threshold_hysteresis_step_0p01v_settle_time_200ms_p_voltage.csv,0.01,200,up,6.46,4,5.03525,5.034,5.039,3.531725,3.5305999999999997,3.5351,FALSE,TRUE,TRUE,TRUE
step_0.01V_settle_200ms,static_threshold_hysteresis_step_0p01v_settle_time_200ms_p_voltage.csv,0.01,200,up,6.47,4,5.0527500000000005,5.049,5.054,3.5474750000000004,3.5441000000000003,3.5486000000000004,FALSE,TRUE,TRUE,TRUE
step_0.01V_settle_200ms,static_threshold_hysteresis_step_0p01v_settle_time_200ms_p_voltage.csv,0.01,200,up,6.48,4,5.0527500000000005,5.049,5.054,3.5474750000000004,3.5441000000000003,3.5486000000000004,FALSE,TRUE,TRUE,TRUE
step_0.01V_settle_200ms,static_threshold_hysteresis_step_0p01v_settle_time_200ms_p_voltage.csv,0.01,200,up,6.49,4,5.063,5.063,5.063,3.5567,3.5567,3.5567,FALSE,TRUE,TRUE,TRUE
step_0.01V_settle_200ms,static_threshold_hysteresis_step_0p01v_settle_time_200ms_p_voltage.csv,0.01,200,up,6.5,4,5.063,5.063,5.063,3.5567,3.5567,3.5567,FALSE,TRUE,TRUE,TRUE
step_0.01V_settle_200ms,static_threshold_hysteresis_step_0p01v_settle_time_200ms_p_voltage.csv,0.01,200,up,6.51,4,5.078,5.063,5.083,3.5702000000000007,3.5567,3.5747,FALSE,TRUE,TRUE,TRUE
step_0.01V_settle_200ms,static_threshold_hysteresis_step_0p01v_settle_time_200ms_p_voltage.csv,0.01,200,up,6.52,4,5.07925,5.073,5.083,3.571325,3.5657000000000005,3.5747,FALSE,TRUE,TRUE,TRUE
step_0.01V_settle_200ms,static_threshold_hysteresis_step_0p01v_settle_time_200ms_p_voltage.csv,0.01,200,up,6.53,4,5.09175,5.083,5.098,3.5825750000000003,3.5747,3.5881999999999996,FALSE,TRUE,TRUE,TRUE
step_0.01V_settle_200ms,static_threshold_hysteresis_step_0p01v_settle_time_200ms_p_voltage.csv,0.01,200,up,6.54,4,5.093,5.088,5.098,3.5837000000000003,3.5792,3.5881999999999996,FALSE,TRUE,TRUE,TRUE
step_0.01V_settle_200ms,static_threshold_hysteresis_step_0p01v_settle_time_200ms_p_voltage.csv,0.01,200,up,6.55,4,5.10375,5.098,5.107,3.593375,3.5881999999999996,3.5963000000000003,FALSE,TRUE,TRUE,TRUE
step_0.01V_settle_200ms,static_threshold_hysteresis_step_0p01v_settle_time_200ms_p_voltage.csv,0.01,200,up,6.56,4,5.105,5.103,5.107,3.594500000000001,3.5927,3.5963000000000003,FALSE,TRUE,TRUE,TRUE
step_0.01V_settle_200ms,static_threshold_hysteresis_step_0p01v_settle_time_200ms_p_voltage.csv,0.01,200,up,6.57,4,5.122,5.117,5.127,3.6098,3.6052999999999997,3.6143,FALSE,TRUE,TRUE,TRUE
step_0.01V_settle_200ms,static_threshold_hysteresis_step_0p01v_settle_time_200ms_p_voltage.csv,0.01,200,up,6.58,4,5.12325,5.117,5.127,3.610925,3.6052999999999997,3.6143,FALSE,TRUE,TRUE,TRUE
step_0.01V_settle_200ms,static_threshold_hysteresis_step_0p01v_settle_time_200ms_p_voltage.csv,0.01,200,up,6.59,4,5.1282499999999995,5.122,5.137,3.615425,3.6098,3.6232999999999995,FALSE,TRUE,TRUE,TRUE
step_0.01V_settle_200ms,static_threshold_hysteresis_step_0p01v_settle_time_200ms_p_voltage.csv,0.01,200,up,6.6,4,5.14525,5.137,5.151,3.630725,3.6232999999999995,3.6359000000000004,FALSE,TRUE,TRUE,TRUE
step_0.01V_settle_200ms,static_threshold_hysteresis_step_0p01v_settle_time_200ms_p_voltage.csv,0.01,200,up,6.61,4,5.146,5.146,5.146,3.6314,3.6314,3.6314,FALSE,TRUE,TRUE,TRUE
step_0.01V_settle_200ms,static_threshold_hysteresis_step_0p01v_settle_time_200ms_p_voltage.csv,0.01,200,up,6.62,4,5.14875,5.142,5.151,3.6338749999999997,3.6278000000000006,3.6359000000000004,FALSE,TRUE,TRUE,TRUE
step_0.01V_settle_200ms,static_threshold_hysteresis_step_0p01v_settle_time_200ms_p_voltage.csv,0.01,200,up,6.63,4,5.15975,5.156,5.166,3.6437749999999998,3.6403999999999996,3.649400000000001,FALSE,TRUE,TRUE,TRUE
step_0.01V_settle_200ms,static_threshold_hysteresis_step_0p01v_settle_time_200ms_p_voltage.csv,0.01,200,up,6.64,4,5.1697500000000005,5.161,5.176,3.652775000000001,3.6449,3.6584000000000003,FALSE,TRUE,TRUE,TRUE
step_0.01V_settle_200ms,static_threshold_hysteresis_step_0p01v_settle_time_200ms_p_voltage.csv,0.01,200,up,6.65,4,5.17725,5.161,5.186,3.6595250000000004,3.6449,3.6673999999999998,FALSE,TRUE,TRUE,TRUE
step_0.01V_settle_200ms,static_threshold_hysteresis_step_0p01v_settle_time_200ms_p_voltage.csv,0.01,200,up,6.66,4,5.1795,5.176,5.19,3.66155,3.6584000000000003,3.6710000000000003,FALSE,TRUE,TRUE,TRUE
step_0.01V_settle_200ms,static_threshold_hysteresis_step_0p01v_settle_time_200ms_p_voltage.csv,0.01,200,up,6.67,4,5.186,5.186,5.186,3.6673999999999998,3.6673999999999998,3.6673999999999998,FALSE,TRUE,TRUE,TRUE
step_0.01V_settle_200ms,static_threshold_hysteresis_step_0p01v_settle_time_200ms_p_voltage.csv,0.01,200,up,6.68,4,5.1975,5.19,5.2,3.6777499999999996,3.6710000000000003,3.6800000000000006,FALSE,TRUE,TRUE,TRUE
step_0.01V_settle_200ms,static_threshold_hysteresis_step_0p01v_settle_time_200ms_p_voltage.csv,0.01,200,up,6.69,4,5.2,5.2,5.2,3.6800000000000006,3.6800000000000006,3.6800000000000006,FALSE,TRUE,TRUE,TRUE
step_0.01V_settle_200ms,static_threshold_hysteresis_step_0p01v_settle_time_200ms_p_voltage.csv,0.01,200,up,6.7,4,5.20625,5.2,5.215,3.685625,3.6800000000000006,3.6935000000000002,FALSE,TRUE,TRUE,TRUE
step_0.01V_settle_200ms,static_threshold_hysteresis_step_0p01v_settle_time_200ms_p_voltage.csv,0.01,200,up,6.71,4,5.21,5.205,5.22,3.689,3.6845,3.6979999999999995,FALSE,TRUE,TRUE,TRUE
step_0.01V_settle_200ms,static_threshold_hysteresis_step_0p01v_settle_time_200ms_p_voltage.csv,0.01,200,up,6.72,4,5.21375,5.21,5.215,3.692375,3.689,3.6935000000000002,FALSE,TRUE,TRUE,TRUE
step_0.01V_settle_200ms,static_threshold_hysteresis_step_0p01v_settle_time_200ms_p_voltage.csv,0.01,200,up,6.73,4,5.225,5.225,5.225,3.7024999999999997,3.7024999999999997,3.7024999999999997,FALSE,TRUE,TRUE,TRUE
step_0.01V_settle_200ms,static_threshold_hysteresis_step_0p01v_settle_time_200ms_p_voltage.csv,0.01,200,up,6.74,4,5.23175,5.225,5.234,3.7085749999999997,3.7024999999999997,3.7106000000000003,FALSE,TRUE,TRUE,TRUE
step_0.01V_settle_200ms,static_threshold_hysteresis_step_0p01v_settle_time_200ms_p_voltage.csv,0.01,200,up,6.75,4,5.2305,5.225,5.234,3.7074500000000006,3.7024999999999997,3.7106000000000003,FALSE,TRUE,TRUE,TRUE
step_0.01V_settle_200ms,static_threshold_hysteresis_step_0p01v_settle_time_200ms_p_voltage.csv,0.01,200,up,6.76,4,5.246499999999999,5.244,5.249,3.72185,3.7196,3.7241,FALSE,TRUE,TRUE,TRUE
step_0.01V_settle_200ms,static_threshold_hysteresis_step_0p01v_settle_time_200ms_p_voltage.csv,0.01,200,up,6.77,4,5.246499999999999,5.239,5.249,3.72185,3.7150999999999996,3.7241,FALSE,TRUE,TRUE,TRUE
step_0.01V_settle_200ms,static_threshold_hysteresis_step_0p01v_settle_time_200ms_p_voltage.csv,0.01,200,up,6.78,4,5.26025,5.259,5.264,3.7342250000000003,3.7331000000000003,3.7376000000000005,FALSE,TRUE,TRUE,TRUE
step_0.01V_settle_200ms,static_threshold_hysteresis_step_0p01v_settle_time_200ms_p_voltage.csv,0.01,200,up,6.79,4,5.265000000000001,5.259,5.273,3.738500000000001,3.7331000000000003,3.7457000000000003,FALSE,TRUE,TRUE,TRUE
step_0.01V_settle_200ms,static_threshold_hysteresis_step_0p01v_settle_time_200ms_p_voltage.csv,0.01,200,up,6.8,4,5.271,5.269,5.273,3.7439,3.7421000000000006,3.7457000000000003,FALSE,TRUE,TRUE,TRUE
step_0.01V_settle_200ms,static_threshold_hysteresis_step_0p01v_settle_time_200ms_p_voltage.csv,0.01,200,up,6.81,4,5.2795,5.269,5.293,3.75155,3.7421000000000006,3.7637,FALSE,TRUE,TRUE,TRUE
step_0.01V_settle_200ms,static_threshold_hysteresis_step_0p01v_settle_time_200ms_p_voltage.csv,0.01,200,up,6.82,4,5.28425,5.278,5.293,3.7558250000000006,3.7501999999999995,3.7637,FALSE,TRUE,TRUE,TRUE
step_0.01V_settle_200ms,static_threshold_hysteresis_step_0p01v_settle_time_200ms_p_voltage.csv,0.01,200,up,6.83,4,5.2905,5.283,5.293,3.76145,3.7547000000000006,3.7637,FALSE,TRUE,TRUE,TRUE
step_0.01V_settle_200ms,static_threshold_hysteresis_step_0p01v_settle_time_200ms_p_voltage.csv,0.01,200,up,6.84,4,5.303,5.298,5.308,3.7727000000000004,3.7682,3.7771999999999997,FALSE,TRUE,TRUE,TRUE
step_0.01V_settle_200ms,static_threshold_hysteresis_step_0p01v_settle_time_200ms_p_voltage.csv,0.01,200,up,6.85,4,5.30425,5.303,5.308,3.7738249999999995,3.7727000000000004,3.7771999999999997,FALSE,TRUE,TRUE,TRUE
step_0.01V_settle_200ms,static_threshold_hysteresis_step_0p01v_settle_time_200ms_p_voltage.csv,0.01,200,up,6.86,4,5.316,5.303,5.322,3.7843999999999998,3.7727000000000004,3.7898000000000005,FALSE,TRUE,TRUE,TRUE
step_0.01V_settle_200ms,static_threshold_hysteresis_step_0p01v_settle_time_200ms_p_voltage.csv,0.01,200,up,6.87,4,5.31875,5.308,5.327,3.786875,3.7771999999999997,3.7943,FALSE,TRUE,TRUE,TRUE
step_0.01V_settle_200ms,static_threshold_hysteresis_step_0p01v_settle_time_200ms_p_voltage.csv,0.01,200,up,6.88,4,5.32325,5.317,5.332,3.7909249999999997,3.7853000000000003,3.7988,FALSE,TRUE,TRUE,TRUE
step_0.01V_settle_200ms,static_threshold_hysteresis_step_0p01v_settle_time_200ms_p_voltage.csv,0.01,200,up,6.89,4,5.32825,5.327,5.332,3.795425,3.7943,3.7988,FALSE,TRUE,TRUE,TRUE
step_0.01V_settle_200ms,static_threshold_hysteresis_step_0p01v_settle_time_200ms_p_voltage.csv,0.01,200,up,6.9,4,5.337,5.332,5.342,3.8033,3.7988,3.8077999999999994,FALSE,TRUE,TRUE,TRUE
step_0.01V_settle_200ms,static_threshold_hysteresis_step_0p01v_settle_time_200ms_p_voltage.csv,0.01,200,up,6.91,4,5.34075,5.337,5.342,3.8066750000000003,3.8033,3.8077999999999994,FALSE,TRUE,TRUE,TRUE
step_0.01V_settle_200ms,static_threshold_hysteresis_step_0p01v_settle_time_200ms_p_voltage.csv,0.01,200,up,6.92,4,5.3454999999999995,5.342,5.356,3.81095,3.8077999999999994,3.8204000000000002,FALSE,TRUE,TRUE,TRUE
step_0.01V_settle_200ms,static_threshold_hysteresis_step_0p01v_settle_time_200ms_p_voltage.csv,0.01,200,up,6.93,4,5.3635,5.356,5.371,3.8271500000000005,3.8204000000000002,3.8339000000000008,FALSE,TRUE,TRUE,TRUE
step_0.01V_settle_200ms,static_threshold_hysteresis_step_0p01v_settle_time_200ms_p_voltage.csv,0.01,200,up,6.94,4,5.366,5.361,5.371,3.8293999999999997,3.8248999999999995,3.8339000000000008,FALSE,TRUE,TRUE,TRUE
step_0.01V_settle_200ms,static_threshold_hysteresis_step_0p01v_settle_time_200ms_p_voltage.csv,0.01,200,up,6.95,4,5.3685,5.366,5.376,3.83165,3.8293999999999997,3.8384,FALSE,TRUE,TRUE,TRUE
step_0.01V_settle_200ms,static_threshold_hysteresis_step_0p01v_settle_time_200ms_p_voltage.csv,0.01,200,up,6.96,4,5.3797500000000005,5.376,5.381,3.841775,3.8384,3.8429,FALSE,TRUE,TRUE,TRUE
step_0.01V_settle_200ms,static_threshold_hysteresis_step_0p01v_settle_time_200ms_p_voltage.csv,0.01,200,up,6.97,4,5.378500000000001,5.371,5.381,3.840650000000001,3.8339000000000008,3.8429,FALSE,TRUE,TRUE,TRUE
step_0.01V_settle_200ms,static_threshold_hysteresis_step_0p01v_settle_time_200ms_p_voltage.csv,0.01,200,up,6.98,4,5.392,5.386,5.4,3.8528000000000002,3.8474000000000004,3.8600000000000003,FALSE,TRUE,TRUE,TRUE
step_0.01V_settle_200ms,static_threshold_hysteresis_step_0p01v_settle_time_200ms_p_voltage.csv,0.01,200,up,6.99,4,5.397,5.396,5.4,3.8573000000000004,3.8564,3.8600000000000003,FALSE,TRUE,TRUE,TRUE
step_0.01V_settle_200ms,static_threshold_hysteresis_step_0p01v_settle_time_200ms_p_voltage.csv,0.01,200,up,7,4,5.3995,5.396,5.41,3.8595499999999996,3.8564,3.8690000000000007,FALSE,TRUE,TRUE,TRUE
step_0.01V_settle_200ms,static_threshold_hysteresis_step_0p01v_settle_time_200ms_p_voltage.csv,0.01,200,up,7.01,4,5.415,5.41,5.42,3.8735,3.8690000000000007,3.878,FALSE,TRUE,TRUE,TRUE
step_0.01V_settle_200ms,static_threshold_hysteresis_step_0p01v_settle_time_200ms_p_voltage.csv,0.01,200,up,7.02,4,5.422499999999999,5.405,5.435,3.8802499999999993,3.8645000000000005,3.8914999999999997,FALSE,TRUE,TRUE,TRUE
step_0.01V_settle_200ms,static_threshold_hysteresis_step_0p01v_settle_time_200ms_p_voltage.csv,0.01,200,up,7.03,4,5.42625,5.425,5.43,3.8836249999999994,3.8825000000000003,3.8869999999999996,FALSE,TRUE,TRUE,TRUE
step_0.01V_settle_200ms,static_threshold_hysteresis_step_0p01v_settle_time_200ms_p_voltage.csv,0.01,200,up,7.04,4,5.4312499999999995,5.43,5.435,3.8881249999999996,3.8869999999999996,3.8914999999999997,FALSE,TRUE,TRUE,TRUE
step_0.01V_settle_200ms,static_threshold_hysteresis_step_0p01v_settle_time_200ms_p_voltage.csv,0.01,200,up,7.05,4,5.43225,5.43,5.439,3.889025,3.8869999999999996,3.8951000000000002,FALSE,TRUE,TRUE,TRUE
step_0.01V_settle_200ms,static_threshold_hysteresis_step_0p01v_settle_time_200ms_p_voltage.csv,0.01,200,up,7.06,4,5.449,5.439,5.454,3.9040999999999997,3.8951000000000002,3.9086,FALSE,TRUE,TRUE,TRUE
step_0.01V_settle_200ms,static_threshold_hysteresis_step_0p01v_settle_time_200ms_p_voltage.csv,0.01,200,up,7.07,4,5.454,5.449,5.459,3.9086,3.9040999999999997,3.9131,FALSE,TRUE,TRUE,TRUE
step_0.01V_settle_200ms,static_threshold_hysteresis_step_0p01v_settle_time_200ms_p_voltage.csv,0.01,200,up,7.08,4,5.4565,5.449,5.469,3.91085,3.9040999999999997,3.9221000000000004,FALSE,TRUE,TRUE,TRUE
step_0.01V_settle_200ms,static_threshold_hysteresis_step_0p01v_settle_time_200ms_p_voltage.csv,0.01,200,up,7.09,4,5.464,5.459,5.469,3.9176,3.9131,3.9221000000000004,FALSE,TRUE,TRUE,TRUE
step_0.01V_settle_200ms,static_threshold_hysteresis_step_0p01v_settle_time_200ms_p_voltage.csv,0.01,200,up,7.1,4,5.469,5.464,5.479,3.9221000000000004,3.9176,3.9311,FALSE,TRUE,TRUE,TRUE
step_0.01V_settle_200ms,static_threshold_hysteresis_step_0p01v_settle_time_200ms_p_voltage.csv,0.01,200,up,7.11,4,5.47025,5.469,5.474,3.9232250000000004,3.9221000000000004,3.9266000000000005,FALSE,TRUE,TRUE,TRUE
step_0.01V_settle_200ms,static_threshold_hysteresis_step_0p01v_settle_time_200ms_p_voltage.csv,0.01,200,up,7.12,4,5.487,5.474,5.498,3.9383,3.9266000000000005,3.9482,FALSE,TRUE,TRUE,TRUE
step_0.01V_settle_200ms,static_threshold_hysteresis_step_0p01v_settle_time_200ms_p_voltage.csv,0.01,200,up,7.13,4,5.48925,5.488,5.493,3.9403250000000005,3.9392000000000005,3.9437000000000006,FALSE,TRUE,TRUE,TRUE
step_0.01V_settle_200ms,static_threshold_hysteresis_step_0p01v_settle_time_200ms_p_voltage.csv,0.01,200,up,7.14,4,5.4967500000000005,5.488,5.503,3.9470750000000008,3.9392000000000005,3.9527,FALSE,TRUE,TRUE,TRUE
step_0.01V_settle_200ms,static_threshold_hysteresis_step_0p01v_settle_time_200ms_p_voltage.csv,0.01,200,up,7.15,4,5.508,5.498,5.513,3.9572000000000003,3.9482,3.9617000000000004,FALSE,TRUE,TRUE,TRUE
step_0.01V_settle_200ms,static_threshold_hysteresis_step_0p01v_settle_time_200ms_p_voltage.csv,0.01,200,up,7.16,4,5.508,5.498,5.518,3.9572000000000003,3.9482,3.9661999999999997,FALSE,TRUE,TRUE,TRUE
step_0.01V_settle_200ms,static_threshold_hysteresis_step_0p01v_settle_time_200ms_p_voltage.csv,0.01,200,up,7.17,4,5.52225,5.513,5.527,3.9700249999999997,3.9617000000000004,3.9743000000000004,FALSE,TRUE,TRUE,TRUE
step_0.01V_settle_200ms,static_threshold_hysteresis_step_0p01v_settle_time_200ms_p_voltage.csv,0.01,200,up,7.18,4,5.52975,5.518,5.547,3.976775,3.9661999999999997,3.9923,FALSE,TRUE,TRUE,TRUE
step_0.01V_settle_200ms,static_threshold_hysteresis_step_0p01v_settle_time_200ms_p_voltage.csv,0.01,200,up,7.19,4,5.53825,5.527,5.552,3.984425,3.9743000000000004,3.9967999999999995,FALSE,TRUE,TRUE,TRUE
step_0.01V_settle_200ms,static_threshold_hysteresis_step_0p01v_settle_time_200ms_p_voltage.csv,0.01,200,up,7.2,4,5.5395,5.537,5.547,3.985550000000001,3.9833,3.9923,FALSE,TRUE,TRUE,TRUE
step_0.01V_settle_200ms,static_threshold_hysteresis_step_0p01v_settle_time_200ms_p_voltage.csv,0.01,200,up,7.21,4,5.5482499999999995,5.537,5.562,3.9934249999999993,3.9833,4.005800000000001,FALSE,TRUE,TRUE,TRUE
step_0.01V_settle_200ms,static_threshold_hysteresis_step_0p01v_settle_time_200ms_p_voltage.csv,0.01,200,up,7.22,4,5.5545,5.547,5.557,3.9990500000000004,3.9923,4.0013000000000005,FALSE,TRUE,TRUE,TRUE
step_0.01V_settle_200ms,static_threshold_hysteresis_step_0p01v_settle_time_200ms_p_voltage.csv,0.01,200,up,7.23,4,5.55825,5.552,5.562,4.002425000000001,3.9967999999999995,4.005800000000001,FALSE,TRUE,TRUE,TRUE
step_0.01V_settle_200ms,static_threshold_hysteresis_step_0p01v_settle_time_200ms_p_voltage.csv,0.01,200,up,7.24,4,5.566750000000001,5.562,5.581,4.0100750000000005,4.005800000000001,4.022900000000001,FALSE,TRUE,TRUE,TRUE
step_0.01V_settle_200ms,static_threshold_hysteresis_step_0p01v_settle_time_200ms_p_voltage.csv,0.01,200,up,7.25,4,5.5685,5.566,5.576,4.01165,4.0094,4.0184,FALSE,TRUE,TRUE,TRUE
step_0.01V_settle_200ms,static_threshold_hysteresis_step_0p01v_settle_time_200ms_p_voltage.csv,0.01,200,up,7.26,4,5.5785,5.571,5.591,4.02065,4.0139,4.0319,FALSE,TRUE,TRUE,TRUE
step_0.01V_settle_200ms,static_threshold_hysteresis_step_0p01v_settle_time_200ms_p_voltage.csv,0.01,200,up,7.27,4,5.5835,5.576,5.596,4.02515,4.0184,4.0364,FALSE,TRUE,TRUE,TRUE
step_0.01V_settle_200ms,static_threshold_hysteresis_step_0p01v_settle_time_200ms_p_voltage.csv,0.01,200,up,7.28,4,5.5885,5.581,5.591,4.02965,4.022900000000001,4.0319,FALSE,TRUE,TRUE,TRUE
step_0.01V_settle_200ms,static_threshold_hysteresis_step_0p01v_settle_time_200ms_p_voltage.csv,0.01,200,up,7.29,4,5.601500000000001,5.586,5.61,4.04135,4.0274,4.049,FALSE,TRUE,TRUE,TRUE
step_0.01V_settle_200ms,static_threshold_hysteresis_step_0p01v_settle_time_200ms_p_voltage.csv,0.01,200,up,7.3,4,5.6045,5.601,5.615,4.04405,4.0409,4.0535000000000005,FALSE,TRUE,TRUE,TRUE
step_0.01V_settle_200ms,static_threshold_hysteresis_step_0p01v_settle_time_200ms_p_voltage.csv,0.01,200,up,7.31,4,5.6137500000000005,5.605,5.62,4.0523750000000005,4.0445,4.058,FALSE,TRUE,TRUE,TRUE
step_0.01V_settle_200ms,static_threshold_hysteresis_step_0p01v_settle_time_200ms_p_voltage.csv,0.01,200,up,7.32,4,5.61875,5.615,5.63,4.056875000000001,4.0535000000000005,4.067,FALSE,TRUE,TRUE,TRUE
step_0.01V_settle_200ms,static_threshold_hysteresis_step_0p01v_settle_time_200ms_p_voltage.csv,0.01,200,up,7.33,4,5.62375,5.62,5.625,4.061375,4.058,4.0625,FALSE,TRUE,TRUE,TRUE
step_0.01V_settle_200ms,static_threshold_hysteresis_step_0p01v_settle_time_200ms_p_voltage.csv,0.01,200,up,7.34,4,5.63,5.625,5.635,4.067,4.0625,4.0715,FALSE,TRUE,TRUE,TRUE
step_0.01V_settle_200ms,static_threshold_hysteresis_step_0p01v_settle_time_200ms_p_voltage.csv,0.01,200,up,7.35,4,5.636,5.625,5.649,4.0724,4.0625,4.0841,FALSE,TRUE,TRUE,TRUE
step_0.01V_settle_200ms,static_threshold_hysteresis_step_0p01v_settle_time_200ms_p_voltage.csv,0.01,200,up,7.36,4,5.64575,5.64,5.649,4.081175,4.076,4.0841,FALSE,TRUE,TRUE,TRUE
step_0.01V_settle_200ms,static_threshold_hysteresis_step_0p01v_settle_time_200ms_p_voltage.csv,0.01,200,up,7.37,4,5.646,5.64,5.654,4.0814,4.076,4.0886000000000005,FALSE,TRUE,TRUE,TRUE
step_0.01V_settle_200ms,static_threshold_hysteresis_step_0p01v_settle_time_200ms_p_voltage.csv,0.01,200,up,7.38,4,5.65775,5.654,5.659,4.091975000000001,4.0886000000000005,4.0931,FALSE,TRUE,TRUE,TRUE
step_0.01V_settle_200ms,static_threshold_hysteresis_step_0p01v_settle_time_200ms_p_voltage.csv,0.01,200,up,7.39,4,5.66025,5.654,5.674,4.094225,4.0886000000000005,4.1066,FALSE,TRUE,TRUE,TRUE
step_0.01V_settle_200ms,static_threshold_hysteresis_step_0p01v_settle_time_200ms_p_voltage.csv,0.01,200,up,7.4,4,5.6834999999999996,5.669,5.693,4.11515,4.1021,4.1236999999999995,FALSE,TRUE,TRUE,TRUE
step_0.01V_settle_200ms,static_threshold_hysteresis_step_0p01v_settle_time_200ms_p_voltage.csv,0.01,200,up,7.41,4,5.68575,5.674,5.693,4.117175,4.1066,4.1236999999999995,FALSE,TRUE,TRUE,TRUE
step_0.01V_settle_200ms,static_threshold_hysteresis_step_0p01v_settle_time_200ms_p_voltage.csv,0.01,200,up,7.42,4,5.68825,5.684,5.693,4.119425000000001,4.115600000000001,4.1236999999999995,FALSE,TRUE,TRUE,TRUE
step_0.01V_settle_200ms,static_threshold_hysteresis_step_0p01v_settle_time_200ms_p_voltage.csv,0.01,200,up,7.43,4,5.68825,5.684,5.693,4.119425000000001,4.115600000000001,4.1236999999999995,FALSE,TRUE,TRUE,TRUE
step_0.01V_settle_200ms,static_threshold_hysteresis_step_0p01v_settle_time_200ms_p_voltage.csv,0.01,200,up,7.44,4,5.703,5.698,5.718,4.132700000000001,4.1282000000000005,4.1462,FALSE,TRUE,TRUE,TRUE
step_0.01V_settle_200ms,static_threshold_hysteresis_step_0p01v_settle_time_200ms_p_voltage.csv,0.01,200,up,7.45,4,5.705500000000001,5.698,5.718,4.134950000000001,4.1282000000000005,4.1462,FALSE,TRUE,TRUE,TRUE
step_0.01V_settle_200ms,static_threshold_hysteresis_step_0p01v_settle_time_200ms_p_voltage.csv,0.01,200,up,7.46,4,5.71425,5.713,5.718,4.142825,4.1417,4.1462,FALSE,TRUE,TRUE,TRUE
step_0.01V_settle_200ms,static_threshold_hysteresis_step_0p01v_settle_time_200ms_p_voltage.csv,0.01,200,up,7.47,4,5.72025,5.713,5.742,4.148225,4.1417,4.1678,FALSE,TRUE,TRUE,TRUE
step_0.01V_settle_200ms,static_threshold_hysteresis_step_0p01v_settle_time_200ms_p_voltage.csv,0.01,200,up,7.48,4,5.7322500000000005,5.723,5.742,4.159025000000001,4.1507,4.1678,FALSE,TRUE,TRUE,TRUE
step_0.01V_settle_200ms,static_threshold_hysteresis_step_0p01v_settle_time_200ms_p_voltage.csv,0.01,200,up,7.49,4,5.7335,5.728,5.742,4.160150000000001,4.1552,4.1678,FALSE,TRUE,TRUE,TRUE
step_0.01V_settle_200ms,static_threshold_hysteresis_step_0p01v_settle_time_200ms_p_voltage.csv,0.01,200,up,7.5,4,5.742,5.732,5.747,4.1678,4.1588,4.1723,FALSE,TRUE,TRUE,TRUE
step_0.01V_settle_200ms,static_threshold_hysteresis_step_0p01v_settle_time_200ms_p_voltage.csv,0.01,200,up,7.51,4,5.747,5.742,5.752,4.1723,4.1678,4.1768,FALSE,TRUE,TRUE,TRUE
step_0.01V_settle_200ms,static_threshold_hysteresis_step_0p01v_settle_time_200ms_p_voltage.csv,0.01,200,up,7.52,4,5.7532499999999995,5.747,5.757,4.177925,4.1723,4.1813,FALSE,TRUE,TRUE,TRUE
step_0.01V_settle_200ms,static_threshold_hysteresis_step_0p01v_settle_time_200ms_p_voltage.csv,0.01,200,up,7.53,4,5.75575,5.747,5.762,4.180175,4.1723,4.1857999999999995,FALSE,TRUE,TRUE,TRUE
step_0.01V_settle_200ms,static_threshold_hysteresis_step_0p01v_settle_time_200ms_p_voltage.csv,0.01,200,up,7.54,4,5.765750000000001,5.762,5.767,4.1891750000000005,4.1857999999999995,4.190300000000001,FALSE,TRUE,TRUE,TRUE
step_0.01V_settle_200ms,static_threshold_hysteresis_step_0p01v_settle_time_200ms_p_voltage.csv,0.01,200,up,7.55,4,5.77175,5.767,5.786,4.194575,4.190300000000001,4.2074,FALSE,TRUE,TRUE,TRUE
step_0.01V_settle_200ms,static_threshold_hysteresis_step_0p01v_settle_time_200ms_p_voltage.csv,0.01,200,up,7.56,4,5.7772499999999996,5.776,5.781,4.1995249999999995,4.1984,4.2029,FALSE,TRUE,TRUE,TRUE
step_0.01V_settle_200ms,static_threshold_hysteresis_step_0p01v_settle_time_200ms_p_voltage.csv,0.01,200,up,7.57,4,5.781,5.776,5.786,4.2029,4.1984,4.2074,FALSE,TRUE,TRUE,TRUE
step_0.01V_settle_200ms,static_threshold_hysteresis_step_0p01v_settle_time_200ms_p_voltage.csv,0.01,200,up,7.58,4,5.795999999999999,5.786,5.806,4.216399999999999,4.2074,4.2254000000000005,FALSE,TRUE,TRUE,TRUE
step_0.01V_settle_200ms,static_threshold_hysteresis_step_0p01v_settle_time_200ms_p_voltage.csv,0.01,200,up,7.59,4,5.7985,5.786,5.806,4.21865,4.2074,4.2254000000000005,FALSE,TRUE,TRUE,TRUE
step_0.01V_settle_200ms,static_threshold_hysteresis_step_0p01v_settle_time_200ms_p_voltage.csv,0.01,200,up,7.6,4,5.80225,5.801,5.806,4.222025,4.2209,4.2254000000000005,FALSE,TRUE,TRUE,TRUE
step_0.01V_settle_200ms,static_threshold_hysteresis_step_0p01v_settle_time_200ms_p_voltage.csv,0.01,200,up,7.61,4,5.824,5.801,5.835,4.2416,4.2209,4.2515,FALSE,TRUE,TRUE,TRUE
step_0.01V_settle_200ms,static_threshold_hysteresis_step_0p01v_settle_time_200ms_p_voltage.csv,0.01,200,up,7.62,4,5.827500000000001,5.82,5.84,4.244750000000001,4.238,4.256,FALSE,TRUE,TRUE,TRUE
step_0.01V_settle_200ms,static_threshold_hysteresis_step_0p01v_settle_time_200ms_p_voltage.csv,0.01,200,up,7.63,4,5.82625,5.82,5.835,4.243625,4.238,4.2515,FALSE,TRUE,TRUE,TRUE
step_0.01V_settle_200ms,static_threshold_hysteresis_step_0p01v_settle_time_200ms_p_voltage.csv,0.01,200,up,7.64,4,5.84,5.835,5.845,4.256,4.2515,4.2604999999999995,FALSE,TRUE,TRUE,TRUE
step_0.01V_settle_200ms,static_threshold_hysteresis_step_0p01v_settle_time_200ms_p_voltage.csv,0.01,200,up,7.65,4,5.842499999999999,5.825,5.85,4.258249999999999,4.242500000000001,4.265,FALSE,TRUE,TRUE,TRUE
step_0.01V_settle_200ms,static_threshold_hysteresis_step_0p01v_settle_time_200ms_p_voltage.csv,0.01,200,up,7.66,4,5.84975,5.845,5.859,4.264775,4.2604999999999995,4.2731,FALSE,TRUE,TRUE,TRUE
step_0.01V_settle_200ms,static_threshold_hysteresis_step_0p01v_settle_time_200ms_p_voltage.csv,0.01,200,up,7.67,4,5.85675,5.85,5.859,4.271075,4.265,4.2731,FALSE,TRUE,TRUE,TRUE
step_0.01V_settle_200ms,static_threshold_hysteresis_step_0p01v_settle_time_200ms_p_voltage.csv,0.01,200,up,7.68,4,5.859249999999999,5.85,5.864,4.273325,4.265,4.2776,FALSE,TRUE,TRUE,TRUE
step_0.01V_settle_200ms,static_threshold_hysteresis_step_0p01v_settle_time_200ms_p_voltage.csv,0.01,200,up,7.69,4,5.8702499999999995,5.854,5.879,4.283225,4.2686,4.2911,FALSE,TRUE,TRUE,TRUE
step_0.01V_settle_200ms,static_threshold_hysteresis_step_0p01v_settle_time_200ms_p_voltage.csv,0.01,200,up,7.7,4,5.87775,5.874,5.879,4.289975,4.2866,4.2911,FALSE,TRUE,TRUE,TRUE
step_0.01V_settle_200ms,static_threshold_hysteresis_step_0p01v_settle_time_200ms_p_voltage.csv,0.01,200,up,7.71,4,5.88275,5.874,5.889,4.294475,4.2866,4.3001000000000005,FALSE,TRUE,TRUE,TRUE
step_0.01V_settle_200ms,static_threshold_hysteresis_step_0p01v_settle_time_200ms_p_voltage.csv,0.01,200,up,7.72,4,5.89125,5.879,5.908,4.302125,4.2911,4.317200000000001,FALSE,TRUE,TRUE,TRUE
step_0.01V_settle_200ms,static_threshold_hysteresis_step_0p01v_settle_time_200ms_p_voltage.csv,0.01,200,up,7.73,4,5.8995,5.884,5.908,4.30955,4.2956,4.317200000000001,FALSE,TRUE,TRUE,TRUE
step_0.01V_settle_200ms,static_threshold_hysteresis_step_0p01v_settle_time_200ms_p_voltage.csv,0.01,200,up,7.74,4,5.90175,5.898,5.903,4.311575,4.3082,4.3126999999999995,FALSE,TRUE,TRUE,TRUE
step_0.01V_settle_200ms,static_threshold_hysteresis_step_0p01v_settle_time_200ms_p_voltage.csv,0.01,200,up,7.75,4,5.908,5.903,5.913,4.317200000000001,4.3126999999999995,4.321700000000001,FALSE,TRUE,TRUE,TRUE
step_0.01V_settle_200ms,static_threshold_hysteresis_step_0p01v_settle_time_200ms_p_voltage.csv,0.01,200,up,7.76,4,5.918,5.918,5.918,4.3262,4.3262,4.3262,FALSE,TRUE,TRUE,TRUE
step_0.01V_settle_200ms,static_threshold_hysteresis_step_0p01v_settle_time_200ms_p_voltage.csv,0.01,200,up,7.77,4,5.923,5.908,5.928,4.3307,4.317200000000001,4.3352,FALSE,TRUE,TRUE,TRUE
step_0.01V_settle_200ms,static_threshold_hysteresis_step_0p01v_settle_time_200ms_p_voltage.csv,0.01,200,up,7.78,4,5.9254999999999995,5.923,5.928,4.332949999999999,4.3307,4.3352,FALSE,TRUE,TRUE,TRUE
step_0.01V_settle_200ms,static_threshold_hysteresis_step_0p01v_settle_time_200ms_p_voltage.csv,0.01,200,up,7.79,4,5.934,5.923,5.947,4.3406,4.3307,4.3523000000000005,FALSE,TRUE,TRUE,TRUE
step_0.01V_settle_200ms,static_threshold_hysteresis_step_0p01v_settle_time_200ms_p_voltage.csv,0.01,200,up,7.8,4,5.93975,5.933,5.942,4.345775000000001,4.3397,4.3478,FALSE,TRUE,TRUE,TRUE
step_0.01V_settle_200ms,static_threshold_hysteresis_step_0p01v_settle_time_200ms_p_voltage.csv,0.01,200,up,7.81,4,5.94125,5.938,5.947,4.347125,4.3442,4.3523000000000005,FALSE,TRUE,TRUE,TRUE
step_0.01V_settle_200ms,static_threshold_hysteresis_step_0p01v_settle_time_200ms_p_voltage.csv,0.01,200,up,7.82,4,5.96175,5.952,5.981,4.365575000000001,4.3568,4.3829,FALSE,TRUE,TRUE,TRUE
step_0.01V_settle_200ms,static_threshold_hysteresis_step_0p01v_settle_time_200ms_p_voltage.csv,0.01,200,up,7.83,4,5.958,5.947,5.981,4.3622000000000005,4.3523000000000005,4.3829,FALSE,TRUE,TRUE,TRUE
step_0.01V_settle_200ms,static_threshold_hysteresis_step_0p01v_settle_time_200ms_p_voltage.csv,0.01,200,up,7.84,4,5.968249999999999,5.962,5.977,4.3714249999999995,4.3658,4.379300000000001,FALSE,TRUE,TRUE,TRUE
step_0.01V_settle_200ms,static_threshold_hysteresis_step_0p01v_settle_time_200ms_p_voltage.csv,0.01,200,up,7.85,4,5.9655,5.957,5.981,4.36895,4.3613,4.3829,FALSE,TRUE,TRUE,TRUE
step_0.01V_settle_200ms,static_threshold_hysteresis_step_0p01v_settle_time_200ms_p_voltage.csv,0.01,200,up,7.86,4,5.978,5.972,5.986,4.3802,4.3748000000000005,4.3873999999999995,FALSE,TRUE,TRUE,TRUE
step_0.01V_settle_200ms,static_threshold_hysteresis_step_0p01v_settle_time_200ms_p_voltage.csv,0.01,200,up,7.87,4,5.9825,5.977,5.991,4.38425,4.379300000000001,4.3919,FALSE,TRUE,TRUE,TRUE
step_0.01V_settle_200ms,static_threshold_hysteresis_step_0p01v_settle_time_200ms_p_voltage.csv,0.01,200,up,7.88,4,5.9935,5.981,6.011,4.39415,4.3829,4.4099,FALSE,TRUE,TRUE,TRUE
step_0.01V_settle_200ms,static_threshold_hysteresis_step_0p01v_settle_time_200ms_p_voltage.csv,0.01,200,up,7.89,4,5.99725,5.991,6.006,4.397525,4.3919,4.4054,FALSE,TRUE,TRUE,TRUE
step_0.01V_settle_200ms,static_threshold_hysteresis_step_0p01v_settle_time_200ms_p_voltage.csv,0.01,200,up,7.9,4,6.011,5.996,6.016,4.4099,4.396400000000001,4.4144000000000005,FALSE,TRUE,TRUE,TRUE
step_0.01V_settle_200ms,static_threshold_hysteresis_step_0p01v_settle_time_200ms_p_voltage.csv,0.01,200,up,7.91,4,6.0135000000000005,6.006,6.016,4.4121500000000005,4.4054,4.4144000000000005,FALSE,TRUE,TRUE,TRUE
step_0.01V_settle_200ms,static_threshold_hysteresis_step_0p01v_settle_time_200ms_p_voltage.csv,0.01,200,up,7.92,4,6.02075,6.001,6.04,4.4186749999999995,4.4009,4.436,FALSE,TRUE,TRUE,TRUE
step_0.01V_settle_200ms,static_threshold_hysteresis_step_0p01v_settle_time_200ms_p_voltage.csv,0.01,200,up,7.93,4,6.0275,6.025,6.035,4.42475,4.4225,4.431500000000001,FALSE,TRUE,TRUE,TRUE
step_0.01V_settle_200ms,static_threshold_hysteresis_step_0p01v_settle_time_200ms_p_voltage.csv,0.01,200,up,7.94,4,6.034,6.021,6.04,4.4306,4.4189,4.436,FALSE,TRUE,TRUE,TRUE
step_0.01V_settle_200ms,static_threshold_hysteresis_step_0p01v_settle_time_200ms_p_voltage.csv,0.01,200,up,7.95,4,6.0425,6.03,6.06,4.438250000000001,4.4270000000000005,4.454,FALSE,TRUE,TRUE,TRUE
step_0.01V_settle_200ms,static_threshold_hysteresis_step_0p01v_settle_time_200ms_p_voltage.csv,0.01,200,up,7.96,4,6.04625,6.04,6.055,4.441625,4.436,4.4495,FALSE,TRUE,TRUE,TRUE
step_0.01V_settle_200ms,static_threshold_hysteresis_step_0p01v_settle_time_200ms_p_voltage.csv,0.01,200,up,7.97,4,6.055,6.05,6.06,4.4495,4.445,4.454,FALSE,TRUE,TRUE,TRUE
step_0.01V_settle_200ms,static_threshold_hysteresis_step_0p01v_settle_time_200ms_p_voltage.csv,0.01,200,up,7.98,4,6.06225,6.045,6.084,4.4560249999999995,4.4405,4.4756,FALSE,TRUE,TRUE,TRUE
step_0.01V_settle_200ms,static_threshold_hysteresis_step_0p01v_settle_time_200ms_p_voltage.csv,0.01,200,up,7.99,4,6.06925,6.06,6.079,4.462325000000001,4.454,4.4711,FALSE,TRUE,TRUE,TRUE
step_0.01V_settle_200ms,static_threshold_hysteresis_step_0p01v_settle_time_200ms_p_voltage.csv,0.01,200,up,8,4,6.0655,6.06,6.074,4.458950000000001,4.454,4.4666,FALSE,TRUE,TRUE,TRUE
step_0.01V_settle_200ms,static_threshold_hysteresis_step_0p01v_settle_time_200ms_p_voltage.csv,0.01,200,up,8.01,4,6.0802499999999995,6.074,6.084,4.472225,4.4666,4.4756,FALSE,TRUE,TRUE,TRUE
step_0.01V_settle_200ms,static_threshold_hysteresis_step_0p01v_settle_time_200ms_p_voltage.csv,0.01,200,up,8.02,4,6.08275,6.074,6.089,4.474475,4.4666,4.4801,FALSE,TRUE,TRUE,TRUE
step_0.01V_settle_200ms,static_threshold_hysteresis_step_0p01v_settle_time_200ms_p_voltage.csv,0.01,200,up,8.03,4,6.0977500000000004,6.089,6.104,4.4879750000000005,4.4801,4.4936,FALSE,TRUE,TRUE,TRUE
step_0.01V_settle_200ms,static_threshold_hysteresis_step_0p01v_settle_time_200ms_p_voltage.csv,0.01,200,up,8.04,4,6.09525,6.089,6.104,4.485725,4.4801,4.4936,FALSE,TRUE,TRUE,TRUE
step_0.01V_settle_200ms,static_threshold_hysteresis_step_0p01v_settle_time_200ms_p_voltage.csv,0.01,200,up,8.05,4,6.10625,6.099,6.118,4.495625,4.4891000000000005,4.506200000000001,FALSE,TRUE,TRUE,TRUE
step_0.01V_settle_200ms,static_threshold_hysteresis_step_0p01v_settle_time_200ms_p_voltage.csv,0.01,200,up,8.06,4,6.113250000000001,6.099,6.118,4.501925000000001,4.4891000000000005,4.506200000000001,FALSE,TRUE,TRUE,TRUE
step_0.01V_settle_200ms,static_threshold_hysteresis_step_0p01v_settle_time_200ms_p_voltage.csv,0.01,200,up,8.07,4,6.11925,6.118,6.123,4.507325,4.506200000000001,4.5107,FALSE,TRUE,TRUE,TRUE
step_0.01V_settle_200ms,static_threshold_hysteresis_step_0p01v_settle_time_200ms_p_voltage.csv,0.01,200,up,8.08,4,6.125500000000001,6.113,6.133,4.512950000000001,4.5017000000000005,4.5197,FALSE,TRUE,TRUE,TRUE
step_0.01V_settle_200ms,static_threshold_hysteresis_step_0p01v_settle_time_200ms_p_voltage.csv,0.01,200,up,8.09,4,6.1365,6.133,6.147,4.52285,4.5197,4.5323,FALSE,TRUE,TRUE,TRUE
step_0.01V_settle_200ms,static_threshold_hysteresis_step_0p01v_settle_time_200ms_p_voltage.csv,0.01,200,up,8.1,4,6.142250000000001,6.128,6.147,4.528025,4.5152,4.5323,FALSE,TRUE,TRUE,TRUE
step_0.01V_settle_200ms,static_threshold_hysteresis_step_0p01v_settle_time_200ms_p_voltage.csv,0.01,200,up,8.11,4,6.146,6.143,6.147,4.5314,4.5287,4.5323,FALSE,TRUE,TRUE,TRUE
step_0.01V_settle_200ms,static_threshold_hysteresis_step_0p01v_settle_time_200ms_p_voltage.csv,0.01,200,up,8.12,4,6.151,6.143,6.167,4.5359,4.5287,4.5503,FALSE,TRUE,TRUE,TRUE
step_0.01V_settle_200ms,static_threshold_hysteresis_step_0p01v_settle_time_200ms_p_voltage.csv,0.01,200,up,8.13,4,6.15825,6.152,6.167,4.542425,4.5368,4.5503,FALSE,TRUE,TRUE,TRUE
step_0.01V_settle_200ms,static_threshold_hysteresis_step_0p01v_settle_time_200ms_p_voltage.csv,0.01,200,up,8.14,4,6.1594999999999995,6.157,6.167,4.54355,4.541300000000001,4.5503,FALSE,TRUE,TRUE,TRUE
step_0.01V_settle_200ms,static_threshold_hysteresis_step_0p01v_settle_time_200ms_p_voltage.csv,0.01,200,up,8.15,4,6.1745,6.162,6.182,4.55705,4.5458,4.5638000000000005,FALSE,TRUE,TRUE,TRUE
step_0.01V_settle_200ms,static_threshold_hysteresis_step_0p01v_settle_time_200ms_p_voltage.csv,0.01,200,up,8.16,4,6.17325,6.162,6.182,4.555925,4.5458,4.5638000000000005,FALSE,TRUE,TRUE,TRUE
step_0.01V_settle_200ms,static_threshold_hysteresis_step_0p01v_settle_time_200ms_p_voltage.csv,0.01,200,up,8.17,4,6.18675,6.177,6.206,4.568075,4.5592999999999995,4.585400000000001,FALSE,TRUE,TRUE,TRUE
step_0.01V_settle_200ms,static_threshold_hysteresis_step_0p01v_settle_time_200ms_p_voltage.csv,0.01,200,up,8.18,4,6.195,6.187,6.201,4.575500000000001,4.568300000000001,4.5809,FALSE,TRUE,TRUE,TRUE
step_0.01V_settle_200ms,static_threshold_hysteresis_step_0p01v_settle_time_200ms_p_voltage.csv,0.01,200,up,8.19,4,6.1925,6.187,6.201,4.57325,4.568300000000001,4.5809,FALSE,TRUE,TRUE,TRUE
step_0.01V_settle_200ms,static_threshold_hysteresis_step_0p01v_settle_time_200ms_p_voltage.csv,0.01,200,up,8.2,4,6.20225,6.196,6.206,4.582025000000001,4.5764,4.585400000000001,FALSE,TRUE,TRUE,TRUE
step_0.01V_settle_200ms,static_threshold_hysteresis_step_0p01v_settle_time_200ms_p_voltage.csv,0.01,200,up,8.21,4,6.212000000000001,6.206,6.23,4.590800000000001,4.585400000000001,4.607,FALSE,TRUE,TRUE,TRUE
step_0.01V_settle_200ms,static_threshold_hysteresis_step_0p01v_settle_time_200ms_p_voltage.csv,0.01,200,up,8.22,4,6.224,6.206,6.23,4.6016,4.585400000000001,4.607,FALSE,TRUE,TRUE,TRUE
step_0.01V_settle_200ms,static_threshold_hysteresis_step_0p01v_settle_time_200ms_p_voltage.csv,0.01,200,up,8.23,4,6.22575,6.221,6.23,4.603175,4.5989,4.607,FALSE,TRUE,TRUE,TRUE
step_0.01V_settle_200ms,static_threshold_hysteresis_step_0p01v_settle_time_200ms_p_voltage.csv,0.01,200,up,8.24,4,6.2415,6.226,6.25,4.61735,4.6034,4.625,FALSE,TRUE,TRUE,TRUE
step_0.01V_settle_200ms,static_threshold_hysteresis_step_0p01v_settle_time_200ms_p_voltage.csv,0.01,200,up,8.25,4,6.24125,6.235,6.25,4.617125,4.6115,4.625,FALSE,TRUE,TRUE,TRUE
step_0.01V_settle_200ms,static_threshold_hysteresis_step_0p01v_settle_time_200ms_p_voltage.csv,0.01,200,up,8.26,4,6.25,6.23,6.27,4.625,4.607,4.643,FALSE,TRUE,TRUE,TRUE
step_0.01V_settle_200ms,static_threshold_hysteresis_step_0p01v_settle_time_200ms_p_voltage.csv,0.01,200,up,8.27,4,6.25625,6.25,6.265,4.630625,4.625,4.6385,FALSE,TRUE,TRUE,TRUE
step_0.01V_settle_200ms,static_threshold_hysteresis_step_0p01v_settle_time_200ms_p_voltage.csv,0.01,200,up,8.28,4,6.26375,6.25,6.27,4.6373750000000005,4.625,4.643,FALSE,TRUE,TRUE,TRUE
step_0.01V_settle_200ms,static_threshold_hysteresis_step_0p01v_settle_time_200ms_p_voltage.csv,0.01,200,up,8.29,4,6.265,6.26,6.27,4.6385,4.634,4.643,FALSE,TRUE,TRUE,TRUE
step_0.01V_settle_200ms,static_threshold_hysteresis_step_0p01v_settle_time_200ms_p_voltage.csv,0.01,200,up,8.3,4,6.273,6.265,6.279,4.6457,4.6385,4.6511000000000005,FALSE,TRUE,TRUE,TRUE
step_0.01V_settle_200ms,static_threshold_hysteresis_step_0p01v_settle_time_200ms_p_voltage.csv,0.01,200,up,8.31,4,6.27675,6.27,6.279,4.649075,4.643,4.6511000000000005,FALSE,TRUE,TRUE,TRUE
step_0.01V_settle_200ms,static_threshold_hysteresis_step_0p01v_settle_time_200ms_p_voltage.csv,0.01,200,up,8.32,4,6.289,6.279,6.309,4.6601,4.6511000000000005,4.678100000000001,FALSE,TRUE,TRUE,TRUE
step_0.01V_settle_200ms,static_threshold_hysteresis_step_0p01v_settle_time_200ms_p_voltage.csv,0.01,200,up,8.33,4,6.29525,6.279,6.304,4.665725,4.6511000000000005,4.6736,FALSE,TRUE,TRUE,TRUE
step_0.01V_settle_200ms,static_threshold_hysteresis_step_0p01v_settle_time_200ms_p_voltage.csv,0.01,200,up,8.34,4,6.297750000000001,6.289,6.304,4.667975000000001,4.6601,4.6736,FALSE,TRUE,TRUE,TRUE
step_0.01V_settle_200ms,static_threshold_hysteresis_step_0p01v_settle_time_200ms_p_voltage.csv,0.01,200,up,8.35,4,6.3075,6.289,6.323,4.67675,4.6601,4.6907000000000005,FALSE,TRUE,TRUE,TRUE
step_0.01V_settle_200ms,static_threshold_hysteresis_step_0p01v_settle_time_200ms_p_voltage.csv,0.01,200,up,8.36,4,6.30875,6.304,6.318,4.677875,4.6736,4.6861999999999995,FALSE,TRUE,TRUE,TRUE
step_0.01V_settle_200ms,static_threshold_hysteresis_step_0p01v_settle_time_200ms_p_voltage.csv,0.01,200,up,8.37,4,6.32175,6.313,6.338,4.689575,4.6817,4.7042,FALSE,TRUE,TRUE,TRUE
step_0.01V_settle_200ms,static_threshold_hysteresis_step_0p01v_settle_time_200ms_p_voltage.csv,0.01,200,up,8.38,4,6.32425,6.313,6.338,4.691825000000001,4.6817,4.7042,FALSE,TRUE,TRUE,TRUE
step_0.01V_settle_200ms,static_threshold_hysteresis_step_0p01v_settle_time_200ms_p_voltage.csv,0.01,200,up,8.39,4,6.33425,6.323,6.338,4.700825,4.6907000000000005,4.7042,FALSE,TRUE,TRUE,TRUE
step_0.01V_settle_200ms,static_threshold_hysteresis_step_0p01v_settle_time_200ms_p_voltage.csv,0.01,200,up,8.4,4,6.3405000000000005,6.333,6.343,4.70645,4.6997,4.7087,FALSE,TRUE,TRUE,TRUE
step_0.01V_settle_200ms,static_threshold_hysteresis_step_0p01v_settle_time_200ms_p_voltage.csv,0.01,200,up,8.41,4,6.3515,6.338,6.362,4.71635,4.7042,4.7258000000000004,FALSE,TRUE,TRUE,TRUE
step_0.01V_settle_200ms,static_threshold_hysteresis_step_0p01v_settle_time_200ms_p_voltage.csv,0.01,200,up,8.42,4,6.349,6.338,6.362,4.7141,4.7042,4.7258000000000004,FALSE,TRUE,TRUE,TRUE
step_0.01V_settle_200ms,static_threshold_hysteresis_step_0p01v_settle_time_200ms_p_voltage.csv,0.01,200,up,8.43,4,6.354,6.353,6.357,4.7186,4.7177,4.7213,FALSE,TRUE,TRUE,TRUE
step_0.01V_settle_200ms,static_threshold_hysteresis_step_0p01v_settle_time_200ms_p_voltage.csv,0.01,200,up,8.44,4,6.3685,6.353,6.387,4.73165,4.7177,4.7482999999999995,FALSE,TRUE,TRUE,TRUE
step_0.01V_settle_200ms,static_threshold_hysteresis_step_0p01v_settle_time_200ms_p_voltage.csv,0.01,200,up,8.45,4,6.37075,6.362,6.387,4.733675,4.7258000000000004,4.7482999999999995,FALSE,TRUE,TRUE,TRUE
step_0.01V_settle_200ms,static_threshold_hysteresis_step_0p01v_settle_time_200ms_p_voltage.csv,0.01,200,up,8.46,4,6.383249999999999,6.372,6.387,4.744924999999999,4.7348,4.7482999999999995,FALSE,TRUE,TRUE,TRUE
step_0.01V_settle_200ms,static_threshold_hysteresis_step_0p01v_settle_time_200ms_p_voltage.csv,0.01,200,up,8.47,4,6.3845,6.382,6.392,4.74605,4.7438,4.752800000000001,FALSE,TRUE,TRUE,TRUE
step_0.01V_settle_200ms,static_threshold_hysteresis_step_0p01v_settle_time_200ms_p_voltage.csv,0.01,200,up,8.48,4,6.3915,6.382,6.396,4.75235,4.7438,4.7564,FALSE,TRUE,TRUE,TRUE
step_0.01V_settle_200ms,static_threshold_hysteresis_step_0p01v_settle_time_200ms_p_voltage.csv,0.01,200,up,8.49,4,6.39625,6.387,6.401,4.7566250000000005,4.7482999999999995,4.7609,FALSE,TRUE,TRUE,TRUE
step_0.01V_settle_200ms,static_threshold_hysteresis_step_0p01v_settle_time_200ms_p_voltage.csv,0.01,200,up,8.5,4,6.39875,6.392,6.401,4.758875,4.752800000000001,4.7609,FALSE,TRUE,TRUE,TRUE
step_0.01V_settle_200ms,static_threshold_hysteresis_step_0p01v_settle_time_200ms_p_voltage.csv,0.01,200,up,8.51,4,6.4085,6.396,6.416,4.767650000000001,4.7564,4.774400000000001,FALSE,TRUE,TRUE,TRUE
step_0.01V_settle_200ms,static_threshold_hysteresis_step_0p01v_settle_time_200ms_p_voltage.csv,0.01,200,up,8.52,4,6.411,6.411,6.411,4.7699,4.7699,4.7699,FALSE,TRUE,TRUE,TRUE
step_0.01V_settle_200ms,static_threshold_hysteresis_step_0p01v_settle_time_200ms_p_voltage.csv,0.01,200,up,8.53,4,6.432,6.416,6.45,4.7888,4.774400000000001,4.805000000000001,FALSE,TRUE,TRUE,TRUE
step_0.01V_settle_200ms,static_threshold_hysteresis_step_0p01v_settle_time_200ms_p_voltage.csv,0.01,200,up,8.54,4,6.43325,6.421,6.45,4.789925,4.7789,4.805000000000001,FALSE,TRUE,TRUE,TRUE
step_0.01V_settle_200ms,static_threshold_hysteresis_step_0p01v_settle_time_200ms_p_voltage.csv,0.01,200,up,8.55,4,6.440250000000001,6.431,6.45,4.796225000000001,4.7879000000000005,4.805000000000001,FALSE,TRUE,TRUE,TRUE
step_0.01V_settle_200ms,static_threshold_hysteresis_step_0p01v_settle_time_200ms_p_voltage.csv,0.01,200,up,8.56,4,6.4415000000000004,6.431,6.455,4.797350000000001,4.7879000000000005,4.8095,FALSE,TRUE,TRUE,TRUE
step_0.01V_settle_200ms,static_threshold_hysteresis_step_0p01v_settle_time_200ms_p_voltage.csv,0.01,200,up,8.57,4,6.452500000000001,6.445,6.465,4.807250000000001,4.8005,4.8185,FALSE,TRUE,TRUE,TRUE
step_0.01V_settle_200ms,static_threshold_hysteresis_step_0p01v_settle_time_200ms_p_voltage.csv,0.01,200,up,8.58,4,6.452500000000001,6.445,6.465,4.807250000000001,4.8005,4.8185,FALSE,TRUE,TRUE,TRUE
step_0.01V_settle_200ms,static_threshold_hysteresis_step_0p01v_settle_time_200ms_p_voltage.csv,0.01,200,up,8.59,4,6.465,6.455,6.47,4.8185,4.8095,4.8229999999999995,FALSE,TRUE,TRUE,TRUE
step_0.01V_settle_200ms,static_threshold_hysteresis_step_0p01v_settle_time_200ms_p_voltage.csv,0.01,200,up,8.6,4,6.46725,6.46,6.479,4.820525,4.814,4.8311,FALSE,TRUE,TRUE,TRUE
step_0.01V_settle_200ms,static_threshold_hysteresis_step_0p01v_settle_time_200ms_p_voltage.csv,0.01,200,up,8.61,4,6.471,6.465,6.479,4.8239,4.8185,4.8311,FALSE,TRUE,TRUE,TRUE
step_0.01V_settle_200ms,static_threshold_hysteresis_step_0p01v_settle_time_200ms_p_voltage.csv,0.01,200,up,8.62,4,6.483,6.47,6.494,4.8347,4.8229999999999995,4.8446,FALSE,TRUE,TRUE,TRUE
step_0.01V_settle_200ms,static_threshold_hysteresis_step_0p01v_settle_time_200ms_p_voltage.csv,0.01,200,up,8.63,4,6.479749999999999,6.475,6.494,4.8317749999999995,4.8275,4.8446,FALSE,TRUE,TRUE,TRUE
step_0.01V_settle_200ms,static_threshold_hysteresis_step_0p01v_settle_time_200ms_p_voltage.csv,0.01,200,up,8.64,4,6.4952499999999995,6.479,6.504,4.845725,4.8311,4.8536,FALSE,TRUE,TRUE,TRUE
step_0.01V_settle_200ms,static_threshold_hysteresis_step_0p01v_settle_time_200ms_p_voltage.csv,0.01,200,up,8.65,4,6.505,6.494,6.528,4.8545,4.8446,4.8751999999999995,FALSE,TRUE,TRUE,TRUE
step_0.01V_settle_200ms,static_threshold_hysteresis_step_0p01v_settle_time_200ms_p_voltage.csv,0.01,200,up,8.66,4,6.515000000000001,6.499,6.533,4.863500000000001,4.8491,4.879700000000001,FALSE,TRUE,TRUE,TRUE
step_0.01V_settle_200ms,static_threshold_hysteresis_step_0p01v_settle_time_200ms_p_voltage.csv,0.01,200,up,8.67,4,6.514,6.509,6.519,4.8626000000000005,4.8581,4.867100000000001,FALSE,TRUE,TRUE,TRUE
step_0.01V_settle_200ms,static_threshold_hysteresis_step_0p01v_settle_time_200ms_p_voltage.csv,0.01,200,up,8.68,4,6.52575,6.509,6.538,4.873175000000001,4.8581,4.884200000000001,FALSE,TRUE,TRUE,TRUE
step_0.01V_settle_200ms,static_threshold_hysteresis_step_0p01v_settle_time_200ms_p_voltage.csv,0.01,200,up,8.69,4,6.530749999999999,6.519,6.548,4.877675,4.867100000000001,4.8932,FALSE,TRUE,TRUE,TRUE
step_0.01V_settle_200ms,static_threshold_hysteresis_step_0p01v_settle_time_200ms_p_voltage.csv,0.01,200,up,8.7,4,6.53675,6.528,6.543,4.883075,4.8751999999999995,4.8887,FALSE,TRUE,TRUE,TRUE
step_0.01V_settle_200ms,static_threshold_hysteresis_step_0p01v_settle_time_200ms_p_voltage.csv,0.01,200,up,8.71,4,6.548,6.538,6.558,4.8932,4.884200000000001,4.9022,FALSE,TRUE,TRUE,TRUE
step_0.01V_settle_200ms,static_threshold_hysteresis_step_0p01v_settle_time_200ms_p_voltage.csv,0.01,200,up,8.72,4,6.553,6.548,6.558,4.8977,4.8932,4.9022,FALSE,TRUE,TRUE,TRUE
step_0.01V_settle_200ms,static_threshold_hysteresis_step_0p01v_settle_time_200ms_p_voltage.csv,0.01,200,up,8.73,4,6.5615,6.548,6.572,4.905349999999999,4.8932,4.9148000000000005,FALSE,TRUE,TRUE,TRUE
step_0.01V_settle_200ms,static_threshold_hysteresis_step_0p01v_settle_time_200ms_p_voltage.csv,0.01,200,up,8.74,4,6.5615,6.553,6.567,4.905349999999999,4.8977,4.9103,FALSE,TRUE,TRUE,TRUE
step_0.01V_settle_200ms,static_threshold_hysteresis_step_0p01v_settle_time_200ms_p_voltage.csv,0.01,200,up,8.75,4,6.576,6.563,6.587,4.9184,4.9067,4.9283,FALSE,TRUE,TRUE,TRUE
step_0.01V_settle_200ms,static_threshold_hysteresis_step_0p01v_settle_time_200ms_p_voltage.csv,0.01,200,up,8.76,4,6.577,6.567,6.587,4.9193,4.9103,4.9283,FALSE,TRUE,TRUE,TRUE
step_0.01V_settle_200ms,static_threshold_hysteresis_step_0p01v_settle_time_200ms_p_voltage.csv,0.01,200,up,8.77,4,6.5794999999999995,6.572,6.592,4.92155,4.9148000000000005,4.932799999999999,FALSE,TRUE,TRUE,TRUE
step_0.01V_settle_200ms,static_threshold_hysteresis_step_0p01v_settle_time_200ms_p_voltage.csv,0.01,200,up,8.78,4,6.587,6.577,6.597,4.9283,4.9193,4.9373000000000005,FALSE,TRUE,TRUE,TRUE
step_0.01V_settle_200ms,static_threshold_hysteresis_step_0p01v_settle_time_200ms_p_voltage.csv,0.01,200,up,8.79,4,6.592,6.587,6.597,4.932799999999999,4.9283,4.9373000000000005,FALSE,TRUE,TRUE,TRUE
step_0.01V_settle_200ms,static_threshold_hysteresis_step_0p01v_settle_time_200ms_p_voltage.csv,0.01,200,up,8.8,4,6.60175,6.592,6.621,4.941575,4.932799999999999,4.958900000000001,FALSE,TRUE,TRUE,TRUE
step_0.01V_settle_200ms,static_threshold_hysteresis_step_0p01v_settle_time_200ms_p_voltage.csv,0.01,200,up,8.81,4,6.609999999999999,6.602,6.616,4.949,4.941800000000001,4.9544,FALSE,TRUE,TRUE,TRUE
step_0.01V_settle_200ms,static_threshold_hysteresis_step_0p01v_settle_time_200ms_p_voltage.csv,0.01,200,up,8.82,4,6.60975,6.606,6.621,4.948775,4.9454,4.958900000000001,FALSE,TRUE,TRUE,TRUE
step_0.01V_settle_200ms,static_threshold_hysteresis_step_0p01v_settle_time_200ms_p_voltage.csv,0.01,200,up,8.83,4,6.616,6.606,6.626,4.9544,4.9454,4.9634,FALSE,TRUE,TRUE,TRUE
step_0.01V_settle_200ms,static_threshold_hysteresis_step_0p01v_settle_time_200ms_p_voltage.csv,0.01,200,up,8.84,4,6.62225,6.616,6.631,4.960025,4.9544,4.9679,FALSE,TRUE,TRUE,TRUE
step_0.01V_settle_200ms,static_threshold_hysteresis_step_0p01v_settle_time_200ms_p_voltage.csv,0.01,200,up,8.85,4,6.63825,6.626,6.655,4.974425,4.9634,4.9895000000000005,FALSE,TRUE,TRUE,TRUE
step_0.01V_settle_200ms,static_threshold_hysteresis_step_0p01v_settle_time_200ms_p_voltage.csv,0.01,200,up,8.86,4,6.64325,6.631,6.66,4.978925,4.9679,4.994000000000001,FALSE,TRUE,TRUE,TRUE
step_0.01V_settle_200ms,static_threshold_hysteresis_step_0p01v_settle_time_200ms_p_voltage.csv,0.01,200,up,8.87,4,6.6515,6.641,6.655,4.986350000000001,4.9769000000000005,4.9895000000000005,FALSE,TRUE,TRUE,TRUE
step_0.01V_settle_200ms,static_threshold_hysteresis_step_0p01v_settle_time_200ms_p_voltage.csv,0.01,200,up,8.88,4,6.66,6.65,6.67,4.994000000000001,4.985,5.003,FALSE,TRUE,TRUE,TRUE
step_0.01V_settle_200ms,static_threshold_hysteresis_step_0p01v_settle_time_200ms_p_voltage.csv,0.01,200,up,8.89,4,6.66625,6.66,6.675,4.999625,4.994000000000001,5.0075,FALSE,TRUE,TRUE,TRUE
step_0.01V_settle_200ms,static_threshold_hysteresis_step_0p01v_settle_time_200ms_p_voltage.csv,0.01,200,up,8.9,4,6.671,6.665,6.689,5.003900000000001,4.9985,5.0201,FALSE,TRUE,TRUE,TRUE
step_0.01V_settle_200ms,static_threshold_hysteresis_step_0p01v_settle_time_200ms_p_voltage.csv,0.01,200,up,8.91,4,6.67625,6.67,6.685,5.008624999999999,5.003,5.0165,FALSE,TRUE,TRUE,TRUE
step_0.01V_settle_200ms,static_threshold_hysteresis_step_0p01v_settle_time_200ms_p_voltage.csv,0.01,200,up,8.92,4,6.68225,6.675,6.704,5.014025,5.0075,5.0336,FALSE,TRUE,TRUE,TRUE
step_0.01V_settle_200ms,static_threshold_hysteresis_step_0p01v_settle_time_200ms_p_voltage.csv,0.01,200,up,8.93,4,6.684749999999999,6.675,6.704,5.016274999999999,5.0075,5.0336,FALSE,TRUE,TRUE,TRUE
step_0.01V_settle_200ms,static_threshold_hysteresis_step_0p01v_settle_time_200ms_p_voltage.csv,0.01,200,up,8.94,4,6.69175,6.68,6.699,5.022575,5.012,5.0291,FALSE,TRUE,TRUE,TRUE
step_0.01V_settle_200ms,static_threshold_hysteresis_step_0p01v_settle_time_200ms_p_voltage.csv,0.01,200,up,8.95,4,6.69775,6.689,6.714,5.0279750000000005,5.0201,5.0426,FALSE,TRUE,TRUE,TRUE
step_0.01V_settle_200ms,static_threshold_hysteresis_step_0p01v_settle_time_200ms_p_voltage.csv,0.01,200,up,8.96,4,6.709,6.699,6.719,5.0381,5.0291,5.0471,FALSE,TRUE,TRUE,TRUE
step_0.01V_settle_200ms,static_threshold_hysteresis_step_0p01v_settle_time_200ms_p_voltage.csv,0.01,200,up,8.97,4,6.71275,6.704,6.719,5.041475,5.0336,5.0471,FALSE,TRUE,TRUE,TRUE
step_0.01V_settle_200ms,static_threshold_hysteresis_step_0p01v_settle_time_200ms_p_voltage.csv,0.01,200,up,8.98,4,6.72125,6.714,6.733,5.049125,5.0426,5.059699999999999,FALSE,TRUE,TRUE,TRUE
step_0.01V_settle_200ms,static_threshold_hysteresis_step_0p01v_settle_time_200ms_p_voltage.csv,0.01,200,up,8.99,4,6.72625,6.724,6.733,5.053625,5.0516000000000005,5.059699999999999,FALSE,TRUE,TRUE,TRUE
step_0.01V_settle_200ms,static_threshold_hysteresis_step_0p01v_settle_time_200ms_p_voltage.csv,0.01,200,up,9,4,6.74075,6.719,6.758,5.066675,5.0471,5.0822,FALSE,TRUE,TRUE,TRUE
step_0.01V_settle_200ms,static_threshold_hysteresis_step_0p01v_settle_time_200ms_p_voltage.csv,0.01,200,up,9.01,4,6.74325,6.729,6.748,5.068925,5.0561,5.0732,FALSE,TRUE,TRUE,TRUE
step_0.01V_settle_200ms,static_threshold_hysteresis_step_0p01v_settle_time_200ms_p_voltage.csv,0.01,200,up,9.02,4,6.750500000000001,6.738,6.758,5.075450000000001,5.0642000000000005,5.0822,FALSE,TRUE,TRUE,TRUE
step_0.01V_settle_200ms,static_threshold_hysteresis_step_0p01v_settle_time_200ms_p_voltage.csv,0.01,200,up,9.03,4,6.753,6.738,6.768,5.0777,5.0642000000000005,5.0912,FALSE,TRUE,TRUE,TRUE
step_0.01V_settle_200ms,static_threshold_hysteresis_step_0p01v_settle_time_200ms_p_voltage.csv,0.01,200,up,9.04,4,6.76175,6.753,6.768,5.085575,5.0777,5.0912,FALSE,TRUE,TRUE,TRUE
step_0.01V_settle_200ms,static_threshold_hysteresis_step_0p01v_settle_time_200ms_p_voltage.csv,0.01,200,up,9.05,4,6.76525,6.763,6.772,5.088725,5.0867000000000004,5.0948,FALSE,TRUE,TRUE,TRUE
step_0.01V_settle_200ms,static_threshold_hysteresis_step_0p01v_settle_time_200ms_p_voltage.csv,0.01,200,up,9.06,4,6.77475,6.763,6.792,5.097275,5.0867000000000004,5.1128,FALSE,TRUE,TRUE,TRUE
step_0.01V_settle_200ms,static_threshold_hysteresis_step_0p01v_settle_time_200ms_p_voltage.csv,0.01,200,up,9.07,4,6.7835,6.768,6.792,5.10515,5.0912,5.1128,FALSE,TRUE,TRUE,TRUE
step_0.01V_settle_200ms,static_threshold_hysteresis_step_0p01v_settle_time_200ms_p_voltage.csv,0.01,200,up,9.08,4,6.78325,6.772,6.797,5.104925,5.0948,5.1173,FALSE,TRUE,TRUE,TRUE
step_0.01V_settle_200ms,static_threshold_hysteresis_step_0p01v_settle_time_200ms_p_voltage.csv,0.01,200,up,9.09,4,6.797,6.782,6.802,5.1173,5.103800000000001,5.1217999999999995,FALSE,TRUE,TRUE,TRUE
step_0.01V_settle_200ms,static_threshold_hysteresis_step_0p01v_settle_time_200ms_p_voltage.csv,0.01,200,up,9.1,4,6.80175,6.787,6.816,5.121575,5.1083,5.1344,FALSE,TRUE,TRUE,TRUE
step_0.01V_settle_200ms,static_threshold_hysteresis_step_0p01v_settle_time_200ms_p_voltage.csv,0.01,200,up,9.11,4,6.80325,6.787,6.812,5.122925,5.1083,5.130800000000001,FALSE,TRUE,TRUE,TRUE
step_0.01V_settle_200ms,static_threshold_hysteresis_step_0p01v_settle_time_200ms_p_voltage.csv,0.01,200,up,9.12,4,6.8105,6.792,6.826,5.12945,5.1128,5.1434,FALSE,TRUE,TRUE,TRUE
step_0.01V_settle_200ms,static_threshold_hysteresis_step_0p01v_settle_time_200ms_p_voltage.csv,0.01,200,up,9.13,4,6.811249999999999,6.792,6.821,5.130125,5.1128,5.1389,FALSE,TRUE,TRUE,TRUE
step_0.01V_settle_200ms,static_threshold_hysteresis_step_0p01v_settle_time_200ms_p_voltage.csv,0.01,200,up,9.14,4,6.8225,6.792,6.836,5.14025,5.1128,5.1524,FALSE,TRUE,TRUE,TRUE
step_0.01V_settle_200ms,static_threshold_hysteresis_step_0p01v_settle_time_200ms_p_voltage.csv,0.01,200,up,9.15,4,6.8225,6.792,6.836,5.14025,5.1128,5.1524,FALSE,TRUE,TRUE,TRUE
step_0.01V_settle_200ms,static_threshold_hysteresis_step_0p01v_settle_time_200ms_p_voltage.csv,0.01,200,up,9.16,4,6.83375,6.792,6.851,5.150375,5.1128,5.1659,FALSE,TRUE,TRUE,TRUE
step_0.01V_settle_200ms,static_threshold_hysteresis_step_0p01v_settle_time_200ms_p_voltage.csv,0.01,200,up,9.17,4,6.8325,6.792,6.846,5.149249999999999,5.1128,5.1614,FALSE,TRUE,TRUE,TRUE
step_0.01V_settle_200ms,static_threshold_hysteresis_step_0p01v_settle_time_200ms_p_voltage.csv,0.01,200,up,9.18,4,6.8385,6.792,6.86,5.15465,5.1128,5.174,FALSE,TRUE,TRUE,TRUE
step_0.01V_settle_200ms,static_threshold_hysteresis_step_0p01v_settle_time_200ms_p_voltage.csv,0.01,200,up,9.19,4,6.843,6.787,6.875,5.1587000000000005,5.1083,5.1875,FALSE,TRUE,TRUE,TRUE
step_0.01V_settle_200ms,static_threshold_hysteresis_step_0p01v_settle_time_200ms_p_voltage.csv,0.01,200,up,9.2,4,6.84675,6.787,6.87,5.162075000000001,5.1083,5.183,FALSE,TRUE,TRUE,TRUE
step_0.01V_settle_200ms,static_threshold_hysteresis_step_0p01v_settle_time_200ms_p_voltage.csv,0.01,200,up,9.21,4,6.86175,6.782,6.895,5.175575,5.103800000000001,5.2055,FALSE,TRUE,TRUE,TRUE
step_0.01V_settle_200ms,static_threshold_hysteresis_step_0p01v_settle_time_200ms_p_voltage.csv,0.01,200,up,9.22,4,6.86275,6.782,6.899,5.176475,5.103800000000001,5.2091,FALSE,TRUE,TRUE,TRUE
step_0.01V_settle_200ms,static_threshold_hysteresis_step_0p01v_settle_time_200ms_p_voltage.csv,0.01,200,up,9.23,4,6.8655,6.787,6.895,5.17895,5.1083,5.2055,FALSE,TRUE,TRUE,TRUE
step_0.01V_settle_200ms,static_threshold_hysteresis_step_0p01v_settle_time_200ms_p_voltage.csv,0.01,200,up,9.24,4,6.87225,6.792,6.899,5.185025,5.1128,5.2091,FALSE,TRUE,TRUE,TRUE
step_0.01V_settle_200ms,static_threshold_hysteresis_step_0p01v_settle_time_200ms_p_voltage.csv,0.01,200,up,9.25,4,6.8759999999999994,6.787,6.919,5.1884,5.1083,5.2271,FALSE,TRUE,TRUE,TRUE
step_0.01V_settle_200ms,static_threshold_hysteresis_step_0p01v_settle_time_200ms_p_voltage.csv,0.01,200,up,9.26,4,6.8785,6.782,6.914,5.19065,5.103800000000001,5.2226,FALSE,TRUE,TRUE,TRUE
step_0.01V_settle_200ms,static_threshold_hysteresis_step_0p01v_settle_time_200ms_p_voltage.csv,0.01,200,up,9.27,4,6.8835,6.787,6.919,5.19515,5.1083,5.2271,FALSE,TRUE,TRUE,TRUE
step_0.01V_settle_200ms,static_threshold_hysteresis_step_0p01v_settle_time_200ms_p_voltage.csv,0.01,200,up,9.28,4,6.8957500000000005,6.787,6.948,5.206175000000001,5.1083,5.2532000000000005,FALSE,TRUE,TRUE,TRUE
step_0.01V_settle_200ms,static_threshold_hysteresis_step_0p01v_settle_time_200ms_p_voltage.csv,0.01,200,up,9.29,4,6.89325,6.787,6.948,5.203925,5.1083,5.2532000000000005,FALSE,TRUE,TRUE,TRUE
step_0.01V_settle_200ms,static_threshold_hysteresis_step_0p01v_settle_time_200ms_p_voltage.csv,0.01,200,up,9.3,4,6.904,6.787,6.953,5.2136000000000005,5.1083,5.257700000000001,FALSE,TRUE,TRUE,TRUE
step_0.01V_settle_200ms,static_threshold_hysteresis_step_0p01v_settle_time_200ms_p_voltage.csv,0.01,200,up,9.31,4,6.90525,6.787,6.958,5.214725,5.1083,5.2622,FALSE,TRUE,TRUE,TRUE
step_0.01V_settle_200ms,static_threshold_hysteresis_step_0p01v_settle_time_200ms_p_voltage.csv,0.01,200,up,9.32,4,6.9115,6.782,6.958,5.220350000000001,5.103800000000001,5.2622,FALSE,TRUE,TRUE,TRUE
step_0.01V_settle_200ms,static_threshold_hysteresis_step_0p01v_settle_time_200ms_p_voltage.csv,0.01,200,up,9.33,4,6.91525,6.787,6.968,5.223725000000001,5.1083,5.2712,FALSE,TRUE,TRUE,TRUE
step_0.01V_settle_200ms,static_threshold_hysteresis_step_0p01v_settle_time_200ms_p_voltage.csv,0.01,200,up,9.34,4,6.9165,6.782,6.968,5.22485,5.103800000000001,5.2712,FALSE,TRUE,TRUE,TRUE
step_0.01V_settle_200ms,static_threshold_hysteresis_step_0p01v_settle_time_200ms_p_voltage.csv,0.01,200,up,9.35,4,6.9215,6.782,6.978,5.22935,5.103800000000001,5.2802,FALSE,TRUE,TRUE,TRUE
step_0.01V_settle_200ms,static_threshold_hysteresis_step_0p01v_settle_time_200ms_p_voltage.csv,0.01,200,up,9.36,4,6.9275,6.782,6.982,5.23475,5.103800000000001,5.2838,FALSE,TRUE,TRUE,TRUE
step_0.01V_settle_200ms,static_threshold_hysteresis_step_0p01v_settle_time_200ms_p_voltage.csv,0.01,200,up,9.37,4,6.9357500000000005,6.782,6.997,5.2421750000000005,5.103800000000001,5.2973,FALSE,TRUE,TRUE,TRUE
step_0.01V_settle_200ms,static_threshold_hysteresis_step_0p01v_settle_time_200ms_p_voltage.csv,0.01,200,up,9.38,4,6.94325,6.777,7.002,5.248925,5.0993,5.3018,FALSE,TRUE,TRUE,TRUE
step_0.01V_settle_200ms,static_threshold_hysteresis_step_0p01v_settle_time_200ms_p_voltage.csv,0.01,200,up,9.39,4,6.942,6.777,7.007,5.247800000000001,5.0993,5.3063,FALSE,TRUE,TRUE,TRUE
step_0.01V_settle_200ms,static_threshold_hysteresis_step_0p01v_settle_time_200ms_p_voltage.csv,0.01,200,up,9.4,4,6.952,6.782,7.012,5.2568,5.103800000000001,5.3107999999999995,FALSE,TRUE,TRUE,TRUE
step_0.01V_settle_200ms,static_threshold_hysteresis_step_0p01v_settle_time_200ms_p_voltage.csv,0.01,200,up,9.41,4,6.95425,6.777,7.026,5.258825,5.0993,5.3234,FALSE,TRUE,TRUE,TRUE
step_0.01V_settle_200ms,static_threshold_hysteresis_step_0p01v_settle_time_200ms_p_voltage.csv,0.01,200,up,9.42,4,6.958,6.782,7.026,5.2622,5.103800000000001,5.3234,FALSE,TRUE,TRUE,TRUE
step_0.01V_settle_200ms,static_threshold_hysteresis_step_0p01v_settle_time_200ms_p_voltage.csv,0.01,200,up,9.43,4,6.96375,6.777,7.036,5.267375,5.0993,5.3324,FALSE,TRUE,TRUE,TRUE
step_0.01V_settle_200ms,static_threshold_hysteresis_step_0p01v_settle_time_200ms_p_voltage.csv,0.01,200,up,9.44,4,6.96875,6.777,7.036,5.2718750000000005,5.0993,5.3324,FALSE,TRUE,TRUE,TRUE
step_0.01V_settle_200ms,static_threshold_hysteresis_step_0p01v_settle_time_200ms_p_voltage.csv,0.01,200,up,9.45,4,6.97375,6.782,7.051,5.276375,5.103800000000001,5.3459,FALSE,TRUE,TRUE,TRUE
step_0.01V_settle_200ms,static_threshold_hysteresis_step_0p01v_settle_time_200ms_p_voltage.csv,0.01,200,up,9.46,4,6.98,6.787,7.051,5.282000000000001,5.1083,5.3459,FALSE,TRUE,TRUE,TRUE
step_0.01V_settle_200ms,static_threshold_hysteresis_step_0p01v_settle_time_200ms_p_voltage.csv,0.01,200,up,9.47,4,6.98,6.777,7.051,5.282000000000001,5.0993,5.3459,FALSE,TRUE,TRUE,TRUE
step_0.01V_settle_200ms,static_threshold_hysteresis_step_0p01v_settle_time_200ms_p_voltage.csv,0.01,200,up,9.48,4,6.98975,6.777,7.07,5.290775,5.0993,5.363,FALSE,TRUE,TRUE,TRUE
step_0.01V_settle_200ms,static_threshold_hysteresis_step_0p01v_settle_time_200ms_p_voltage.csv,0.01,200,up,9.49,4,6.9885,6.777,7.065,5.28965,5.0993,5.3585,FALSE,TRUE,TRUE,TRUE
step_0.01V_settle_200ms,static_threshold_hysteresis_step_0p01v_settle_time_200ms_p_voltage.csv,0.01,200,up,9.5,4,6.993,6.772,7.07,5.2937,5.0948,5.363,FALSE,TRUE,TRUE,TRUE
step_0.01V_settle_200ms,static_threshold_hysteresis_step_0p01v_settle_time_200ms_p_voltage.csv,0.01,200,up,9.51,4,7.003,6.777,7.095,5.302700000000001,5.0993,5.3854999999999995,FALSE,TRUE,TRUE,TRUE
step_0.01V_settle_200ms,static_threshold_hysteresis_step_0p01v_settle_time_200ms_p_voltage.csv,0.01,200,up,9.52,4,7.008,6.777,7.095,5.3072,5.0993,5.3854999999999995,FALSE,TRUE,TRUE,TRUE
step_0.01V_settle_200ms,static_threshold_hysteresis_step_0p01v_settle_time_200ms_p_voltage.csv,0.01,200,up,9.53,4,7.008,6.772,7.09,5.3072,5.0948,5.381,FALSE,TRUE,TRUE,TRUE
step_0.01V_settle_200ms,static_threshold_hysteresis_step_0p01v_settle_time_200ms_p_voltage.csv,0.01,200,up,9.54,4,7.01525,6.777,7.104,5.313725,5.0993,5.3936,FALSE,TRUE,TRUE,TRUE
step_0.01V_settle_200ms,static_threshold_hysteresis_step_0p01v_settle_time_200ms_p_voltage.csv,0.01,200,up,9.55,4,7.02125,6.777,7.104,5.3191250000000005,5.0993,5.3936,FALSE,TRUE,TRUE,TRUE
step_0.01V_settle_200ms,static_threshold_hysteresis_step_0p01v_settle_time_200ms_p_voltage.csv,0.01,200,up,9.56,4,7.02525,6.777,7.124,5.322725,5.0993,5.4116,FALSE,TRUE,TRUE,TRUE
step_0.01V_settle_200ms,static_threshold_hysteresis_step_0p01v_settle_time_200ms_p_voltage.csv,0.01,200,up,9.57,4,7.0322499999999994,6.777,7.124,5.329025,5.0993,5.4116,FALSE,TRUE,TRUE,TRUE
step_0.01V_settle_200ms,static_threshold_hysteresis_step_0p01v_settle_time_200ms_p_voltage.csv,0.01,200,up,9.58,4,7.02975,6.777,7.124,5.3267750000000005,5.0993,5.4116,FALSE,TRUE,TRUE,TRUE
step_0.01V_settle_200ms,static_threshold_hysteresis_step_0p01v_settle_time_200ms_p_voltage.csv,0.01,200,up,9.59,4,7.03975,6.772,7.139,5.335775,5.0948,5.4251000000000005,FALSE,TRUE,TRUE,TRUE
step_0.01V_settle_200ms,static_threshold_hysteresis_step_0p01v_settle_time_200ms_p_voltage.csv,0.01,200,up,9.6,4,7.04475,6.777,7.144,5.340275,5.0993,5.429600000000001,FALSE,TRUE,TRUE,TRUE
step_0.01V_settle_200ms,static_threshold_hysteresis_step_0p01v_settle_time_200ms_p_voltage.csv,0.01,200,up,9.61,4,7.0495,6.772,7.148,5.34455,5.0948,5.4332,FALSE,TRUE,TRUE,TRUE
step_0.01V_settle_200ms,static_threshold_hysteresis_step_0p01v_settle_time_200ms_p_voltage.csv,0.01,200,up,9.62,4,7.05575,6.772,7.163,5.350175,5.0948,5.446700000000001,FALSE,TRUE,TRUE,TRUE
step_0.01V_settle_200ms,static_threshold_hysteresis_step_0p01v_settle_time_200ms_p_voltage.csv,0.01,200,up,9.63,4,7.059,6.777,7.163,5.3531,5.0993,5.446700000000001,FALSE,TRUE,TRUE,TRUE
step_0.01V_settle_200ms,static_threshold_hysteresis_step_0p01v_settle_time_200ms_p_voltage.csv,0.01,200,up,9.64,4,7.062749999999999,6.772,7.173,5.356475,5.0948,5.4557,FALSE,TRUE,TRUE,TRUE
step_0.01V_settle_200ms,static_threshold_hysteresis_step_0p01v_settle_time_200ms_p_voltage.csv,0.01,200,up,9.65,4,7.0715,6.772,7.178,5.364350000000001,5.0948,5.4602,FALSE,TRUE,TRUE,TRUE
step_0.01V_settle_200ms,static_threshold_hysteresis_step_0p01v_settle_time_200ms_p_voltage.csv,0.01,200,up,9.66,4,7.079,6.768,7.192,5.3711,5.0912,5.4728,FALSE,TRUE,TRUE,TRUE
step_0.01V_settle_200ms,static_threshold_hysteresis_step_0p01v_settle_time_200ms_p_voltage.csv,0.01,200,up,9.67,4,7.073,6.768,7.178,5.3657,5.0912,5.4602,FALSE,TRUE,TRUE,TRUE
step_0.01V_settle_200ms,static_threshold_hysteresis_step_0p01v_settle_time_200ms_p_voltage.csv,0.01,200,up,9.68,4,7.07925,6.768,7.183,5.371325000000001,5.0912,5.4647,FALSE,TRUE,TRUE,TRUE
step_0.01V_settle_200ms,static_threshold_hysteresis_step_0p01v_settle_time_200ms_p_voltage.csv,0.01,200,up,9.69,4,7.0915,6.768,7.222,5.38235,5.0912,5.4998000000000005,FALSE,TRUE,TRUE,TRUE
step_0.01V_settle_200ms,static_threshold_hysteresis_step_0p01v_settle_time_200ms_p_voltage.csv,0.01,200,up,9.7,4,7.09575,6.772,7.217,5.386175,5.0948,5.495299999999999,FALSE,TRUE,TRUE,TRUE
step_0.01V_settle_200ms,static_threshold_hysteresis_step_0p01v_settle_time_200ms_p_voltage.csv,0.01,200,up,9.71,4,7.0947499999999994,6.768,7.217,5.385275,5.0912,5.495299999999999,FALSE,TRUE,TRUE,TRUE
step_0.01V_settle_200ms,static_threshold_hysteresis_step_0p01v_settle_time_200ms_p_voltage.csv,0.01,200,up,9.72,4,7.10075,6.772,7.217,5.390675,5.0948,5.495299999999999,FALSE,TRUE,TRUE,TRUE
step_0.01V_settle_200ms,static_threshold_hysteresis_step_0p01v_settle_time_200ms_p_voltage.csv,0.01,200,up,9.73,4,7.111750000000001,6.772,7.231,5.400575000000001,5.0948,5.5079,FALSE,TRUE,TRUE,TRUE
step_0.01V_settle_200ms,static_threshold_hysteresis_step_0p01v_settle_time_200ms_p_voltage.csv,0.01,200,up,9.74,4,7.112,6.768,7.236,5.4008,5.0912,5.5123999999999995,FALSE,TRUE,TRUE,TRUE
step_0.01V_settle_200ms,static_threshold_hysteresis_step_0p01v_settle_time_200ms_p_voltage.csv,0.01,200,up,9.75,4,7.12,6.772,7.236,5.408,5.0948,5.5123999999999995,FALSE,TRUE,TRUE,TRUE
step_0.01V_settle_200ms,static_threshold_hysteresis_step_0p01v_settle_time_200ms_p_voltage.csv,0.01,200,up,9.76,4,7.12,6.772,7.246,5.408,5.0948,5.521400000000001,FALSE,TRUE,TRUE,TRUE
step_0.01V_settle_200ms,static_threshold_hysteresis_step_0p01v_settle_time_200ms_p_voltage.csv,0.01,200,up,9.77,4,7.1265,6.768,7.256,5.41385,5.0912,5.5304,FALSE,TRUE,TRUE,TRUE
step_0.01V_settle_200ms,static_threshold_hysteresis_step_0p01v_settle_time_200ms_p_voltage.csv,0.01,200,up,9.78,4,7.130000000000001,6.772,7.256,5.417000000000001,5.0948,5.5304,FALSE,TRUE,TRUE,TRUE
step_0.01V_settle_200ms,static_threshold_hysteresis_step_0p01v_settle_time_200ms_p_voltage.csv,0.01,200,up,9.79,4,7.1365,6.768,7.266,5.42285,5.0912,5.5394000000000005,FALSE,TRUE,TRUE,TRUE
step_0.01V_settle_200ms,static_threshold_hysteresis_step_0p01v_settle_time_200ms_p_voltage.csv,0.01,200,up,9.8,4,7.14125,6.772,7.271,5.427125,5.0948,5.5439,FALSE,TRUE,TRUE,TRUE
step_0.01V_settle_200ms,static_threshold_hysteresis_step_0p01v_settle_time_200ms_p_voltage.csv,0.01,200,up,9.81,4,7.1525,6.768,7.3,5.43725,5.0912,5.57,FALSE,TRUE,TRUE,TRUE
step_0.01V_settle_200ms,static_threshold_hysteresis_step_0p01v_settle_time_200ms_p_voltage.csv,0.01,200,up,9.82,4,7.152,6.768,7.29,5.4368,5.0912,5.561,FALSE,TRUE,TRUE,TRUE
step_0.01V_settle_200ms,static_threshold_hysteresis_step_0p01v_settle_time_200ms_p_voltage.csv,0.01,200,up,9.83,4,7.1545000000000005,6.763,7.295,5.439050000000001,5.0867000000000004,5.5655,FALSE,TRUE,TRUE,TRUE
step_0.01V_settle_200ms,static_threshold_hysteresis_step_0p01v_settle_time_200ms_p_voltage.csv,0.01,200,up,9.84,4,7.16075,6.763,7.31,5.444675,5.0867000000000004,5.579,FALSE,TRUE,TRUE,TRUE
step_0.01V_settle_200ms,static_threshold_hysteresis_step_0p01v_settle_time_200ms_p_voltage.csv,0.01,200,up,9.85,4,7.16325,6.763,7.31,5.446925,5.0867000000000004,5.579,FALSE,TRUE,TRUE,TRUE
step_0.01V_settle_200ms,static_threshold_hysteresis_step_0p01v_settle_time_200ms_p_voltage.csv,0.01,200,up,9.86,4,7.173,6.768,7.314,5.4557,5.0912,5.5826,FALSE,TRUE,TRUE,TRUE
step_0.01V_settle_200ms,static_threshold_hysteresis_step_0p01v_settle_time_200ms_p_voltage.csv,0.01,200,up,9.87,4,7.1754999999999995,6.763,7.319,5.457949999999999,5.0867000000000004,5.5871,FALSE,TRUE,TRUE,TRUE
step_0.01V_settle_200ms,static_threshold_hysteresis_step_0p01v_settle_time_200ms_p_voltage.csv,0.01,200,up,9.88,4,7.18125,6.763,7.324,5.463125000000001,5.0867000000000004,5.5916,FALSE,TRUE,TRUE,TRUE
step_0.01V_settle_200ms,static_threshold_hysteresis_step_0p01v_settle_time_200ms_p_voltage.csv,0.01,200,up,9.89,4,7.185,6.768,7.334,5.4665,5.0912,5.6006,FALSE,TRUE,TRUE,TRUE
step_0.01V_settle_200ms,static_threshold_hysteresis_step_0p01v_settle_time_200ms_p_voltage.csv,0.01,200,up,9.9,4,7.1925,6.763,7.349,5.47325,5.0867000000000004,5.6141000000000005,FALSE,TRUE,TRUE,TRUE
step_0.01V_settle_200ms,static_threshold_hysteresis_step_0p01v_settle_time_200ms_p_voltage.csv,0.01,200,up,9.91,4,7.1925,6.768,7.344,5.47325,5.0912,5.6096,FALSE,TRUE,TRUE,TRUE
step_0.01V_settle_200ms,static_threshold_hysteresis_step_0p01v_settle_time_200ms_p_voltage.csv,0.01,200,up,9.92,4,7.201,6.768,7.368,5.4809,5.0912,5.631200000000001,FALSE,TRUE,TRUE,TRUE
step_0.01V_settle_200ms,static_threshold_hysteresis_step_0p01v_settle_time_200ms_p_voltage.csv,0.01,200,up,9.93,4,7.20225,6.763,7.368,5.482025,5.0867000000000004,5.631200000000001,FALSE,TRUE,TRUE,TRUE
step_0.01V_settle_200ms,static_threshold_hysteresis_step_0p01v_settle_time_200ms_p_voltage.csv,0.01,200,up,9.94,4,7.20975,6.768,7.373,5.4887749999999995,5.0912,5.6357,FALSE,TRUE,TRUE,TRUE
step_0.01V_settle_200ms,static_threshold_hysteresis_step_0p01v_settle_time_200ms_p_voltage.csv,0.01,200,up,9.95,4,7.20975,6.763,7.378,5.4887749999999995,5.0867000000000004,5.6402,FALSE,TRUE,TRUE,TRUE
step_0.01V_settle_200ms,static_threshold_hysteresis_step_0p01v_settle_time_200ms_p_voltage.csv,0.01,200,up,9.96,4,7.21225,6.763,7.378,5.4910250000000005,5.0867000000000004,5.6402,FALSE,TRUE,TRUE,TRUE
step_0.01V_settle_200ms,static_threshold_hysteresis_step_0p01v_settle_time_200ms_p_voltage.csv,0.01,200,up,9.97,4,7.211,6.763,7.383,5.4899000000000004,5.0867000000000004,5.6447,FALSE,TRUE,TRUE,TRUE
step_0.01V_settle_200ms,static_threshold_hysteresis_step_0p01v_settle_time_200ms_p_voltage.csv,0.01,200,up,9.98,4,7.2135,6.763,7.393,5.49215,5.0867000000000004,5.6537,FALSE,TRUE,TRUE,TRUE
step_0.01V_settle_200ms,static_threshold_hysteresis_step_0p01v_settle_time_200ms_p_voltage.csv,0.01,200,up,9.99,4,7.21475,6.768,7.393,5.493275000000001,5.0912,5.6537,FALSE,TRUE,TRUE,TRUE
step_0.01V_settle_200ms,static_threshold_hysteresis_step_0p01v_settle_time_200ms_p_voltage.csv,0.01,200,up,10,4,7.211,6.758,7.388,5.4899000000000004,5.0822,5.6492000000000004,FALSE,TRUE,TRUE,TRUE
step_0.01V_settle_200ms,static_threshold_hysteresis_step_0p01v_settle_time_200ms_p_voltage.csv,0.01,200,up,10.01,4,7.20975,6.758,7.393,5.4887749999999995,5.0822,5.6537,FALSE,TRUE,TRUE,TRUE
step_0.01V_settle_200ms,static_threshold_hysteresis_step_0p01v_settle_time_200ms_p_voltage.csv,0.01,200,down,0,7,0.791,0.786,0.796,0,0,0,TRUE,TRUE,TRUE,FALSE
step_0.01V_settle_200ms,static_threshold_hysteresis_step_0p01v_settle_time_200ms_p_voltage.csv,0.01,200,down,0.01,4,0.7897500000000001,0.786,0.791,0,0,0,TRUE,TRUE,TRUE,FALSE
step_0.01V_settle_200ms,static_threshold_hysteresis_step_0p01v_settle_time_200ms_p_voltage.csv,0.01,200,down,0.02,4,0.7897500000000001,0.781,0.796,0,0,0,TRUE,TRUE,TRUE,FALSE
step_0.01V_settle_200ms,static_threshold_hysteresis_step_0p01v_settle_time_200ms_p_voltage.csv,0.01,200,down,0.03,4,0.7897500000000001,0.786,0.791,0,0,0,TRUE,TRUE,TRUE,FALSE
step_0.01V_settle_200ms,static_threshold_hysteresis_step_0p01v_settle_time_200ms_p_voltage.csv,0.01,200,down,0.04,4,0.7897500000000001,0.786,0.791,0,0,0,TRUE,TRUE,TRUE,FALSE
step_0.01V_settle_200ms,static_threshold_hysteresis_step_0p01v_settle_time_200ms_p_voltage.csv,0.01,200,down,0.05,4,0.7897500000000001,0.786,0.791,0,0,0,TRUE,TRUE,TRUE,FALSE
step_0.01V_settle_200ms,static_threshold_hysteresis_step_0p01v_settle_time_200ms_p_voltage.csv,0.01,200,down,0.06,4,0.7897500000000001,0.786,0.791,0,0,0,TRUE,TRUE,TRUE,FALSE
step_0.01V_settle_200ms,static_threshold_hysteresis_step_0p01v_settle_time_200ms_p_voltage.csv,0.01,200,down,0.07,4,0.791,0.786,0.796,0,0,0,TRUE,TRUE,TRUE,FALSE
step_0.01V_settle_200ms,static_threshold_hysteresis_step_0p01v_settle_time_200ms_p_voltage.csv,0.01,200,down,0.08,4,0.79225,0.786,0.796,0,0,0,TRUE,TRUE,TRUE,FALSE
step_0.01V_settle_200ms,static_threshold_hysteresis_step_0p01v_settle_time_200ms_p_voltage.csv,0.01,200,down,0.09,4,0.7897500000000001,0.786,0.791,0,0,0,TRUE,TRUE,TRUE,FALSE
step_0.01V_settle_200ms,static_threshold_hysteresis_step_0p01v_settle_time_200ms_p_voltage.csv,0.01,200,down,0.1,4,0.791,0.791,0.791,0,0,0,TRUE,TRUE,TRUE,FALSE
step_0.01V_settle_200ms,static_threshold_hysteresis_step_0p01v_settle_time_200ms_p_voltage.csv,0.01,200,down,0.11,4,0.86275,0.859,0.864,0,0,0,TRUE,TRUE,TRUE,FALSE
step_0.01V_settle_200ms,static_threshold_hysteresis_step_0p01v_settle_time_200ms_p_voltage.csv,0.01,200,down,0.12,4,0.86525,0.859,0.874,0,0,0,TRUE,TRUE,TRUE,FALSE
step_0.01V_settle_200ms,static_threshold_hysteresis_step_0p01v_settle_time_200ms_p_voltage.csv,0.01,200,down,0.13,4,0.87525,0.869,0.879,0,0,0,TRUE,TRUE,TRUE,FALSE
step_0.01V_settle_200ms,static_threshold_hysteresis_step_0p01v_settle_time_200ms_p_voltage.csv,0.01,200,down,0.14,4,0.879,0.879,0.879,0,0,0,TRUE,TRUE,TRUE,FALSE
step_0.01V_settle_200ms,static_threshold_hysteresis_step_0p01v_settle_time_200ms_p_voltage.csv,0.01,200,down,0.15,4,0.88525,0.884,0.889,0,0,0,TRUE,TRUE,TRUE,FALSE
step_0.01V_settle_200ms,static_threshold_hysteresis_step_0p01v_settle_time_200ms_p_voltage.csv,0.01,200,down,0.16,4,0.89275,0.889,0.894,0,0,0,TRUE,TRUE,TRUE,FALSE
step_0.01V_settle_200ms,static_threshold_hysteresis_step_0p01v_settle_time_200ms_p_voltage.csv,0.01,200,down,0.17,4,0.9005000000000001,0.898,0.903,0,0,0,TRUE,TRUE,TRUE,FALSE
step_0.01V_settle_200ms,static_threshold_hysteresis_step_0p01v_settle_time_200ms_p_voltage.csv,0.01,200,down,0.18,4,0.908,0.903,0.913,0,0,0,TRUE,TRUE,TRUE,FALSE
step_0.01V_settle_200ms,static_threshold_hysteresis_step_0p01v_settle_time_200ms_p_voltage.csv,0.01,200,down,0.19,4,0.918,0.918,0.918,0,0,0,TRUE,TRUE,TRUE,FALSE
step_0.01V_settle_200ms,static_threshold_hysteresis_step_0p01v_settle_time_200ms_p_voltage.csv,0.01,200,down,0.2,4,0.9167500000000001,0.913,0.923,0,0,0,TRUE,TRUE,TRUE,FALSE
step_0.01V_settle_200ms,static_threshold_hysteresis_step_0p01v_settle_time_200ms_p_voltage.csv,0.01,200,down,0.21,4,0.92425,0.918,0.928,0,0,0,TRUE,TRUE,TRUE,FALSE
step_0.01V_settle_200ms,static_threshold_hysteresis_step_0p01v_settle_time_200ms_p_voltage.csv,0.01,200,down,0.22,4,0.93425,0.928,0.938,0,0,0,TRUE,TRUE,TRUE,FALSE
step_0.01V_settle_200ms,static_threshold_hysteresis_step_0p01v_settle_time_200ms_p_voltage.csv,0.01,200,down,0.23,4,0.942,0.942,0.942,0,0,0,TRUE,TRUE,TRUE,FALSE
step_0.01V_settle_200ms,static_threshold_hysteresis_step_0p01v_settle_time_200ms_p_voltage.csv,0.01,200,down,0.24,4,0.947,0.947,0.947,0,0,0,TRUE,TRUE,TRUE,FALSE
step_0.01V_settle_200ms,static_threshold_hysteresis_step_0p01v_settle_time_200ms_p_voltage.csv,0.01,200,down,0.25,4,0.952,0.952,0.952,0,0,0,TRUE,TRUE,TRUE,FALSE
step_0.01V_settle_200ms,static_threshold_hysteresis_step_0p01v_settle_time_200ms_p_voltage.csv,0.01,200,down,0.26,4,0.9595,0.952,0.962,0,0,0,TRUE,TRUE,TRUE,FALSE
step_0.01V_settle_200ms,static_threshold_hysteresis_step_0p01v_settle_time_200ms_p_voltage.csv,0.01,200,down,0.27,4,0.967,0.957,0.972,0,0,0,TRUE,TRUE,TRUE,FALSE
step_0.01V_settle_200ms,static_threshold_hysteresis_step_0p01v_settle_time_200ms_p_voltage.csv,0.01,200,down,0.28,4,0.9755,0.967,0.981,0,0,0,TRUE,TRUE,TRUE,FALSE
step_0.01V_settle_200ms,static_threshold_hysteresis_step_0p01v_settle_time_200ms_p_voltage.csv,0.01,200,down,0.29,4,0.9804999999999999,0.977,0.991,0,0,0,TRUE,TRUE,TRUE,FALSE
step_0.01V_settle_200ms,static_threshold_hysteresis_step_0p01v_settle_time_200ms_p_voltage.csv,0.01,200,down,0.3,4,0.9877499999999999,0.977,1.001,0,0,0,TRUE,TRUE,TRUE,FALSE
step_0.01V_settle_200ms,static_threshold_hysteresis_step_0p01v_settle_time_200ms_p_voltage.csv,0.01,200,down,0.31,4,0.99725,0.991,1.006,0,0,0,TRUE,TRUE,TRUE,FALSE
step_0.01V_settle_200ms,static_threshold_hysteresis_step_0p01v_settle_time_200ms_p_voltage.csv,0.01,200,down,0.32,4,1.0034999999999998,1.001,1.011,0,0,0,TRUE,TRUE,TRUE,FALSE
step_0.01V_settle_200ms,static_threshold_hysteresis_step_0p01v_settle_time_200ms_p_voltage.csv,0.01,200,down,0.33,4,1.011,1.006,1.016,0,0,0,TRUE,TRUE,TRUE,FALSE
step_0.01V_settle_200ms,static_threshold_hysteresis_step_0p01v_settle_time_200ms_p_voltage.csv,0.01,200,down,0.34,4,1.0205,1.011,1.025,0,0,0,TRUE,TRUE,TRUE,FALSE
step_0.01V_settle_200ms,static_threshold_hysteresis_step_0p01v_settle_time_200ms_p_voltage.csv,0.01,200,down,0.35,4,1.0227499999999998,1.016,1.025,0,0,0,TRUE,TRUE,TRUE,FALSE
step_0.01V_settle_200ms,static_threshold_hysteresis_step_0p01v_settle_time_200ms_p_voltage.csv,0.01,200,down,0.36,4,1.03375,1.025,1.04,0,0,0,TRUE,TRUE,TRUE,FALSE
step_0.01V_settle_200ms,static_threshold_hysteresis_step_0p01v_settle_time_200ms_p_voltage.csv,0.01,200,down,0.37,4,1.035,1.025,1.04,0,0,0,TRUE,TRUE,TRUE,FALSE
step_0.01V_settle_200ms,static_threshold_hysteresis_step_0p01v_settle_time_200ms_p_voltage.csv,0.01,200,down,0.38,4,1.04375,1.04,1.045,0,0,0,TRUE,TRUE,TRUE,FALSE
step_0.01V_settle_200ms,static_threshold_hysteresis_step_0p01v_settle_time_200ms_p_voltage.csv,0.01,200,down,0.39,4,1.04875,1.045,1.05,0,0,0,TRUE,TRUE,TRUE,FALSE
step_0.01V_settle_200ms,static_threshold_hysteresis_step_0p01v_settle_time_200ms_p_voltage.csv,0.01,200,down,0.4,4,1.05375,1.05,1.055,0,0,0,TRUE,TRUE,TRUE,FALSE
step_0.01V_settle_200ms,static_threshold_hysteresis_step_0p01v_settle_time_200ms_p_voltage.csv,0.01,200,down,0.41,4,1.0575,1.05,1.06,0,0,0,TRUE,TRUE,TRUE,FALSE
step_0.01V_settle_200ms,static_threshold_hysteresis_step_0p01v_settle_time_200ms_p_voltage.csv,0.01,200,down,0.42,4,1.06325,1.055,1.069,0,0,0,TRUE,TRUE,TRUE,FALSE
step_0.01V_settle_200ms,static_threshold_hysteresis_step_0p01v_settle_time_200ms_p_voltage.csv,0.01,200,down,0.43,4,1.0702500000000001,1.064,1.074,0,0,0,TRUE,TRUE,TRUE,FALSE
step_0.01V_settle_200ms,static_threshold_hysteresis_step_0p01v_settle_time_200ms_p_voltage.csv,0.01,200,down,0.44,4,1.074,1.074,1.074,0,0,0,TRUE,TRUE,TRUE,FALSE
step_0.01V_settle_200ms,static_threshold_hysteresis_step_0p01v_settle_time_200ms_p_voltage.csv,0.01,200,down,0.45,4,1.08275,1.079,1.084,0,0,0,TRUE,TRUE,TRUE,FALSE
step_0.01V_settle_200ms,static_threshold_hysteresis_step_0p01v_settle_time_200ms_p_voltage.csv,0.01,200,down,0.46,4,1.08775,1.084,1.089,0,0,0,TRUE,TRUE,TRUE,FALSE
step_0.01V_settle_200ms,static_threshold_hysteresis_step_0p01v_settle_time_200ms_p_voltage.csv,0.01,200,down,0.47,4,1.094,1.094,1.094,0,0,0,TRUE,TRUE,TRUE,FALSE
step_0.01V_settle_200ms,static_threshold_hysteresis_step_0p01v_settle_time_200ms_p_voltage.csv,0.01,200,down,0.48,4,1.099,1.099,1.099,0,0,0,TRUE,TRUE,TRUE,FALSE
step_0.01V_settle_200ms,static_threshold_hysteresis_step_0p01v_settle_time_200ms_p_voltage.csv,0.01,200,down,0.49,4,1.1070000000000002,1.104,1.108,0,0,0,TRUE,TRUE,TRUE,FALSE
step_0.01V_settle_200ms,static_threshold_hysteresis_step_0p01v_settle_time_200ms_p_voltage.csv,0.01,200,down,0.5,4,1.1155,1.113,1.118,0.003949999999999898,0.0017000000000000348,0.006200000000000205,FALSE,TRUE,TRUE,TRUE
step_0.01V_settle_200ms,static_threshold_hysteresis_step_0p01v_settle_time_200ms_p_voltage.csv,0.01,200,down,0.51,4,1.12425,1.123,1.128,0.011824999999999974,0.010699999999999932,0.01519999999999988,FALSE,TRUE,TRUE,TRUE
step_0.01V_settle_200ms,static_threshold_hysteresis_step_0p01v_settle_time_200ms_p_voltage.csv,0.01,200,down,0.52,4,1.1292499999999999,1.128,1.133,0.016324999999999923,0.01519999999999988,0.01970000000000005,FALSE,TRUE,TRUE,TRUE
step_0.01V_settle_200ms,static_threshold_hysteresis_step_0p01v_settle_time_200ms_p_voltage.csv,0.01,200,down,0.53,4,1.138,1.138,1.138,0.0242,0.0242,0.0242,FALSE,TRUE,TRUE,TRUE
step_0.01V_settle_200ms,static_threshold_hysteresis_step_0p01v_settle_time_200ms_p_voltage.csv,0.01,200,down,0.54,4,1.1415,1.138,1.147,0.027349999999999985,0.0242,0.032299999999999995,FALSE,TRUE,TRUE,TRUE
step_0.01V_settle_200ms,static_threshold_hysteresis_step_0p01v_settle_time_200ms_p_voltage.csv,0.01,200,down,0.55,4,1.152,1.152,1.152,0.036799999999999944,0.036799999999999944,0.036799999999999944,FALSE,TRUE,TRUE,TRUE
step_0.01V_settle_200ms,static_threshold_hysteresis_step_0p01v_settle_time_200ms_p_voltage.csv,0.01,200,down,0.56,4,1.15825,1.157,1.162,0.042424999999999935,0.041300000000000114,0.04580000000000006,FALSE,TRUE,TRUE,TRUE
step_0.01V_settle_200ms,static_threshold_hysteresis_step_0p01v_settle_time_200ms_p_voltage.csv,0.01,200,down,0.57,4,1.16325,1.162,1.167,0.046924999999999883,0.04580000000000006,0.05030000000000001,FALSE,TRUE,TRUE,TRUE
step_0.01V_settle_200ms,static_threshold_hysteresis_step_0p01v_settle_time_200ms_p_voltage.csv,0.01,200,down,0.58,4,1.17075,1.167,1.177,0.05367499999999992,0.05030000000000001,0.05930000000000013,FALSE,TRUE,TRUE,TRUE
step_0.01V_settle_200ms,static_threshold_hysteresis_step_0p01v_settle_time_200ms_p_voltage.csv,0.01,200,down,0.59,4,1.1744999999999999,1.172,1.182,0.05704999999999982,0.05479999999999996,0.06380000000000008,FALSE,TRUE,TRUE,TRUE
step_0.01V_settle_200ms,static_threshold_hysteresis_step_0p01v_settle_time_200ms_p_voltage.csv,0.01,200,down,0.6,4,1.187,1.187,1.187,0.06830000000000003,0.06830000000000003,0.06830000000000003,FALSE,TRUE,TRUE,TRUE
step_0.01V_settle_200ms,static_threshold_hysteresis_step_0p01v_settle_time_200ms_p_voltage.csv,0.01,200,down,0.61,4,1.189,1.187,1.191,0.07010000000000005,0.06830000000000003,0.07190000000000007,FALSE,TRUE,TRUE,TRUE
step_0.01V_settle_200ms,static_threshold_hysteresis_step_0p01v_settle_time_200ms_p_voltage.csv,0.01,200,down,0.62,4,1.19975,1.196,1.201,0.07977500000000015,0.07640000000000002,0.0809000000000002,FALSE,TRUE,TRUE,TRUE
step_0.01V_settle_200ms,static_threshold_hysteresis_step_0p01v_settle_time_200ms_p_voltage.csv,0.01,200,down,0.63,4,1.19975,1.196,1.201,0.07977500000000015,0.07640000000000002,0.0809000000000002,FALSE,TRUE,TRUE,TRUE
step_0.01V_settle_200ms,static_threshold_hysteresis_step_0p01v_settle_time_200ms_p_voltage.csv,0.01,200,down,0.64,4,1.20975,1.206,1.211,0.08877500000000005,0.08539999999999992,0.08990000000000009,FALSE,TRUE,TRUE,TRUE
step_0.01V_settle_200ms,static_threshold_hysteresis_step_0p01v_settle_time_200ms_p_voltage.csv,0.01,200,down,0.65,4,1.216,1.216,1.216,0.09440000000000004,0.09440000000000004,0.09440000000000004,FALSE,TRUE,TRUE,TRUE
step_0.01V_settle_200ms,static_threshold_hysteresis_step_0p01v_settle_time_200ms_p_voltage.csv,0.01,200,down,0.66,4,1.221,1.221,1.221,0.09890000000000021,0.09890000000000021,0.09890000000000021,FALSE,TRUE,TRUE,TRUE
step_0.01V_settle_200ms,static_threshold_hysteresis_step_0p01v_settle_time_200ms_p_voltage.csv,0.01,200,down,0.67,4,1.23,1.23,1.23,0.10699999999999998,0.10699999999999998,0.10699999999999998,FALSE,TRUE,TRUE,TRUE
step_0.01V_settle_200ms,static_threshold_hysteresis_step_0p01v_settle_time_200ms_p_voltage.csv,0.01,200,down,0.68,4,1.23525,1.226,1.24,0.11172500000000007,0.10339999999999994,0.1160000000000001,FALSE,TRUE,TRUE,TRUE
step_0.01V_settle_200ms,static_threshold_hysteresis_step_0p01v_settle_time_200ms_p_voltage.csv,0.01,200,down,0.69,4,1.2425000000000002,1.24,1.245,0.11825000000000019,0.1160000000000001,0.12050000000000005,FALSE,TRUE,TRUE,TRUE
step_0.01V_settle_200ms,static_threshold_hysteresis_step_0p01v_settle_time_200ms_p_voltage.csv,0.01,200,down,0.7,4,1.2475,1.24,1.25,0.12275000000000014,0.1160000000000001,0.125,FALSE,TRUE,TRUE,TRUE
step_0.01V_settle_200ms,static_threshold_hysteresis_step_0p01v_settle_time_200ms_p_voltage.csv,0.01,200,down,0.71,4,1.25375,1.25,1.255,0.1283749999999999,0.125,0.12949999999999995,FALSE,TRUE,TRUE,TRUE
step_0.01V_settle_200ms,static_threshold_hysteresis_step_0p01v_settle_time_200ms_p_voltage.csv,0.01,200,down,0.72,4,1.26375,1.26,1.265,0.13737500000000002,0.13400000000000012,0.13849999999999985,FALSE,TRUE,TRUE,TRUE
step_0.01V_settle_200ms,static_threshold_hysteresis_step_0p01v_settle_time_200ms_p_voltage.csv,0.01,200,down,0.73,4,1.271,1.27,1.274,0.14389999999999992,0.14300000000000002,0.14660000000000006,FALSE,TRUE,TRUE,TRUE
step_0.01V_settle_200ms,static_threshold_hysteresis_step_0p01v_settle_time_200ms_p_voltage.csv,0.01,200,down,0.74,4,1.27775,1.274,1.284,0.14997499999999997,0.14660000000000006,0.15559999999999996,FALSE,TRUE,TRUE,TRUE
step_0.01V_settle_200ms,static_threshold_hysteresis_step_0p01v_settle_time_200ms_p_voltage.csv,0.01,200,down,0.75,4,1.279,1.279,1.279,0.1511,0.1511,0.1511,FALSE,TRUE,TRUE,TRUE
step_0.01V_settle_200ms,static_threshold_hysteresis_step_0p01v_settle_time_200ms_p_voltage.csv,0.01,200,down,0.76,4,1.28525,1.284,1.289,0.156725,0.15559999999999996,0.1600999999999999,FALSE,TRUE,TRUE,TRUE
step_0.01V_settle_200ms,static_threshold_hysteresis_step_0p01v_settle_time_200ms_p_voltage.csv,0.01,200,down,0.77,4,1.294,1.289,1.299,0.16460000000000008,0.1600999999999999,0.16910000000000003,FALSE,TRUE,TRUE,TRUE
step_0.01V_settle_200ms,static_threshold_hysteresis_step_0p01v_settle_time_200ms_p_voltage.csv,0.01,200,down,0.78,4,1.30275,1.299,1.304,0.17247500000000016,0.16910000000000003,0.17359999999999998,FALSE,TRUE,TRUE,TRUE
step_0.01V_settle_200ms,static_threshold_hysteresis_step_0p01v_settle_time_200ms_p_voltage.csv,0.01,200,down,0.79,4,1.31,1.309,1.313,0.17900000000000005,0.17809999999999993,0.18169999999999997,FALSE,TRUE,TRUE,TRUE
step_0.01V_settle_200ms,static_threshold_hysteresis_step_0p01v_settle_time_200ms_p_voltage.csv,0.01,200,down,0.8,4,1.31225,1.309,1.318,0.181025,0.17809999999999993,0.18620000000000014,FALSE,TRUE,TRUE,TRUE
step_0.01V_settle_200ms,static_threshold_hysteresis_step_0p01v_settle_time_200ms_p_voltage.csv,0.01,200,down,0.81,4,1.32425,1.323,1.328,0.1918249999999999,0.1907000000000001,0.19520000000000004,FALSE,TRUE,TRUE,TRUE
step_0.01V_settle_200ms,static_threshold_hysteresis_step_0p01v_settle_time_200ms_p_voltage.csv,0.01,200,down,0.82,4,1.32675,1.323,1.328,0.19407500000000022,0.1907000000000001,0.19520000000000004,FALSE,TRUE,TRUE,TRUE
step_0.01V_settle_200ms,static_threshold_hysteresis_step_0p01v_settle_time_200ms_p_voltage.csv,0.01,200,down,0.83,4,1.338,1.338,1.338,0.20420000000000016,0.20420000000000016,0.20420000000000016,FALSE,TRUE,TRUE,TRUE
step_0.01V_settle_200ms,static_threshold_hysteresis_step_0p01v_settle_time_200ms_p_voltage.csv,0.01,200,down,0.84,4,1.34425,1.343,1.348,0.20982499999999993,0.2087000000000001,0.21320000000000006,FALSE,TRUE,TRUE,TRUE
step_0.01V_settle_200ms,static_threshold_hysteresis_step_0p01v_settle_time_200ms_p_voltage.csv,0.01,200,down,0.85,4,1.354,1.353,1.357,0.21860000000000013,0.2177,0.22130000000000005,FALSE,TRUE,TRUE,TRUE
step_0.01V_settle_200ms,static_threshold_hysteresis_step_0p01v_settle_time_200ms_p_voltage.csv,0.01,200,down,0.86,4,1.357,1.357,1.357,0.22130000000000005,0.22130000000000005,0.22130000000000005,FALSE,TRUE,TRUE,TRUE
step_0.01V_settle_200ms,static_threshold_hysteresis_step_0p01v_settle_time_200ms_p_voltage.csv,0.01,200,down,0.87,4,1.3645,1.362,1.367,0.22805000000000009,0.22580000000000022,0.23029999999999995,FALSE,TRUE,TRUE,TRUE
step_0.01V_settle_200ms,static_threshold_hysteresis_step_0p01v_settle_time_200ms_p_voltage.csv,0.01,200,down,0.88,4,1.3695,1.367,1.377,0.23255000000000003,0.23029999999999995,0.23930000000000007,FALSE,TRUE,TRUE,TRUE
step_0.01V_settle_200ms,static_threshold_hysteresis_step_0p01v_settle_time_200ms_p_voltage.csv,0.01,200,down,0.89,4,1.38075,1.377,1.382,0.24267499999999997,0.23930000000000007,0.24380000000000002,FALSE,TRUE,TRUE,TRUE
step_0.01V_settle_200ms,static_threshold_hysteresis_step_0p01v_settle_time_200ms_p_voltage.csv,0.01,200,down,0.9,4,1.3845,1.382,1.387,0.2460500000000001,0.24380000000000002,0.24829999999999997,FALSE,TRUE,TRUE,TRUE
step_0.01V_settle_200ms,static_threshold_hysteresis_step_0p01v_settle_time_200ms_p_voltage.csv,0.01,200,down,0.91,4,1.387,1.382,1.392,0.24829999999999997,0.24380000000000002,0.2527999999999999,FALSE,TRUE,TRUE,TRUE
step_0.01V_settle_200ms,static_threshold_hysteresis_step_0p01v_settle_time_200ms_p_voltage.csv,0.01,200,down,0.92,4,1.394,1.392,1.396,0.25459999999999994,0.2527999999999999,0.25639999999999996,FALSE,TRUE,TRUE,TRUE
step_0.01V_settle_200ms,static_threshold_hysteresis_step_0p01v_settle_time_200ms_p_voltage.csv,0.01,200,down,0.93,4,1.4009999999999998,1.396,1.406,0.2608999999999999,0.25639999999999996,0.26539999999999986,FALSE,TRUE,TRUE,TRUE
step_0.01V_settle_200ms,static_threshold_hysteresis_step_0p01v_settle_time_200ms_p_voltage.csv,0.01,200,down,0.94,4,1.411,1.411,1.411,0.26990000000000003,0.26990000000000003,0.26990000000000003,FALSE,TRUE,TRUE,TRUE
step_0.01V_settle_200ms,static_threshold_hysteresis_step_0p01v_settle_time_200ms_p_voltage.csv,0.01,200,down,0.95,4,1.41725,1.416,1.421,0.275525,0.2744,0.27890000000000015,FALSE,TRUE,TRUE,TRUE
step_0.01V_settle_200ms,static_threshold_hysteresis_step_0p01v_settle_time_200ms_p_voltage.csv,0.01,200,down,0.96,4,1.4235,1.421,1.426,0.28115,0.27890000000000015,0.2833999999999999,FALSE,TRUE,TRUE,TRUE
step_0.01V_settle_200ms,static_threshold_hysteresis_step_0p01v_settle_time_200ms_p_voltage.csv,0.01,200,down,0.97,4,1.4335,1.431,1.436,0.29015000000000013,0.28790000000000004,0.2924,FALSE,TRUE,TRUE,TRUE
step_0.01V_settle_200ms,static_threshold_hysteresis_step_0p01v_settle_time_200ms_p_voltage.csv,0.01,200,down,0.98,4,1.438,1.436,1.44,0.2942,0.2924,0.29600000000000004,FALSE,TRUE,TRUE,TRUE
step_0.01V_settle_200ms,static_threshold_hysteresis_step_0p01v_settle_time_200ms_p_voltage.csv,0.01,200,down,0.99,4,1.44125,1.44,1.445,0.29712499999999986,0.29600000000000004,0.3005,FALSE,TRUE,TRUE,TRUE
step_0.01V_settle_200ms,static_threshold_hysteresis_step_0p01v_settle_time_200ms_p_voltage.csv,0.01,200,down,1,4,1.455,1.455,1.455,0.3095000000000001,0.3095000000000001,0.3095000000000001,FALSE,TRUE,TRUE,TRUE
step_0.01V_settle_200ms,static_threshold_hysteresis_step_0p01v_settle_time_200ms_p_voltage.csv,0.01,200,down,1.01,4,1.46125,1.46,1.465,0.3151249999999999,0.31400000000000006,0.3185,FALSE,TRUE,TRUE,TRUE
step_0.01V_settle_200ms,static_threshold_hysteresis_step_0p01v_settle_time_200ms_p_voltage.csv,0.01,200,down,1.02,4,1.46875,1.465,1.47,0.32187500000000013,0.3185,0.32299999999999995,FALSE,TRUE,TRUE,TRUE
step_0.01V_settle_200ms,static_threshold_hysteresis_step_0p01v_settle_time_200ms_p_voltage.csv,0.01,200,down,1.03,4,1.4737500000000001,1.47,1.475,0.3263750000000001,0.32299999999999995,0.3275000000000001,FALSE,TRUE,TRUE,TRUE
step_0.01V_settle_200ms,static_threshold_hysteresis_step_0p01v_settle_time_200ms_p_voltage.csv,0.01,200,down,1.04,4,1.4737500000000001,1.47,1.475,0.3263750000000001,0.32299999999999995,0.3275000000000001,FALSE,TRUE,TRUE,TRUE
step_0.01V_settle_200ms,static_threshold_hysteresis_step_0p01v_settle_time_200ms_p_voltage.csv,0.01,200,down,1.05,4,1.48025,1.479,1.484,0.332225,0.33110000000000017,0.3356000000000001,FALSE,TRUE,TRUE,TRUE
step_0.01V_settle_200ms,static_threshold_hysteresis_step_0p01v_settle_time_200ms_p_voltage.csv,0.01,200,down,1.06,4,1.49025,1.489,1.494,0.3412250000000001,0.34010000000000007,0.3446,FALSE,TRUE,TRUE,TRUE
step_0.01V_settle_200ms,static_threshold_hysteresis_step_0p01v_settle_time_200ms_p_voltage.csv,0.01,200,down,1.07,4,1.499,1.494,1.504,0.3491000000000002,0.3446,0.35360000000000014,FALSE,TRUE,TRUE,TRUE
step_0.01V_settle_200ms,static_threshold_hysteresis_step_0p01v_settle_time_200ms_p_voltage.csv,0.01,200,down,1.08,4,1.504,1.504,1.504,0.35360000000000014,0.35360000000000014,0.35360000000000014,FALSE,TRUE,TRUE,TRUE
step_0.01V_settle_200ms,static_threshold_hysteresis_step_0p01v_settle_time_200ms_p_voltage.csv,0.01,200,down,1.09,4,1.5114999999999998,1.509,1.514,0.36034999999999995,0.35809999999999986,0.36260000000000003,FALSE,TRUE,TRUE,TRUE
step_0.01V_settle_200ms,static_threshold_hysteresis_step_0p01v_settle_time_200ms_p_voltage.csv,0.01,200,down,1.1,4,1.5165,1.514,1.519,0.3648499999999999,0.36260000000000003,0.3671,FALSE,TRUE,TRUE,TRUE
step_0.01V_settle_200ms,static_threshold_hysteresis_step_0p01v_settle_time_200ms_p_voltage.csv,0.01,200,down,1.11,4,1.521,1.519,1.523,0.3689,0.3671,0.37070000000000003,FALSE,TRUE,TRUE,TRUE
step_0.01V_settle_200ms,static_threshold_hysteresis_step_0p01v_settle_time_200ms_p_voltage.csv,0.01,200,down,1.12,4,1.528,1.528,1.528,0.3752,0.3752,0.3752,FALSE,TRUE,TRUE,TRUE
step_0.01V_settle_200ms,static_threshold_hysteresis_step_0p01v_settle_time_200ms_p_voltage.csv,0.01,200,down,1.13,4,1.53675,1.533,1.538,0.38307500000000005,0.3796999999999999,0.3842000000000001,FALSE,TRUE,TRUE,TRUE
step_0.01V_settle_200ms,static_threshold_hysteresis_step_0p01v_settle_time_200ms_p_voltage.csv,0.01,200,down,1.14,4,1.548,1.548,1.548,0.3932,0.3932,0.3932,FALSE,TRUE,TRUE,TRUE
step_0.01V_settle_200ms,static_threshold_hysteresis_step_0p01v_settle_time_200ms_p_voltage.csv,0.01,200,down,1.15,4,1.55175,1.548,1.553,0.3965749999999999,0.3932,0.39769999999999994,FALSE,TRUE,TRUE,TRUE
step_0.01V_settle_200ms,static_threshold_hysteresis_step_0p01v_settle_time_200ms_p_voltage.csv,0.01,200,down,1.16,4,1.564,1.563,1.567,0.4076000000000002,0.40670000000000006,0.4102999999999999,FALSE,TRUE,TRUE,TRUE
step_0.01V_settle_200ms,static_threshold_hysteresis_step_0p01v_settle_time_200ms_p_voltage.csv,0.01,200,down,1.17,4,1.565,1.563,1.567,0.4085000000000001,0.40670000000000006,0.4102999999999999,FALSE,TRUE,TRUE,TRUE
step_0.01V_settle_200ms,static_threshold_hysteresis_step_0p01v_settle_time_200ms_p_voltage.csv,0.01,200,down,1.18,4,1.57575,1.572,1.577,0.41817499999999996,0.41480000000000006,0.4193,FALSE,TRUE,TRUE,TRUE
step_0.01V_settle_200ms,static_threshold_hysteresis_step_0p01v_settle_time_200ms_p_voltage.csv,0.01,200,down,1.19,4,1.57825,1.577,1.582,0.42042500000000005,0.4193,0.4238000000000002,FALSE,TRUE,TRUE,TRUE
step_0.01V_settle_200ms,static_threshold_hysteresis_step_0p01v_settle_time_200ms_p_voltage.csv,0.01,200,down,1.2,4,1.58325,1.582,1.587,0.424925,0.4238000000000002,0.4282999999999999,FALSE,TRUE,TRUE,TRUE
step_0.01V_settle_200ms,static_threshold_hysteresis_step_0p01v_settle_time_200ms_p_voltage.csv,0.01,200,down,1.21,4,1.5907499999999999,1.587,1.597,0.43167500000000003,0.4282999999999999,0.4373,FALSE,TRUE,TRUE,TRUE
step_0.01V_settle_200ms,static_threshold_hysteresis_step_0p01v_settle_time_200ms_p_voltage.csv,0.01,200,down,1.22,4,1.5995,1.597,1.602,0.4395499999999999,0.4373,0.4418000000000002,FALSE,TRUE,TRUE,TRUE
step_0.01V_settle_200ms,static_threshold_hysteresis_step_0p01v_settle_time_200ms_p_voltage.csv,0.01,200,down,1.23,4,1.6030000000000002,1.602,1.606,0.4427000000000003,0.4418000000000002,0.4454,FALSE,TRUE,TRUE,TRUE
step_0.01V_settle_200ms,static_threshold_hysteresis_step_0p01v_settle_time_200ms_p_voltage.csv,0.01,200,down,1.24,4,1.61225,1.611,1.616,0.451025,0.44989999999999997,0.45440000000000014,FALSE,TRUE,TRUE,TRUE
step_0.01V_settle_200ms,static_threshold_hysteresis_step_0p01v_settle_time_200ms_p_voltage.csv,0.01,200,down,1.25,4,1.6135000000000002,1.611,1.616,0.4521500000000003,0.44989999999999997,0.45440000000000014,FALSE,TRUE,TRUE,TRUE
step_0.01V_settle_200ms,static_threshold_hysteresis_step_0p01v_settle_time_200ms_p_voltage.csv,0.01,200,down,1.26,4,1.61975,1.616,1.626,0.45777500000000004,0.45440000000000014,0.46340000000000003,FALSE,TRUE,TRUE,TRUE
step_0.01V_settle_200ms,static_threshold_hysteresis_step_0p01v_settle_time_200ms_p_voltage.csv,0.01,200,down,1.27,4,1.626,1.626,1.626,0.46340000000000003,0.46340000000000003,0.46340000000000003,FALSE,TRUE,TRUE,TRUE
step_0.01V_settle_200ms,static_threshold_hysteresis_step_0p01v_settle_time_200ms_p_voltage.csv,0.01,200,down,1.28,4,1.6385,1.636,1.641,0.47465,0.47239999999999993,0.4769000000000001,FALSE,TRUE,TRUE,TRUE
step_0.01V_settle_200ms,static_threshold_hysteresis_step_0p01v_settle_time_200ms_p_voltage.csv,0.01,200,down,1.29,4,1.641,1.641,1.641,0.4769000000000001,0.4769000000000001,0.4769000000000001,FALSE,TRUE,TRUE,TRUE
step_0.01V_settle_200ms,static_threshold_hysteresis_step_0p01v_settle_time_200ms_p_voltage.csv,0.01,200,down,1.3,4,1.649,1.646,1.65,0.4841,0.48140000000000005,0.4849999999999999,FALSE,TRUE,TRUE,TRUE
step_0.01V_settle_200ms,static_threshold_hysteresis_step_0p01v_settle_time_200ms_p_voltage.csv,0.01,200,down,1.31,4,1.6524999999999999,1.65,1.655,0.48724999999999996,0.4849999999999999,0.48950000000000005,FALSE,TRUE,TRUE,TRUE
step_0.01V_settle_200ms,static_threshold_hysteresis_step_0p01v_settle_time_200ms_p_voltage.csv,0.01,200,down,1.32,4,1.6600000000000001,1.655,1.665,0.4940000000000002,0.48950000000000005,0.49850000000000017,FALSE,TRUE,TRUE,TRUE
step_0.01V_settle_200ms,static_threshold_hysteresis_step_0p01v_settle_time_200ms_p_voltage.csv,0.01,200,down,1.33,4,1.6675,1.665,1.67,0.50075,0.49850000000000017,0.5029999999999999,FALSE,TRUE,TRUE,TRUE
step_0.01V_settle_200ms,static_threshold_hysteresis_step_0p01v_settle_time_200ms_p_voltage.csv,0.01,200,down,1.34,4,1.675,1.675,1.675,0.5075000000000001,0.5075000000000001,0.5075000000000001,FALSE,TRUE,TRUE,TRUE
step_0.01V_settle_200ms,static_threshold_hysteresis_step_0p01v_settle_time_200ms_p_voltage.csv,0.01,200,down,1.35,4,1.687,1.685,1.689,0.5183,0.5165000000000002,0.5201,FALSE,TRUE,TRUE,TRUE
step_0.01V_settle_200ms,static_threshold_hysteresis_step_0p01v_settle_time_200ms_p_voltage.csv,0.01,200,down,1.36,4,1.694,1.694,1.694,0.5246,0.5246,0.5246,FALSE,TRUE,TRUE,TRUE
step_0.01V_settle_200ms,static_threshold_hysteresis_step_0p01v_settle_time_200ms_p_voltage.csv,0.01,200,down,1.37,4,1.70275,1.699,1.704,0.532475,0.5291000000000001,0.5336000000000001,FALSE,TRUE,TRUE,TRUE
step_0.01V_settle_200ms,static_threshold_hysteresis_step_0p01v_settle_time_200ms_p_voltage.csv,0.01,200,down,1.38,4,1.7077499999999999,1.704,1.714,0.536975,0.5336000000000001,0.5426,FALSE,TRUE,TRUE,TRUE
step_0.01V_settle_200ms,static_threshold_hysteresis_step_0p01v_settle_time_200ms_p_voltage.csv,0.01,200,down,1.39,4,1.71525,1.714,1.719,0.543725,0.5426,0.5471000000000001,FALSE,TRUE,TRUE,TRUE
step_0.01V_settle_200ms,static_threshold_hysteresis_step_0p01v_settle_time_200ms_p_voltage.csv,0.01,200,down,1.4,4,1.72275,1.719,1.724,0.550475,0.5471000000000001,0.5516000000000001,FALSE,TRUE,TRUE,TRUE
step_0.01V_settle_200ms,static_threshold_hysteresis_step_0p01v_settle_time_200ms_p_voltage.csv,0.01,200,down,1.41,4,1.72525,1.724,1.729,0.5527249999999999,0.5516000000000001,0.5561,FALSE,TRUE,TRUE,TRUE
step_0.01V_settle_200ms,static_threshold_hysteresis_step_0p01v_settle_time_200ms_p_voltage.csv,0.01,200,down,1.42,4,1.733,1.733,1.733,0.5597000000000001,0.5597000000000001,0.5597000000000001,FALSE,TRUE,TRUE,TRUE
step_0.01V_settle_200ms,static_threshold_hysteresis_step_0p01v_settle_time_200ms_p_voltage.csv,0.01,200,down,1.43,4,1.7405000000000002,1.733,1.743,0.5664500000000001,0.5597000000000001,0.5687000000000002,FALSE,TRUE,TRUE,TRUE
step_0.01V_settle_200ms,static_threshold_hysteresis_step_0p01v_settle_time_200ms_p_voltage.csv,0.01,200,down,1.44,4,1.74925,1.748,1.753,0.574325,0.5731999999999999,0.5776999999999999,FALSE,TRUE,TRUE,TRUE
step_0.01V_settle_200ms,static_threshold_hysteresis_step_0p01v_settle_time_200ms_p_voltage.csv,0.01,200,down,1.45,4,1.75675,1.753,1.758,0.581075,0.5776999999999999,0.5822,FALSE,TRUE,TRUE,TRUE
step_0.01V_settle_200ms,static_threshold_hysteresis_step_0p01v_settle_time_200ms_p_voltage.csv,0.01,200,down,1.46,4,1.7605,1.758,1.763,0.5844499999999999,0.5822,0.5867,FALSE,TRUE,TRUE,TRUE
step_0.01V_settle_200ms,static_threshold_hysteresis_step_0p01v_settle_time_200ms_p_voltage.csv,0.01,200,down,1.47,4,1.763,1.763,1.763,0.5867,0.5867,0.5867,FALSE,TRUE,TRUE,TRUE
step_0.01V_settle_200ms,static_threshold_hysteresis_step_0p01v_settle_time_200ms_p_voltage.csv,0.01,200,down,1.48,4,1.772,1.772,1.772,0.5948,0.5948,0.5948,FALSE,TRUE,TRUE,TRUE
step_0.01V_settle_200ms,static_threshold_hysteresis_step_0p01v_settle_time_200ms_p_voltage.csv,0.01,200,down,1.49,4,1.7845,1.782,1.787,0.60605,0.6038000000000001,0.6083000000000001,FALSE,TRUE,TRUE,TRUE
step_0.01V_settle_200ms,static_threshold_hysteresis_step_0p01v_settle_time_200ms_p_voltage.csv,0.01,200,down,1.5,4,1.78575,1.782,1.787,0.607175,0.6038000000000001,0.6083000000000001,FALSE,TRUE,TRUE,TRUE
step_0.01V_settle_200ms,static_threshold_hysteresis_step_0p01v_settle_time_200ms_p_voltage.csv,0.01,200,down,1.51,4,1.792,1.787,1.797,0.6128,0.6083000000000001,0.6173,FALSE,TRUE,TRUE,TRUE
step_0.01V_settle_200ms,static_threshold_hysteresis_step_0p01v_settle_time_200ms_p_voltage.csv,0.01,200,down,1.52,4,1.797,1.797,1.797,0.6173,0.6173,0.6173,FALSE,TRUE,TRUE,TRUE
step_0.01V_settle_200ms,static_threshold_hysteresis_step_0p01v_settle_time_200ms_p_voltage.csv,0.01,200,down,1.53,4,1.81075,1.807,1.812,0.6296750000000002,0.6263000000000001,0.6308,FALSE,TRUE,TRUE,TRUE
step_0.01V_settle_200ms,static_threshold_hysteresis_step_0p01v_settle_time_200ms_p_voltage.csv,0.01,200,down,1.54,4,1.8115,1.807,1.816,0.6303500000000002,0.6263000000000001,0.6344000000000001,FALSE,TRUE,TRUE,TRUE
step_0.01V_settle_200ms,static_threshold_hysteresis_step_0p01v_settle_time_200ms_p_voltage.csv,0.01,200,down,1.55,4,1.8185,1.816,1.821,0.6366499999999999,0.6344000000000001,0.6389,FALSE,TRUE,TRUE,TRUE
step_0.01V_settle_200ms,static_threshold_hysteresis_step_0p01v_settle_time_200ms_p_voltage.csv,0.01,200,down,1.56,4,1.82475,1.821,1.826,0.6422750000000002,0.6389,0.6434000000000002,FALSE,TRUE,TRUE,TRUE
step_0.01V_settle_200ms,static_threshold_hysteresis_step_0p01v_settle_time_200ms_p_voltage.csv,0.01,200,down,1.57,4,1.83475,1.831,1.836,0.651275,0.6478999999999999,0.6524000000000001,FALSE,TRUE,TRUE,TRUE
step_0.01V_settle_200ms,static_threshold_hysteresis_step_0p01v_settle_time_200ms_p_voltage.csv,0.01,200,down,1.58,4,1.841,1.841,1.841,0.6569,0.6569,0.6569,FALSE,TRUE,TRUE,TRUE
step_0.01V_settle_200ms,static_threshold_hysteresis_step_0p01v_settle_time_200ms_p_voltage.csv,0.01,200,down,1.59,4,1.84475,1.841,1.851,0.660275,0.6569,0.6658999999999999,FALSE,TRUE,TRUE,TRUE
step_0.01V_settle_200ms,static_threshold_hysteresis_step_0p01v_settle_time_200ms_p_voltage.csv,0.01,200,down,1.6,4,1.85525,1.851,1.86,0.6697250000000001,0.6658999999999999,0.6740000000000002,FALSE,TRUE,TRUE,TRUE
step_0.01V_settle_200ms,static_threshold_hysteresis_step_0p01v_settle_time_200ms_p_voltage.csv,0.01,200,down,1.61,4,1.8625,1.86,1.865,0.67625,0.6740000000000002,0.6785000000000001,FALSE,TRUE,TRUE,TRUE
step_0.01V_settle_200ms,static_threshold_hysteresis_step_0p01v_settle_time_200ms_p_voltage.csv,0.01,200,down,1.62,4,1.8675000000000002,1.865,1.87,0.6807500000000002,0.6785000000000001,0.683,FALSE,TRUE,TRUE,TRUE
step_0.01V_settle_200ms,static_threshold_hysteresis_step_0p01v_settle_time_200ms_p_voltage.csv,0.01,200,down,1.63,4,1.87375,1.87,1.875,0.686375,0.683,0.6875,FALSE,TRUE,TRUE,TRUE
step_0.01V_settle_200ms,static_threshold_hysteresis_step_0p01v_settle_time_200ms_p_voltage.csv,0.01,200,down,1.64,4,1.8825,1.875,1.885,0.69425,0.6875,0.6965000000000001,FALSE,TRUE,TRUE,TRUE
step_0.01V_settle_200ms,static_threshold_hysteresis_step_0p01v_settle_time_200ms_p_voltage.csv,0.01,200,down,1.65,4,1.8912499999999999,1.885,1.895,0.7021249999999999,0.6965000000000001,0.7055,FALSE,TRUE,TRUE,TRUE
step_0.01V_settle_200ms,static_threshold_hysteresis_step_0p01v_settle_time_200ms_p_voltage.csv,0.01,200,down,1.66,4,1.89375,1.89,1.895,0.704375,0.7009999999999998,0.7055,FALSE,TRUE,TRUE,TRUE
step_0.01V_settle_200ms,static_threshold_hysteresis_step_0p01v_settle_time_200ms_p_voltage.csv,0.01,200,down,1.67,4,1.899,1.899,1.899,0.7091000000000001,0.7091000000000001,0.7091000000000001,FALSE,TRUE,TRUE,TRUE
step_0.01V_settle_200ms,static_threshold_hysteresis_step_0p01v_settle_time_200ms_p_voltage.csv,0.01,200,down,1.68,4,1.9052499999999999,1.904,1.909,0.7147249999999998,0.7136,0.7181,FALSE,TRUE,TRUE,TRUE
step_0.01V_settle_200ms,static_threshold_hysteresis_step_0p01v_settle_time_200ms_p_voltage.csv,0.01,200,down,1.69,4,1.9115,1.909,1.914,0.72035,0.7181,0.7225999999999999,FALSE,TRUE,TRUE,TRUE
step_0.01V_settle_200ms,static_threshold_hysteresis_step_0p01v_settle_time_200ms_p_voltage.csv,0.01,200,down,1.7,4,1.92025,1.919,1.924,0.7282250000000001,0.7271000000000001,0.7316,FALSE,TRUE,TRUE,TRUE
step_0.01V_settle_200ms,static_threshold_hysteresis_step_0p01v_settle_time_200ms_p_voltage.csv,0.01,200,down,1.71,4,1.924,1.924,1.924,0.7316,0.7316,0.7316,FALSE,TRUE,TRUE,TRUE
step_0.01V_settle_200ms,static_threshold_hysteresis_step_0p01v_settle_time_200ms_p_voltage.csv,0.01,200,down,1.72,4,1.93025,1.929,1.934,0.737225,0.7361,0.7405999999999999,FALSE,TRUE,TRUE,TRUE
step_0.01V_settle_200ms,static_threshold_hysteresis_step_0p01v_settle_time_200ms_p_voltage.csv,0.01,200,down,1.73,4,1.93375,1.929,1.943,0.740375,0.7361,0.7487000000000001,FALSE,TRUE,TRUE,TRUE
step_0.01V_settle_200ms,static_threshold_hysteresis_step_0p01v_settle_time_200ms_p_voltage.csv,0.01,200,down,1.74,4,1.943,1.943,1.943,0.7487000000000001,0.7487000000000001,0.7487000000000001,FALSE,TRUE,TRUE,TRUE
step_0.01V_settle_200ms,static_threshold_hysteresis_step_0p01v_settle_time_200ms_p_voltage.csv,0.01,200,down,1.75,4,1.95175,1.948,1.958,0.7565750000000002,0.7532000000000001,0.7622,FALSE,TRUE,TRUE,TRUE
step_0.01V_settle_200ms,static_threshold_hysteresis_step_0p01v_settle_time_200ms_p_voltage.csv,0.01,200,down,1.76,4,1.9555,1.953,1.958,0.7599500000000001,0.7577,0.7622,FALSE,TRUE,TRUE,TRUE
step_0.01V_settle_200ms,static_threshold_hysteresis_step_0p01v_settle_time_200ms_p_voltage.csv,0.01,200,down,1.77,4,1.9655,1.963,1.968,0.76895,0.7667000000000002,0.7712000000000001,FALSE,TRUE,TRUE,TRUE
step_0.01V_settle_200ms,static_threshold_hysteresis_step_0p01v_settle_time_200ms_p_voltage.csv,0.01,200,down,1.78,4,1.97425,1.968,1.978,0.7768250000000001,0.7712000000000001,0.7802,FALSE,TRUE,TRUE,TRUE
step_0.01V_settle_200ms,static_threshold_hysteresis_step_0p01v_settle_time_200ms_p_voltage.csv,0.01,200,down,1.79,4,1.979,1.978,1.982,0.7811000000000001,0.7802,0.7838,FALSE,TRUE,TRUE,TRUE
step_0.01V_settle_200ms,static_threshold_hysteresis_step_0p01v_settle_time_200ms_p_voltage.csv,0.01,200,down,1.8,4,1.9845000000000002,1.982,1.987,0.7860500000000001,0.7838,0.7883000000000002,FALSE,TRUE,TRUE,TRUE
step_0.01V_settle_200ms,static_threshold_hysteresis_step_0p01v_settle_time_200ms_p_voltage.csv,0.01,200,down,1.81,4,1.9945,1.992,1.997,0.79505,0.7928,0.7973000000000001,FALSE,TRUE,TRUE,TRUE
step_0.01V_settle_200ms,static_threshold_hysteresis_step_0p01v_settle_time_200ms_p_voltage.csv,0.01,200,down,1.82,4,2.002,2.002,2.002,0.8017999999999998,0.8017999999999998,0.8017999999999998,FALSE,TRUE,TRUE,TRUE
step_0.01V_settle_200ms,static_threshold_hysteresis_step_0p01v_settle_time_200ms_p_voltage.csv,0.01,200,down,1.83,4,2.007,2.007,2.007,0.8063000000000002,0.8063000000000002,0.8063000000000002,FALSE,TRUE,TRUE,TRUE
step_0.01V_settle_200ms,static_threshold_hysteresis_step_0p01v_settle_time_200ms_p_voltage.csv,0.01,200,down,1.84,4,2.01325,2.012,2.017,0.8119250000000002,0.8108,0.8152999999999999,FALSE,TRUE,TRUE,TRUE
step_0.01V_settle_200ms,static_threshold_hysteresis_step_0p01v_settle_time_200ms_p_voltage.csv,0.01,200,down,1.85,4,2.019,2.017,2.021,0.8171000000000002,0.8152999999999999,0.8189,FALSE,TRUE,TRUE,TRUE
step_0.01V_settle_200ms,static_threshold_hysteresis_step_0p01v_settle_time_200ms_p_voltage.csv,0.01,200,down,1.86,4,2.0285,2.021,2.031,0.8256500000000002,0.8189,0.8279000000000001,FALSE,TRUE,TRUE,TRUE
step_0.01V_settle_200ms,static_threshold_hysteresis_step_0p01v_settle_time_200ms_p_voltage.csv,0.01,200,down,1.87,4,2.03475,2.031,2.036,0.831275,0.8279000000000001,0.8324,FALSE,TRUE,TRUE,TRUE
step_0.01V_settle_200ms,static_threshold_hysteresis_step_0p01v_settle_time_200ms_p_voltage.csv,0.01,200,down,1.88,4,2.036,2.031,2.046,0.8324,0.8279000000000001,0.8413999999999999,FALSE,TRUE,TRUE,TRUE
step_0.01V_settle_200ms,static_threshold_hysteresis_step_0p01v_settle_time_200ms_p_voltage.csv,0.01,200,down,1.89,4,2.0485,2.041,2.051,0.8436500000000002,0.8369,0.8459000000000001,FALSE,TRUE,TRUE,TRUE
step_0.01V_settle_200ms,static_threshold_hysteresis_step_0p01v_settle_time_200ms_p_voltage.csv,0.01,200,down,1.9,4,2.0535,2.051,2.056,0.8481500000000002,0.8459000000000001,0.8504,FALSE,TRUE,TRUE,TRUE
step_0.01V_settle_200ms,static_threshold_hysteresis_step_0p01v_settle_time_200ms_p_voltage.csv,0.01,200,down,1.91,4,2.061,2.061,2.061,0.8549,0.8549,0.8549,FALSE,TRUE,TRUE,TRUE
step_0.01V_settle_200ms,static_threshold_hysteresis_step_0p01v_settle_time_200ms_p_voltage.csv,0.01,200,down,1.92,4,2.07,2.07,2.07,0.863,0.863,0.863,FALSE,TRUE,TRUE,TRUE
step_0.01V_settle_200ms,static_threshold_hysteresis_step_0p01v_settle_time_200ms_p_voltage.csv,0.01,200,down,1.93,4,2.0725,2.07,2.075,0.8652499999999999,0.863,0.8675000000000002,FALSE,TRUE,TRUE,TRUE
step_0.01V_settle_200ms,static_threshold_hysteresis_step_0p01v_settle_time_200ms_p_voltage.csv,0.01,200,down,1.94,4,2.08375,2.08,2.085,0.8753750000000002,0.8720000000000001,0.8765000000000001,FALSE,TRUE,TRUE,TRUE
step_0.01V_settle_200ms,static_threshold_hysteresis_step_0p01v_settle_time_200ms_p_voltage.csv,0.01,200,down,1.95,4,2.0862499999999997,2.08,2.09,0.8776249999999999,0.8720000000000001,0.881,FALSE,TRUE,TRUE,TRUE
step_0.01V_settle_200ms,static_threshold_hysteresis_step_0p01v_settle_time_200ms_p_voltage.csv,0.01,200,down,1.96,4,2.0975,2.095,2.1,0.8877500000000003,0.8855000000000002,0.8900000000000001,FALSE,TRUE,TRUE,TRUE
step_0.01V_settle_200ms,static_threshold_hysteresis_step_0p01v_settle_time_200ms_p_voltage.csv,0.01,200,down,1.97,4,2.10075,2.095,2.104,0.8906750000000001,0.8855000000000002,0.8936000000000002,FALSE,TRUE,TRUE,TRUE
step_0.01V_settle_200ms,static_threshold_hysteresis_step_0p01v_settle_time_200ms_p_voltage.csv,0.01,200,down,1.98,4,2.1102499999999997,2.109,2.114,0.8992249999999997,0.8981000000000001,0.9025999999999998,FALSE,TRUE,TRUE,TRUE
step_0.01V_settle_200ms,static_threshold_hysteresis_step_0p01v_settle_time_200ms_p_voltage.csv,0.01,200,down,1.99,4,2.1202500000000004,2.119,2.124,0.9082250000000005,0.9071000000000002,0.9116000000000002,FALSE,TRUE,TRUE,TRUE
step_0.01V_settle_200ms,static_threshold_hysteresis_step_0p01v_settle_time_200ms_p_voltage.csv,0.01,200,down,2,4,2.124,2.124,2.124,0.9116000000000002,0.9116000000000002,0.9116000000000002,FALSE,TRUE,TRUE,TRUE
step_0.01V_settle_200ms,static_threshold_hysteresis_step_0p01v_settle_time_200ms_p_voltage.csv,0.01,200,down,2.01,4,2.129,2.129,2.129,0.9161000000000001,0.9161000000000001,0.9161000000000001,FALSE,TRUE,TRUE,TRUE
step_0.01V_settle_200ms,static_threshold_hysteresis_step_0p01v_settle_time_200ms_p_voltage.csv,0.01,200,down,2.02,4,2.13525,2.129,2.144,0.9217250000000001,0.9161000000000001,0.9296000000000002,FALSE,TRUE,TRUE,TRUE
step_0.01V_settle_200ms,static_threshold_hysteresis_step_0p01v_settle_time_200ms_p_voltage.csv,0.01,200,down,2.03,4,2.14125,2.139,2.148,0.927125,0.9250999999999998,0.9332000000000003,FALSE,TRUE,TRUE,TRUE
step_0.01V_settle_200ms,static_threshold_hysteresis_step_0p01v_settle_time_200ms_p_voltage.csv,0.01,200,down,2.04,4,2.146,2.144,2.148,0.9314,0.9296000000000002,0.9332000000000003,FALSE,TRUE,TRUE,TRUE
step_0.01V_settle_200ms,static_threshold_hysteresis_step_0p01v_settle_time_200ms_p_voltage.csv,0.01,200,down,2.05,4,2.15425,2.153,2.158,0.9388250000000002,0.9377,0.9421999999999999,FALSE,TRUE,TRUE,TRUE
step_0.01V_settle_200ms,static_threshold_hysteresis_step_0p01v_settle_time_200ms_p_voltage.csv,0.01,200,down,2.06,4,2.16175,2.158,2.168,0.945575,0.9421999999999999,0.9512000000000003,FALSE,TRUE,TRUE,TRUE
step_0.01V_settle_200ms,static_threshold_hysteresis_step_0p01v_settle_time_200ms_p_voltage.csv,0.01,200,down,2.07,4,2.168,2.168,2.168,0.9512000000000003,0.9512000000000003,0.9512000000000003,FALSE,TRUE,TRUE,TRUE
step_0.01V_settle_200ms,static_threshold_hysteresis_step_0p01v_settle_time_200ms_p_voltage.csv,0.01,200,down,2.08,4,2.173,2.168,2.178,0.9557,0.9512000000000003,0.9601999999999999,FALSE,TRUE,TRUE,TRUE
step_0.01V_settle_200ms,static_threshold_hysteresis_step_0p01v_settle_time_200ms_p_voltage.csv,0.01,200,down,2.09,4,2.18175,2.178,2.183,0.9635750000000001,0.9601999999999999,0.9646999999999999,FALSE,TRUE,TRUE,TRUE
step_0.01V_settle_200ms,static_threshold_hysteresis_step_0p01v_settle_time_200ms_p_voltage.csv,0.01,200,down,2.1,4,2.189,2.188,2.192,0.9701000000000002,0.9692000000000003,0.9728000000000001,FALSE,TRUE,TRUE,TRUE
step_0.01V_settle_200ms,static_threshold_hysteresis_step_0p01v_settle_time_200ms_p_voltage.csv,0.01,200,down,2.11,4,2.19325,2.192,2.197,0.9739249999999999,0.9728000000000001,0.9773000000000001,FALSE,TRUE,TRUE,TRUE
step_0.01V_settle_200ms,static_threshold_hysteresis_step_0p01v_settle_time_200ms_p_voltage.csv,0.01,200,down,2.12,4,2.2045,2.202,2.207,0.9840499999999999,0.9818,0.9863,FALSE,TRUE,TRUE,TRUE
step_0.01V_settle_200ms,static_threshold_hysteresis_step_0p01v_settle_time_200ms_p_voltage.csv,0.01,200,down,2.13,4,2.21075,2.207,2.212,0.9896750000000001,0.9863,0.9908000000000001,FALSE,TRUE,TRUE,TRUE
step_0.01V_settle_200ms,static_threshold_hysteresis_step_0p01v_settle_time_200ms_p_voltage.csv,0.01,200,down,2.14,4,2.212,2.212,2.212,0.9908000000000001,0.9908000000000001,0.9908000000000001,FALSE,TRUE,TRUE,TRUE
step_0.01V_settle_200ms,static_threshold_hysteresis_step_0p01v_settle_time_200ms_p_voltage.csv,0.01,200,down,2.15,4,2.22075,2.217,2.222,0.9986749999999998,0.9953000000000001,0.9998,FALSE,TRUE,TRUE,TRUE
step_0.01V_settle_200ms,static_threshold_hysteresis_step_0p01v_settle_time_200ms_p_voltage.csv,0.01,200,down,2.16,4,2.2255,2.222,2.231,1.0029499999999998,0.9998,1.0078999999999998,FALSE,TRUE,TRUE,TRUE
step_0.01V_settle_200ms,static_threshold_hysteresis_step_0p01v_settle_time_200ms_p_voltage.csv,0.01,200,down,2.17,4,2.23225,2.231,2.236,1.0090250000000003,1.0078999999999998,1.0124000000000004,FALSE,TRUE,TRUE,TRUE
step_0.01V_settle_200ms,static_threshold_hysteresis_step_0p01v_settle_time_200ms_p_voltage.csv,0.01,200,down,2.18,4,2.23975,2.236,2.246,1.015775,1.0124000000000004,1.0213999999999999,FALSE,TRUE,TRUE,TRUE
step_0.01V_settle_200ms,static_threshold_hysteresis_step_0p01v_settle_time_200ms_p_voltage.csv,0.01,200,down,2.19,4,2.2485,2.241,2.251,1.02365,1.0169000000000001,1.0259,FALSE,TRUE,TRUE,TRUE
step_0.01V_settle_200ms,static_threshold_hysteresis_step_0p01v_settle_time_200ms_p_voltage.csv,0.01,200,down,2.2,4,2.2535,2.251,2.256,1.0281500000000001,1.0259,1.0303999999999998,FALSE,TRUE,TRUE,TRUE
step_0.01V_settle_200ms,static_threshold_hysteresis_step_0p01v_settle_time_200ms_p_voltage.csv,0.01,200,down,2.21,4,2.2635,2.261,2.266,1.03715,1.0349000000000004,1.0394,FALSE,TRUE,TRUE,TRUE
step_0.01V_settle_200ms,static_threshold_hysteresis_step_0p01v_settle_time_200ms_p_voltage.csv,0.01,200,down,2.22,4,2.271,2.271,2.271,1.0438999999999998,1.0438999999999998,1.0438999999999998,FALSE,TRUE,TRUE,TRUE
step_0.01V_settle_200ms,static_threshold_hysteresis_step_0p01v_settle_time_200ms_p_voltage.csv,0.01,200,down,2.23,4,2.2787499999999996,2.275,2.28,1.0508749999999996,1.0474999999999999,1.052,FALSE,TRUE,TRUE,TRUE
step_0.01V_settle_200ms,static_threshold_hysteresis_step_0p01v_settle_time_200ms_p_voltage.csv,0.01,200,down,2.24,4,2.28375,2.28,2.285,1.0553750000000002,1.052,1.0565000000000002,FALSE,TRUE,TRUE,TRUE
step_0.01V_settle_200ms,static_threshold_hysteresis_step_0p01v_settle_time_200ms_p_voltage.csv,0.01,200,down,2.25,4,2.2875,2.28,2.29,1.0587500000000003,1.052,1.061,FALSE,TRUE,TRUE,TRUE
step_0.01V_settle_200ms,static_threshold_hysteresis_step_0p01v_settle_time_200ms_p_voltage.csv,0.01,200,down,2.26,4,2.2925,2.29,2.295,1.06325,1.061,1.0655000000000001,FALSE,TRUE,TRUE,TRUE
step_0.01V_settle_200ms,static_threshold_hysteresis_step_0p01v_settle_time_200ms_p_voltage.csv,0.01,200,down,2.27,4,2.30375,2.3,2.305,1.073375,1.0699999999999998,1.0745,FALSE,TRUE,TRUE,TRUE
step_0.01V_settle_200ms,static_threshold_hysteresis_step_0p01v_settle_time_200ms_p_voltage.csv,0.01,200,down,2.28,4,2.3075,2.305,2.31,1.07675,1.0745,1.0790000000000002,FALSE,TRUE,TRUE,TRUE
step_0.01V_settle_200ms,static_threshold_hysteresis_step_0p01v_settle_time_200ms_p_voltage.csv,0.01,200,down,2.29,4,2.311,2.31,2.314,1.0798999999999999,1.0790000000000002,1.0826000000000002,FALSE,TRUE,TRUE,TRUE
step_0.01V_settle_200ms,static_threshold_hysteresis_step_0p01v_settle_time_200ms_p_voltage.csv,0.01,200,down,2.3,4,2.31775,2.314,2.319,1.0859750000000004,1.0826000000000002,1.0871,FALSE,TRUE,TRUE,TRUE
step_0.01V_settle_200ms,static_threshold_hysteresis_step_0p01v_settle_time_200ms_p_voltage.csv,0.01,200,down,2.31,4,2.324,2.324,2.324,1.0916000000000001,1.0916000000000001,1.0916000000000001,FALSE,TRUE,TRUE,TRUE
step_0.01V_settle_200ms,static_threshold_hysteresis_step_0p01v_settle_time_200ms_p_voltage.csv,0.01,200,down,2.32,4,2.3302500000000004,2.329,2.334,1.0972250000000003,1.0961000000000003,1.1006,FALSE,TRUE,TRUE,TRUE
step_0.01V_settle_200ms,static_threshold_hysteresis_step_0p01v_settle_time_200ms_p_voltage.csv,0.01,200,down,2.33,4,2.3427499999999997,2.339,2.344,1.1084749999999999,1.1051000000000002,1.1096,FALSE,TRUE,TRUE,TRUE
step_0.01V_settle_200ms,static_threshold_hysteresis_step_0p01v_settle_time_200ms_p_voltage.csv,0.01,200,down,2.34,4,2.34775,2.344,2.349,1.112975,1.1096,1.1141,FALSE,TRUE,TRUE,TRUE
step_0.01V_settle_200ms,static_threshold_hysteresis_step_0p01v_settle_time_200ms_p_voltage.csv,0.01,200,down,2.35,4,2.35025,2.349,2.354,1.1152250000000001,1.1141,1.1186000000000003,FALSE,TRUE,TRUE,TRUE
step_0.01V_settle_200ms,static_threshold_hysteresis_step_0p01v_settle_time_200ms_p_voltage.csv,0.01,200,down,2.36,4,2.357,2.354,2.358,1.1213000000000002,1.1186000000000003,1.1222000000000003,FALSE,TRUE,TRUE,TRUE
step_0.01V_settle_200ms,static_threshold_hysteresis_step_0p01v_settle_time_200ms_p_voltage.csv,0.01,200,down,2.37,4,2.3655,2.363,2.373,1.1289500000000001,1.1267,1.1357000000000004,FALSE,TRUE,TRUE,TRUE
step_0.01V_settle_200ms,static_threshold_hysteresis_step_0p01v_settle_time_200ms_p_voltage.csv,0.01,200,down,2.38,4,2.36925,2.363,2.378,1.1323250000000002,1.1267,1.1402,FALSE,TRUE,TRUE,TRUE
step_0.01V_settle_200ms,static_threshold_hysteresis_step_0p01v_settle_time_200ms_p_voltage.csv,0.01,200,down,2.39,4,2.3855,2.383,2.388,1.14695,1.1447000000000003,1.1492,FALSE,TRUE,TRUE,TRUE
step_0.01V_settle_200ms,static_threshold_hysteresis_step_0p01v_settle_time_200ms_p_voltage.csv,0.01,200,down,2.4,4,2.39375,2.388,2.397,1.154375,1.1492,1.1572999999999998,FALSE,TRUE,TRUE,TRUE
step_0.01V_settle_200ms,static_threshold_hysteresis_step_0p01v_settle_time_200ms_p_voltage.csv,0.01,200,down,2.41,4,2.39825,2.397,2.402,1.1584250000000003,1.1572999999999998,1.1618000000000004,FALSE,TRUE,TRUE,TRUE
step_0.01V_settle_200ms,static_threshold_hysteresis_step_0p01v_settle_time_200ms_p_voltage.csv,0.01,200,down,2.42,4,2.40825,2.402,2.417,1.1674249999999997,1.1618000000000004,1.1753,FALSE,TRUE,TRUE,TRUE
step_0.01V_settle_200ms,static_threshold_hysteresis_step_0p01v_settle_time_200ms_p_voltage.csv,0.01,200,down,2.43,4,2.41075,2.407,2.412,1.1696750000000002,1.1663000000000001,1.1707999999999998,FALSE,TRUE,TRUE,TRUE
step_0.01V_settle_200ms,static_threshold_hysteresis_step_0p01v_settle_time_200ms_p_voltage.csv,0.01,200,down,2.44,4,2.41825,2.412,2.422,1.176425,1.1707999999999998,1.1798000000000002,FALSE,TRUE,TRUE,TRUE
step_0.01V_settle_200ms,static_threshold_hysteresis_step_0p01v_settle_time_200ms_p_voltage.csv,0.01,200,down,2.45,4,2.4194999999999998,2.417,2.427,1.1775499999999997,1.1753,1.1843,FALSE,TRUE,TRUE,TRUE
step_0.01V_settle_200ms,static_threshold_hysteresis_step_0p01v_settle_time_200ms_p_voltage.csv,0.01,200,down,2.46,4,2.4282500000000002,2.427,2.432,1.1854250000000004,1.1843,1.1888,FALSE,TRUE,TRUE,TRUE
step_0.01V_settle_200ms,static_threshold_hysteresis_step_0p01v_settle_time_200ms_p_voltage.csv,0.01,200,down,2.47,4,2.4379999999999997,2.437,2.441,1.1942,1.1932999999999998,1.1968999999999999,FALSE,TRUE,TRUE,TRUE
step_0.01V_settle_200ms,static_threshold_hysteresis_step_0p01v_settle_time_200ms_p_voltage.csv,0.01,200,down,2.48,4,2.44475,2.441,2.446,1.200275,1.1968999999999999,1.2014,FALSE,TRUE,TRUE,TRUE
step_0.01V_settle_200ms,static_threshold_hysteresis_step_0p01v_settle_time_200ms_p_voltage.csv,0.01,200,down,2.49,4,2.44975,2.446,2.456,1.2047750000000002,1.2014,1.2104,FALSE,TRUE,TRUE,TRUE
step_0.01V_settle_200ms,static_threshold_hysteresis_step_0p01v_settle_time_200ms_p_voltage.csv,0.01,200,down,2.5,4,2.4547499999999998,2.451,2.456,1.2092749999999999,1.2059000000000002,1.2104,FALSE,TRUE,TRUE,TRUE
step_0.01V_settle_200ms,static_threshold_hysteresis_step_0p01v_settle_time_200ms_p_voltage.csv,0.01,200,down,2.51,4,2.4585,2.456,2.461,1.21265,1.2104,1.2149,FALSE,TRUE,TRUE,TRUE
step_0.01V_settle_200ms,static_threshold_hysteresis_step_0p01v_settle_time_200ms_p_voltage.csv,0.01,200,down,2.52,4,2.471,2.471,2.471,1.2239,1.2239,1.2239,FALSE,TRUE,TRUE,TRUE
step_0.01V_settle_200ms,static_threshold_hysteresis_step_0p01v_settle_time_200ms_p_voltage.csv,0.01,200,down,2.53,4,2.47575,2.471,2.48,1.2281750000000002,1.2239,1.2320000000000002,FALSE,TRUE,TRUE,TRUE
step_0.01V_settle_200ms,static_threshold_hysteresis_step_0p01v_settle_time_200ms_p_voltage.csv,0.01,200,down,2.54,4,2.477,2.476,2.48,1.2292999999999998,1.2284000000000002,1.2320000000000002,FALSE,TRUE,TRUE,TRUE
step_0.01V_settle_200ms,static_threshold_hysteresis_step_0p01v_settle_time_200ms_p_voltage.csv,0.01,200,down,2.55,4,2.4875000000000003,2.48,2.49,1.2387500000000005,1.2320000000000002,1.241,FALSE,TRUE,TRUE,TRUE
step_0.01V_settle_200ms,static_threshold_hysteresis_step_0p01v_settle_time_200ms_p_voltage.csv,0.01,200,down,2.56,4,2.4937500000000004,2.49,2.5,1.2443750000000002,1.241,1.25,FALSE,TRUE,TRUE,TRUE
step_0.01V_settle_200ms,static_threshold_hysteresis_step_0p01v_settle_time_200ms_p_voltage.csv,0.01,200,down,2.57,4,2.50375,2.5,2.505,1.2533750000000001,1.25,1.2545000000000002,FALSE,TRUE,TRUE,TRUE
step_0.01V_settle_200ms,static_threshold_hysteresis_step_0p01v_settle_time_200ms_p_voltage.csv,0.01,200,down,2.58,4,2.5075,2.505,2.51,1.2567499999999998,1.2545000000000002,1.259,FALSE,TRUE,TRUE,TRUE
step_0.01V_settle_200ms,static_threshold_hysteresis_step_0p01v_settle_time_200ms_p_voltage.csv,0.01,200,down,2.59,4,2.51125,2.51,2.515,1.260125,1.259,1.2635,FALSE,TRUE,TRUE,TRUE
step_0.01V_settle_200ms,static_threshold_hysteresis_step_0p01v_settle_time_200ms_p_voltage.csv,0.01,200,down,2.6,4,2.52,2.52,2.52,1.2680000000000002,1.2680000000000002,1.2680000000000002,FALSE,TRUE,TRUE,TRUE
step_0.01V_settle_200ms,static_threshold_hysteresis_step_0p01v_settle_time_200ms_p_voltage.csv,0.01,200,down,2.61,4,2.53275,2.529,2.534,1.2794750000000001,1.2761,1.2805999999999997,FALSE,TRUE,TRUE,TRUE
step_0.01V_settle_200ms,static_threshold_hysteresis_step_0p01v_settle_time_200ms_p_voltage.csv,0.01,200,down,2.62,4,2.5402500000000003,2.539,2.544,1.2862250000000004,1.2851000000000004,1.2896,FALSE,TRUE,TRUE,TRUE
step_0.01V_settle_200ms,static_threshold_hysteresis_step_0p01v_settle_time_200ms_p_voltage.csv,0.01,200,down,2.63,4,2.5452500000000002,2.544,2.549,1.2907250000000001,1.2896,1.2940999999999998,FALSE,TRUE,TRUE,TRUE
step_0.01V_settle_200ms,static_threshold_hysteresis_step_0p01v_settle_time_200ms_p_voltage.csv,0.01,200,down,2.64,4,2.55025,2.549,2.554,1.2952250000000003,1.2940999999999998,1.2986,FALSE,TRUE,TRUE,TRUE
step_0.01V_settle_200ms,static_threshold_hysteresis_step_0p01v_settle_time_200ms_p_voltage.csv,0.01,200,down,2.65,4,2.5564999999999998,2.554,2.559,1.30085,1.2986,1.3031000000000001,FALSE,TRUE,TRUE,TRUE
step_0.01V_settle_200ms,static_threshold_hysteresis_step_0p01v_settle_time_200ms_p_voltage.csv,0.01,200,down,2.66,4,2.563,2.563,2.563,1.3067000000000002,1.3067000000000002,1.3067000000000002,FALSE,TRUE,TRUE,TRUE
step_0.01V_settle_200ms,static_threshold_hysteresis_step_0p01v_settle_time_200ms_p_voltage.csv,0.01,200,down,2.67,4,2.5705,2.568,2.573,1.31345,1.3112,1.3157,FALSE,TRUE,TRUE,TRUE
step_0.01V_settle_200ms,static_threshold_hysteresis_step_0p01v_settle_time_200ms_p_voltage.csv,0.01,200,down,2.68,4,2.573,2.573,2.573,1.3157,1.3157,1.3157,FALSE,TRUE,TRUE,TRUE
step_0.01V_settle_200ms,static_threshold_hysteresis_step_0p01v_settle_time_200ms_p_voltage.csv,0.01,200,down,2.69,4,2.583,2.583,2.583,1.3247000000000004,1.3247000000000004,1.3247000000000004,FALSE,TRUE,TRUE,TRUE
step_0.01V_settle_200ms,static_threshold_hysteresis_step_0p01v_settle_time_200ms_p_voltage.csv,0.01,200,down,2.7,4,2.58925,2.588,2.593,1.3303249999999998,1.3292000000000002,1.3336999999999999,FALSE,TRUE,TRUE,TRUE
step_0.01V_settle_200ms,static_threshold_hysteresis_step_0p01v_settle_time_200ms_p_voltage.csv,0.01,200,down,2.71,4,2.5955,2.593,2.598,1.33595,1.3336999999999999,1.3382,FALSE,TRUE,TRUE,TRUE
step_0.01V_settle_200ms,static_threshold_hysteresis_step_0p01v_settle_time_200ms_p_voltage.csv,0.01,200,down,2.72,4,2.6005000000000003,2.593,2.603,1.3404500000000001,1.3336999999999999,1.3427000000000002,FALSE,TRUE,TRUE,TRUE
step_0.01V_settle_200ms,static_threshold_hysteresis_step_0p01v_settle_time_200ms_p_voltage.csv,0.01,200,down,2.73,4,2.611,2.603,2.617,1.3499000000000003,1.3427000000000002,1.3553000000000002,FALSE,TRUE,TRUE,TRUE
step_0.01V_settle_200ms,static_threshold_hysteresis_step_0p01v_settle_time_200ms_p_voltage.csv,0.01,200,down,2.74,4,2.6145,2.612,2.622,1.35305,1.3508,1.3598,FALSE,TRUE,TRUE,TRUE
step_0.01V_settle_200ms,static_threshold_hysteresis_step_0p01v_settle_time_200ms_p_voltage.csv,0.01,200,down,2.75,4,2.62325,2.617,2.632,1.360925,1.3553000000000002,1.3688000000000002,FALSE,TRUE,TRUE,TRUE
step_0.01V_settle_200ms,static_threshold_hysteresis_step_0p01v_settle_time_200ms_p_voltage.csv,0.01,200,down,2.76,4,2.627,2.622,2.632,1.3643,1.3598,1.3688000000000002,FALSE,TRUE,TRUE,TRUE
step_0.01V_settle_200ms,static_threshold_hysteresis_step_0p01v_settle_time_200ms_p_voltage.csv,0.01,200,down,2.77,4,2.63575,2.632,2.637,1.372175,1.3688000000000002,1.3733,FALSE,TRUE,TRUE,TRUE
step_0.01V_settle_200ms,static_threshold_hysteresis_step_0p01v_settle_time_200ms_p_voltage.csv,0.01,200,down,2.78,4,2.643,2.642,2.646,1.3786999999999998,1.3778000000000001,1.3814000000000002,FALSE,TRUE,TRUE,TRUE
step_0.01V_settle_200ms,static_threshold_hysteresis_step_0p01v_settle_time_200ms_p_voltage.csv,0.01,200,down,2.79,4,2.6472499999999997,2.646,2.651,1.3825249999999998,1.3814000000000002,1.3859,FALSE,TRUE,TRUE,TRUE
step_0.01V_settle_200ms,static_threshold_hysteresis_step_0p01v_settle_time_200ms_p_voltage.csv,0.01,200,down,2.8,4,2.6535,2.651,2.656,1.3881500000000004,1.3859,1.3904,FALSE,TRUE,TRUE,TRUE
step_0.01V_settle_200ms,static_threshold_hysteresis_step_0p01v_settle_time_200ms_p_voltage.csv,0.01,200,down,2.81,4,2.6585,2.656,2.661,1.3926500000000002,1.3904,1.3949000000000003,FALSE,TRUE,TRUE,TRUE
step_0.01V_settle_200ms,static_threshold_hysteresis_step_0p01v_settle_time_200ms_p_voltage.csv,0.01,200,down,2.82,4,2.66725,2.666,2.671,1.400525,1.3994,1.4038999999999997,FALSE,TRUE,TRUE,TRUE
step_0.01V_settle_200ms,static_threshold_hysteresis_step_0p01v_settle_time_200ms_p_voltage.csv,0.01,200,down,2.83,4,2.67225,2.666,2.681,1.4050250000000002,1.3994,1.4129,FALSE,TRUE,TRUE,TRUE
step_0.01V_settle_200ms,static_threshold_hysteresis_step_0p01v_settle_time_200ms_p_voltage.csv,0.01,200,down,2.84,4,2.6835,2.681,2.686,1.4151500000000001,1.4129,1.4174000000000002,FALSE,TRUE,TRUE,TRUE
step_0.01V_settle_200ms,static_threshold_hysteresis_step_0p01v_settle_time_200ms_p_voltage.csv,0.01,200,down,2.85,4,2.68775,2.681,2.69,1.418975,1.4129,1.4209999999999998,FALSE,TRUE,TRUE,TRUE
step_0.01V_settle_200ms,static_threshold_hysteresis_step_0p01v_settle_time_200ms_p_voltage.csv,0.01,200,down,2.86,4,2.69625,2.695,2.7,1.426625,1.4255,1.4300000000000002,FALSE,TRUE,TRUE,TRUE
step_0.01V_settle_200ms,static_threshold_hysteresis_step_0p01v_settle_time_200ms_p_voltage.csv,0.01,200,down,2.87,4,2.70125,2.7,2.705,1.4311250000000002,1.4300000000000002,1.4345000000000003,FALSE,TRUE,TRUE,TRUE
step_0.01V_settle_200ms,static_threshold_hysteresis_step_0p01v_settle_time_200ms_p_voltage.csv,0.01,200,down,2.88,4,2.70625,2.705,2.71,1.435625,1.4345000000000003,1.439,FALSE,TRUE,TRUE,TRUE
step_0.01V_settle_200ms,static_threshold_hysteresis_step_0p01v_settle_time_200ms_p_voltage.csv,0.01,200,down,2.89,4,2.71625,2.715,2.72,1.4446250000000003,1.4434999999999998,1.4480000000000004,FALSE,TRUE,TRUE,TRUE
step_0.01V_settle_200ms,static_threshold_hysteresis_step_0p01v_settle_time_200ms_p_voltage.csv,0.01,200,down,2.9,4,2.726,2.725,2.729,1.4534000000000002,1.4525000000000001,1.4561000000000002,FALSE,TRUE,TRUE,TRUE
step_0.01V_settle_200ms,static_threshold_hysteresis_step_0p01v_settle_time_200ms_p_voltage.csv,0.01,200,down,2.91,4,2.7315,2.729,2.734,1.4583500000000003,1.4561000000000002,1.4606,FALSE,TRUE,TRUE,TRUE
step_0.01V_settle_200ms,static_threshold_hysteresis_step_0p01v_settle_time_200ms_p_voltage.csv,0.01,200,down,2.92,4,2.7327500000000002,2.729,2.739,1.4594750000000003,1.4561000000000002,1.4651,FALSE,TRUE,TRUE,TRUE
step_0.01V_settle_200ms,static_threshold_hysteresis_step_0p01v_settle_time_200ms_p_voltage.csv,0.01,200,down,2.93,4,2.7415000000000003,2.739,2.744,1.4673500000000002,1.4651,1.4696000000000002,FALSE,TRUE,TRUE,TRUE
step_0.01V_settle_200ms,static_threshold_hysteresis_step_0p01v_settle_time_200ms_p_voltage.csv,0.01,200,down,2.94,4,2.7515,2.749,2.754,1.47635,1.4741,1.4786000000000001,FALSE,TRUE,TRUE,TRUE
step_0.01V_settle_200ms,static_threshold_hysteresis_step_0p01v_settle_time_200ms_p_voltage.csv,0.01,200,down,2.95,4,2.76025,2.759,2.764,1.4842250000000003,1.4830999999999999,1.4876,FALSE,TRUE,TRUE,TRUE
step_0.01V_settle_200ms,static_threshold_hysteresis_step_0p01v_settle_time_200ms_p_voltage.csv,0.01,200,down,2.96,4,2.7665,2.759,2.769,1.4898500000000001,1.4830999999999999,1.4921000000000002,FALSE,TRUE,TRUE,TRUE
step_0.01V_settle_200ms,static_threshold_hysteresis_step_0p01v_settle_time_200ms_p_voltage.csv,0.01,200,down,2.97,4,2.7742500000000003,2.773,2.778,1.4968250000000003,1.4957000000000003,1.5002,FALSE,TRUE,TRUE,TRUE
step_0.01V_settle_200ms,static_threshold_hysteresis_step_0p01v_settle_time_200ms_p_voltage.csv,0.01,200,down,2.98,4,2.77675,2.773,2.778,1.499075,1.4957000000000003,1.5002,FALSE,TRUE,TRUE,TRUE
step_0.01V_settle_200ms,static_threshold_hysteresis_step_0p01v_settle_time_200ms_p_voltage.csv,0.01,200,down,2.99,4,2.783,2.783,2.783,1.5047000000000001,1.5047000000000001,1.5047000000000001,FALSE,TRUE,TRUE,TRUE
step_0.01V_settle_200ms,static_threshold_hysteresis_step_0p01v_settle_time_200ms_p_voltage.csv,0.01,200,down,3,4,2.7880000000000003,2.778,2.793,1.5092000000000003,1.5002,1.5137,FALSE,TRUE,TRUE,TRUE
step_0.01V_settle_200ms,static_threshold_hysteresis_step_0p01v_settle_time_200ms_p_voltage.csv,0.01,200,down,3.01,4,2.798,2.793,2.803,1.5182000000000002,1.5137,1.5227,FALSE,TRUE,TRUE,TRUE
step_0.01V_settle_200ms,static_threshold_hysteresis_step_0p01v_settle_time_200ms_p_voltage.csv,0.01,200,down,3.02,4,2.80175,2.798,2.803,1.5215750000000003,1.5182000000000002,1.5227,FALSE,TRUE,TRUE,TRUE
step_0.01V_settle_200ms,static_threshold_hysteresis_step_0p01v_settle_time_200ms_p_voltage.csv,0.01,200,down,3.03,4,2.81475,2.808,2.817,1.5332750000000002,1.5272000000000001,1.5353000000000003,FALSE,TRUE,TRUE,TRUE
step_0.01V_settle_200ms,static_threshold_hysteresis_step_0p01v_settle_time_200ms_p_voltage.csv,0.01,200,down,3.04,4,2.81825,2.817,2.822,1.536425,1.5353000000000003,1.5398,FALSE,TRUE,TRUE,TRUE
step_0.01V_settle_200ms,static_threshold_hysteresis_step_0p01v_settle_time_200ms_p_voltage.csv,0.01,200,down,3.05,4,2.827,2.827,2.827,1.5443000000000002,1.5443000000000002,1.5443000000000002,FALSE,TRUE,TRUE,TRUE
step_0.01V_settle_200ms,static_threshold_hysteresis_step_0p01v_settle_time_200ms_p_voltage.csv,0.01,200,down,3.06,4,2.832,2.827,2.837,1.5488,1.5443000000000002,1.5533000000000001,FALSE,TRUE,TRUE,TRUE
step_0.01V_settle_200ms,static_threshold_hysteresis_step_0p01v_settle_time_200ms_p_voltage.csv,0.01,200,down,3.07,4,2.8369999999999997,2.832,2.842,1.5532999999999997,1.5488,1.5578000000000003,FALSE,TRUE,TRUE,TRUE
step_0.01V_settle_200ms,static_threshold_hysteresis_step_0p01v_settle_time_200ms_p_voltage.csv,0.01,200,down,3.08,4,2.842,2.837,2.847,1.5578000000000003,1.5533000000000001,1.5623,FALSE,TRUE,TRUE,TRUE
step_0.01V_settle_200ms,static_threshold_hysteresis_step_0p01v_settle_time_200ms_p_voltage.csv,0.01,200,down,3.09,4,2.8507499999999997,2.847,2.852,1.5656749999999997,1.5623,1.5667999999999997,FALSE,TRUE,TRUE,TRUE
step_0.01V_settle_200ms,static_threshold_hysteresis_step_0p01v_settle_time_200ms_p_voltage.csv,0.01,200,down,3.1,4,2.85525,2.852,2.861,1.569725,1.5667999999999997,1.5749000000000004,FALSE,TRUE,TRUE,TRUE
step_0.01V_settle_200ms,static_threshold_hysteresis_step_0p01v_settle_time_200ms_p_voltage.csv,0.01,200,down,3.11,4,2.861,2.861,2.861,1.5749000000000004,1.5749000000000004,1.5749000000000004,FALSE,TRUE,TRUE,TRUE
step_0.01V_settle_200ms,static_threshold_hysteresis_step_0p01v_settle_time_200ms_p_voltage.csv,0.01,200,down,3.12,4,2.866,2.866,2.866,1.5794000000000001,1.5794000000000001,1.5794000000000001,FALSE,TRUE,TRUE,TRUE
step_0.01V_settle_200ms,static_threshold_hysteresis_step_0p01v_settle_time_200ms_p_voltage.csv,0.01,200,down,3.13,4,2.8747499999999997,2.871,2.881,1.587275,1.5838999999999999,1.5928999999999998,FALSE,TRUE,TRUE,TRUE
step_0.01V_settle_200ms,static_threshold_hysteresis_step_0p01v_settle_time_200ms_p_voltage.csv,0.01,200,down,3.14,4,2.88225,2.881,2.886,1.5940250000000002,1.5928999999999998,1.5974000000000004,FALSE,TRUE,TRUE,TRUE
step_0.01V_settle_200ms,static_threshold_hysteresis_step_0p01v_settle_time_200ms_p_voltage.csv,0.01,200,down,3.15,4,2.88475,2.881,2.891,1.5962749999999999,1.5928999999999998,1.6019,FALSE,TRUE,TRUE,TRUE
step_0.01V_settle_200ms,static_threshold_hysteresis_step_0p01v_settle_time_200ms_p_voltage.csv,0.01,200,down,3.16,4,2.9015,2.896,2.905,1.6113499999999998,1.6063999999999998,1.6145,FALSE,TRUE,TRUE,TRUE
step_0.01V_settle_200ms,static_threshold_hysteresis_step_0p01v_settle_time_200ms_p_voltage.csv,0.01,200,down,3.17,4,2.9002499999999998,2.896,2.905,1.6102249999999998,1.6063999999999998,1.6145,FALSE,TRUE,TRUE,TRUE
step_0.01V_settle_200ms,static_threshold_hysteresis_step_0p01v_settle_time_200ms_p_voltage.csv,0.01,200,down,3.18,4,2.90625,2.9,2.915,1.615625,1.6099999999999999,1.6235,FALSE,TRUE,TRUE,TRUE
step_0.01V_settle_200ms,static_threshold_hysteresis_step_0p01v_settle_time_200ms_p_voltage.csv,0.01,200,down,3.19,4,2.915,2.915,2.915,1.6235,1.6235,1.6235,FALSE,TRUE,TRUE,TRUE
step_0.01V_settle_200ms,static_threshold_hysteresis_step_0p01v_settle_time_200ms_p_voltage.csv,0.01,200,down,3.2,4,2.9212499999999997,2.92,2.925,1.6291249999999997,1.6280000000000001,1.6324999999999998,FALSE,TRUE,TRUE,TRUE
step_0.01V_settle_200ms,static_threshold_hysteresis_step_0p01v_settle_time_200ms_p_voltage.csv,0.01,200,down,3.21,4,2.9312500000000004,2.93,2.935,1.6381250000000005,1.637,1.6415000000000002,FALSE,TRUE,TRUE,TRUE
step_0.01V_settle_200ms,static_threshold_hysteresis_step_0p01v_settle_time_200ms_p_voltage.csv,0.01,200,down,3.22,4,2.93475,2.93,2.939,1.6412750000000003,1.637,1.6451000000000002,FALSE,TRUE,TRUE,TRUE
step_0.01V_settle_200ms,static_threshold_hysteresis_step_0p01v_settle_time_200ms_p_voltage.csv,0.01,200,down,3.23,4,2.9452499999999997,2.944,2.949,1.650725,1.6496,1.6541000000000001,FALSE,TRUE,TRUE,TRUE
step_0.01V_settle_200ms,static_threshold_hysteresis_step_0p01v_settle_time_200ms_p_voltage.csv,0.01,200,down,3.24,4,2.95275,2.949,2.954,1.6574750000000003,1.6541000000000001,1.6586000000000003,FALSE,TRUE,TRUE,TRUE
step_0.01V_settle_200ms,static_threshold_hysteresis_step_0p01v_settle_time_200ms_p_voltage.csv,0.01,200,down,3.25,4,2.959,2.959,2.959,1.6631,1.6631,1.6631,FALSE,TRUE,TRUE,TRUE
step_0.01V_settle_200ms,static_threshold_hysteresis_step_0p01v_settle_time_200ms_p_voltage.csv,0.01,200,down,3.26,4,2.959,2.959,2.959,1.6631,1.6631,1.6631,FALSE,TRUE,TRUE,TRUE
step_0.01V_settle_200ms,static_threshold_hysteresis_step_0p01v_settle_time_200ms_p_voltage.csv,0.01,200,down,3.27,4,2.969,2.964,2.974,1.6721,1.6676000000000002,1.6766,FALSE,TRUE,TRUE,TRUE
step_0.01V_settle_200ms,static_threshold_hysteresis_step_0p01v_settle_time_200ms_p_voltage.csv,0.01,200,down,3.28,4,2.97525,2.974,2.979,1.6777250000000001,1.6766,1.6811000000000003,FALSE,TRUE,TRUE,TRUE
step_0.01V_settle_200ms,static_threshold_hysteresis_step_0p01v_settle_time_200ms_p_voltage.csv,0.01,200,down,3.29,4,2.98125,2.979,2.988,1.6831250000000004,1.6811000000000003,1.6892,FALSE,TRUE,TRUE,TRUE
step_0.01V_settle_200ms,static_threshold_hysteresis_step_0p01v_settle_time_200ms_p_voltage.csv,0.01,200,down,3.3,4,2.98925,2.988,2.993,1.690325,1.6892,1.6936999999999998,FALSE,TRUE,TRUE,TRUE
step_0.01V_settle_200ms,static_threshold_hysteresis_step_0p01v_settle_time_200ms_p_voltage.csv,0.01,200,down,3.31,4,2.9955,2.993,2.998,1.6959499999999998,1.6936999999999998,1.6982000000000004,FALSE,TRUE,TRUE,TRUE
step_0.01V_settle_200ms,static_threshold_hysteresis_step_0p01v_settle_time_200ms_p_voltage.csv,0.01,200,down,3.32,4,3.0017500000000004,2.998,3.003,1.7015750000000005,1.6982000000000004,1.7027,FALSE,TRUE,TRUE,TRUE
step_0.01V_settle_200ms,static_threshold_hysteresis_step_0p01v_settle_time_200ms_p_voltage.csv,0.01,200,down,3.33,4,3.0105,3.003,3.013,1.70945,1.7027,1.7117,FALSE,TRUE,TRUE,TRUE
step_0.01V_settle_200ms,static_threshold_hysteresis_step_0p01v_settle_time_200ms_p_voltage.csv,0.01,200,down,3.34,4,3.0155,3.013,3.018,1.71395,1.7117,1.7161999999999997,FALSE,TRUE,TRUE,TRUE
step_0.01V_settle_200ms,static_threshold_hysteresis_step_0p01v_settle_time_200ms_p_voltage.csv,0.01,200,down,3.35,4,3.0199999999999996,3.018,3.022,1.7179999999999995,1.7161999999999997,1.7197999999999998,FALSE,TRUE,TRUE,TRUE
step_0.01V_settle_200ms,static_threshold_hysteresis_step_0p01v_settle_time_200ms_p_voltage.csv,0.01,200,down,3.36,4,3.02825,3.027,3.032,1.725425,1.7243000000000004,1.7288000000000001,FALSE,TRUE,TRUE,TRUE
step_0.01V_settle_200ms,static_threshold_hysteresis_step_0p01v_settle_time_200ms_p_voltage.csv,0.01,200,down,3.37,4,3.0307500000000003,3.027,3.032,1.7276750000000005,1.7243000000000004,1.7288000000000001,FALSE,TRUE,TRUE,TRUE
step_0.01V_settle_200ms,static_threshold_hysteresis_step_0p01v_settle_time_200ms_p_voltage.csv,0.01,200,down,3.38,4,3.042,3.042,3.042,1.7378,1.7378,1.7378,FALSE,TRUE,TRUE,TRUE
step_0.01V_settle_200ms,static_threshold_hysteresis_step_0p01v_settle_time_200ms_p_voltage.csv,0.01,200,down,3.39,4,3.047,3.037,3.052,1.7423000000000002,1.7332999999999998,1.7468,FALSE,TRUE,TRUE,TRUE
step_0.01V_settle_200ms,static_threshold_hysteresis_step_0p01v_settle_time_200ms_p_voltage.csv,0.01,200,down,3.4,4,3.0532500000000002,3.052,3.057,1.7479250000000004,1.7468,1.7513,FALSE,TRUE,TRUE,TRUE
step_0.01V_settle_200ms,static_threshold_hysteresis_step_0p01v_settle_time_200ms_p_voltage.csv,0.01,200,down,3.41,4,3.05825,3.052,3.062,1.7524250000000001,1.7468,1.7557999999999998,FALSE,TRUE,TRUE,TRUE
step_0.01V_settle_200ms,static_threshold_hysteresis_step_0p01v_settle_time_200ms_p_voltage.csv,0.01,200,down,3.42,4,3.0685000000000002,3.066,3.071,1.7616500000000004,1.7593999999999999,1.7639,FALSE,TRUE,TRUE,TRUE
step_0.01V_settle_200ms,static_threshold_hysteresis_step_0p01v_settle_time_200ms_p_voltage.csv,0.01,200,down,3.43,4,3.0772500000000003,3.071,3.081,1.7695250000000002,1.7639,1.7729,FALSE,TRUE,TRUE,TRUE
step_0.01V_settle_200ms,static_threshold_hysteresis_step_0p01v_settle_time_200ms_p_voltage.csv,0.01,200,down,3.44,4,3.086,3.086,3.086,1.7774,1.7774,1.7774,FALSE,TRUE,TRUE,TRUE
step_0.01V_settle_200ms,static_threshold_hysteresis_step_0p01v_settle_time_200ms_p_voltage.csv,0.01,200,down,3.45,4,3.09225,3.086,3.096,1.7830249999999999,1.7774,1.7864,FALSE,TRUE,TRUE,TRUE
step_0.01V_settle_200ms,static_threshold_hysteresis_step_0p01v_settle_time_200ms_p_voltage.csv,0.01,200,down,3.46,4,3.0997500000000002,3.096,3.101,1.7897750000000001,1.7864,1.7909000000000002,FALSE,TRUE,TRUE,TRUE
step_0.01V_settle_200ms,static_threshold_hysteresis_step_0p01v_settle_time_200ms_p_voltage.csv,0.01,200,down,3.47,4,3.104,3.101,3.105,1.7936,1.7909000000000002,1.7945000000000002,FALSE,TRUE,TRUE,TRUE
step_0.01V_settle_200ms,static_threshold_hysteresis_step_0p01v_settle_time_200ms_p_voltage.csv,0.01,200,down,3.48,4,3.11125,3.105,3.115,1.800125,1.7945000000000002,1.8035,FALSE,TRUE,TRUE,TRUE
step_0.01V_settle_200ms,static_threshold_hysteresis_step_0p01v_settle_time_200ms_p_voltage.csv,0.01,200,down,3.49,4,3.1175,3.115,3.12,1.8057500000000002,1.8035,1.8080000000000003,FALSE,TRUE,TRUE,TRUE
step_0.01V_settle_200ms,static_threshold_hysteresis_step_0p01v_settle_time_200ms_p_voltage.csv,0.01,200,down,3.5,4,3.1262499999999998,3.125,3.13,1.813625,1.8125,1.8170000000000002,FALSE,TRUE,TRUE,TRUE
step_0.01V_settle_200ms,static_threshold_hysteresis_step_0p01v_settle_time_200ms_p_voltage.csv,0.01,200,down,3.51,4,3.1312499999999996,3.13,3.135,1.8181249999999998,1.8170000000000002,1.8215,FALSE,TRUE,TRUE,TRUE
step_0.01V_settle_200ms,static_threshold_hysteresis_step_0p01v_settle_time_200ms_p_voltage.csv,0.01,200,down,3.52,4,3.1425,3.135,3.145,1.8282500000000002,1.8215,1.8305000000000002,FALSE,TRUE,TRUE,TRUE
step_0.01V_settle_200ms,static_threshold_hysteresis_step_0p01v_settle_time_200ms_p_voltage.csv,0.01,200,down,3.53,4,3.145,3.145,3.145,1.8305000000000002,1.8305000000000002,1.8305000000000002,FALSE,TRUE,TRUE,TRUE
step_0.01V_settle_200ms,static_threshold_hysteresis_step_0p01v_settle_time_200ms_p_voltage.csv,0.01,200,down,3.54,4,3.1502499999999998,3.149,3.154,1.8352249999999999,1.8341000000000003,1.8386,FALSE,TRUE,TRUE,TRUE
step_0.01V_settle_200ms,static_threshold_hysteresis_step_0p01v_settle_time_200ms_p_voltage.csv,0.01,200,down,3.55,4,3.154,3.154,3.154,1.8386,1.8386,1.8386,FALSE,TRUE,TRUE,TRUE
step_0.01V_settle_200ms,static_threshold_hysteresis_step_0p01v_settle_time_200ms_p_voltage.csv,0.01,200,down,3.56,4,3.16275,3.159,3.164,1.8464749999999999,1.8430999999999997,1.8476000000000004,FALSE,TRUE,TRUE,TRUE
step_0.01V_settle_200ms,static_threshold_hysteresis_step_0p01v_settle_time_200ms_p_voltage.csv,0.01,200,down,3.57,4,3.169,3.169,3.169,1.8521,1.8521,1.8521,FALSE,TRUE,TRUE,TRUE
step_0.01V_settle_200ms,static_threshold_hysteresis_step_0p01v_settle_time_200ms_p_voltage.csv,0.01,200,down,3.58,4,3.18025,3.174,3.184,1.862225,1.8565999999999998,1.8656000000000001,FALSE,TRUE,TRUE,TRUE
step_0.01V_settle_200ms,static_threshold_hysteresis_step_0p01v_settle_time_200ms_p_voltage.csv,0.01,200,down,3.59,4,3.1814999999999998,3.179,3.184,1.86335,1.8611,1.8656000000000001,FALSE,TRUE,TRUE,TRUE
step_0.01V_settle_200ms,static_threshold_hysteresis_step_0p01v_settle_time_200ms_p_voltage.csv,0.01,200,down,3.6,4,3.191,3.184,3.198,1.8719000000000001,1.8656000000000001,1.8782,FALSE,TRUE,TRUE,TRUE
step_0.01V_settle_200ms,static_threshold_hysteresis_step_0p01v_settle_time_200ms_p_voltage.csv,0.01,200,down,3.61,4,3.193,3.188,3.198,1.8737,1.8692000000000002,1.8782,FALSE,TRUE,TRUE,TRUE
step_0.01V_settle_200ms,static_threshold_hysteresis_step_0p01v_settle_time_200ms_p_voltage.csv,0.01,200,down,3.62,4,3.2005,3.198,3.203,1.8804500000000002,1.8782,1.8826999999999998,FALSE,TRUE,TRUE,TRUE
step_0.01V_settle_200ms,static_threshold_hysteresis_step_0p01v_settle_time_200ms_p_voltage.csv,0.01,200,down,3.63,4,3.208,3.203,3.213,1.8872000000000004,1.8826999999999998,1.8917000000000002,FALSE,TRUE,TRUE,TRUE
step_0.01V_settle_200ms,static_threshold_hysteresis_step_0p01v_settle_time_200ms_p_voltage.csv,0.01,200,down,3.64,4,3.2155,3.213,3.218,1.8939500000000002,1.8917000000000002,1.8961999999999999,FALSE,TRUE,TRUE,TRUE
step_0.01V_settle_200ms,static_threshold_hysteresis_step_0p01v_settle_time_200ms_p_voltage.csv,0.01,200,down,3.65,4,3.223,3.223,3.223,1.9007,1.9007,1.9007,FALSE,TRUE,TRUE,TRUE
step_0.01V_settle_200ms,static_threshold_hysteresis_step_0p01v_settle_time_200ms_p_voltage.csv,0.01,200,down,3.66,4,3.229,3.228,3.232,1.9061000000000003,1.9052000000000002,1.9088000000000003,FALSE,TRUE,TRUE,TRUE
step_0.01V_settle_200ms,static_threshold_hysteresis_step_0p01v_settle_time_200ms_p_voltage.csv,0.01,200,down,3.67,4,3.242,3.232,3.247,1.9178000000000002,1.9088000000000003,1.9223,FALSE,TRUE,TRUE,TRUE
step_0.01V_settle_200ms,static_threshold_hysteresis_step_0p01v_settle_time_200ms_p_voltage.csv,0.01,200,down,3.68,4,3.24575,3.242,3.247,1.9211750000000003,1.9178000000000002,1.9223,FALSE,TRUE,TRUE,TRUE
step_0.01V_settle_200ms,static_threshold_hysteresis_step_0p01v_settle_time_200ms_p_voltage.csv,0.01,200,down,3.69,4,3.25075,3.247,3.252,1.925675,1.9223,1.9268,FALSE,TRUE,TRUE,TRUE
step_0.01V_settle_200ms,static_threshold_hysteresis_step_0p01v_settle_time_200ms_p_voltage.csv,0.01,200,down,3.7,4,3.2595,3.257,3.262,1.9335500000000003,1.9313000000000002,1.9358,FALSE,TRUE,TRUE,TRUE
step_0.01V_settle_200ms,static_threshold_hysteresis_step_0p01v_settle_time_200ms_p_voltage.csv,0.01,200,down,3.71,4,3.26425,3.262,3.271,1.9378250000000001,1.9358,1.9439000000000002,FALSE,TRUE,TRUE,TRUE
step_0.01V_settle_200ms,static_threshold_hysteresis_step_0p01v_settle_time_200ms_p_voltage.csv,0.01,200,down,3.72,4,3.27,3.267,3.271,1.943,1.9403000000000001,1.9439000000000002,FALSE,TRUE,TRUE,TRUE
step_0.01V_settle_200ms,static_threshold_hysteresis_step_0p01v_settle_time_200ms_p_voltage.csv,0.01,200,down,3.73,4,3.276,3.276,3.276,1.9484,1.9484,1.9484,FALSE,TRUE,TRUE,TRUE
step_0.01V_settle_200ms,static_threshold_hysteresis_step_0p01v_settle_time_200ms_p_voltage.csv,0.01,200,down,3.74,4,3.28475,3.281,3.286,1.9562749999999998,1.9529,1.9574000000000003,FALSE,TRUE,TRUE,TRUE
step_0.01V_settle_200ms,static_threshold_hysteresis_step_0p01v_settle_time_200ms_p_voltage.csv,0.01,200,down,3.75,4,3.2885,3.286,3.291,1.95965,1.9574000000000003,1.9619,FALSE,TRUE,TRUE,TRUE
step_0.01V_settle_200ms,static_threshold_hysteresis_step_0p01v_settle_time_200ms_p_voltage.csv,0.01,200,down,3.76,4,3.2984999999999998,3.296,3.301,1.9686499999999998,1.9663999999999997,1.9709000000000003,FALSE,TRUE,TRUE,TRUE
step_0.01V_settle_200ms,static_threshold_hysteresis_step_0p01v_settle_time_200ms_p_voltage.csv,0.01,200,down,3.77,4,3.3035,3.301,3.306,1.97315,1.9709000000000003,1.9754,FALSE,TRUE,TRUE,TRUE
step_0.01V_settle_200ms,static_threshold_hysteresis_step_0p01v_settle_time_200ms_p_voltage.csv,0.01,200,down,3.78,4,3.30975,3.306,3.311,1.9787750000000002,1.9754,1.9799000000000002,FALSE,TRUE,TRUE,TRUE
step_0.01V_settle_200ms,static_threshold_hysteresis_step_0p01v_settle_time_200ms_p_voltage.csv,0.01,200,down,3.79,4,3.3175,3.315,3.32,1.98575,1.9834999999999998,1.988,FALSE,TRUE,TRUE,TRUE
step_0.01V_settle_200ms,static_threshold_hysteresis_step_0p01v_settle_time_200ms_p_voltage.csv,0.01,200,down,3.8,4,3.32,3.32,3.32,1.988,1.988,1.988,FALSE,TRUE,TRUE,TRUE
step_0.01V_settle_200ms,static_threshold_hysteresis_step_0p01v_settle_time_200ms_p_voltage.csv,0.01,200,down,3.81,4,3.32625,3.325,3.33,1.9936250000000002,1.9925000000000002,1.9970000000000003,FALSE,TRUE,TRUE,TRUE
step_0.01V_settle_200ms,static_threshold_hysteresis_step_0p01v_settle_time_200ms_p_voltage.csv,0.01,200,down,3.82,4,3.3362499999999997,3.335,3.34,2.0026249999999997,2.0015,2.006,FALSE,TRUE,TRUE,TRUE
step_0.01V_settle_200ms,static_threshold_hysteresis_step_0p01v_settle_time_200ms_p_voltage.csv,0.01,200,down,3.83,4,3.34375,3.34,3.345,2.009375,2.006,2.0105000000000004,FALSE,TRUE,TRUE,TRUE
step_0.01V_settle_200ms,static_threshold_hysteresis_step_0p01v_settle_time_200ms_p_voltage.csv,0.01,200,down,3.84,4,3.34875,3.345,3.35,2.013875,2.0105000000000004,2.015,FALSE,TRUE,TRUE,TRUE
step_0.01V_settle_200ms,static_threshold_hysteresis_step_0p01v_settle_time_200ms_p_voltage.csv,0.01,200,down,3.85,4,3.3520000000000003,3.35,3.354,2.0168000000000004,2.015,2.0186,FALSE,TRUE,TRUE,TRUE
step_0.01V_settle_200ms,static_threshold_hysteresis_step_0p01v_settle_time_200ms_p_voltage.csv,0.01,200,down,3.86,4,3.36525,3.364,3.369,2.028725,2.0276,2.0321000000000002,FALSE,TRUE,TRUE,TRUE
step_0.01V_settle_200ms,static_threshold_hysteresis_step_0p01v_settle_time_200ms_p_voltage.csv,0.01,200,down,3.87,4,3.3715,3.369,3.374,2.0343500000000003,2.0321000000000002,2.0366,FALSE,TRUE,TRUE,TRUE
step_0.01V_settle_200ms,static_threshold_hysteresis_step_0p01v_settle_time_200ms_p_voltage.csv,0.01,200,down,3.88,4,3.37775,3.374,3.379,2.039975,2.0366,2.0411,FALSE,TRUE,TRUE,TRUE
step_0.01V_settle_200ms,static_threshold_hysteresis_step_0p01v_settle_time_200ms_p_voltage.csv,0.01,200,down,3.89,4,3.384,3.384,3.384,2.0456,2.0456,2.0456,FALSE,TRUE,TRUE,TRUE
step_0.01V_settle_200ms,static_threshold_hysteresis_step_0p01v_settle_time_200ms_p_voltage.csv,0.01,200,down,3.9,4,3.389,3.389,3.389,2.0501,2.0501,2.0501,FALSE,TRUE,TRUE,TRUE
step_0.01V_settle_200ms,static_threshold_hysteresis_step_0p01v_settle_time_200ms_p_voltage.csv,0.01,200,down,3.91,4,3.395,3.394,3.398,2.0555,2.0546,2.0582000000000003,FALSE,TRUE,TRUE,TRUE
step_0.01V_settle_200ms,static_threshold_hysteresis_step_0p01v_settle_time_200ms_p_voltage.csv,0.01,200,down,3.92,4,3.40425,3.403,3.408,2.0638250000000005,2.0627,2.0672,FALSE,TRUE,TRUE,TRUE
step_0.01V_settle_200ms,static_threshold_hysteresis_step_0p01v_settle_time_200ms_p_voltage.csv,0.01,200,down,3.93,4,3.40925,3.403,3.418,2.068325,2.0627,2.0762,FALSE,TRUE,TRUE,TRUE
step_0.01V_settle_200ms,static_threshold_hysteresis_step_0p01v_settle_time_200ms_p_voltage.csv,0.01,200,down,3.94,4,3.4217500000000003,3.418,3.423,2.079575,2.0762,2.0807,FALSE,TRUE,TRUE,TRUE
step_0.01V_settle_200ms,static_threshold_hysteresis_step_0p01v_settle_time_200ms_p_voltage.csv,0.01,200,down,3.95,4,3.428,3.428,3.428,2.0852,2.0852,2.0852,FALSE,TRUE,TRUE,TRUE
step_0.01V_settle_200ms,static_threshold_hysteresis_step_0p01v_settle_time_200ms_p_voltage.csv,0.01,200,down,3.96,4,3.43425,3.428,3.438,2.090825,2.0852,2.0942000000000003,FALSE,TRUE,TRUE,TRUE
step_0.01V_settle_200ms,static_threshold_hysteresis_step_0p01v_settle_time_200ms_p_voltage.csv,0.01,200,down,3.97,4,3.4375,3.433,3.442,2.09375,2.0897,2.0978000000000003,FALSE,TRUE,TRUE,TRUE
step_0.01V_settle_200ms,static_threshold_hysteresis_step_0p01v_settle_time_200ms_p_voltage.csv,0.01,200,down,3.98,4,3.44825,3.442,3.452,2.103425,2.0978000000000003,2.1068000000000002,FALSE,TRUE,TRUE,TRUE
step_0.01V_settle_200ms,static_threshold_hysteresis_step_0p01v_settle_time_200ms_p_voltage.csv,0.01,200,down,3.99,4,3.45575,3.452,3.457,2.1101750000000004,2.1068000000000002,2.1113,FALSE,TRUE,TRUE,TRUE
step_0.01V_settle_200ms,static_threshold_hysteresis_step_0p01v_settle_time_200ms_p_voltage.csv,0.01,200,down,4,4,3.457,3.457,3.457,2.1113,2.1113,2.1113,FALSE,TRUE,TRUE,TRUE
step_0.01V_settle_200ms,static_threshold_hysteresis_step_0p01v_settle_time_200ms_p_voltage.csv,0.01,200,down,4.01,4,3.4632500000000004,3.462,3.467,2.1169250000000006,2.1158,2.1203000000000003,FALSE,TRUE,TRUE,TRUE
step_0.01V_settle_200ms,static_threshold_hysteresis_step_0p01v_settle_time_200ms_p_voltage.csv,0.01,200,down,4.02,4,3.47325,3.467,3.477,2.125925,2.1203000000000003,2.1292999999999997,FALSE,TRUE,TRUE,TRUE
step_0.01V_settle_200ms,static_threshold_hysteresis_step_0p01v_settle_time_200ms_p_voltage.csv,0.01,200,down,4.03,4,3.479,3.477,3.481,2.1311,2.1292999999999997,2.1329,FALSE,TRUE,TRUE,TRUE
step_0.01V_settle_200ms,static_threshold_hysteresis_step_0p01v_settle_time_200ms_p_voltage.csv,0.01,200,down,4.04,4,3.48125,3.477,3.486,2.133125,2.1292999999999997,2.1374000000000004,FALSE,TRUE,TRUE,TRUE
step_0.01V_settle_200ms,static_threshold_hysteresis_step_0p01v_settle_time_200ms_p_voltage.csv,0.01,200,down,4.05,4,3.48975,3.486,3.491,2.140775,2.1374000000000004,2.1419,FALSE,TRUE,TRUE,TRUE
step_0.01V_settle_200ms,static_threshold_hysteresis_step_0p01v_settle_time_200ms_p_voltage.csv,0.01,200,down,4.06,4,3.491,3.486,3.496,2.1419,2.1374000000000004,2.1464,FALSE,TRUE,TRUE,TRUE
step_0.01V_settle_200ms,static_threshold_hysteresis_step_0p01v_settle_time_200ms_p_voltage.csv,0.01,200,down,4.07,4,3.506,3.506,3.506,2.1553999999999998,2.1553999999999998,2.1553999999999998,FALSE,TRUE,TRUE,TRUE
step_0.01V_settle_200ms,static_threshold_hysteresis_step_0p01v_settle_time_200ms_p_voltage.csv,0.01,200,down,4.08,4,3.511,3.511,3.511,2.1599000000000004,2.1599000000000004,2.1599000000000004,FALSE,TRUE,TRUE,TRUE
step_0.01V_settle_200ms,static_threshold_hysteresis_step_0p01v_settle_time_200ms_p_voltage.csv,0.01,200,down,4.09,4,3.51975,3.516,3.521,2.1677750000000002,2.1644,2.1689,FALSE,TRUE,TRUE,TRUE
step_0.01V_settle_200ms,static_threshold_hysteresis_step_0p01v_settle_time_200ms_p_voltage.csv,0.01,200,down,4.1,4,3.5255,3.521,3.53,2.17295,2.1689,2.177,FALSE,TRUE,TRUE,TRUE
step_0.01V_settle_200ms,static_threshold_hysteresis_step_0p01v_settle_time_200ms_p_voltage.csv,0.01,200,down,4.11,4,3.53125,3.53,3.535,2.178125,2.177,2.1815,FALSE,TRUE,TRUE,TRUE
step_0.01V_settle_200ms,static_threshold_hysteresis_step_0p01v_settle_time_200ms_p_voltage.csv,0.01,200,down,4.12,4,3.53625,3.535,3.54,2.182625,2.1815,2.186,FALSE,TRUE,TRUE,TRUE
step_0.01V_settle_200ms,static_threshold_hysteresis_step_0p01v_settle_time_200ms_p_voltage.csv,0.01,200,down,4.13,4,3.5425,3.54,3.545,2.18825,2.186,2.1905,FALSE,TRUE,TRUE,TRUE
step_0.01V_settle_200ms,static_threshold_hysteresis_step_0p01v_settle_time_200ms_p_voltage.csv,0.01,200,down,4.14,4,3.55125,3.545,3.555,2.196125,2.1905,2.1995,FALSE,TRUE,TRUE,TRUE
step_0.01V_settle_200ms,static_threshold_hysteresis_step_0p01v_settle_time_200ms_p_voltage.csv,0.01,200,down,4.15,4,3.55875,3.555,3.56,2.202875,2.1995,2.204,FALSE,TRUE,TRUE,TRUE
step_0.01V_settle_200ms,static_threshold_hysteresis_step_0p01v_settle_time_200ms_p_voltage.csv,0.01,200,down,4.16,4,3.5585,3.555,3.564,2.20265,2.1995,2.2076000000000002,FALSE,TRUE,TRUE,TRUE
step_0.01V_settle_200ms,static_threshold_hysteresis_step_0p01v_settle_time_200ms_p_voltage.csv,0.01,200,down,4.17,4,3.5702499999999997,3.569,3.574,2.213225,2.2121,2.2166,FALSE,TRUE,TRUE,TRUE
step_0.01V_settle_200ms,static_threshold_hysteresis_step_0p01v_settle_time_200ms_p_voltage.csv,0.01,200,down,4.18,4,3.574,3.574,3.574,2.2166,2.2166,2.2166,FALSE,TRUE,TRUE,TRUE
step_0.01V_settle_200ms,static_threshold_hysteresis_step_0p01v_settle_time_200ms_p_voltage.csv,0.01,200,down,4.19,4,3.584,3.584,3.584,2.2256,2.2256,2.2256,FALSE,TRUE,TRUE,TRUE
step_0.01V_settle_200ms,static_threshold_hysteresis_step_0p01v_settle_time_200ms_p_voltage.csv,0.01,200,down,4.2,4,3.589,3.589,3.589,2.2301,2.2301,2.2301,FALSE,TRUE,TRUE,TRUE
step_0.01V_settle_200ms,static_threshold_hysteresis_step_0p01v_settle_time_200ms_p_voltage.csv,0.01,200,down,4.21,4,3.59775,3.594,3.599,2.237975,2.2346,2.2391,FALSE,TRUE,TRUE,TRUE
step_0.01V_settle_200ms,static_threshold_hysteresis_step_0p01v_settle_time_200ms_p_voltage.csv,0.01,200,down,4.22,4,3.60025,3.599,3.604,2.240225,2.2391,2.2436000000000003,FALSE,TRUE,TRUE,TRUE
step_0.01V_settle_200ms,static_threshold_hysteresis_step_0p01v_settle_time_200ms_p_voltage.csv,0.01,200,down,4.23,4,3.6095,3.604,3.618,2.2485500000000003,2.2436000000000003,2.2561999999999998,FALSE,TRUE,TRUE,TRUE
step_0.01V_settle_200ms,static_threshold_hysteresis_step_0p01v_settle_time_200ms_p_voltage.csv,0.01,200,down,4.24,4,3.613,3.613,3.613,2.2517,2.2517,2.2517,FALSE,TRUE,TRUE,TRUE
step_0.01V_settle_200ms,static_threshold_hysteresis_step_0p01v_settle_time_200ms_p_voltage.csv,0.01,200,down,4.25,4,3.62175,3.618,3.623,2.259575,2.2561999999999998,2.2607000000000004,FALSE,TRUE,TRUE,TRUE
step_0.01V_settle_200ms,static_threshold_hysteresis_step_0p01v_settle_time_200ms_p_voltage.csv,0.01,200,down,4.26,4,3.6305,3.628,3.633,2.26745,2.2652,2.2697000000000003,FALSE,TRUE,TRUE,TRUE
step_0.01V_settle_200ms,static_threshold_hysteresis_step_0p01v_settle_time_200ms_p_voltage.csv,0.01,200,down,4.27,4,3.63675,3.628,3.643,2.2730750000000004,2.2652,2.2786999999999997,FALSE,TRUE,TRUE,TRUE
step_0.01V_settle_200ms,static_threshold_hysteresis_step_0p01v_settle_time_200ms_p_voltage.csv,0.01,200,down,4.28,4,3.6447499999999997,3.638,3.647,2.2802749999999996,2.2742,2.2822999999999998,FALSE,TRUE,TRUE,TRUE
step_0.01V_settle_200ms,static_threshold_hysteresis_step_0p01v_settle_time_200ms_p_voltage.csv,0.01,200,down,4.29,4,3.6485,3.643,3.652,2.2836499999999997,2.2786999999999997,2.2868000000000004,FALSE,TRUE,TRUE,TRUE
step_0.01V_settle_200ms,static_threshold_hysteresis_step_0p01v_settle_time_200ms_p_voltage.csv,0.01,200,down,4.3,4,3.6557500000000003,3.652,3.662,2.2901750000000005,2.2868000000000004,2.2958,FALSE,TRUE,TRUE,TRUE
step_0.01V_settle_200ms,static_threshold_hysteresis_step_0p01v_settle_time_200ms_p_voltage.csv,0.01,200,down,4.31,4,3.66575,3.662,3.667,2.299175,2.2958,2.3003,FALSE,TRUE,TRUE,TRUE
step_0.01V_settle_200ms,static_threshold_hysteresis_step_0p01v_settle_time_200ms_p_voltage.csv,0.01,200,down,4.32,4,3.6695,3.667,3.672,2.30255,2.3003,2.3048,FALSE,TRUE,TRUE,TRUE
step_0.01V_settle_200ms,static_threshold_hysteresis_step_0p01v_settle_time_200ms_p_voltage.csv,0.01,200,down,4.33,4,3.6732500000000003,3.672,3.677,2.3059250000000002,2.3048,2.3093,FALSE,TRUE,TRUE,TRUE
step_0.01V_settle_200ms,static_threshold_hysteresis_step_0p01v_settle_time_200ms_p_voltage.csv,0.01,200,down,4.34,4,3.6795,3.677,3.682,2.31155,2.3093,2.3138,FALSE,TRUE,TRUE,TRUE
step_0.01V_settle_200ms,static_threshold_hysteresis_step_0p01v_settle_time_200ms_p_voltage.csv,0.01,200,down,4.35,4,3.6879999999999997,3.687,3.691,2.3192,2.3183,2.3219,FALSE,TRUE,TRUE,TRUE
step_0.01V_settle_200ms,static_threshold_hysteresis_step_0p01v_settle_time_200ms_p_voltage.csv,0.01,200,down,4.36,4,3.69725,3.691,3.701,2.327525,2.3219,2.3309,FALSE,TRUE,TRUE,TRUE
step_0.01V_settle_200ms,static_threshold_hysteresis_step_0p01v_settle_time_200ms_p_voltage.csv,0.01,200,down,4.37,4,3.7022500000000003,3.696,3.706,2.3320250000000002,2.3264,2.3354,FALSE,TRUE,TRUE,TRUE
step_0.01V_settle_200ms,static_threshold_hysteresis_step_0p01v_settle_time_200ms_p_voltage.csv,0.01,200,down,4.38,4,3.7085,3.701,3.711,2.33765,2.3309,2.3399,FALSE,TRUE,TRUE,TRUE
step_0.01V_settle_200ms,static_threshold_hysteresis_step_0p01v_settle_time_200ms_p_voltage.csv,0.01,200,down,4.39,4,3.7097499999999997,3.706,3.711,2.3387749999999996,2.3354,2.3399,FALSE,TRUE,TRUE,TRUE
step_0.01V_settle_200ms,static_threshold_hysteresis_step_0p01v_settle_time_200ms_p_voltage.csv,0.01,200,down,4.4,4,3.72225,3.721,3.726,2.350025,2.3489,2.3534,FALSE,TRUE,TRUE,TRUE
step_0.01V_settle_200ms,static_threshold_hysteresis_step_0p01v_settle_time_200ms_p_voltage.csv,0.01,200,down,4.41,4,3.727,3.726,3.73,2.3543,2.3534,2.357,FALSE,TRUE,TRUE,TRUE
step_0.01V_settle_200ms,static_threshold_hysteresis_step_0p01v_settle_time_200ms_p_voltage.csv,0.01,200,down,4.42,4,3.73625,3.735,3.74,2.362625,2.3615,2.366,FALSE,TRUE,TRUE,TRUE
step_0.01V_settle_200ms,static_threshold_hysteresis_step_0p01v_settle_time_200ms_p_voltage.csv,0.01,200,down,4.43,4,3.74,3.74,3.74,2.366,2.366,2.366,FALSE,TRUE,TRUE,TRUE
step_0.01V_settle_200ms,static_threshold_hysteresis_step_0p01v_settle_time_200ms_p_voltage.csv,0.01,200,down,4.44,4,3.745,3.74,3.75,2.3705000000000003,2.366,2.375,FALSE,TRUE,TRUE,TRUE
step_0.01V_settle_200ms,static_threshold_hysteresis_step_0p01v_settle_time_200ms_p_voltage.csv,0.01,200,down,4.45,4,3.7525,3.75,3.755,2.37725,2.375,2.3795,FALSE,TRUE,TRUE,TRUE
step_0.01V_settle_200ms,static_threshold_hysteresis_step_0p01v_settle_time_200ms_p_voltage.csv,0.01,200,down,4.46,4,3.7662500000000003,3.765,3.77,2.3896250000000006,2.3885,2.3930000000000002,FALSE,TRUE,TRUE,TRUE
step_0.01V_settle_200ms,static_threshold_hysteresis_step_0p01v_settle_time_200ms_p_voltage.csv,0.01,200,down,4.47,4,3.771,3.77,3.774,2.3939,2.3930000000000002,2.3966000000000003,FALSE,TRUE,TRUE,TRUE
step_0.01V_settle_200ms,static_threshold_hysteresis_step_0p01v_settle_time_200ms_p_voltage.csv,0.01,200,down,4.48,4,3.7802499999999997,3.779,3.784,2.4022249999999996,2.4011,2.4055999999999997,FALSE,TRUE,TRUE,TRUE
step_0.01V_settle_200ms,static_threshold_hysteresis_step_0p01v_settle_time_200ms_p_voltage.csv,0.01,200,down,4.49,4,3.78775,3.784,3.789,2.408975,2.4055999999999997,2.4101000000000004,FALSE,TRUE,TRUE,TRUE
step_0.01V_settle_200ms,static_threshold_hysteresis_step_0p01v_settle_time_200ms_p_voltage.csv,0.01,200,down,4.5,4,3.7915,3.789,3.799,2.41235,2.4101000000000004,2.4191,FALSE,TRUE,TRUE,TRUE
step_0.01V_settle_200ms,static_threshold_hysteresis_step_0p01v_settle_time_200ms_p_voltage.csv,0.01,200,down,4.51,4,3.7952500000000002,3.794,3.799,2.415725,2.4146,2.4191,FALSE,TRUE,TRUE,TRUE
step_0.01V_settle_200ms,static_threshold_hysteresis_step_0p01v_settle_time_200ms_p_voltage.csv,0.01,200,down,4.52,4,3.8065,3.799,3.809,2.42585,2.4191,2.4281,FALSE,TRUE,TRUE,TRUE
step_0.01V_settle_200ms,static_threshold_hysteresis_step_0p01v_settle_time_200ms_p_voltage.csv,0.01,200,down,4.53,4,3.81,3.809,3.813,2.4290000000000003,2.4281,2.4317,FALSE,TRUE,TRUE,TRUE
step_0.01V_settle_200ms,static_threshold_hysteresis_step_0p01v_settle_time_200ms_p_voltage.csv,0.01,200,down,4.54,4,3.8192500000000003,3.818,3.823,2.4373250000000004,2.4362,2.4407,FALSE,TRUE,TRUE,TRUE
step_0.01V_settle_200ms,static_threshold_hysteresis_step_0p01v_settle_time_200ms_p_voltage.csv,0.01,200,down,4.55,4,3.82425,3.823,3.828,2.441825,2.4407,2.4452,FALSE,TRUE,TRUE,TRUE
step_0.01V_settle_200ms,static_threshold_hysteresis_step_0p01v_settle_time_200ms_p_voltage.csv,0.01,200,down,4.56,4,3.82925,3.828,3.833,2.4463250000000003,2.4452,2.4497000000000004,FALSE,TRUE,TRUE,TRUE
step_0.01V_settle_200ms,static_threshold_hysteresis_step_0p01v_settle_time_200ms_p_voltage.csv,0.01,200,down,4.57,4,3.8355,3.833,3.838,2.45195,2.4497000000000004,2.4542,FALSE,TRUE,TRUE,TRUE
step_0.01V_settle_200ms,static_threshold_hysteresis_step_0p01v_settle_time_200ms_p_voltage.csv,0.01,200,down,4.58,4,3.84175,3.838,3.848,2.4575750000000003,2.4542,2.4632,FALSE,TRUE,TRUE,TRUE
step_0.01V_settle_200ms,static_threshold_hysteresis_step_0p01v_settle_time_200ms_p_voltage.csv,0.01,200,down,4.59,4,3.85025,3.848,3.857,2.4652250000000002,2.4632,2.4713000000000003,FALSE,TRUE,TRUE,TRUE
step_0.01V_settle_200ms,static_threshold_hysteresis_step_0p01v_settle_time_200ms_p_voltage.csv,0.01,200,down,4.6,4,3.85825,3.857,3.862,2.472425,2.4713000000000003,2.4758,FALSE,TRUE,TRUE,TRUE
step_0.01V_settle_200ms,static_threshold_hysteresis_step_0p01v_settle_time_200ms_p_voltage.csv,0.01,200,down,4.61,4,3.862,3.862,3.862,2.4758,2.4758,2.4758,FALSE,TRUE,TRUE,TRUE
step_0.01V_settle_200ms,static_threshold_hysteresis_step_0p01v_settle_time_200ms_p_voltage.csv,0.01,200,down,4.62,4,3.87075,3.867,3.872,2.4836750000000003,2.4803,2.4848,FALSE,TRUE,TRUE,TRUE
step_0.01V_settle_200ms,static_threshold_hysteresis_step_0p01v_settle_time_200ms_p_voltage.csv,0.01,200,down,4.63,4,3.87575,3.872,3.877,2.488175,2.4848,2.4893,FALSE,TRUE,TRUE,TRUE
step_0.01V_settle_200ms,static_threshold_hysteresis_step_0p01v_settle_time_200ms_p_voltage.csv,0.01,200,down,4.64,4,3.88075,3.877,3.882,2.492675,2.4893,2.4938000000000002,FALSE,TRUE,TRUE,TRUE
step_0.01V_settle_200ms,static_threshold_hysteresis_step_0p01v_settle_time_200ms_p_voltage.csv,0.01,200,down,4.65,4,3.8905,3.887,3.896,2.5014499999999997,2.4983,2.5064,FALSE,TRUE,TRUE,TRUE
step_0.01V_settle_200ms,static_threshold_hysteresis_step_0p01v_settle_time_200ms_p_voltage.csv,0.01,200,down,4.66,4,3.894,3.892,3.896,2.5046000000000004,2.5028,2.5064,FALSE,TRUE,TRUE,TRUE
step_0.01V_settle_200ms,static_threshold_hysteresis_step_0p01v_settle_time_200ms_p_voltage.csv,0.01,200,down,4.67,4,3.89975,3.896,3.906,2.5097750000000003,2.5064,2.5154,FALSE,TRUE,TRUE,TRUE
step_0.01V_settle_200ms,static_threshold_hysteresis_step_0p01v_settle_time_200ms_p_voltage.csv,0.01,200,down,4.68,4,3.9034999999999997,3.901,3.911,2.51315,2.5109,2.5199000000000003,FALSE,TRUE,TRUE,TRUE
step_0.01V_settle_200ms,static_threshold_hysteresis_step_0p01v_settle_time_200ms_p_voltage.csv,0.01,200,down,4.69,4,3.916,3.911,3.921,2.5244,2.5199000000000003,2.5288999999999997,FALSE,TRUE,TRUE,TRUE
step_0.01V_settle_200ms,static_threshold_hysteresis_step_0p01v_settle_time_200ms_p_voltage.csv,0.01,200,down,4.7,4,3.926,3.926,3.926,2.5334000000000003,2.5334000000000003,2.5334000000000003,FALSE,TRUE,TRUE,TRUE
step_0.01V_settle_200ms,static_threshold_hysteresis_step_0p01v_settle_time_200ms_p_voltage.csv,0.01,200,down,4.71,4,3.9285,3.926,3.931,2.53565,2.5334000000000003,2.5379,FALSE,TRUE,TRUE,TRUE
step_0.01V_settle_200ms,static_threshold_hysteresis_step_0p01v_settle_time_200ms_p_voltage.csv,0.01,200,down,4.72,4,3.939,3.936,3.94,2.5451,2.5424,2.546,FALSE,TRUE,TRUE,TRUE
step_0.01V_settle_200ms,static_threshold_hysteresis_step_0p01v_settle_time_200ms_p_voltage.csv,0.01,200,down,4.73,4,3.9425,3.94,3.945,2.54825,2.546,2.5505,FALSE,TRUE,TRUE,TRUE
step_0.01V_settle_200ms,static_threshold_hysteresis_step_0p01v_settle_time_200ms_p_voltage.csv,0.01,200,down,4.74,4,3.94875,3.945,3.95,2.553875,2.5505,2.555,FALSE,TRUE,TRUE,TRUE
step_0.01V_settle_200ms,static_threshold_hysteresis_step_0p01v_settle_time_200ms_p_voltage.csv,0.01,200,down,4.75,4,3.95625,3.955,3.96,2.560625,2.5595000000000003,2.564,FALSE,TRUE,TRUE,TRUE
step_0.01V_settle_200ms,static_threshold_hysteresis_step_0p01v_settle_time_200ms_p_voltage.csv,0.01,200,down,4.76,4,3.9575,3.955,3.965,2.56175,2.5595000000000003,2.5685,FALSE,TRUE,TRUE,TRUE
step_0.01V_settle_200ms,static_threshold_hysteresis_step_0p01v_settle_time_200ms_p_voltage.csv,0.01,200,down,4.77,4,3.9712500000000004,3.97,3.975,2.5741250000000004,2.5730000000000004,2.5775,FALSE,TRUE,TRUE,TRUE
step_0.01V_settle_200ms,static_threshold_hysteresis_step_0p01v_settle_time_200ms_p_voltage.csv,0.01,200,down,4.78,4,3.9722500000000003,3.97,3.979,2.575025,2.5730000000000004,2.5811,FALSE,TRUE,TRUE,TRUE
step_0.01V_settle_200ms,static_threshold_hysteresis_step_0p01v_settle_time_200ms_p_voltage.csv,0.01,200,down,4.79,4,3.98025,3.979,3.984,2.5822249999999998,2.5811,2.5856,FALSE,TRUE,TRUE,TRUE
step_0.01V_settle_200ms,static_threshold_hysteresis_step_0p01v_settle_time_200ms_p_voltage.csv,0.01,200,down,4.8,4,3.989,3.989,3.989,2.5901,2.5901,2.5901,FALSE,TRUE,TRUE,TRUE
step_0.01V_settle_200ms,static_threshold_hysteresis_step_0p01v_settle_time_200ms_p_voltage.csv,0.01,200,down,4.81,4,3.99775,3.994,3.999,2.597975,2.5946000000000002,2.5991,FALSE,TRUE,TRUE,TRUE
step_0.01V_settle_200ms,static_threshold_hysteresis_step_0p01v_settle_time_200ms_p_voltage.csv,0.01,200,down,4.82,4,4.00275,3.999,4.009,2.602475,2.5991,2.6081000000000003,FALSE,TRUE,TRUE,TRUE
step_0.01V_settle_200ms,static_threshold_hysteresis_step_0p01v_settle_time_200ms_p_voltage.csv,0.01,200,down,4.83,4,4.00775,4.004,4.014,2.606975,2.6035999999999997,2.6126000000000005,FALSE,TRUE,TRUE,TRUE
step_0.01V_settle_200ms,static_threshold_hysteresis_step_0p01v_settle_time_200ms_p_voltage.csv,0.01,200,down,4.84,4,4.014,4.014,4.014,2.6126000000000005,2.6126000000000005,2.6126000000000005,FALSE,TRUE,TRUE,TRUE
step_0.01V_settle_200ms,static_threshold_hysteresis_step_0p01v_settle_time_200ms_p_voltage.csv,0.01,200,down,4.85,4,4.019,4.019,4.019,2.6171,2.6171,2.6171,FALSE,TRUE,TRUE,TRUE
step_0.01V_settle_200ms,static_threshold_hysteresis_step_0p01v_settle_time_200ms_p_voltage.csv,0.01,200,down,4.86,4,4.0305,4.028,4.033,2.62745,2.6251999999999995,2.6297000000000006,FALSE,TRUE,TRUE,TRUE
step_0.01V_settle_200ms,static_threshold_hysteresis_step_0p01v_settle_time_200ms_p_voltage.csv,0.01,200,down,4.87,4,4.031750000000001,4.028,4.033,2.6285750000000005,2.6251999999999995,2.6297000000000006,FALSE,TRUE,TRUE,TRUE
step_0.01V_settle_200ms,static_threshold_hysteresis_step_0p01v_settle_time_200ms_p_voltage.csv,0.01,200,down,4.88,4,4.03925,4.038,4.043,2.635325,2.6342000000000003,2.6387,FALSE,TRUE,TRUE,TRUE
step_0.01V_settle_200ms,static_threshold_hysteresis_step_0p01v_settle_time_200ms_p_voltage.csv,0.01,200,down,4.89,4,4.04175,4.038,4.043,2.6375750000000004,2.6342000000000003,2.6387,FALSE,TRUE,TRUE,TRUE
step_0.01V_settle_200ms,static_threshold_hysteresis_step_0p01v_settle_time_200ms_p_voltage.csv,0.01,200,down,4.9,4,4.058,4.058,4.058,2.6522,2.6522,2.6522,FALSE,TRUE,TRUE,TRUE
step_0.01V_settle_200ms,static_threshold_hysteresis_step_0p01v_settle_time_200ms_p_voltage.csv,0.01,200,down,4.91,4,4.05925,4.058,4.063,2.6533249999999997,2.6522,2.6567,FALSE,TRUE,TRUE,TRUE
step_0.01V_settle_200ms,static_threshold_hysteresis_step_0p01v_settle_time_200ms_p_voltage.csv,0.01,200,down,4.92,4,4.06375,4.058,4.072,2.657375,2.6522,2.6648,FALSE,TRUE,TRUE,TRUE
step_0.01V_settle_200ms,static_threshold_hysteresis_step_0p01v_settle_time_200ms_p_voltage.csv,0.01,200,down,4.93,4,4.0745000000000005,4.072,4.077,2.6670500000000006,2.6648,2.6693000000000002,FALSE,TRUE,TRUE,TRUE
step_0.01V_settle_200ms,static_threshold_hysteresis_step_0p01v_settle_time_200ms_p_voltage.csv,0.01,200,down,4.94,4,4.0794999999999995,4.077,4.082,2.6715499999999994,2.6693000000000002,2.6738,FALSE,TRUE,TRUE,TRUE
step_0.01V_settle_200ms,static_threshold_hysteresis_step_0p01v_settle_time_200ms_p_voltage.csv,0.01,200,down,4.95,4,4.0882499999999995,4.087,4.092,2.6794249999999997,2.6782999999999997,2.6828,FALSE,TRUE,TRUE,TRUE
step_0.01V_settle_200ms,static_threshold_hysteresis_step_0p01v_settle_time_200ms_p_voltage.csv,0.01,200,down,4.96,4,4.097,4.092,4.102,2.6873000000000005,2.6828,2.6918,FALSE,TRUE,TRUE,TRUE
step_0.01V_settle_200ms,static_threshold_hysteresis_step_0p01v_settle_time_200ms_p_voltage.csv,0.01,200,down,4.97,4,4.099500000000001,4.097,4.102,2.689550000000001,2.6873000000000005,2.6918,FALSE,TRUE,TRUE,TRUE
step_0.01V_settle_200ms,static_threshold_hysteresis_step_0p01v_settle_time_200ms_p_voltage.csv,0.01,200,down,4.98,4,4.10975,4.106,4.111,2.698775,2.6954,2.6999,FALSE,TRUE,TRUE,TRUE
step_0.01V_settle_200ms,static_threshold_hysteresis_step_0p01v_settle_time_200ms_p_voltage.csv,0.01,200,down,4.99,4,4.1122499999999995,4.111,4.116,2.7010249999999996,2.6999,2.7043999999999997,FALSE,TRUE,TRUE,TRUE
step_0.01V_settle_200ms,static_threshold_hysteresis_step_0p01v_settle_time_200ms_p_voltage.csv,0.01,200,down,5,4,4.126,4.121,4.131,2.7134000000000005,2.7089000000000003,2.7179,FALSE,TRUE,TRUE,TRUE
step_0.01V_settle_200ms,static_threshold_hysteresis_step_0p01v_settle_time_200ms_p_voltage.csv,0.01,200,down,5.01,4,4.12725,4.126,4.131,2.714525,2.7134000000000005,2.7179,FALSE,TRUE,TRUE,TRUE
step_0.01V_settle_200ms,static_threshold_hysteresis_step_0p01v_settle_time_200ms_p_voltage.csv,0.01,200,down,5.02,4,4.136,4.131,4.141,2.7224000000000004,2.7179,2.7269,FALSE,TRUE,TRUE,TRUE
step_0.01V_settle_200ms,static_threshold_hysteresis_step_0p01v_settle_time_200ms_p_voltage.csv,0.01,200,down,5.03,4,4.14225,4.141,4.146,2.7280249999999997,2.7269,2.7314,FALSE,TRUE,TRUE,TRUE
step_0.01V_settle_200ms,static_threshold_hysteresis_step_0p01v_settle_time_200ms_p_voltage.csv,0.01,200,down,5.04,4,4.14925,4.146,4.155,2.7343250000000006,2.7314,2.7395000000000005,FALSE,TRUE,TRUE,TRUE
step_0.01V_settle_200ms,static_threshold_hysteresis_step_0p01v_settle_time_200ms_p_voltage.csv,0.01,200,down,5.05,4,4.155,4.155,4.155,2.7395000000000005,2.7395000000000005,2.7395000000000005,FALSE,TRUE,TRUE,TRUE
step_0.01V_settle_200ms,static_threshold_hysteresis_step_0p01v_settle_time_200ms_p_voltage.csv,0.01,200,down,5.06,4,4.16125,4.16,4.165,2.745125,2.744,2.7485,FALSE,TRUE,TRUE,TRUE
step_0.01V_settle_200ms,static_threshold_hysteresis_step_0p01v_settle_time_200ms_p_voltage.csv,0.01,200,down,5.07,4,4.165,4.165,4.165,2.7485,2.7485,2.7485,FALSE,TRUE,TRUE,TRUE
step_0.01V_settle_200ms,static_threshold_hysteresis_step_0p01v_settle_time_200ms_p_voltage.csv,0.01,200,down,5.08,4,4.17375,4.17,4.175,2.7563750000000002,2.753,2.7575,FALSE,TRUE,TRUE,TRUE
step_0.01V_settle_200ms,static_threshold_hysteresis_step_0p01v_settle_time_200ms_p_voltage.csv,0.01,200,down,5.09,4,4.182499999999999,4.18,4.185,2.764249999999999,2.762,2.7664999999999997,FALSE,TRUE,TRUE,TRUE
step_0.01V_settle_200ms,static_threshold_hysteresis_step_0p01v_settle_time_200ms_p_voltage.csv,0.01,200,down,5.1,4,4.189,4.189,4.189,2.7701000000000002,2.7701000000000002,2.7701000000000002,FALSE,TRUE,TRUE,TRUE
step_0.01V_settle_200ms,static_threshold_hysteresis_step_0p01v_settle_time_200ms_p_voltage.csv,0.01,200,down,5.11,4,4.194,4.189,4.199,2.7746,2.7701000000000002,2.7791,FALSE,TRUE,TRUE,TRUE
step_0.01V_settle_200ms,static_threshold_hysteresis_step_0p01v_settle_time_200ms_p_voltage.csv,0.01,200,down,5.12,4,4.20025,4.199,4.204,2.7802249999999997,2.7791,2.7836,FALSE,TRUE,TRUE,TRUE
step_0.01V_settle_200ms,static_threshold_hysteresis_step_0p01v_settle_time_200ms_p_voltage.csv,0.01,200,down,5.13,4,4.21025,4.209,4.214,2.7892250000000005,2.7880999999999996,2.7926000000000006,FALSE,TRUE,TRUE,TRUE
step_0.01V_settle_200ms,static_threshold_hysteresis_step_0p01v_settle_time_200ms_p_voltage.csv,0.01,200,down,5.14,4,4.2177500000000006,4.214,4.219,2.7959750000000008,2.7926000000000006,2.7971000000000004,FALSE,TRUE,TRUE,TRUE
step_0.01V_settle_200ms,static_threshold_hysteresis_step_0p01v_settle_time_200ms_p_voltage.csv,0.01,200,down,5.15,4,4.2227500000000004,4.219,4.229,2.8004750000000005,2.7971000000000004,2.8061000000000003,FALSE,TRUE,TRUE,TRUE
step_0.01V_settle_200ms,static_threshold_hysteresis_step_0p01v_settle_time_200ms_p_voltage.csv,0.01,200,down,5.16,4,4.22875,4.224,4.233,2.805875,2.8016,2.8097,FALSE,TRUE,TRUE,TRUE
step_0.01V_settle_200ms,static_threshold_hysteresis_step_0p01v_settle_time_200ms_p_voltage.csv,0.01,200,down,5.17,4,4.234249999999999,4.233,4.238,2.8108249999999995,2.8097,2.8142000000000005,FALSE,TRUE,TRUE,TRUE
step_0.01V_settle_200ms,static_threshold_hysteresis_step_0p01v_settle_time_200ms_p_voltage.csv,0.01,200,down,5.18,4,4.241750000000001,4.238,4.243,2.8175750000000006,2.8142000000000005,2.8187,FALSE,TRUE,TRUE,TRUE
step_0.01V_settle_200ms,static_threshold_hysteresis_step_0p01v_settle_time_200ms_p_voltage.csv,0.01,200,down,5.19,4,4.250500000000001,4.248,4.253,2.8254500000000005,2.8232000000000004,2.8277,FALSE,TRUE,TRUE,TRUE
step_0.01V_settle_200ms,static_threshold_hysteresis_step_0p01v_settle_time_200ms_p_voltage.csv,0.01,200,down,5.2,4,4.2555,4.253,4.263,2.8299499999999997,2.8277,2.8367,FALSE,TRUE,TRUE,TRUE
step_0.01V_settle_200ms,static_threshold_hysteresis_step_0p01v_settle_time_200ms_p_voltage.csv,0.01,200,down,5.21,4,4.25925,4.258,4.263,2.833325,2.8322000000000003,2.8367,FALSE,TRUE,TRUE,TRUE
step_0.01V_settle_200ms,static_threshold_hysteresis_step_0p01v_settle_time_200ms_p_voltage.csv,0.01,200,down,5.22,4,4.2675,4.263,4.272,2.8407500000000003,2.8367,2.8448,FALSE,TRUE,TRUE,TRUE
step_0.01V_settle_200ms,static_threshold_hysteresis_step_0p01v_settle_time_200ms_p_voltage.csv,0.01,200,down,5.23,4,4.27325,4.272,4.277,2.8459250000000003,2.8448,2.8493000000000004,FALSE,TRUE,TRUE,TRUE
step_0.01V_settle_200ms,static_threshold_hysteresis_step_0p01v_settle_time_200ms_p_voltage.csv,0.01,200,down,5.24,4,4.28325,4.282,4.287,2.8549249999999997,2.8538,2.8583,FALSE,TRUE,TRUE,TRUE
step_0.01V_settle_200ms,static_threshold_hysteresis_step_0p01v_settle_time_200ms_p_voltage.csv,0.01,200,down,5.25,4,4.28825,4.287,4.292,2.859425,2.8583,2.8628,FALSE,TRUE,TRUE,TRUE
step_0.01V_settle_200ms,static_threshold_hysteresis_step_0p01v_settle_time_200ms_p_voltage.csv,0.01,200,down,5.26,4,4.29575,4.292,4.297,2.866175,2.8628,2.8672999999999997,FALSE,TRUE,TRUE,TRUE
step_0.01V_settle_200ms,static_threshold_hysteresis_step_0p01v_settle_time_200ms_p_voltage.csv,0.01,200,down,5.27,4,4.2982499999999995,4.297,4.302,2.868425,2.8672999999999997,2.8718,FALSE,TRUE,TRUE,TRUE
step_0.01V_settle_200ms,static_threshold_hysteresis_step_0p01v_settle_time_200ms_p_voltage.csv,0.01,200,down,5.28,4,4.3095,4.307,4.312,2.87855,2.8763000000000005,2.8808000000000002,FALSE,TRUE,TRUE,TRUE
step_0.01V_settle_200ms,static_threshold_hysteresis_step_0p01v_settle_time_200ms_p_voltage.csv,0.01,200,down,5.29,4,4.316,4.316,4.316,2.8844,2.8844,2.8844,FALSE,TRUE,TRUE,TRUE
step_0.01V_settle_200ms,static_threshold_hysteresis_step_0p01v_settle_time_200ms_p_voltage.csv,0.01,200,down,5.3,4,4.321,4.316,4.326,2.8889,2.8844,2.8933999999999997,FALSE,TRUE,TRUE,TRUE
step_0.01V_settle_200ms,static_threshold_hysteresis_step_0p01v_settle_time_200ms_p_voltage.csv,0.01,200,down,5.31,4,4.32475,4.321,4.326,2.892275,2.8889,2.8933999999999997,FALSE,TRUE,TRUE,TRUE
step_0.01V_settle_200ms,static_threshold_hysteresis_step_0p01v_settle_time_200ms_p_voltage.csv,0.01,200,down,5.32,4,4.33725,4.336,4.341,2.903525,2.9024000000000005,2.9069000000000003,FALSE,TRUE,TRUE,TRUE
step_0.01V_settle_200ms,static_threshold_hysteresis_step_0p01v_settle_time_200ms_p_voltage.csv,0.01,200,down,5.33,4,4.3385,4.336,4.341,2.9046499999999997,2.9024000000000005,2.9069000000000003,FALSE,TRUE,TRUE,TRUE
step_0.01V_settle_200ms,static_threshold_hysteresis_step_0p01v_settle_time_200ms_p_voltage.csv,0.01,200,down,5.34,4,4.352,4.351,4.355,2.9168000000000003,2.9159,2.9195000000000007,FALSE,TRUE,TRUE,TRUE
step_0.01V_settle_200ms,static_threshold_hysteresis_step_0p01v_settle_time_200ms_p_voltage.csv,0.01,200,down,5.35,4,4.355,4.355,4.355,2.9195000000000007,2.9195000000000007,2.9195000000000007,FALSE,TRUE,TRUE,TRUE
step_0.01V_settle_200ms,static_threshold_hysteresis_step_0p01v_settle_time_200ms_p_voltage.csv,0.01,200,down,5.36,4,4.362500000000001,4.36,4.365,2.926250000000001,2.9240000000000004,2.9285,FALSE,TRUE,TRUE,TRUE
step_0.01V_settle_200ms,static_threshold_hysteresis_step_0p01v_settle_time_200ms_p_voltage.csv,0.01,200,down,5.37,4,4.3725000000000005,4.365,4.375,2.9352500000000004,2.9285,2.9375,FALSE,TRUE,TRUE,TRUE
step_0.01V_settle_200ms,static_threshold_hysteresis_step_0p01v_settle_time_200ms_p_voltage.csv,0.01,200,down,5.38,4,4.37375,4.37,4.38,2.9363750000000004,2.9330000000000003,2.942,FALSE,TRUE,TRUE,TRUE
step_0.01V_settle_200ms,static_threshold_hysteresis_step_0p01v_settle_time_200ms_p_voltage.csv,0.01,200,down,5.39,4,4.38375,4.38,4.385,2.9453750000000003,2.942,2.9465,FALSE,TRUE,TRUE,TRUE
step_0.01V_settle_200ms,static_threshold_hysteresis_step_0p01v_settle_time_200ms_p_voltage.csv,0.01,200,down,5.4,4,4.38875,4.385,4.395,2.949875,2.9465,2.9555,FALSE,TRUE,TRUE,TRUE
step_0.01V_settle_200ms,static_threshold_hysteresis_step_0p01v_settle_time_200ms_p_voltage.csv,0.01,200,down,5.41,4,4.39925,4.395,4.404,2.959325,2.9555,2.9636,FALSE,TRUE,TRUE,TRUE
step_0.01V_settle_200ms,static_threshold_hysteresis_step_0p01v_settle_time_200ms_p_voltage.csv,0.01,200,down,5.42,4,4.40275,4.399,4.409,2.9624750000000004,2.9591000000000003,2.9680999999999997,FALSE,TRUE,TRUE,TRUE
step_0.01V_settle_200ms,static_threshold_hysteresis_step_0p01v_settle_time_200ms_p_voltage.csv,0.01,200,down,5.43,4,4.41025,4.409,4.414,2.969225,2.9680999999999997,2.9726,FALSE,TRUE,TRUE,TRUE
step_0.01V_settle_200ms,static_threshold_hysteresis_step_0p01v_settle_time_200ms_p_voltage.csv,0.01,200,down,5.44,4,4.4152499999999995,4.414,4.419,2.9737249999999995,2.9726,2.9770999999999996,FALSE,TRUE,TRUE,TRUE
step_0.01V_settle_200ms,static_threshold_hysteresis_step_0p01v_settle_time_200ms_p_voltage.csv,0.01,200,down,5.45,4,4.422750000000001,4.419,4.424,2.9804750000000007,2.9770999999999996,2.9816000000000003,FALSE,TRUE,TRUE,TRUE
step_0.01V_settle_200ms,static_threshold_hysteresis_step_0p01v_settle_time_200ms_p_voltage.csv,0.01,200,down,5.46,4,4.424,4.419,4.429,2.9816000000000003,2.9770999999999996,2.9861000000000004,FALSE,TRUE,TRUE,TRUE
step_0.01V_settle_200ms,static_threshold_hysteresis_step_0p01v_settle_time_200ms_p_voltage.csv,0.01,200,down,5.47,4,4.43575,4.429,4.438,2.9921749999999996,2.9861000000000004,2.9941999999999998,FALSE,TRUE,TRUE,TRUE
step_0.01V_settle_200ms,static_threshold_hysteresis_step_0p01v_settle_time_200ms_p_voltage.csv,0.01,200,down,5.48,4,4.4395,4.434,4.448,2.9955499999999997,2.9906,3.0032000000000005,FALSE,TRUE,TRUE,TRUE
step_0.01V_settle_200ms,static_threshold_hysteresis_step_0p01v_settle_time_200ms_p_voltage.csv,0.01,200,down,5.49,4,4.448,4.448,4.448,3.0032000000000005,3.0032000000000005,3.0032000000000005,FALSE,TRUE,TRUE,TRUE
step_0.01V_settle_200ms,static_threshold_hysteresis_step_0p01v_settle_time_200ms_p_voltage.csv,0.01,200,down,5.5,4,4.455500000000001,4.453,4.463,3.009950000000001,3.0077000000000007,3.0167,FALSE,TRUE,TRUE,TRUE
step_0.01V_settle_200ms,static_threshold_hysteresis_step_0p01v_settle_time_200ms_p_voltage.csv,0.01,200,down,5.51,4,4.46175,4.458,4.463,3.015575,3.0122,3.0167,FALSE,TRUE,TRUE,TRUE
step_0.01V_settle_200ms,static_threshold_hysteresis_step_0p01v_settle_time_200ms_p_voltage.csv,0.01,200,down,5.52,4,4.468,4.468,4.468,3.0212000000000003,3.0212000000000003,3.0212000000000003,FALSE,TRUE,TRUE,TRUE
step_0.01V_settle_200ms,static_threshold_hysteresis_step_0p01v_settle_time_200ms_p_voltage.csv,0.01,200,down,5.53,4,4.479,4.478,4.482,3.0311000000000003,3.0302,3.0338000000000003,FALSE,TRUE,TRUE,TRUE
step_0.01V_settle_200ms,static_threshold_hysteresis_step_0p01v_settle_time_200ms_p_voltage.csv,0.01,200,down,5.54,4,4.4822500000000005,4.478,4.487,3.0340250000000006,3.0302,3.0383000000000004,FALSE,TRUE,TRUE,TRUE
step_0.01V_settle_200ms,static_threshold_hysteresis_step_0p01v_settle_time_200ms_p_voltage.csv,0.01,200,down,5.55,4,4.49325,4.482,4.497,3.0439249999999998,3.0338000000000003,3.0473,FALSE,TRUE,TRUE,TRUE
step_0.01V_settle_200ms,static_threshold_hysteresis_step_0p01v_settle_time_200ms_p_voltage.csv,0.01,200,down,5.56,4,4.499499999999999,4.497,4.507,3.04955,3.0473,3.0563000000000002,FALSE,TRUE,TRUE,TRUE
step_0.01V_settle_200ms,static_threshold_hysteresis_step_0p01v_settle_time_200ms_p_voltage.csv,0.01,200,down,5.57,4,4.51075,4.507,4.512,3.0596750000000004,3.0563000000000002,3.0607999999999995,FALSE,TRUE,TRUE,TRUE
step_0.01V_settle_200ms,static_threshold_hysteresis_step_0p01v_settle_time_200ms_p_voltage.csv,0.01,200,down,5.58,4,4.51075,4.507,4.512,3.0596750000000004,3.0563000000000002,3.0607999999999995,FALSE,TRUE,TRUE,TRUE
step_0.01V_settle_200ms,static_threshold_hysteresis_step_0p01v_settle_time_200ms_p_voltage.csv,0.01,200,down,5.59,4,4.517,4.517,4.517,3.0653000000000006,3.0653000000000006,3.0653000000000006,FALSE,TRUE,TRUE,TRUE
step_0.01V_settle_200ms,static_threshold_hysteresis_step_0p01v_settle_time_200ms_p_voltage.csv,0.01,200,down,5.6,4,4.521,4.521,4.521,3.0689,3.0689,3.0689,FALSE,TRUE,TRUE,TRUE
step_0.01V_settle_200ms,static_threshold_hysteresis_step_0p01v_settle_time_200ms_p_voltage.csv,0.01,200,down,5.61,4,4.531,4.526,4.536,3.0778999999999996,3.0734000000000004,3.0824,FALSE,TRUE,TRUE,TRUE
step_0.01V_settle_200ms,static_threshold_hysteresis_step_0p01v_settle_time_200ms_p_voltage.csv,0.01,200,down,5.62,4,4.53725,4.536,4.541,3.0835250000000007,3.0824,3.086900000000001,FALSE,TRUE,TRUE,TRUE
step_0.01V_settle_200ms,static_threshold_hysteresis_step_0p01v_settle_time_200ms_p_voltage.csv,0.01,200,down,5.63,4,4.5447500000000005,4.541,4.551,3.090275000000001,3.086900000000001,3.0959000000000003,FALSE,TRUE,TRUE,TRUE
step_0.01V_settle_200ms,static_threshold_hysteresis_step_0p01v_settle_time_200ms_p_voltage.csv,0.01,200,down,5.64,4,4.55225,4.551,4.556,3.0970250000000004,3.0959000000000003,3.1004000000000005,FALSE,TRUE,TRUE,TRUE
step_0.01V_settle_200ms,static_threshold_hysteresis_step_0p01v_settle_time_200ms_p_voltage.csv,0.01,200,down,5.65,4,4.55975,4.556,4.561,3.1037750000000006,3.1004000000000005,3.1048999999999998,FALSE,TRUE,TRUE,TRUE
step_0.01V_settle_200ms,static_threshold_hysteresis_step_0p01v_settle_time_200ms_p_voltage.csv,0.01,200,down,5.66,4,4.56425,4.561,4.57,3.107825,3.1048999999999998,3.1130000000000004,FALSE,TRUE,TRUE,TRUE
step_0.01V_settle_200ms,static_threshold_hysteresis_step_0p01v_settle_time_200ms_p_voltage.csv,0.01,200,down,5.67,4,4.57125,4.57,4.575,3.1141250000000005,3.1130000000000004,3.1175000000000006,FALSE,TRUE,TRUE,TRUE
step_0.01V_settle_200ms,static_threshold_hysteresis_step_0p01v_settle_time_200ms_p_voltage.csv,0.01,200,down,5.68,4,4.58,4.58,4.58,3.122,3.122,3.122,FALSE,TRUE,TRUE,TRUE
step_0.01V_settle_200ms,static_threshold_hysteresis_step_0p01v_settle_time_200ms_p_voltage.csv,0.01,200,down,5.69,4,4.58,4.575,4.585,3.122,3.1175000000000006,3.1265,FALSE,TRUE,TRUE,TRUE
step_0.01V_settle_200ms,static_threshold_hysteresis_step_0p01v_settle_time_200ms_p_voltage.csv,0.01,200,down,5.7,4,4.5962499999999995,4.595,4.6,3.1366249999999996,3.1354999999999995,3.1399999999999997,FALSE,TRUE,TRUE,TRUE
step_0.01V_settle_200ms,static_threshold_hysteresis_step_0p01v_settle_time_200ms_p_voltage.csv,0.01,200,down,5.71,4,4.5962499999999995,4.59,4.6,3.1366249999999996,3.1310000000000002,3.1399999999999997,FALSE,TRUE,TRUE,TRUE
step_0.01V_settle_200ms,static_threshold_hysteresis_step_0p01v_settle_time_200ms_p_voltage.csv,0.01,200,down,5.72,4,4.6065000000000005,4.604,4.609,3.1458500000000003,3.1436,3.1481000000000003,FALSE,TRUE,TRUE,TRUE
step_0.01V_settle_200ms,static_threshold_hysteresis_step_0p01v_settle_time_200ms_p_voltage.csv,0.01,200,down,5.73,4,4.60775,4.604,4.614,3.1469750000000003,3.1436,3.1525999999999996,FALSE,TRUE,TRUE,TRUE
step_0.01V_settle_200ms,static_threshold_hysteresis_step_0p01v_settle_time_200ms_p_voltage.csv,0.01,200,down,5.74,4,4.6202499999999995,4.619,4.624,3.158225,3.1571,3.1616,FALSE,TRUE,TRUE,TRUE
step_0.01V_settle_200ms,static_threshold_hysteresis_step_0p01v_settle_time_200ms_p_voltage.csv,0.01,200,down,5.75,4,4.62275,4.619,4.624,3.160475,3.1571,3.1616,FALSE,TRUE,TRUE,TRUE
step_0.01V_settle_200ms,static_threshold_hysteresis_step_0p01v_settle_time_200ms_p_voltage.csv,0.01,200,down,5.76,4,4.6365,4.634,4.644,3.1728500000000004,3.1706000000000003,3.1796000000000006,FALSE,TRUE,TRUE,TRUE
step_0.01V_settle_200ms,static_threshold_hysteresis_step_0p01v_settle_time_200ms_p_voltage.csv,0.01,200,down,5.77,4,4.64025,4.639,4.644,3.1762250000000005,3.1751000000000005,3.1796000000000006,FALSE,TRUE,TRUE,TRUE
step_0.01V_settle_200ms,static_threshold_hysteresis_step_0p01v_settle_time_200ms_p_voltage.csv,0.01,200,down,5.78,4,4.645,4.644,4.648,3.1804999999999994,3.1796000000000006,3.1832000000000003,FALSE,TRUE,TRUE,TRUE
step_0.01V_settle_200ms,static_threshold_hysteresis_step_0p01v_settle_time_200ms_p_voltage.csv,0.01,200,down,5.79,4,4.65175,4.648,4.653,3.1865750000000004,3.1832000000000003,3.1876999999999995,FALSE,TRUE,TRUE,TRUE
step_0.01V_settle_200ms,static_threshold_hysteresis_step_0p01v_settle_time_200ms_p_voltage.csv,0.01,200,down,5.8,4,4.658,4.658,4.658,3.1922000000000006,3.1922000000000006,3.1922000000000006,FALSE,TRUE,TRUE,TRUE
step_0.01V_settle_200ms,static_threshold_hysteresis_step_0p01v_settle_time_200ms_p_voltage.csv,0.01,200,down,5.81,4,4.6655,4.663,4.668,3.19895,3.1967000000000008,3.2012,FALSE,TRUE,TRUE,TRUE
step_0.01V_settle_200ms,static_threshold_hysteresis_step_0p01v_settle_time_200ms_p_voltage.csv,0.01,200,down,5.82,4,4.668,4.668,4.668,3.2012,3.2012,3.2012,FALSE,TRUE,TRUE,TRUE
step_0.01V_settle_200ms,static_threshold_hysteresis_step_0p01v_settle_time_200ms_p_voltage.csv,0.01,200,down,5.83,4,4.67925,4.678,4.683,3.2113249999999995,3.2102000000000004,3.2146999999999997,FALSE,TRUE,TRUE,TRUE
step_0.01V_settle_200ms,static_threshold_hysteresis_step_0p01v_settle_time_200ms_p_voltage.csv,0.01,200,down,5.84,4,4.685499999999999,4.678,4.688,3.2169499999999998,3.2102000000000004,3.2192,FALSE,TRUE,TRUE,TRUE
step_0.01V_settle_200ms,static_threshold_hysteresis_step_0p01v_settle_time_200ms_p_voltage.csv,0.01,200,down,5.85,4,4.6945,4.692,4.697,3.2250499999999995,3.2228000000000003,3.2273000000000005,FALSE,TRUE,TRUE,TRUE
step_0.01V_settle_200ms,static_threshold_hysteresis_step_0p01v_settle_time_200ms_p_voltage.csv,0.01,200,down,5.86,4,4.702,4.697,4.707,3.2318,3.2273000000000005,3.2363,FALSE,TRUE,TRUE,TRUE
step_0.01V_settle_200ms,static_threshold_hysteresis_step_0p01v_settle_time_200ms_p_voltage.csv,0.01,200,down,5.87,4,4.702,4.702,4.702,3.2318,3.2318,3.2318,FALSE,TRUE,TRUE,TRUE
step_0.01V_settle_200ms,static_threshold_hysteresis_step_0p01v_settle_time_200ms_p_voltage.csv,0.01,200,down,5.88,4,4.712,4.702,4.717,3.2408,3.2318,3.2452999999999994,FALSE,TRUE,TRUE,TRUE
step_0.01V_settle_200ms,static_threshold_hysteresis_step_0p01v_settle_time_200ms_p_voltage.csv,0.01,200,down,5.89,4,4.71575,4.712,4.722,3.2441750000000003,3.2408,3.2498000000000005,FALSE,TRUE,TRUE,TRUE
step_0.01V_settle_200ms,static_threshold_hysteresis_step_0p01v_settle_time_200ms_p_voltage.csv,0.01,200,down,5.9,4,4.724500000000001,4.722,4.727,3.2520500000000006,3.2498000000000005,3.2543000000000006,FALSE,TRUE,TRUE,TRUE
step_0.01V_settle_200ms,static_threshold_hysteresis_step_0p01v_settle_time_200ms_p_voltage.csv,0.01,200,down,5.91,4,4.731,4.731,4.731,3.2579000000000002,3.2579000000000002,3.2579000000000002,FALSE,TRUE,TRUE,TRUE
step_0.01V_settle_200ms,static_threshold_hysteresis_step_0p01v_settle_time_200ms_p_voltage.csv,0.01,200,down,5.92,4,4.736,4.731,4.741,3.2623999999999995,3.2579000000000002,3.2668999999999997,FALSE,TRUE,TRUE,TRUE
step_0.01V_settle_200ms,static_threshold_hysteresis_step_0p01v_settle_time_200ms_p_voltage.csv,0.01,200,down,5.93,4,4.74225,4.741,4.746,3.2680250000000006,3.2668999999999997,3.2714000000000008,FALSE,TRUE,TRUE,TRUE
step_0.01V_settle_200ms,static_threshold_hysteresis_step_0p01v_settle_time_200ms_p_voltage.csv,0.01,200,down,5.94,4,4.7547500000000005,4.751,4.756,3.279275,3.2759,3.2804,FALSE,TRUE,TRUE,TRUE
step_0.01V_settle_200ms,static_threshold_hysteresis_step_0p01v_settle_time_200ms_p_voltage.csv,0.01,200,down,5.95,4,4.76225,4.761,4.766,3.2860250000000004,3.2849000000000004,3.2894000000000005,FALSE,TRUE,TRUE,TRUE
step_0.01V_settle_200ms,static_threshold_hysteresis_step_0p01v_settle_time_200ms_p_voltage.csv,0.01,200,down,5.96,4,4.7684999999999995,4.766,4.771,3.2916499999999997,3.2894000000000005,3.2939,FALSE,TRUE,TRUE,TRUE
step_0.01V_settle_200ms,static_threshold_hysteresis_step_0p01v_settle_time_200ms_p_voltage.csv,0.01,200,down,5.97,4,4.771,4.771,4.771,3.2939,3.2939,3.2939,FALSE,TRUE,TRUE,TRUE
step_0.01V_settle_200ms,static_threshold_hysteresis_step_0p01v_settle_time_200ms_p_voltage.csv,0.01,200,down,5.98,4,4.78,4.78,4.78,3.3020000000000005,3.3020000000000005,3.3020000000000005,FALSE,TRUE,TRUE,TRUE
step_0.01V_settle_200ms,static_threshold_hysteresis_step_0p01v_settle_time_200ms_p_voltage.csv,0.01,200,down,5.99,4,4.78625,4.785,4.79,3.307625,3.3065000000000007,3.311,FALSE,TRUE,TRUE,TRUE
step_0.01V_settle_200ms,static_threshold_hysteresis_step_0p01v_settle_time_200ms_p_voltage.csv,0.01,200,down,6,4,4.78875,4.785,4.795,3.309875000000001,3.3065000000000007,3.3155,FALSE,TRUE,TRUE,TRUE
step_0.01V_settle_200ms,static_threshold_hysteresis_step_0p01v_settle_time_200ms_p_voltage.csv,0.01,200,down,6.01,4,4.80125,4.8,4.805,3.3211249999999994,3.3200000000000003,3.3244999999999996,FALSE,TRUE,TRUE,TRUE
step_0.01V_settle_200ms,static_threshold_hysteresis_step_0p01v_settle_time_200ms_p_voltage.csv,0.01,200,down,6.02,4,4.81,4.81,4.81,3.3289999999999997,3.3289999999999997,3.3289999999999997,FALSE,TRUE,TRUE,TRUE
step_0.01V_settle_200ms,static_threshold_hysteresis_step_0p01v_settle_time_200ms_p_voltage.csv,0.01,200,down,6.03,4,4.81525,4.814,4.819,3.3337250000000003,3.3326000000000002,3.3371000000000004,FALSE,TRUE,TRUE,TRUE
step_0.01V_settle_200ms,static_threshold_hysteresis_step_0p01v_settle_time_200ms_p_voltage.csv,0.01,200,down,6.04,4,4.8215,4.819,4.824,3.3393500000000005,3.3371000000000004,3.3415999999999997,FALSE,TRUE,TRUE,TRUE
step_0.01V_settle_200ms,static_threshold_hysteresis_step_0p01v_settle_time_200ms_p_voltage.csv,0.01,200,down,6.05,4,4.8302499999999995,4.829,4.834,3.347225,3.3461,3.3506,FALSE,TRUE,TRUE,TRUE
step_0.01V_settle_200ms,static_threshold_hysteresis_step_0p01v_settle_time_200ms_p_voltage.csv,0.01,200,down,6.06,4,4.83525,4.829,4.839,3.351725,3.3461,3.3551,FALSE,TRUE,TRUE,TRUE
step_0.01V_settle_200ms,static_threshold_hysteresis_step_0p01v_settle_time_200ms_p_voltage.csv,0.01,200,down,6.07,4,4.8415,4.839,4.844,3.3573500000000003,3.3551,3.3596000000000004,FALSE,TRUE,TRUE,TRUE
step_0.01V_settle_200ms,static_threshold_hysteresis_step_0p01v_settle_time_200ms_p_voltage.csv,0.01,200,down,6.08,4,4.84525,4.844,4.849,3.3607250000000004,3.3596000000000004,3.3641000000000005,FALSE,TRUE,TRUE,TRUE
step_0.01V_settle_200ms,static_threshold_hysteresis_step_0p01v_settle_time_200ms_p_voltage.csv,0.01,200,down,6.09,4,4.854,4.854,4.854,3.3686,3.3686,3.3686,FALSE,TRUE,TRUE,TRUE
step_0.01V_settle_200ms,static_threshold_hysteresis_step_0p01v_settle_time_200ms_p_voltage.csv,0.01,200,down,6.1,4,4.859500000000001,4.854,4.863,3.3735500000000007,3.3686,3.3767000000000005,FALSE,TRUE,TRUE,TRUE
step_0.01V_settle_200ms,static_threshold_hysteresis_step_0p01v_settle_time_200ms_p_voltage.csv,0.01,200,down,6.11,4,4.865500000000001,4.863,4.873,3.3789500000000006,3.3767000000000005,3.3857,FALSE,TRUE,TRUE,TRUE
step_0.01V_settle_200ms,static_threshold_hysteresis_step_0p01v_settle_time_200ms_p_voltage.csv,0.01,200,down,6.12,4,4.878,4.873,4.883,3.3902,3.3857,3.3947000000000003,FALSE,TRUE,TRUE,TRUE
step_0.01V_settle_200ms,static_threshold_hysteresis_step_0p01v_settle_time_200ms_p_voltage.csv,0.01,200,down,6.13,4,4.883,4.883,4.883,3.3947000000000003,3.3947000000000003,3.3947000000000003,FALSE,TRUE,TRUE,TRUE
step_0.01V_settle_200ms,static_threshold_hysteresis_step_0p01v_settle_time_200ms_p_voltage.csv,0.01,200,down,6.14,4,4.88425,4.878,4.888,3.3958250000000003,3.3902,3.3992000000000004,FALSE,TRUE,TRUE,TRUE
step_0.01V_settle_200ms,static_threshold_hysteresis_step_0p01v_settle_time_200ms_p_voltage.csv,0.01,200,down,6.15,4,4.8915,4.888,4.897,3.40235,3.3992000000000004,3.4073,FALSE,TRUE,TRUE,TRUE
step_0.01V_settle_200ms,static_threshold_hysteresis_step_0p01v_settle_time_200ms_p_voltage.csv,0.01,200,down,6.16,4,4.902,4.897,4.907,3.4118000000000004,3.4073,3.4163000000000006,FALSE,TRUE,TRUE,TRUE
step_0.01V_settle_200ms,static_threshold_hysteresis_step_0p01v_settle_time_200ms_p_voltage.csv,0.01,200,down,6.17,4,4.912,4.907,4.917,3.4208,3.4163000000000006,3.4253,FALSE,TRUE,TRUE,TRUE
step_0.01V_settle_200ms,static_threshold_hysteresis_step_0p01v_settle_time_200ms_p_voltage.csv,0.01,200,down,6.18,4,4.919499999999999,4.917,4.922,3.427549999999999,3.4253,3.4298,FALSE,TRUE,TRUE,TRUE
step_0.01V_settle_200ms,static_threshold_hysteresis_step_0p01v_settle_time_200ms_p_voltage.csv,0.01,200,down,6.19,4,4.919499999999999,4.917,4.927,3.427549999999999,3.4253,3.4342999999999995,FALSE,TRUE,TRUE,TRUE
step_0.01V_settle_200ms,static_threshold_hysteresis_step_0p01v_settle_time_200ms_p_voltage.csv,0.01,200,down,6.2,4,4.93075,4.927,4.932,3.4376749999999996,3.4342999999999995,3.4388000000000005,FALSE,TRUE,TRUE,TRUE
step_0.01V_settle_200ms,static_threshold_hysteresis_step_0p01v_settle_time_200ms_p_voltage.csv,0.01,200,down,6.21,4,4.9355,4.932,4.941,3.4419500000000003,3.4388000000000005,3.4469000000000003,FALSE,TRUE,TRUE,TRUE
step_0.01V_settle_200ms,static_threshold_hysteresis_step_0p01v_settle_time_200ms_p_voltage.csv,0.01,200,down,6.22,4,4.94225,4.941,4.946,3.4480249999999995,3.4469000000000003,3.4513999999999996,FALSE,TRUE,TRUE,TRUE
step_0.01V_settle_200ms,static_threshold_hysteresis_step_0p01v_settle_time_200ms_p_voltage.csv,0.01,200,down,6.23,4,4.94475,4.941,4.951,3.4502750000000004,3.4469000000000003,3.4558999999999997,FALSE,TRUE,TRUE,TRUE
step_0.01V_settle_200ms,static_threshold_hysteresis_step_0p01v_settle_time_200ms_p_voltage.csv,0.01,200,down,6.24,4,4.95475,4.946,4.961,3.459275,3.4513999999999996,3.4649,FALSE,TRUE,TRUE,TRUE
step_0.01V_settle_200ms,static_threshold_hysteresis_step_0p01v_settle_time_200ms_p_voltage.csv,0.01,200,down,6.25,4,4.96225,4.961,4.966,3.466025,3.4649,3.4694000000000003,FALSE,TRUE,TRUE,TRUE
step_0.01V_settle_200ms,static_threshold_hysteresis_step_0p01v_settle_time_200ms_p_voltage.csv,0.01,200,down,6.26,4,4.968500000000001,4.966,4.971,3.4716500000000003,3.4694000000000003,3.4739000000000004,FALSE,TRUE,TRUE,TRUE
step_0.01V_settle_200ms,static_threshold_hysteresis_step_0p01v_settle_time_200ms_p_voltage.csv,0.01,200,down,6.27,4,4.97475,4.971,4.976,3.4772750000000006,3.4739000000000004,3.4783999999999997,FALSE,TRUE,TRUE,TRUE
step_0.01V_settle_200ms,static_threshold_hysteresis_step_0p01v_settle_time_200ms_p_voltage.csv,0.01,200,down,6.28,4,4.979,4.976,4.98,3.4811000000000005,3.4783999999999997,3.482,FALSE,TRUE,TRUE,TRUE
step_0.01V_settle_200ms,static_threshold_hysteresis_step_0p01v_settle_time_200ms_p_voltage.csv,0.01,200,down,6.29,4,4.987500000000001,4.985,4.99,3.4887500000000005,3.4865000000000004,3.4910000000000005,FALSE,TRUE,TRUE,TRUE
step_0.01V_settle_200ms,static_threshold_hysteresis_step_0p01v_settle_time_200ms_p_voltage.csv,0.01,200,down,6.3,4,4.99,4.985,5,3.4910000000000005,3.4865000000000004,3.5,FALSE,TRUE,TRUE,TRUE
step_0.01V_settle_200ms,static_threshold_hysteresis_step_0p01v_settle_time_200ms_p_voltage.csv,0.01,200,down,6.31,4,5,5,5,3.5,3.5,3.5,FALSE,TRUE,TRUE,TRUE
step_0.01V_settle_200ms,static_threshold_hysteresis_step_0p01v_settle_time_200ms_p_voltage.csv,0.01,200,down,6.32,4,5.00625,5.005,5.01,3.505625,3.5045,3.5090000000000003,FALSE,TRUE,TRUE,TRUE
step_0.01V_settle_200ms,static_threshold_hysteresis_step_0p01v_settle_time_200ms_p_voltage.csv,0.01,200,down,6.33,4,5.012499999999999,5.01,5.015,3.5112499999999995,3.5090000000000003,3.5134999999999996,FALSE,TRUE,TRUE,TRUE
step_0.01V_settle_200ms,static_threshold_hysteresis_step_0p01v_settle_time_200ms_p_voltage.csv,0.01,200,down,6.34,4,5.01725,5.015,5.024,3.5155250000000002,3.5134999999999996,3.5216000000000003,FALSE,TRUE,TRUE,TRUE
step_0.01V_settle_200ms,static_threshold_hysteresis_step_0p01v_settle_time_200ms_p_voltage.csv,0.01,200,down,6.35,4,5.02325,5.02,5.029,3.520925,3.518,3.5261000000000005,FALSE,TRUE,TRUE,TRUE
step_0.01V_settle_200ms,static_threshold_hysteresis_step_0p01v_settle_time_200ms_p_voltage.csv,0.01,200,down,6.36,4,5.03275,5.029,5.034,3.5294750000000006,3.5261000000000005,3.5305999999999997,FALSE,TRUE,TRUE,TRUE
step_0.01V_settle_200ms,static_threshold_hysteresis_step_0p01v_settle_time_200ms_p_voltage.csv,0.01,200,down,6.37,4,5.044,5.044,5.044,3.5396,3.5396,3.5396,FALSE,TRUE,TRUE,TRUE
step_0.01V_settle_200ms,static_threshold_hysteresis_step_0p01v_settle_time_200ms_p_voltage.csv,0.01,200,down,6.38,4,5.0465,5.039,5.049,3.54185,3.5351,3.5441000000000003,FALSE,TRUE,TRUE,TRUE
step_0.01V_settle_200ms,static_threshold_hysteresis_step_0p01v_settle_time_200ms_p_voltage.csv,0.01,200,down,6.39,4,5.0565,5.054,5.059,3.5508499999999996,3.5486000000000004,3.5531000000000006,FALSE,TRUE,TRUE,TRUE
step_0.01V_settle_200ms,static_threshold_hysteresis_step_0p01v_settle_time_200ms_p_voltage.csv,0.01,200,down,6.4,4,5.05525,5.054,5.059,3.5497250000000005,3.5486000000000004,3.5531000000000006,FALSE,TRUE,TRUE,TRUE
step_0.01V_settle_200ms,static_threshold_hysteresis_step_0p01v_settle_time_200ms_p_voltage.csv,0.01,200,down,6.41,4,5.06925,5.063,5.073,3.5623250000000004,3.5567,3.5657000000000005,FALSE,TRUE,TRUE,TRUE
step_0.01V_settle_200ms,static_threshold_hysteresis_step_0p01v_settle_time_200ms_p_voltage.csv,0.01,200,down,6.42,4,5.07175,5.068,5.073,3.5645749999999996,3.5611999999999995,3.5657000000000005,FALSE,TRUE,TRUE,TRUE
step_0.01V_settle_200ms,static_threshold_hysteresis_step_0p01v_settle_time_200ms_p_voltage.csv,0.01,200,down,6.43,4,5.07925,5.078,5.083,3.571325,3.5702000000000007,3.5747,FALSE,TRUE,TRUE,TRUE
step_0.01V_settle_200ms,static_threshold_hysteresis_step_0p01v_settle_time_200ms_p_voltage.csv,0.01,200,down,6.44,4,5.08675,5.083,5.088,3.578075,3.5747,3.5792,FALSE,TRUE,TRUE,TRUE
step_0.01V_settle_200ms,static_threshold_hysteresis_step_0p01v_settle_time_200ms_p_voltage.csv,0.01,200,down,6.45,4,5.0954999999999995,5.093,5.098,3.5859499999999995,3.5837000000000003,3.5881999999999996,FALSE,TRUE,TRUE,TRUE
step_0.01V_settle_200ms,static_threshold_hysteresis_step_0p01v_settle_time_200ms_p_voltage.csv,0.01,200,down,6.46,4,5.09675,5.093,5.098,3.5870750000000005,3.5837000000000003,3.5881999999999996,FALSE,TRUE,TRUE,TRUE
step_0.01V_settle_200ms,static_threshold_hysteresis_step_0p01v_settle_time_200ms_p_voltage.csv,0.01,200,down,6.47,4,5.1072500000000005,5.103,5.112,3.5965250000000006,3.5927,3.6008000000000004,FALSE,TRUE,TRUE,TRUE
step_0.01V_settle_200ms,static_threshold_hysteresis_step_0p01v_settle_time_200ms_p_voltage.csv,0.01,200,down,6.48,4,5.109500000000001,5.107,5.112,3.5985500000000004,3.5963000000000003,3.6008000000000004,FALSE,TRUE,TRUE,TRUE
step_0.01V_settle_200ms,static_threshold_hysteresis_step_0p01v_settle_time_200ms_p_voltage.csv,0.01,200,down,6.49,4,5.117,5.112,5.122,3.6052999999999997,3.6008000000000004,3.6098,FALSE,TRUE,TRUE,TRUE
step_0.01V_settle_200ms,static_threshold_hysteresis_step_0p01v_settle_time_200ms_p_voltage.csv,0.01,200,down,6.5,4,5.1195,5.117,5.122,3.6075500000000007,3.6052999999999997,3.6098,FALSE,TRUE,TRUE,TRUE
step_0.01V_settle_200ms,static_threshold_hysteresis_step_0p01v_settle_time_200ms_p_voltage.csv,0.01,200,down,6.51,4,5.13575,5.132,5.137,3.6221750000000004,3.6188000000000002,3.6232999999999995,FALSE,TRUE,TRUE,TRUE
step_0.01V_settle_200ms,static_threshold_hysteresis_step_0p01v_settle_time_200ms_p_voltage.csv,0.01,200,down,6.52,4,5.133249999999999,5.132,5.137,3.6199249999999994,3.6188000000000002,3.6232999999999995,FALSE,TRUE,TRUE,TRUE
step_0.01V_settle_200ms,static_threshold_hysteresis_step_0p01v_settle_time_200ms_p_voltage.csv,0.01,200,down,6.53,4,5.1485,5.146,5.151,3.6336500000000003,3.6314,3.6359000000000004,FALSE,TRUE,TRUE,TRUE
step_0.01V_settle_200ms,static_threshold_hysteresis_step_0p01v_settle_time_200ms_p_voltage.csv,0.01,200,down,6.54,4,5.14975,5.146,5.151,3.6347750000000003,3.6314,3.6359000000000004,FALSE,TRUE,TRUE,TRUE
step_0.01V_settle_200ms,static_threshold_hysteresis_step_0p01v_settle_time_200ms_p_voltage.csv,0.01,200,down,6.55,4,5.1585,5.156,5.161,3.6426500000000006,3.6403999999999996,3.6449,FALSE,TRUE,TRUE,TRUE
step_0.01V_settle_200ms,static_threshold_hysteresis_step_0p01v_settle_time_200ms_p_voltage.csv,0.01,200,down,6.56,4,5.1635,5.161,5.166,3.64715,3.6449,3.649400000000001,FALSE,TRUE,TRUE,TRUE
step_0.01V_settle_200ms,static_threshold_hysteresis_step_0p01v_settle_time_200ms_p_voltage.csv,0.01,200,down,6.57,4,5.17475,5.171,5.176,3.6572750000000003,3.6539,3.6584000000000003,FALSE,TRUE,TRUE,TRUE
step_0.01V_settle_200ms,static_threshold_hysteresis_step_0p01v_settle_time_200ms_p_voltage.csv,0.01,200,down,6.58,4,5.18475,5.181,5.186,3.6662750000000006,3.6629000000000005,3.6673999999999998,FALSE,TRUE,TRUE,TRUE
step_0.01V_settle_200ms,static_threshold_hysteresis_step_0p01v_settle_time_200ms_p_voltage.csv,0.01,200,down,6.59,4,5.19125,5.19,5.195,3.6721250000000003,3.6710000000000003,3.6755000000000004,FALSE,TRUE,TRUE,TRUE
step_0.01V_settle_200ms,static_threshold_hysteresis_step_0p01v_settle_time_200ms_p_voltage.csv,0.01,200,down,6.6,4,5.1937500000000005,5.19,5.195,3.6743750000000004,3.6710000000000003,3.6755000000000004,FALSE,TRUE,TRUE,TRUE
step_0.01V_settle_200ms,static_threshold_hysteresis_step_0p01v_settle_time_200ms_p_voltage.csv,0.01,200,down,6.61,4,5.20375,5.2,5.205,3.6833750000000007,3.6800000000000006,3.6845,FALSE,TRUE,TRUE,TRUE
step_0.01V_settle_200ms,static_threshold_hysteresis_step_0p01v_settle_time_200ms_p_voltage.csv,0.01,200,down,6.62,4,5.20875,5.205,5.21,3.687875,3.6845,3.689,FALSE,TRUE,TRUE,TRUE
step_0.01V_settle_200ms,static_threshold_hysteresis_step_0p01v_settle_time_200ms_p_voltage.csv,0.01,200,down,6.63,4,5.215,5.21,5.22,3.6935000000000002,3.689,3.6979999999999995,FALSE,TRUE,TRUE,TRUE
step_0.01V_settle_200ms,static_threshold_hysteresis_step_0p01v_settle_time_200ms_p_voltage.csv,0.01,200,down,6.64,4,5.2212499999999995,5.215,5.225,3.6991249999999996,3.6935000000000002,3.7024999999999997,FALSE,TRUE,TRUE,TRUE
step_0.01V_settle_200ms,static_threshold_hysteresis_step_0p01v_settle_time_200ms_p_voltage.csv,0.01,200,down,6.65,4,5.2315000000000005,5.229,5.234,3.7083500000000003,3.7061,3.7106000000000003,FALSE,TRUE,TRUE,TRUE
step_0.01V_settle_200ms,static_threshold_hysteresis_step_0p01v_settle_time_200ms_p_voltage.csv,0.01,200,down,6.66,4,5.239,5.239,5.239,3.7150999999999996,3.7150999999999996,3.7150999999999996,FALSE,TRUE,TRUE,TRUE
step_0.01V_settle_200ms,static_threshold_hysteresis_step_0p01v_settle_time_200ms_p_voltage.csv,0.01,200,down,6.67,4,5.2415,5.239,5.244,3.7173500000000006,3.7150999999999996,3.7196,FALSE,TRUE,TRUE,TRUE
step_0.01V_settle_200ms,static_threshold_hysteresis_step_0p01v_settle_time_200ms_p_voltage.csv,0.01,200,down,6.68,4,5.249,5.244,5.254,3.7241,3.7196,3.7286,FALSE,TRUE,TRUE,TRUE
step_0.01V_settle_200ms,static_threshold_hysteresis_step_0p01v_settle_time_200ms_p_voltage.csv,0.01,200,down,6.69,4,5.254,5.254,5.254,3.7286,3.7286,3.7286,FALSE,TRUE,TRUE,TRUE
step_0.01V_settle_200ms,static_threshold_hysteresis_step_0p01v_settle_time_200ms_p_voltage.csv,0.01,200,down,6.7,4,5.25775,5.254,5.259,3.7319750000000003,3.7286,3.7331000000000003,FALSE,TRUE,TRUE,TRUE
step_0.01V_settle_200ms,static_threshold_hysteresis_step_0p01v_settle_time_200ms_p_voltage.csv,0.01,200,down,6.71,4,5.2675,5.264,5.273,3.7407500000000002,3.7376000000000005,3.7457000000000003,FALSE,TRUE,TRUE,TRUE
step_0.01V_settle_200ms,static_threshold_hysteresis_step_0p01v_settle_time_200ms_p_voltage.csv,0.01,200,down,6.72,4,5.271,5.269,5.273,3.7439,3.7421000000000006,3.7457000000000003,FALSE,TRUE,TRUE,TRUE
step_0.01V_settle_200ms,static_threshold_hysteresis_step_0p01v_settle_time_200ms_p_voltage.csv,0.01,200,down,6.73,4,5.28175,5.278,5.288,3.7535749999999997,3.7501999999999995,3.7592000000000008,FALSE,TRUE,TRUE,TRUE
step_0.01V_settle_200ms,static_threshold_hysteresis_step_0p01v_settle_time_200ms_p_voltage.csv,0.01,200,down,6.74,4,5.2867500000000005,5.283,5.288,3.7580750000000007,3.7547000000000006,3.7592000000000008,FALSE,TRUE,TRUE,TRUE
step_0.01V_settle_200ms,static_threshold_hysteresis_step_0p01v_settle_time_200ms_p_voltage.csv,0.01,200,down,6.75,4,5.2955000000000005,5.293,5.298,3.765950000000001,3.7637,3.7682,FALSE,TRUE,TRUE,TRUE
step_0.01V_settle_200ms,static_threshold_hysteresis_step_0p01v_settle_time_200ms_p_voltage.csv,0.01,200,down,6.76,4,5.29675,5.293,5.298,3.767075,3.7637,3.7682,FALSE,TRUE,TRUE,TRUE
step_0.01V_settle_200ms,static_threshold_hysteresis_step_0p01v_settle_time_200ms_p_voltage.csv,0.01,200,down,6.77,4,5.304,5.298,5.317,3.7736,3.7682,3.7853000000000003,FALSE,TRUE,TRUE,TRUE
step_0.01V_settle_200ms,static_threshold_hysteresis_step_0p01v_settle_time_200ms_p_voltage.csv,0.01,200,down,6.78,4,5.316,5.313,5.317,3.7843999999999998,3.7817,3.7853000000000003,FALSE,TRUE,TRUE,TRUE
step_0.01V_settle_200ms,static_threshold_hysteresis_step_0p01v_settle_time_200ms_p_voltage.csv,0.01,200,down,6.79,4,5.32325,5.322,5.327,3.7909249999999997,3.7898000000000005,3.7943,FALSE,TRUE,TRUE,TRUE
step_0.01V_settle_200ms,static_threshold_hysteresis_step_0p01v_settle_time_200ms_p_voltage.csv,0.01,200,down,6.8,4,5.3294999999999995,5.327,5.332,3.79655,3.7943,3.7988,FALSE,TRUE,TRUE,TRUE
step_0.01V_settle_200ms,static_threshold_hysteresis_step_0p01v_settle_time_200ms_p_voltage.csv,0.01,200,down,6.81,4,5.33575,5.332,5.342,3.802175,3.7988,3.8077999999999994,FALSE,TRUE,TRUE,TRUE
step_0.01V_settle_200ms,static_threshold_hysteresis_step_0p01v_settle_time_200ms_p_voltage.csv,0.01,200,down,6.82,4,5.34325,5.337,5.347,3.8089250000000003,3.8033,3.8123000000000005,FALSE,TRUE,TRUE,TRUE
step_0.01V_settle_200ms,static_threshold_hysteresis_step_0p01v_settle_time_200ms_p_voltage.csv,0.01,200,down,6.83,4,5.3492500000000005,5.347,5.356,3.814325,3.8123000000000005,3.8204000000000002,FALSE,TRUE,TRUE,TRUE
step_0.01V_settle_200ms,static_threshold_hysteresis_step_0p01v_settle_time_200ms_p_voltage.csv,0.01,200,down,6.84,4,5.3575,5.352,5.361,3.8217499999999998,3.8168000000000006,3.8248999999999995,FALSE,TRUE,TRUE,TRUE
step_0.01V_settle_200ms,static_threshold_hysteresis_step_0p01v_settle_time_200ms_p_voltage.csv,0.01,200,down,6.85,4,5.358499999999999,5.356,5.361,3.8226499999999994,3.8204000000000002,3.8248999999999995,FALSE,TRUE,TRUE,TRUE
step_0.01V_settle_200ms,static_threshold_hysteresis_step_0p01v_settle_time_200ms_p_voltage.csv,0.01,200,down,6.86,4,5.36475,5.361,5.366,3.8282749999999997,3.8248999999999995,3.8293999999999997,FALSE,TRUE,TRUE,TRUE
step_0.01V_settle_200ms,static_threshold_hysteresis_step_0p01v_settle_time_200ms_p_voltage.csv,0.01,200,down,6.87,4,5.37225,5.371,5.376,3.835025,3.8339000000000008,3.8384,FALSE,TRUE,TRUE,TRUE
step_0.01V_settle_200ms,static_threshold_hysteresis_step_0p01v_settle_time_200ms_p_voltage.csv,0.01,200,down,6.88,4,5.3797500000000005,5.376,5.381,3.841775,3.8384,3.8429,FALSE,TRUE,TRUE,TRUE
step_0.01V_settle_200ms,static_threshold_hysteresis_step_0p01v_settle_time_200ms_p_voltage.csv,0.01,200,down,6.89,4,5.38725,5.381,5.396,3.8485250000000004,3.8429,3.8564,FALSE,TRUE,TRUE,TRUE
step_0.01V_settle_200ms,static_threshold_hysteresis_step_0p01v_settle_time_200ms_p_voltage.csv,0.01,200,down,6.9,4,5.3934999999999995,5.386,5.396,3.8541499999999997,3.8474000000000004,3.8564,FALSE,TRUE,TRUE,TRUE
step_0.01V_settle_200ms,static_threshold_hysteresis_step_0p01v_settle_time_200ms_p_voltage.csv,0.01,200,down,6.91,4,5.40125,5.4,5.405,3.8611250000000004,3.8600000000000003,3.8645000000000005,FALSE,TRUE,TRUE,TRUE
step_0.01V_settle_200ms,static_threshold_hysteresis_step_0p01v_settle_time_200ms_p_voltage.csv,0.01,200,down,6.92,4,5.40625,5.4,5.41,3.8656250000000005,3.8600000000000003,3.8690000000000007,FALSE,TRUE,TRUE,TRUE
step_0.01V_settle_200ms,static_threshold_hysteresis_step_0p01v_settle_time_200ms_p_voltage.csv,0.01,200,down,6.93,4,5.41375,5.41,5.415,3.872375000000001,3.8690000000000007,3.8735,FALSE,TRUE,TRUE,TRUE
step_0.01V_settle_200ms,static_threshold_hysteresis_step_0p01v_settle_time_200ms_p_voltage.csv,0.01,200,down,6.94,4,5.41875,5.415,5.42,3.876875,3.8735,3.878,FALSE,TRUE,TRUE,TRUE
step_0.01V_settle_200ms,static_threshold_hysteresis_step_0p01v_settle_time_200ms_p_voltage.csv,0.01,200,down,6.95,4,5.425,5.42,5.43,3.8825000000000003,3.878,3.8869999999999996,FALSE,TRUE,TRUE,TRUE
step_0.01V_settle_200ms,static_threshold_hysteresis_step_0p01v_settle_time_200ms_p_voltage.csv,0.01,200,down,6.96,4,5.42875,5.425,5.435,3.8858750000000004,3.8825000000000003,3.8914999999999997,FALSE,TRUE,TRUE,TRUE
step_0.01V_settle_200ms,static_threshold_hysteresis_step_0p01v_settle_time_200ms_p_voltage.csv,0.01,200,down,6.97,4,5.43375,5.43,5.435,3.8903749999999997,3.8869999999999996,3.8914999999999997,FALSE,TRUE,TRUE,TRUE
step_0.01V_settle_200ms,static_threshold_hysteresis_step_0p01v_settle_time_200ms_p_voltage.csv,0.01,200,down,6.98,4,5.44775,5.444,5.449,3.9029750000000005,3.8996000000000004,3.9040999999999997,FALSE,TRUE,TRUE,TRUE
step_0.01V_settle_200ms,static_threshold_hysteresis_step_0p01v_settle_time_200ms_p_voltage.csv,0.01,200,down,6.99,4,5.4552499999999995,5.449,5.459,3.909725,3.9040999999999997,3.9131,FALSE,TRUE,TRUE,TRUE
step_0.01V_settle_200ms,static_threshold_hysteresis_step_0p01v_settle_time_200ms_p_voltage.csv,0.01,200,down,7,4,5.4552499999999995,5.449,5.464,3.909725,3.9040999999999997,3.9176,FALSE,TRUE,TRUE,TRUE
step_0.01V_settle_200ms,static_threshold_hysteresis_step_0p01v_settle_time_200ms_p_voltage.csv,0.01,200,down,7.01,4,5.469,5.464,5.474,3.9221000000000004,3.9176,3.9266000000000005,FALSE,TRUE,TRUE,TRUE
step_0.01V_settle_200ms,static_threshold_hysteresis_step_0p01v_settle_time_200ms_p_voltage.csv,0.01,200,down,7.02,4,5.474,5.474,5.474,3.9266000000000005,3.9266000000000005,3.9266000000000005,FALSE,TRUE,TRUE,TRUE
step_0.01V_settle_200ms,static_threshold_hysteresis_step_0p01v_settle_time_200ms_p_voltage.csv,0.01,200,down,7.03,4,5.47875,5.474,5.483,3.9308750000000003,3.9266000000000005,3.9346999999999994,FALSE,TRUE,TRUE,TRUE
step_0.01V_settle_200ms,static_threshold_hysteresis_step_0p01v_settle_time_200ms_p_voltage.csv,0.01,200,down,7.04,4,5.4825,5.479,5.493,3.9342500000000005,3.9311,3.9437000000000006,FALSE,TRUE,TRUE,TRUE
step_0.01V_settle_200ms,static_threshold_hysteresis_step_0p01v_settle_time_200ms_p_voltage.csv,0.01,200,down,7.05,4,5.49425,5.493,5.498,3.944825,3.9437000000000006,3.9482,FALSE,TRUE,TRUE,TRUE
step_0.01V_settle_200ms,static_threshold_hysteresis_step_0p01v_settle_time_200ms_p_voltage.csv,0.01,200,down,7.06,4,5.49925,5.498,5.503,3.949325,3.9482,3.9527,FALSE,TRUE,TRUE,TRUE
step_0.01V_settle_200ms,static_threshold_hysteresis_step_0p01v_settle_time_200ms_p_voltage.csv,0.01,200,down,7.07,4,5.50925,5.503,5.513,3.9583250000000003,3.9527,3.9617000000000004,FALSE,TRUE,TRUE,TRUE
step_0.01V_settle_200ms,static_threshold_hysteresis_step_0p01v_settle_time_200ms_p_voltage.csv,0.01,200,down,7.08,4,5.515499999999999,5.508,5.518,3.9639499999999996,3.9572000000000003,3.9661999999999997,FALSE,TRUE,TRUE,TRUE
step_0.01V_settle_200ms,static_threshold_hysteresis_step_0p01v_settle_time_200ms_p_voltage.csv,0.01,200,down,7.09,4,5.52225,5.513,5.527,3.9700249999999997,3.9617000000000004,3.9743000000000004,FALSE,TRUE,TRUE,TRUE
step_0.01V_settle_200ms,static_threshold_hysteresis_step_0p01v_settle_time_200ms_p_voltage.csv,0.01,200,down,7.1,4,5.527,5.522,5.532,3.9743000000000004,3.9698,3.9788000000000006,FALSE,TRUE,TRUE,TRUE
step_0.01V_settle_200ms,static_threshold_hysteresis_step_0p01v_settle_time_200ms_p_voltage.csv,0.01,200,down,7.11,4,5.53325,5.532,5.537,3.9799249999999997,3.9788000000000006,3.9833,FALSE,TRUE,TRUE,TRUE
step_0.01V_settle_200ms,static_threshold_hysteresis_step_0p01v_settle_time_200ms_p_voltage.csv,0.01,200,down,7.12,4,5.53825,5.537,5.542,3.984425,3.9833,3.9878,FALSE,TRUE,TRUE,TRUE
step_0.01V_settle_200ms,static_threshold_hysteresis_step_0p01v_settle_time_200ms_p_voltage.csv,0.01,200,down,7.13,4,5.547,5.542,5.552,3.9923,3.9878,3.9967999999999995,FALSE,TRUE,TRUE,TRUE
step_0.01V_settle_200ms,static_threshold_hysteresis_step_0p01v_settle_time_200ms_p_voltage.csv,0.01,200,down,7.14,4,5.55575,5.547,5.562,4.000175,3.9923,4.005800000000001,FALSE,TRUE,TRUE,TRUE
step_0.01V_settle_200ms,static_threshold_hysteresis_step_0p01v_settle_time_200ms_p_voltage.csv,0.01,200,down,7.15,4,5.56275,5.557,5.566,4.006475,4.0013000000000005,4.0094,FALSE,TRUE,TRUE,TRUE
step_0.01V_settle_200ms,static_threshold_hysteresis_step_0p01v_settle_time_200ms_p_voltage.csv,0.01,200,down,7.16,4,5.564,5.562,5.566,4.0076,4.005800000000001,4.0094,FALSE,TRUE,TRUE,TRUE
step_0.01V_settle_200ms,static_threshold_hysteresis_step_0p01v_settle_time_200ms_p_voltage.csv,0.01,200,down,7.17,4,5.5685,5.566,5.571,4.01165,4.0094,4.0139,FALSE,TRUE,TRUE,TRUE
step_0.01V_settle_200ms,static_threshold_hysteresis_step_0p01v_settle_time_200ms_p_voltage.csv,0.01,200,down,7.18,4,5.576,5.576,5.576,4.0184,4.0184,4.0184,FALSE,TRUE,TRUE,TRUE
step_0.01V_settle_200ms,static_threshold_hysteresis_step_0p01v_settle_time_200ms_p_voltage.csv,0.01,200,down,7.19,4,5.58975,5.586,5.591,4.030775,4.0274,4.0319,FALSE,TRUE,TRUE,TRUE
step_0.01V_settle_200ms,static_threshold_hysteresis_step_0p01v_settle_time_200ms_p_voltage.csv,0.01,200,down,7.2,4,5.596,5.596,5.596,4.0364,4.0364,4.0364,FALSE,TRUE,TRUE,TRUE
step_0.01V_settle_200ms,static_threshold_hysteresis_step_0p01v_settle_time_200ms_p_voltage.csv,0.01,200,down,7.21,4,5.60525,5.596,5.61,4.044725,4.0364,4.049,FALSE,TRUE,TRUE,TRUE
step_0.01V_settle_200ms,static_threshold_hysteresis_step_0p01v_settle_time_200ms_p_voltage.csv,0.01,200,down,7.22,4,5.61,5.61,5.61,4.049,4.049,4.049,FALSE,TRUE,TRUE,TRUE
step_0.01V_settle_200ms,static_threshold_hysteresis_step_0p01v_settle_time_200ms_p_voltage.csv,0.01,200,down,7.23,4,5.61875,5.615,5.62,4.056875000000001,4.0535000000000005,4.058,FALSE,TRUE,TRUE,TRUE
step_0.01V_settle_200ms,static_threshold_hysteresis_step_0p01v_settle_time_200ms_p_voltage.csv,0.01,200,down,7.24,4,5.625,5.62,5.63,4.0625,4.058,4.067,FALSE,TRUE,TRUE,TRUE
step_0.01V_settle_200ms,static_threshold_hysteresis_step_0p01v_settle_time_200ms_p_voltage.csv,0.01,200,down,7.25,4,5.63125,5.625,5.635,4.068125,4.0625,4.0715,FALSE,TRUE,TRUE,TRUE
step_0.01V_settle_200ms,static_threshold_hysteresis_step_0p01v_settle_time_200ms_p_voltage.csv,0.01,200,down,7.26,4,5.6362499999999995,5.625,5.64,4.0726249999999995,4.0625,4.076,FALSE,TRUE,TRUE,TRUE
step_0.01V_settle_200ms,static_threshold_hysteresis_step_0p01v_settle_time_200ms_p_voltage.csv,0.01,200,down,7.27,4,5.641249999999999,5.635,5.645,4.077125,4.0715,4.0805,FALSE,TRUE,TRUE,TRUE
step_0.01V_settle_200ms,static_threshold_hysteresis_step_0p01v_settle_time_200ms_p_voltage.csv,0.01,200,down,7.28,4,5.646,5.645,5.649,4.0814,4.0805,4.0841,FALSE,TRUE,TRUE,TRUE
step_0.01V_settle_200ms,static_threshold_hysteresis_step_0p01v_settle_time_200ms_p_voltage.csv,0.01,200,down,7.29,4,5.656499999999999,5.649,5.659,4.09085,4.0841,4.0931,FALSE,TRUE,TRUE,TRUE
step_0.01V_settle_200ms,static_threshold_hysteresis_step_0p01v_settle_time_200ms_p_voltage.csv,0.01,200,down,7.3,4,5.66025,5.659,5.664,4.094225,4.0931,4.0976,FALSE,TRUE,TRUE,TRUE
step_0.01V_settle_200ms,static_threshold_hysteresis_step_0p01v_settle_time_200ms_p_voltage.csv,0.01,200,down,7.31,4,5.66775,5.664,5.669,4.100975,4.0976,4.1021,FALSE,TRUE,TRUE,TRUE
step_0.01V_settle_200ms,static_threshold_hysteresis_step_0p01v_settle_time_200ms_p_voltage.csv,0.01,200,down,7.32,4,5.6715,5.664,5.674,4.10435,4.0976,4.1066,FALSE,TRUE,TRUE,TRUE
step_0.01V_settle_200ms,static_threshold_hysteresis_step_0p01v_settle_time_200ms_p_voltage.csv,0.01,200,down,7.33,4,5.679,5.674,5.684,4.1111,4.1066,4.115600000000001,FALSE,TRUE,TRUE,TRUE
step_0.01V_settle_200ms,static_threshold_hysteresis_step_0p01v_settle_time_200ms_p_voltage.csv,0.01,200,down,7.34,4,5.686999999999999,5.684,5.688,4.1183,4.115600000000001,4.1192,FALSE,TRUE,TRUE,TRUE
step_0.01V_settle_200ms,static_threshold_hysteresis_step_0p01v_settle_time_200ms_p_voltage.csv,0.01,200,down,7.35,4,5.69425,5.688,5.698,4.124825,4.1192,4.1282000000000005,FALSE,TRUE,TRUE,TRUE
step_0.01V_settle_200ms,static_threshold_hysteresis_step_0p01v_settle_time_200ms_p_voltage.csv,0.01,200,down,7.36,4,5.698,5.693,5.703,4.1282000000000005,4.1236999999999995,4.132700000000001,FALSE,TRUE,TRUE,TRUE
step_0.01V_settle_200ms,static_threshold_hysteresis_step_0p01v_settle_time_200ms_p_voltage.csv,0.01,200,down,7.37,4,5.70925,5.708,5.713,4.138325,4.1372,4.1417,FALSE,TRUE,TRUE,TRUE
step_0.01V_settle_200ms,static_threshold_hysteresis_step_0p01v_settle_time_200ms_p_voltage.csv,0.01,200,down,7.38,4,5.71175,5.708,5.713,4.140575,4.1372,4.1417,FALSE,TRUE,TRUE,TRUE
step_0.01V_settle_200ms,static_threshold_hysteresis_step_0p01v_settle_time_200ms_p_voltage.csv,0.01,200,down,7.39,4,5.7204999999999995,5.713,5.723,4.1484499999999995,4.1417,4.1507,FALSE,TRUE,TRUE,TRUE
step_0.01V_settle_200ms,static_threshold_hysteresis_step_0p01v_settle_time_200ms_p_voltage.csv,0.01,200,down,7.4,4,5.72975,5.723,5.732,4.1567750000000006,4.1507,4.1588,FALSE,TRUE,TRUE,TRUE
step_0.01V_settle_200ms,static_threshold_hysteresis_step_0p01v_settle_time_200ms_p_voltage.csv,0.01,200,down,7.41,4,5.742,5.737,5.747,4.1678,4.1633000000000004,4.1723,FALSE,TRUE,TRUE,TRUE
step_0.01V_settle_200ms,static_threshold_hysteresis_step_0p01v_settle_time_200ms_p_voltage.csv,0.01,200,down,7.42,4,5.742,5.742,5.742,4.1678,4.1678,4.1678,FALSE,TRUE,TRUE,TRUE
step_0.01V_settle_200ms,static_threshold_hysteresis_step_0p01v_settle_time_200ms_p_voltage.csv,0.01,200,down,7.43,4,5.7532499999999995,5.747,5.757,4.177925,4.1723,4.1813,FALSE,TRUE,TRUE,TRUE
step_0.01V_settle_200ms,static_threshold_hysteresis_step_0p01v_settle_time_200ms_p_voltage.csv,0.01,200,down,7.44,4,5.7532499999999995,5.752,5.757,4.177925,4.1768,4.1813,FALSE,TRUE,TRUE,TRUE
step_0.01V_settle_200ms,static_threshold_hysteresis_step_0p01v_settle_time_200ms_p_voltage.csv,0.01,200,down,7.45,4,5.765750000000001,5.762,5.767,4.1891750000000005,4.1857999999999995,4.190300000000001,FALSE,TRUE,TRUE,TRUE
step_0.01V_settle_200ms,static_threshold_hysteresis_step_0p01v_settle_time_200ms_p_voltage.csv,0.01,200,down,7.46,4,5.7645,5.757,5.767,4.1880500000000005,4.1813,4.190300000000001,FALSE,TRUE,TRUE,TRUE
step_0.01V_settle_200ms,static_threshold_hysteresis_step_0p01v_settle_time_200ms_p_voltage.csv,0.01,200,down,7.47,4,5.7772499999999996,5.771,5.781,4.1995249999999995,4.1939,4.2029,FALSE,TRUE,TRUE,TRUE
step_0.01V_settle_200ms,static_threshold_hysteresis_step_0p01v_settle_time_200ms_p_voltage.csv,0.01,200,down,7.48,4,5.776,5.771,5.781,4.1984,4.1939,4.2029,FALSE,TRUE,TRUE,TRUE
step_0.01V_settle_200ms,static_threshold_hysteresis_step_0p01v_settle_time_200ms_p_voltage.csv,0.01,200,down,7.49,4,5.78725,5.786,5.791,4.208525000000001,4.2074,4.211900000000001,FALSE,TRUE,TRUE,TRUE
step_0.01V_settle_200ms,static_threshold_hysteresis_step_0p01v_settle_time_200ms_p_voltage.csv,0.01,200,down,7.5,4,5.791,5.791,5.791,4.211900000000001,4.211900000000001,4.211900000000001,FALSE,TRUE,TRUE,TRUE
step_0.01V_settle_200ms,static_threshold_hysteresis_step_0p01v_settle_time_200ms_p_voltage.csv,0.01,200,down,7.51,4,5.8035,5.801,5.806,4.2231499999999995,4.2209,4.2254000000000005,FALSE,TRUE,TRUE,TRUE
step_0.01V_settle_200ms,static_threshold_hysteresis_step_0p01v_settle_time_200ms_p_voltage.csv,0.01,200,down,7.52,4,5.80475,5.801,5.806,4.2242750000000004,4.2209,4.2254000000000005,FALSE,TRUE,TRUE,TRUE
step_0.01V_settle_200ms,static_threshold_hysteresis_step_0p01v_settle_time_200ms_p_voltage.csv,0.01,200,down,7.53,4,5.813000000000001,5.811,5.815,4.231700000000001,4.2299,4.2335,FALSE,TRUE,TRUE,TRUE
step_0.01V_settle_200ms,static_threshold_hysteresis_step_0p01v_settle_time_200ms_p_voltage.csv,0.01,200,down,7.54,4,5.81625,5.815,5.82,4.234625,4.2335,4.238,FALSE,TRUE,TRUE,TRUE
step_0.01V_settle_200ms,static_threshold_hysteresis_step_0p01v_settle_time_200ms_p_voltage.csv,0.01,200,down,7.55,4,5.82875,5.825,5.83,4.245875000000001,4.242500000000001,4.247,FALSE,TRUE,TRUE,TRUE
step_0.01V_settle_200ms,static_threshold_hysteresis_step_0p01v_settle_time_200ms_p_voltage.csv,0.01,200,down,7.56,4,5.82875,5.825,5.835,4.245875000000001,4.242500000000001,4.2515,FALSE,TRUE,TRUE,TRUE
step_0.01V_settle_200ms,static_threshold_hysteresis_step_0p01v_settle_time_200ms_p_voltage.csv,0.01,200,down,7.57,4,5.8462499999999995,5.845,5.85,4.2616249999999996,4.2604999999999995,4.265,FALSE,TRUE,TRUE,TRUE
step_0.01V_settle_200ms,static_threshold_hysteresis_step_0p01v_settle_time_200ms_p_voltage.csv,0.01,200,down,7.58,4,5.845,5.845,5.845,4.2604999999999995,4.2604999999999995,4.2604999999999995,FALSE,TRUE,TRUE,TRUE
step_0.01V_settle_200ms,static_threshold_hysteresis_step_0p01v_settle_time_200ms_p_voltage.csv,0.01,200,down,7.59,4,5.853,5.85,5.854,4.2677,4.265,4.2686,FALSE,TRUE,TRUE,TRUE
step_0.01V_settle_200ms,static_threshold_hysteresis_step_0p01v_settle_time_200ms_p_voltage.csv,0.01,200,down,7.6,4,5.85775,5.854,5.859,4.271975,4.2686,4.2731,FALSE,TRUE,TRUE,TRUE
step_0.01V_settle_200ms,static_threshold_hysteresis_step_0p01v_settle_time_200ms_p_voltage.csv,0.01,200,down,7.61,4,5.874,5.874,5.874,4.2866,4.2866,4.2866,FALSE,TRUE,TRUE,TRUE
step_0.01V_settle_200ms,static_threshold_hysteresis_step_0p01v_settle_time_200ms_p_voltage.csv,0.01,200,down,7.62,4,5.87275,5.869,5.874,4.285475,4.2821,4.2866,FALSE,TRUE,TRUE,TRUE
step_0.01V_settle_200ms,static_threshold_hysteresis_step_0p01v_settle_time_200ms_p_voltage.csv,0.01,200,down,7.63,4,5.88525,5.884,5.889,4.296725,4.2956,4.3001000000000005,FALSE,TRUE,TRUE,TRUE
step_0.01V_settle_200ms,static_threshold_hysteresis_step_0p01v_settle_time_200ms_p_voltage.csv,0.01,200,down,7.64,4,5.889,5.889,5.889,4.3001000000000005,4.3001000000000005,4.3001000000000005,FALSE,TRUE,TRUE,TRUE
step_0.01V_settle_200ms,static_threshold_hysteresis_step_0p01v_settle_time_200ms_p_voltage.csv,0.01,200,down,7.65,4,5.8995,5.894,5.903,4.30955,4.304600000000001,4.3126999999999995,FALSE,TRUE,TRUE,TRUE
step_0.01V_settle_200ms,static_threshold_hysteresis_step_0p01v_settle_time_200ms_p_voltage.csv,0.01,200,down,7.66,4,5.900499999999999,5.898,5.903,4.3104499999999994,4.3082,4.3126999999999995,FALSE,TRUE,TRUE,TRUE
step_0.01V_settle_200ms,static_threshold_hysteresis_step_0p01v_settle_time_200ms_p_voltage.csv,0.01,200,down,7.67,4,5.9117500000000005,5.908,5.913,4.320575000000001,4.317200000000001,4.321700000000001,FALSE,TRUE,TRUE,TRUE
step_0.01V_settle_200ms,static_threshold_hysteresis_step_0p01v_settle_time_200ms_p_voltage.csv,0.01,200,down,7.68,4,5.91425,5.908,5.918,4.322825,4.317200000000001,4.3262,FALSE,TRUE,TRUE,TRUE
step_0.01V_settle_200ms,static_threshold_hysteresis_step_0p01v_settle_time_200ms_p_voltage.csv,0.01,200,down,7.69,4,5.9254999999999995,5.923,5.928,4.332949999999999,4.3307,4.3352,FALSE,TRUE,TRUE,TRUE
step_0.01V_settle_200ms,static_threshold_hysteresis_step_0p01v_settle_time_200ms_p_voltage.csv,0.01,200,down,7.7,4,5.928,5.928,5.928,4.3352,4.3352,4.3352,FALSE,TRUE,TRUE,TRUE
step_0.01V_settle_200ms,static_threshold_hysteresis_step_0p01v_settle_time_200ms_p_voltage.csv,0.01,200,down,7.71,4,5.93675,5.933,5.938,4.343075,4.3397,4.3442,FALSE,TRUE,TRUE,TRUE
step_0.01V_settle_200ms,static_threshold_hysteresis_step_0p01v_settle_time_200ms_p_voltage.csv,0.01,200,down,7.72,4,5.9399999999999995,5.938,5.942,4.346,4.3442,4.3478,FALSE,TRUE,TRUE,TRUE
step_0.01V_settle_200ms,static_threshold_hysteresis_step_0p01v_settle_time_200ms_p_voltage.csv,0.01,200,down,7.73,4,5.9544999999999995,5.952,5.957,4.35905,4.3568,4.3613,FALSE,TRUE,TRUE,TRUE
step_0.01V_settle_200ms,static_threshold_hysteresis_step_0p01v_settle_time_200ms_p_voltage.csv,0.01,200,down,7.74,4,5.95325,5.952,5.957,4.357925,4.3568,4.3613,FALSE,TRUE,TRUE,TRUE
step_0.01V_settle_200ms,static_threshold_hysteresis_step_0p01v_settle_time_200ms_p_voltage.csv,0.01,200,down,7.75,4,5.96825,5.962,5.972,4.371425,4.3658,4.3748000000000005,FALSE,TRUE,TRUE,TRUE
step_0.01V_settle_200ms,static_threshold_hysteresis_step_0p01v_settle_time_200ms_p_voltage.csv,0.01,200,down,7.76,4,5.96575,5.962,5.967,4.369175,4.3658,4.370299999999999,FALSE,TRUE,TRUE,TRUE
step_0.01V_settle_200ms,static_threshold_hysteresis_step_0p01v_settle_time_200ms_p_voltage.csv,0.01,200,down,7.77,4,5.97325,5.972,5.977,4.3759250000000005,4.3748000000000005,4.379300000000001,FALSE,TRUE,TRUE,TRUE
step_0.01V_settle_200ms,static_threshold_hysteresis_step_0p01v_settle_time_200ms_p_voltage.csv,0.01,200,down,7.78,4,5.98,5.977,5.981,4.382000000000001,4.379300000000001,4.3829,FALSE,TRUE,TRUE,TRUE
step_0.01V_settle_200ms,static_threshold_hysteresis_step_0p01v_settle_time_200ms_p_voltage.csv,0.01,200,down,7.79,4,5.991,5.991,5.991,4.3919,4.3919,4.3919,FALSE,TRUE,TRUE,TRUE
step_0.01V_settle_200ms,static_threshold_hysteresis_step_0p01v_settle_time_200ms_p_voltage.csv,0.01,200,down,7.8,4,5.99225,5.991,5.996,4.393025000000001,4.3919,4.396400000000001,FALSE,TRUE,TRUE,TRUE
step_0.01V_settle_200ms,static_threshold_hysteresis_step_0p01v_settle_time_200ms_p_voltage.csv,0.01,200,down,7.81,4,5.999750000000001,5.996,6.006,4.399775000000001,4.396400000000001,4.4054,FALSE,TRUE,TRUE,TRUE
step_0.01V_settle_200ms,static_threshold_hysteresis_step_0p01v_settle_time_200ms_p_voltage.csv,0.01,200,down,7.82,4,6.00975,6.006,6.011,4.408775,4.4054,4.4099,FALSE,TRUE,TRUE,TRUE
step_0.01V_settle_200ms,static_threshold_hysteresis_step_0p01v_settle_time_200ms_p_voltage.csv,0.01,200,down,7.83,4,6.0184999999999995,6.016,6.021,4.41665,4.4144000000000005,4.4189,FALSE,TRUE,TRUE,TRUE
step_0.01V_settle_200ms,static_threshold_hysteresis_step_0p01v_settle_time_200ms_p_voltage.csv,0.01,200,down,7.84,4,6.023,6.021,6.025,4.4207,4.4189,4.4225,FALSE,TRUE,TRUE,TRUE
step_0.01V_settle_200ms,static_threshold_hysteresis_step_0p01v_settle_time_200ms_p_voltage.csv,0.01,200,down,7.85,4,6.03375,6.03,6.04,4.430375000000001,4.4270000000000005,4.436,FALSE,TRUE,TRUE,TRUE
step_0.01V_settle_200ms,static_threshold_hysteresis_step_0p01v_settle_time_200ms_p_voltage.csv,0.01,200,down,7.86,4,6.032500000000001,6.03,6.035,4.429250000000001,4.4270000000000005,4.431500000000001,FALSE,TRUE,TRUE,TRUE
step_0.01V_settle_200ms,static_threshold_hysteresis_step_0p01v_settle_time_200ms_p_voltage.csv,0.01,200,down,7.87,4,6.045,6.045,6.045,4.4405,4.4405,4.4405,FALSE,TRUE,TRUE,TRUE
step_0.01V_settle_200ms,static_threshold_hysteresis_step_0p01v_settle_time_200ms_p_voltage.csv,0.01,200,down,7.88,4,6.045,6.045,6.045,4.4405,4.4405,4.4405,FALSE,TRUE,TRUE,TRUE
step_0.01V_settle_200ms,static_threshold_hysteresis_step_0p01v_settle_time_200ms_p_voltage.csv,0.01,200,down,7.89,4,6.057499999999999,6.055,6.06,4.45175,4.4495,4.454,FALSE,TRUE,TRUE,TRUE
step_0.01V_settle_200ms,static_threshold_hysteresis_step_0p01v_settle_time_200ms_p_voltage.csv,0.01,200,down,7.9,4,6.064,6.064,6.064,4.4576,4.4576,4.4576,FALSE,TRUE,TRUE,TRUE
step_0.01V_settle_200ms,static_threshold_hysteresis_step_0p01v_settle_time_200ms_p_voltage.csv,0.01,200,down,7.91,4,6.074,6.074,6.074,4.4666,4.4666,4.4666,FALSE,TRUE,TRUE,TRUE
step_0.01V_settle_200ms,static_threshold_hysteresis_step_0p01v_settle_time_200ms_p_voltage.csv,0.01,200,down,7.92,4,6.07025,6.069,6.074,4.4632249999999996,4.4621,4.4666,FALSE,TRUE,TRUE,TRUE
step_0.01V_settle_200ms,static_threshold_hysteresis_step_0p01v_settle_time_200ms_p_voltage.csv,0.01,200,down,7.93,4,6.08525,6.084,6.089,4.476725,4.4756,4.4801,FALSE,TRUE,TRUE,TRUE
step_0.01V_settle_200ms,static_threshold_hysteresis_step_0p01v_settle_time_200ms_p_voltage.csv,0.01,200,down,7.94,4,6.08525,6.084,6.089,4.476725,4.4756,4.4801,FALSE,TRUE,TRUE,TRUE
step_0.01V_settle_200ms,static_threshold_hysteresis_step_0p01v_settle_time_200ms_p_voltage.csv,0.01,200,down,7.95,4,6.099,6.099,6.099,4.4891000000000005,4.4891000000000005,4.4891000000000005,FALSE,TRUE,TRUE,TRUE
step_0.01V_settle_200ms,static_threshold_hysteresis_step_0p01v_settle_time_200ms_p_voltage.csv,0.01,200,down,7.96,4,6.1015,6.099,6.104,4.49135,4.4891000000000005,4.4936,FALSE,TRUE,TRUE,TRUE
step_0.01V_settle_200ms,static_threshold_hysteresis_step_0p01v_settle_time_200ms_p_voltage.csv,0.01,200,down,7.97,4,6.1105,6.108,6.113,4.49945,4.497199999999999,4.5017000000000005,FALSE,TRUE,TRUE,TRUE
step_0.01V_settle_200ms,static_threshold_hysteresis_step_0p01v_settle_time_200ms_p_voltage.csv,0.01,200,down,7.98,4,6.109249999999999,6.108,6.113,4.4983249999999995,4.497199999999999,4.5017000000000005,FALSE,TRUE,TRUE,TRUE
step_0.01V_settle_200ms,static_threshold_hysteresis_step_0p01v_settle_time_200ms_p_voltage.csv,0.01,200,down,7.99,4,6.1205,6.118,6.123,4.50845,4.506200000000001,4.5107,FALSE,TRUE,TRUE,TRUE
step_0.01V_settle_200ms,static_threshold_hysteresis_step_0p01v_settle_time_200ms_p_voltage.csv,0.01,200,down,8,4,6.1205,6.118,6.123,4.50845,4.506200000000001,4.5107,FALSE,TRUE,TRUE,TRUE
step_0.01V_settle_200ms,static_threshold_hysteresis_step_0p01v_settle_time_200ms_p_voltage.csv,0.01,200,down,8.01,4,6.1355,6.133,6.138,4.52195,4.5197,4.5242000000000004,FALSE,TRUE,TRUE,TRUE
step_0.01V_settle_200ms,static_threshold_hysteresis_step_0p01v_settle_time_200ms_p_voltage.csv,0.01,200,down,8.02,4,6.14175,6.138,6.143,4.527575000000001,4.5242000000000004,4.5287,FALSE,TRUE,TRUE,TRUE
step_0.01V_settle_200ms,static_threshold_hysteresis_step_0p01v_settle_time_200ms_p_voltage.csv,0.01,200,down,8.03,4,6.14725,6.143,6.152,4.532525,4.5287,4.5368,FALSE,TRUE,TRUE,TRUE
step_0.01V_settle_200ms,static_threshold_hysteresis_step_0p01v_settle_time_200ms_p_voltage.csv,0.01,200,down,8.04,4,6.152,6.147,6.157,4.5368,4.5323,4.541300000000001,FALSE,TRUE,TRUE,TRUE
step_0.01V_settle_200ms,static_threshold_hysteresis_step_0p01v_settle_time_200ms_p_voltage.csv,0.01,200,down,8.05,4,6.15825,6.157,6.162,4.542425,4.541300000000001,4.5458,FALSE,TRUE,TRUE,TRUE
step_0.01V_settle_200ms,static_threshold_hysteresis_step_0p01v_settle_time_200ms_p_voltage.csv,0.01,200,down,8.06,4,6.16575,6.162,6.177,4.549175,4.5458,4.5592999999999995,FALSE,TRUE,TRUE,TRUE
step_0.01V_settle_200ms,static_threshold_hysteresis_step_0p01v_settle_time_200ms_p_voltage.csv,0.01,200,down,8.07,4,6.18325,6.177,6.187,4.564925000000001,4.5592999999999995,4.568300000000001,FALSE,TRUE,TRUE,TRUE
step_0.01V_settle_200ms,static_threshold_hysteresis_step_0p01v_settle_time_200ms_p_voltage.csv,0.01,200,down,8.08,4,6.1855,6.182,6.191,4.56695,4.5638000000000005,4.5719,FALSE,TRUE,TRUE,TRUE
step_0.01V_settle_200ms,static_threshold_hysteresis_step_0p01v_settle_time_200ms_p_voltage.csv,0.01,200,down,8.09,4,6.196,6.196,6.196,4.5764,4.5764,4.5764,FALSE,TRUE,TRUE,TRUE
step_0.01V_settle_200ms,static_threshold_hysteresis_step_0p01v_settle_time_200ms_p_voltage.csv,0.01,200,down,8.1,4,6.196,6.191,6.201,4.5764,4.5719,4.5809,FALSE,TRUE,TRUE,TRUE
step_0.01V_settle_200ms,static_threshold_hysteresis_step_0p01v_settle_time_200ms_p_voltage.csv,0.01,200,down,8.11,4,6.204750000000001,6.201,6.206,4.584275000000001,4.5809,4.585400000000001,FALSE,TRUE,TRUE,TRUE
step_0.01V_settle_200ms,static_threshold_hysteresis_step_0p01v_settle_time_200ms_p_voltage.csv,0.01,200,down,8.12,4,6.21225,6.211,6.216,4.591025,4.5899,4.5944,FALSE,TRUE,TRUE,TRUE
step_0.01V_settle_200ms,static_threshold_hysteresis_step_0p01v_settle_time_200ms_p_voltage.csv,0.01,200,down,8.13,4,6.21975,6.216,6.221,4.597775,4.5944,4.5989,FALSE,TRUE,TRUE,TRUE
step_0.01V_settle_200ms,static_threshold_hysteresis_step_0p01v_settle_time_200ms_p_voltage.csv,0.01,200,down,8.14,4,6.22325,6.221,6.23,4.600925,4.5989,4.607,FALSE,TRUE,TRUE,TRUE
step_0.01V_settle_200ms,static_threshold_hysteresis_step_0p01v_settle_time_200ms_p_voltage.csv,0.01,200,down,8.15,4,6.229,6.226,6.23,4.6061000000000005,4.6034,4.607,FALSE,TRUE,TRUE,TRUE
step_0.01V_settle_200ms,static_threshold_hysteresis_step_0p01v_settle_time_200ms_p_voltage.csv,0.01,200,down,8.16,4,6.233750000000001,6.23,6.24,4.610375,4.607,4.6160000000000005,FALSE,TRUE,TRUE,TRUE
step_0.01V_settle_200ms,static_threshold_hysteresis_step_0p01v_settle_time_200ms_p_voltage.csv,0.01,200,down,8.17,4,6.24,6.23,6.25,4.6160000000000005,4.607,4.625,FALSE,TRUE,TRUE,TRUE
step_0.01V_settle_200ms,static_threshold_hysteresis_step_0p01v_settle_time_200ms_p_voltage.csv,0.01,200,down,8.18,4,6.2475000000000005,6.245,6.25,4.622750000000001,4.6205,4.625,FALSE,TRUE,TRUE,TRUE
step_0.01V_settle_200ms,static_threshold_hysteresis_step_0p01v_settle_time_200ms_p_voltage.csv,0.01,200,down,8.19,4,6.26,6.25,6.265,4.634,4.625,4.6385,FALSE,TRUE,TRUE,TRUE
step_0.01V_settle_200ms,static_threshold_hysteresis_step_0p01v_settle_time_200ms_p_voltage.csv,0.01,200,down,8.2,4,6.2612499999999995,6.26,6.265,4.6351249999999995,4.634,4.6385,FALSE,TRUE,TRUE,TRUE
step_0.01V_settle_200ms,static_threshold_hysteresis_step_0p01v_settle_time_200ms_p_voltage.csv,0.01,200,down,8.21,4,6.26875,6.265,6.27,4.641875,4.6385,4.643,FALSE,TRUE,TRUE,TRUE
step_0.01V_settle_200ms,static_threshold_hysteresis_step_0p01v_settle_time_200ms_p_voltage.csv,0.01,200,down,8.22,4,6.271,6.265,6.279,4.6439,4.6385,4.6511000000000005,FALSE,TRUE,TRUE,TRUE
step_0.01V_settle_200ms,static_threshold_hysteresis_step_0p01v_settle_time_200ms_p_voltage.csv,0.01,200,down,8.23,4,6.284,6.279,6.289,4.6556,4.6511000000000005,4.6601,FALSE,TRUE,TRUE,TRUE
step_0.01V_settle_200ms,static_threshold_hysteresis_step_0p01v_settle_time_200ms_p_voltage.csv,0.01,200,down,8.24,4,6.289,6.284,6.294,4.6601,4.6556,4.6646,FALSE,TRUE,TRUE,TRUE
step_0.01V_settle_200ms,static_threshold_hysteresis_step_0p01v_settle_time_200ms_p_voltage.csv,0.01,200,down,8.25,4,6.301500000000001,6.299,6.304,4.671350000000001,4.6691,4.6736,FALSE,TRUE,TRUE,TRUE
step_0.01V_settle_200ms,static_threshold_hysteresis_step_0p01v_settle_time_200ms_p_voltage.csv,0.01,200,down,8.26,4,6.3027500000000005,6.299,6.304,4.672475,4.6691,4.6736,FALSE,TRUE,TRUE,TRUE
step_0.01V_settle_200ms,static_threshold_hysteresis_step_0p01v_settle_time_200ms_p_voltage.csv,0.01,200,down,8.27,4,6.30775,6.304,6.309,4.6769750000000005,4.6736,4.678100000000001,FALSE,TRUE,TRUE,TRUE
step_0.01V_settle_200ms,static_threshold_hysteresis_step_0p01v_settle_time_200ms_p_voltage.csv,0.01,200,down,8.28,4,6.3145,6.309,6.323,4.68305,4.678100000000001,4.6907000000000005,FALSE,TRUE,TRUE,TRUE
step_0.01V_settle_200ms,static_threshold_hysteresis_step_0p01v_settle_time_200ms_p_voltage.csv,0.01,200,down,8.29,4,6.3255,6.318,6.328,4.69295,4.6861999999999995,4.695200000000001,FALSE,TRUE,TRUE,TRUE
step_0.01V_settle_200ms,static_threshold_hysteresis_step_0p01v_settle_time_200ms_p_voltage.csv,0.01,200,down,8.3,4,6.33175,6.328,6.333,4.698575000000001,4.695200000000001,4.6997,FALSE,TRUE,TRUE,TRUE
step_0.01V_settle_200ms,static_threshold_hysteresis_step_0p01v_settle_time_200ms_p_voltage.csv,0.01,200,down,8.31,4,6.338,6.333,6.343,4.7042,4.6997,4.7087,FALSE,TRUE,TRUE,TRUE
step_0.01V_settle_200ms,static_threshold_hysteresis_step_0p01v_settle_time_200ms_p_voltage.csv,0.01,200,down,8.32,4,6.343,6.343,6.343,4.7087,4.7087,4.7087,FALSE,TRUE,TRUE,TRUE
step_0.01V_settle_200ms,static_threshold_hysteresis_step_0p01v_settle_time_200ms_p_voltage.csv,0.01,200,down,8.33,4,6.35025,6.348,6.357,4.715225,4.7132,4.7213,FALSE,TRUE,TRUE,TRUE
step_0.01V_settle_200ms,static_threshold_hysteresis_step_0p01v_settle_time_200ms_p_voltage.csv,0.01,200,down,8.34,4,6.355,6.353,6.357,4.719500000000001,4.7177,4.7213,FALSE,TRUE,TRUE,TRUE
step_0.01V_settle_200ms,static_threshold_hysteresis_step_0p01v_settle_time_200ms_p_voltage.csv,0.01,200,down,8.35,4,6.3645,6.362,6.367,4.72805,4.7258000000000004,4.7303,FALSE,TRUE,TRUE,TRUE
step_0.01V_settle_200ms,static_threshold_hysteresis_step_0p01v_settle_time_200ms_p_voltage.csv,0.01,200,down,8.36,4,6.36575,6.362,6.377,4.729175000000001,4.7258000000000004,4.7393,FALSE,TRUE,TRUE,TRUE
step_0.01V_settle_200ms,static_threshold_hysteresis_step_0p01v_settle_time_200ms_p_voltage.csv,0.01,200,down,8.37,4,6.377,6.377,6.377,4.7393,4.7393,4.7393,FALSE,TRUE,TRUE,TRUE
step_0.01V_settle_200ms,static_threshold_hysteresis_step_0p01v_settle_time_200ms_p_voltage.csv,0.01,200,down,8.38,4,6.382,6.377,6.392,4.7438,4.7393,4.752800000000001,FALSE,TRUE,TRUE,TRUE
step_0.01V_settle_200ms,static_threshold_hysteresis_step_0p01v_settle_time_200ms_p_voltage.csv,0.01,200,down,8.39,4,6.38925,6.387,6.396,4.750325,4.7482999999999995,4.7564,FALSE,TRUE,TRUE,TRUE
step_0.01V_settle_200ms,static_threshold_hysteresis_step_0p01v_settle_time_200ms_p_voltage.csv,0.01,200,down,8.4,4,6.39525,6.392,6.401,4.755725,4.752800000000001,4.7609,FALSE,TRUE,TRUE,TRUE
step_0.01V_settle_200ms,static_threshold_hysteresis_step_0p01v_settle_time_200ms_p_voltage.csv,0.01,200,down,8.41,4,6.4022499999999996,6.401,6.406,4.7620249999999995,4.7609,4.7654,FALSE,TRUE,TRUE,TRUE
step_0.01V_settle_200ms,static_threshold_hysteresis_step_0p01v_settle_time_200ms_p_voltage.csv,0.01,200,down,8.42,4,6.4072499999999994,6.401,6.416,4.766525,4.7609,4.774400000000001,FALSE,TRUE,TRUE,TRUE
step_0.01V_settle_200ms,static_threshold_hysteresis_step_0p01v_settle_time_200ms_p_voltage.csv,0.01,200,down,8.43,4,6.41475,6.411,6.416,4.773275,4.7699,4.774400000000001,FALSE,TRUE,TRUE,TRUE
step_0.01V_settle_200ms,static_threshold_hysteresis_step_0p01v_settle_time_200ms_p_voltage.csv,0.01,200,down,8.44,4,6.421,6.416,6.426,4.7789,4.774400000000001,4.7834,FALSE,TRUE,TRUE,TRUE
step_0.01V_settle_200ms,static_threshold_hysteresis_step_0p01v_settle_time_200ms_p_voltage.csv,0.01,200,down,8.45,4,6.4335,6.426,6.436,4.790150000000001,4.7834,4.7924,FALSE,TRUE,TRUE,TRUE
step_0.01V_settle_200ms,static_threshold_hysteresis_step_0p01v_settle_time_200ms_p_voltage.csv,0.01,200,down,8.46,4,6.4345,6.431,6.44,4.79105,4.7879000000000005,4.796,FALSE,TRUE,TRUE,TRUE
step_0.01V_settle_200ms,static_threshold_hysteresis_step_0p01v_settle_time_200ms_p_voltage.csv,0.01,200,down,8.47,4,6.444,6.436,6.45,4.7996,4.7924,4.805000000000001,FALSE,TRUE,TRUE,TRUE
step_0.01V_settle_200ms,static_threshold_hysteresis_step_0p01v_settle_time_200ms_p_voltage.csv,0.01,200,down,8.48,4,6.45,6.445,6.455,4.805000000000001,4.8005,4.8095,FALSE,TRUE,TRUE,TRUE
step_0.01V_settle_200ms,static_threshold_hysteresis_step_0p01v_settle_time_200ms_p_voltage.csv,0.01,200,down,8.49,4,6.45625,6.455,6.46,4.810625,4.8095,4.814,FALSE,TRUE,TRUE,TRUE
step_0.01V_settle_200ms,static_threshold_hysteresis_step_0p01v_settle_time_200ms_p_voltage.csv,0.01,200,down,8.5,4,6.45875,6.455,6.47,4.812875,4.8095,4.8229999999999995,FALSE,TRUE,TRUE,TRUE
step_0.01V_settle_200ms,static_threshold_hysteresis_step_0p01v_settle_time_200ms_p_voltage.csv,0.01,200,down,8.51,4,6.47,6.47,6.47,4.8229999999999995,4.8229999999999995,4.8229999999999995,FALSE,TRUE,TRUE,TRUE
step_0.01V_settle_200ms,static_threshold_hysteresis_step_0p01v_settle_time_200ms_p_voltage.csv,0.01,200,down,8.52,4,6.4712499999999995,6.47,6.475,4.8241249999999996,4.8229999999999995,4.8275,FALSE,TRUE,TRUE,TRUE
step_0.01V_settle_200ms,static_threshold_hysteresis_step_0p01v_settle_time_200ms_p_voltage.csv,0.01,200,down,8.53,4,6.48275,6.479,6.484,4.834475,4.8311,4.8356,FALSE,TRUE,TRUE,TRUE
step_0.01V_settle_200ms,static_threshold_hysteresis_step_0p01v_settle_time_200ms_p_voltage.csv,0.01,200,down,8.54,4,6.48525,6.484,6.489,4.8367249999999995,4.8356,4.8401,FALSE,TRUE,TRUE,TRUE
step_0.01V_settle_200ms,static_threshold_hysteresis_step_0p01v_settle_time_200ms_p_voltage.csv,0.01,200,down,8.55,4,6.49775,6.494,6.499,4.847975,4.8446,4.8491,FALSE,TRUE,TRUE,TRUE
step_0.01V_settle_200ms,static_threshold_hysteresis_step_0p01v_settle_time_200ms_p_voltage.csv,0.01,200,down,8.56,4,6.499,6.499,6.499,4.8491,4.8491,4.8491,FALSE,TRUE,TRUE,TRUE
step_0.01V_settle_200ms,static_threshold_hysteresis_step_0p01v_settle_time_200ms_p_voltage.csv,0.01,200,down,8.57,4,6.509,6.504,6.514,4.8581,4.8536,4.8626000000000005,FALSE,TRUE,TRUE,TRUE
step_0.01V_settle_200ms,static_threshold_hysteresis_step_0p01v_settle_time_200ms_p_voltage.csv,0.01,200,down,8.58,4,6.509,6.509,6.509,4.8581,4.8581,4.8581,FALSE,TRUE,TRUE,TRUE
step_0.01V_settle_200ms,static_threshold_hysteresis_step_0p01v_settle_time_200ms_p_voltage.csv,0.01,200,down,8.59,4,6.52325,6.519,6.528,4.870925,4.867100000000001,4.8751999999999995,FALSE,TRUE,TRUE,TRUE
step_0.01V_settle_200ms,static_threshold_hysteresis_step_0p01v_settle_time_200ms_p_voltage.csv,0.01,200,down,8.6,4,6.52325,6.519,6.528,4.870925,4.867100000000001,4.8751999999999995,FALSE,TRUE,TRUE,TRUE
step_0.01V_settle_200ms,static_threshold_hysteresis_step_0p01v_settle_time_200ms_p_voltage.csv,0.01,200,down,8.61,4,6.5405,6.538,6.548,4.88645,4.884200000000001,4.8932,FALSE,TRUE,TRUE,TRUE
step_0.01V_settle_200ms,static_threshold_hysteresis_step_0p01v_settle_time_200ms_p_voltage.csv,0.01,200,down,8.62,4,6.5405,6.538,6.548,4.88645,4.884200000000001,4.8932,FALSE,TRUE,TRUE,TRUE
step_0.01V_settle_200ms,static_threshold_hysteresis_step_0p01v_settle_time_200ms_p_voltage.csv,0.01,200,down,8.63,4,6.54925,6.548,6.553,4.894325,4.8932,4.8977,FALSE,TRUE,TRUE,TRUE
step_0.01V_settle_200ms,static_threshold_hysteresis_step_0p01v_settle_time_200ms_p_voltage.csv,0.01,200,down,8.64,4,6.5555,6.548,6.558,4.8999500000000005,4.8932,4.9022,FALSE,TRUE,TRUE,TRUE
step_0.01V_settle_200ms,static_threshold_hysteresis_step_0p01v_settle_time_200ms_p_voltage.csv,0.01,200,down,8.65,4,6.56725,6.563,6.572,4.910525,4.9067,4.9148000000000005,FALSE,TRUE,TRUE,TRUE
step_0.01V_settle_200ms,static_threshold_hysteresis_step_0p01v_settle_time_200ms_p_voltage.csv,0.01,200,down,8.66,4,6.56975,6.563,6.572,4.912775,4.9067,4.9148000000000005,FALSE,TRUE,TRUE,TRUE
step_0.01V_settle_200ms,static_threshold_hysteresis_step_0p01v_settle_time_200ms_p_voltage.csv,0.01,200,down,8.67,4,6.58075,6.577,6.587,4.922675,4.9193,4.9283,FALSE,TRUE,TRUE,TRUE
step_0.01V_settle_200ms,static_threshold_hysteresis_step_0p01v_settle_time_200ms_p_voltage.csv,0.01,200,down,8.68,4,6.582,6.582,6.582,4.9238,4.9238,4.9238,FALSE,TRUE,TRUE,TRUE
step_0.01V_settle_200ms,static_threshold_hysteresis_step_0p01v_settle_time_200ms_p_voltage.csv,0.01,200,down,8.69,4,6.5945,6.592,6.597,4.93505,4.932799999999999,4.9373000000000005,FALSE,TRUE,TRUE,TRUE
step_0.01V_settle_200ms,static_threshold_hysteresis_step_0p01v_settle_time_200ms_p_voltage.csv,0.01,200,down,8.7,4,6.597,6.597,6.597,4.9373000000000005,4.9373000000000005,4.9373000000000005,FALSE,TRUE,TRUE,TRUE
step_0.01V_settle_200ms,static_threshold_hysteresis_step_0p01v_settle_time_200ms_p_voltage.csv,0.01,200,down,8.71,4,6.606,6.606,6.606,4.9454,4.9454,4.9454,FALSE,TRUE,TRUE,TRUE
step_0.01V_settle_200ms,static_threshold_hysteresis_step_0p01v_settle_time_200ms_p_voltage.csv,0.01,200,down,8.72,4,6.611,6.611,6.611,4.9498999999999995,4.9498999999999995,4.9498999999999995,FALSE,TRUE,TRUE,TRUE
step_0.01V_settle_200ms,static_threshold_hysteresis_step_0p01v_settle_time_200ms_p_voltage.csv,0.01,200,down,8.73,4,6.6135,6.611,6.621,4.9521500000000005,4.9498999999999995,4.958900000000001,FALSE,TRUE,TRUE,TRUE
step_0.01V_settle_200ms,static_threshold_hysteresis_step_0p01v_settle_time_200ms_p_voltage.csv,0.01,200,down,8.74,4,6.6235,6.621,6.626,4.96115,4.958900000000001,4.9634,FALSE,TRUE,TRUE,TRUE
step_0.01V_settle_200ms,static_threshold_hysteresis_step_0p01v_settle_time_200ms_p_voltage.csv,0.01,200,down,8.75,4,6.624750000000001,6.621,6.631,4.962275000000001,4.958900000000001,4.9679,FALSE,TRUE,TRUE,TRUE
step_0.01V_settle_200ms,static_threshold_hysteresis_step_0p01v_settle_time_200ms_p_voltage.csv,0.01,200,down,8.76,4,6.63475,6.631,6.636,4.971275,4.9679,4.9724,FALSE,TRUE,TRUE,TRUE
step_0.01V_settle_200ms,static_threshold_hysteresis_step_0p01v_settle_time_200ms_p_voltage.csv,0.01,200,down,8.77,4,6.6385000000000005,6.636,6.646,4.9746500000000005,4.9724,4.9814,FALSE,TRUE,TRUE,TRUE
step_0.01V_settle_200ms,static_threshold_hysteresis_step_0p01v_settle_time_200ms_p_voltage.csv,0.01,200,down,8.78,4,6.65025,6.646,6.655,4.985225,4.9814,4.9895000000000005,FALSE,TRUE,TRUE,TRUE
step_0.01V_settle_200ms,static_threshold_hysteresis_step_0p01v_settle_time_200ms_p_voltage.csv,0.01,200,down,8.79,4,6.6537500000000005,6.65,6.655,4.9883750000000004,4.985,4.9895000000000005,FALSE,TRUE,TRUE,TRUE
step_0.01V_settle_200ms,static_threshold_hysteresis_step_0p01v_settle_time_200ms_p_voltage.csv,0.01,200,down,8.8,4,6.66,6.655,6.665,4.994000000000001,4.9895000000000005,4.9985,FALSE,TRUE,TRUE,TRUE
step_0.01V_settle_200ms,static_threshold_hysteresis_step_0p01v_settle_time_200ms_p_voltage.csv,0.01,200,down,8.81,4,6.665,6.66,6.675,4.9985,4.994000000000001,5.0075,FALSE,TRUE,TRUE,TRUE
step_0.01V_settle_200ms,static_threshold_hysteresis_step_0p01v_settle_time_200ms_p_voltage.csv,0.01,200,down,8.82,4,6.672499999999999,6.67,6.68,5.005249999999999,5.003,5.012,FALSE,TRUE,TRUE,TRUE
step_0.01V_settle_200ms,static_threshold_hysteresis_step_0p01v_settle_time_200ms_p_voltage.csv,0.01,200,down,8.83,4,6.6812499999999995,6.67,6.685,5.013125,5.003,5.0165,FALSE,TRUE,TRUE,TRUE
step_0.01V_settle_200ms,static_threshold_hysteresis_step_0p01v_settle_time_200ms_p_voltage.csv,0.01,200,down,8.84,4,6.6905,6.685,6.694,5.021450000000001,5.0165,5.0246,FALSE,TRUE,TRUE,TRUE
step_0.01V_settle_200ms,static_threshold_hysteresis_step_0p01v_settle_time_200ms_p_voltage.csv,0.01,200,down,8.85,4,6.6895,6.685,6.694,5.02055,5.0165,5.0246,FALSE,TRUE,TRUE,TRUE
step_0.01V_settle_200ms,static_threshold_hysteresis_step_0p01v_settle_time_200ms_p_voltage.csv,0.01,200,down,8.86,4,6.701499999999999,6.699,6.709,5.03135,5.0291,5.0381,FALSE,TRUE,TRUE,TRUE
step_0.01V_settle_200ms,static_threshold_hysteresis_step_0p01v_settle_time_200ms_p_voltage.csv,0.01,200,down,8.87,4,6.7065,6.704,6.714,5.03585,5.0336,5.0426,FALSE,TRUE,TRUE,TRUE
step_0.01V_settle_200ms,static_threshold_hysteresis_step_0p01v_settle_time_200ms_p_voltage.csv,0.01,200,down,8.88,4,6.7165,6.714,6.719,5.04485,5.0426,5.0471,FALSE,TRUE,TRUE,TRUE
step_0.01V_settle_200ms,static_threshold_hysteresis_step_0p01v_settle_time_200ms_p_voltage.csv,0.01,200,down,8.89,4,6.7177500000000006,6.714,6.719,5.045975,5.0426,5.0471,FALSE,TRUE,TRUE,TRUE
step_0.01V_settle_200ms,static_threshold_hysteresis_step_0p01v_settle_time_200ms_p_voltage.csv,0.01,200,down,8.9,4,6.73075,6.724,6.733,5.057675,5.0516000000000005,5.059699999999999,FALSE,TRUE,TRUE,TRUE
step_0.01V_settle_200ms,static_threshold_hysteresis_step_0p01v_settle_time_200ms_p_voltage.csv,0.01,200,down,8.91,4,6.731999999999999,6.729,6.733,5.0588,5.0561,5.059699999999999,FALSE,TRUE,TRUE,TRUE
step_0.01V_settle_200ms,static_threshold_hysteresis_step_0p01v_settle_time_200ms_p_voltage.csv,0.01,200,down,8.92,4,6.738250000000001,6.729,6.743,5.064425000000001,5.0561,5.068700000000001,FALSE,TRUE,TRUE,TRUE
step_0.01V_settle_200ms,static_threshold_hysteresis_step_0p01v_settle_time_200ms_p_voltage.csv,0.01,200,down,8.93,4,6.74325,6.729,6.748,5.068925,5.0561,5.0732,FALSE,TRUE,TRUE,TRUE
step_0.01V_settle_200ms,static_threshold_hysteresis_step_0p01v_settle_time_200ms_p_voltage.csv,0.01,200,down,8.94,4,6.7495,6.724,6.758,5.07455,5.0516000000000005,5.0822,FALSE,TRUE,TRUE,TRUE
step_0.01V_settle_200ms,static_threshold_hysteresis_step_0p01v_settle_time_200ms_p_voltage.csv,0.01,200,down,8.95,4,6.7482500000000005,6.729,6.758,5.073425,5.0561,5.0822,FALSE,TRUE,TRUE,TRUE
step_0.01V_settle_200ms,static_threshold_hysteresis_step_0p01v_settle_time_200ms_p_voltage.csv,0.01,200,down,8.96,4,6.759,6.729,6.772,5.083100000000001,5.0561,5.0948,FALSE,TRUE,TRUE,TRUE
step_0.01V_settle_200ms,static_threshold_hysteresis_step_0p01v_settle_time_200ms_p_voltage.csv,0.01,200,down,8.97,4,6.76225,6.733,6.772,5.086025,5.059699999999999,5.0948,FALSE,TRUE,TRUE,TRUE
step_0.01V_settle_200ms,static_threshold_hysteresis_step_0p01v_settle_time_200ms_p_voltage.csv,0.01,200,down,8.98,4,6.76875,6.729,6.782,5.091875,5.0561,5.103800000000001,FALSE,TRUE,TRUE,TRUE
step_0.01V_settle_200ms,static_threshold_hysteresis_step_0p01v_settle_time_200ms_p_voltage.csv,0.01,200,down,8.99,4,6.76875,6.724,6.787,5.091875,5.0516000000000005,5.1083,FALSE,TRUE,TRUE,TRUE
step_0.01V_settle_200ms,static_threshold_hysteresis_step_0p01v_settle_time_200ms_p_voltage.csv,0.01,200,down,9,4,6.7775,6.724,6.802,5.09975,5.0516000000000005,5.1217999999999995,FALSE,TRUE,TRUE,TRUE
step_0.01V_settle_200ms,static_threshold_hysteresis_step_0p01v_settle_time_200ms_p_voltage.csv,0.01,200,down,9.01,4,6.78125,6.729,6.802,5.103125,5.0561,5.1217999999999995,FALSE,TRUE,TRUE,TRUE
step_0.01V_settle_200ms,static_threshold_hysteresis_step_0p01v_settle_time_200ms_p_voltage.csv,0.01,200,down,9.02,4,6.78875,6.729,6.812,5.109875000000001,5.0561,5.130800000000001,FALSE,TRUE,TRUE,TRUE
step_0.01V_settle_200ms,static_threshold_hysteresis_step_0p01v_settle_time_200ms_p_voltage.csv,0.01,200,down,9.03,4,6.785,6.724,6.812,5.1065000000000005,5.0516000000000005,5.130800000000001,FALSE,TRUE,TRUE,TRUE
step_0.01V_settle_200ms,static_threshold_hysteresis_step_0p01v_settle_time_200ms_p_voltage.csv,0.01,200,down,9.04,4,6.79925,6.729,6.826,5.119325,5.0561,5.1434,FALSE,TRUE,TRUE,TRUE
step_0.01V_settle_200ms,static_threshold_hysteresis_step_0p01v_settle_time_200ms_p_voltage.csv,0.01,200,down,9.05,4,6.79925,6.729,6.826,5.119325,5.0561,5.1434,FALSE,TRUE,TRUE,TRUE
step_0.01V_settle_200ms,static_threshold_hysteresis_step_0p01v_settle_time_200ms_p_voltage.csv,0.01,200,down,9.06,4,6.80675,6.724,6.841,5.126075,5.0516000000000005,5.1569,FALSE,TRUE,TRUE,TRUE
step_0.01V_settle_200ms,static_threshold_hysteresis_step_0p01v_settle_time_200ms_p_voltage.csv,0.01,200,down,9.07,4,6.81025,6.733,6.836,5.129225,5.059699999999999,5.1524,FALSE,TRUE,TRUE,TRUE
step_0.01V_settle_200ms,static_threshold_hysteresis_step_0p01v_settle_time_200ms_p_voltage.csv,0.01,200,down,9.08,4,6.8205,6.729,6.851,5.13845,5.0561,5.1659,FALSE,TRUE,TRUE,TRUE
step_0.01V_settle_200ms,static_threshold_hysteresis_step_0p01v_settle_time_200ms_p_voltage.csv,0.01,200,down,9.09,4,6.8235,6.733,6.855,5.1411500000000006,5.059699999999999,5.1695,FALSE,TRUE,TRUE,TRUE
step_0.01V_settle_200ms,static_threshold_hysteresis_step_0p01v_settle_time_200ms_p_voltage.csv,0.01,200,down,9.1,4,6.832,6.733,6.865,5.1488,5.059699999999999,5.1785000000000005,FALSE,TRUE,TRUE,TRUE
step_0.01V_settle_200ms,static_threshold_hysteresis_step_0p01v_settle_time_200ms_p_voltage.csv,0.01,200,down,9.11,4,6.832,6.733,6.865,5.1488,5.059699999999999,5.1785000000000005,FALSE,TRUE,TRUE,TRUE
step_0.01V_settle_200ms,static_threshold_hysteresis_step_0p01v_settle_time_200ms_p_voltage.csv,0.01,200,down,9.12,4,6.843249999999999,6.733,6.88,5.158925,5.059699999999999,5.192,FALSE,TRUE,TRUE,TRUE
step_0.01V_settle_200ms,static_threshold_hysteresis_step_0p01v_settle_time_200ms_p_voltage.csv,0.01,200,down,9.13,4,6.842,6.733,6.88,5.1578,5.059699999999999,5.192,FALSE,TRUE,TRUE,TRUE
step_0.01V_settle_200ms,static_threshold_hysteresis_step_0p01v_settle_time_200ms_p_voltage.csv,0.01,200,down,9.14,4,6.8565,6.733,6.899,5.17085,5.059699999999999,5.2091,FALSE,TRUE,TRUE,TRUE
step_0.01V_settle_200ms,static_threshold_hysteresis_step_0p01v_settle_time_200ms_p_voltage.csv,0.01,200,down,9.15,4,6.853249999999999,6.733,6.895,5.167924999999999,5.059699999999999,5.2055,FALSE,TRUE,TRUE,TRUE
step_0.01V_settle_200ms,static_threshold_hysteresis_step_0p01v_settle_time_200ms_p_voltage.csv,0.01,200,down,9.16,4,6.864,6.729,6.909,5.1776,5.0561,5.2181,FALSE,TRUE,TRUE,TRUE
step_0.01V_settle_200ms,static_threshold_hysteresis_step_0p01v_settle_time_200ms_p_voltage.csv,0.01,200,down,9.17,4,6.86525,6.729,6.914,5.178725,5.0561,5.2226,FALSE,TRUE,TRUE,TRUE
step_0.01V_settle_200ms,static_threshold_hysteresis_step_0p01v_settle_time_200ms_p_voltage.csv,0.01,200,down,9.18,4,6.87525,6.729,6.924,5.187725,5.0561,5.2316,FALSE,TRUE,TRUE,TRUE
step_0.01V_settle_200ms,static_threshold_hysteresis_step_0p01v_settle_time_200ms_p_voltage.csv,0.01,200,down,9.19,4,6.875,6.733,6.924,5.1875,5.059699999999999,5.2316,FALSE,TRUE,TRUE,TRUE
step_0.01V_settle_200ms,static_threshold_hysteresis_step_0p01v_settle_time_200ms_p_voltage.csv,0.01,200,down,9.2,4,6.88475,6.733,6.938,5.196275000000001,5.059699999999999,5.2442,FALSE,TRUE,TRUE,TRUE
step_0.01V_settle_200ms,static_threshold_hysteresis_step_0p01v_settle_time_200ms_p_voltage.csv,0.01,200,down,9.21,4,6.88575,6.729,6.938,5.197175,5.0561,5.2442,FALSE,TRUE,TRUE,TRUE
step_0.01V_settle_200ms,static_threshold_hysteresis_step_0p01v_settle_time_200ms_p_voltage.csv,0.01,200,down,9.22,4,6.89075,6.729,6.948,5.201675,5.0561,5.2532000000000005,FALSE,TRUE,TRUE,TRUE
step_0.01V_settle_200ms,static_threshold_hysteresis_step_0p01v_settle_time_200ms_p_voltage.csv,0.01,200,down,9.23,4,6.89175,6.733,6.948,5.202575,5.059699999999999,5.2532000000000005,FALSE,TRUE,TRUE,TRUE
step_0.01V_settle_200ms,static_threshold_hysteresis_step_0p01v_settle_time_200ms_p_voltage.csv,0.01,200,down,9.24,4,6.90675,6.733,6.968,5.216075,5.059699999999999,5.2712,FALSE,TRUE,TRUE,TRUE
step_0.01V_settle_200ms,static_threshold_hysteresis_step_0p01v_settle_time_200ms_p_voltage.csv,0.01,200,down,9.25,4,6.90675,6.733,6.968,5.216075,5.059699999999999,5.2712,FALSE,TRUE,TRUE,TRUE
step_0.01V_settle_200ms,static_threshold_hysteresis_step_0p01v_settle_time_200ms_p_voltage.csv,0.01,200,down,9.26,4,6.9155,6.738,6.978,5.22395,5.0642000000000005,5.2802,FALSE,TRUE,TRUE,TRUE
step_0.01V_settle_200ms,static_threshold_hysteresis_step_0p01v_settle_time_200ms_p_voltage.csv,0.01,200,down,9.27,4,6.91175,6.738,6.973,5.220575,5.0642000000000005,5.2757,FALSE,TRUE,TRUE,TRUE
step_0.01V_settle_200ms,static_threshold_hysteresis_step_0p01v_settle_time_200ms_p_voltage.csv,0.01,200,down,9.28,4,6.92475,6.738,6.987,5.2322750000000005,5.0642000000000005,5.2883000000000004,FALSE,TRUE,TRUE,TRUE
step_0.01V_settle_200ms,static_threshold_hysteresis_step_0p01v_settle_time_200ms_p_voltage.csv,0.01,200,down,9.29,4,6.92475,6.738,6.987,5.2322750000000005,5.0642000000000005,5.2883000000000004,FALSE,TRUE,TRUE,TRUE
step_0.01V_settle_200ms,static_threshold_hysteresis_step_0p01v_settle_time_200ms_p_voltage.csv,0.01,200,down,9.3,4,6.936,6.738,7.002,5.2424,5.0642000000000005,5.3018,FALSE,TRUE,TRUE,TRUE
step_0.01V_settle_200ms,static_threshold_hysteresis_step_0p01v_settle_time_200ms_p_voltage.csv,0.01,200,down,9.31,4,6.93975,6.738,7.007,5.245775,5.0642000000000005,5.3063,FALSE,TRUE,TRUE,TRUE
step_0.01V_settle_200ms,static_threshold_hysteresis_step_0p01v_settle_time_200ms_p_voltage.csv,0.01,200,down,9.32,4,6.93975,6.738,7.007,5.245775,5.0642000000000005,5.3063,FALSE,TRUE,TRUE,TRUE
step_0.01V_settle_200ms,static_threshold_hysteresis_step_0p01v_settle_time_200ms_p_voltage.csv,0.01,200,down,9.33,4,6.94475,6.743,7.012,5.250275,5.068700000000001,5.3107999999999995,FALSE,TRUE,TRUE,TRUE
step_0.01V_settle_200ms,static_threshold_hysteresis_step_0p01v_settle_time_200ms_p_voltage.csv,0.01,200,down,9.34,4,6.954,6.743,7.026,5.2585999999999995,5.068700000000001,5.3234,FALSE,TRUE,TRUE,TRUE
step_0.01V_settle_200ms,static_threshold_hysteresis_step_0p01v_settle_time_200ms_p_voltage.csv,0.01,200,down,9.35,4,6.9552499999999995,6.738,7.031,5.2597249999999995,5.0642000000000005,5.3279,FALSE,TRUE,TRUE,TRUE
step_0.01V_settle_200ms,static_threshold_hysteresis_step_0p01v_settle_time_200ms_p_voltage.csv,0.01,200,down,9.36,4,6.96525,6.743,7.041,5.268725,5.068700000000001,5.336900000000001,FALSE,TRUE,TRUE,TRUE
step_0.01V_settle_200ms,static_threshold_hysteresis_step_0p01v_settle_time_200ms_p_voltage.csv,0.01,200,down,9.37,4,6.9665,6.743,7.041,5.26985,5.068700000000001,5.336900000000001,FALSE,TRUE,TRUE,TRUE
step_0.01V_settle_200ms,static_threshold_hysteresis_step_0p01v_settle_time_200ms_p_voltage.csv,0.01,200,down,9.38,4,6.97025,6.738,7.051,5.273225,5.0642000000000005,5.3459,FALSE,TRUE,TRUE,TRUE
step_0.01V_settle_200ms,static_threshold_hysteresis_step_0p01v_settle_time_200ms_p_voltage.csv,0.01,200,down,9.39,4,6.9765,6.743,7.061,5.27885,5.068700000000001,5.3549,FALSE,TRUE,TRUE,TRUE
step_0.01V_settle_200ms,static_threshold_hysteresis_step_0p01v_settle_time_200ms_p_voltage.csv,0.01,200,down,9.4,4,6.9835,6.743,7.065,5.285150000000001,5.068700000000001,5.3585,FALSE,TRUE,TRUE,TRUE
step_0.01V_settle_200ms,static_threshold_hysteresis_step_0p01v_settle_time_200ms_p_voltage.csv,0.01,200,down,9.41,4,6.98575,6.743,7.07,5.287175,5.068700000000001,5.363,FALSE,TRUE,TRUE,TRUE
step_0.01V_settle_200ms,static_threshold_hysteresis_step_0p01v_settle_time_200ms_p_voltage.csv,0.01,200,down,9.42,4,6.99325,6.743,7.08,5.293925,5.068700000000001,5.372,FALSE,TRUE,TRUE,TRUE
step_0.01V_settle_200ms,static_threshold_hysteresis_step_0p01v_settle_time_200ms_p_voltage.csv,0.01,200,down,9.43,4,6.9945,6.743,7.085,5.295050000000001,5.068700000000001,5.3765,FALSE,TRUE,TRUE,TRUE
step_0.01V_settle_200ms,static_threshold_hysteresis_step_0p01v_settle_time_200ms_p_voltage.csv,0.01,200,down,9.44,4,7.0032499999999995,6.743,7.09,5.302925,5.068700000000001,5.381,FALSE,TRUE,TRUE,TRUE
step_0.01V_settle_200ms,static_threshold_hysteresis_step_0p01v_settle_time_200ms_p_voltage.csv,0.01,200,down,9.45,4,7.0105,6.748,7.104,5.309450000000001,5.0732,5.3936,FALSE,TRUE,TRUE,TRUE
step_0.01V_settle_200ms,static_threshold_hysteresis_step_0p01v_settle_time_200ms_p_voltage.csv,0.01,200,down,9.46,4,7.0127500000000005,6.743,7.104,5.311475000000001,5.068700000000001,5.3936,FALSE,TRUE,TRUE,TRUE
step_0.01V_settle_200ms,static_threshold_hysteresis_step_0p01v_settle_time_200ms_p_voltage.csv,0.01,200,down,9.47,4,7.015000000000001,6.738,7.114,5.3135,5.0642000000000005,5.4026,FALSE,TRUE,TRUE,TRUE
step_0.01V_settle_200ms,static_threshold_hysteresis_step_0p01v_settle_time_200ms_p_voltage.csv,0.01,200,down,9.48,4,7.02125,6.743,7.114,5.3191250000000005,5.068700000000001,5.4026,FALSE,TRUE,TRUE,TRUE
step_0.01V_settle_200ms,static_threshold_hysteresis_step_0p01v_settle_time_200ms_p_voltage.csv,0.01,200,down,9.49,4,7.025,6.743,7.129,5.322500000000001,5.068700000000001,5.4161,FALSE,TRUE,TRUE,TRUE
step_0.01V_settle_200ms,static_threshold_hysteresis_step_0p01v_settle_time_200ms_p_voltage.csv,0.01,200,down,9.5,4,7.02875,6.743,7.124,5.325875,5.068700000000001,5.4116,FALSE,TRUE,TRUE,TRUE
step_0.01V_settle_200ms,static_threshold_hysteresis_step_0p01v_settle_time_200ms_p_voltage.csv,0.01,200,down,9.51,4,7.0337499999999995,6.743,7.134,5.330375,5.068700000000001,5.4206,FALSE,TRUE,TRUE,TRUE
step_0.01V_settle_200ms,static_threshold_hysteresis_step_0p01v_settle_time_200ms_p_voltage.csv,0.01,200,down,9.52,4,7.0432500000000005,6.743,7.148,5.338925000000001,5.068700000000001,5.4332,FALSE,TRUE,TRUE,TRUE
step_0.01V_settle_200ms,static_threshold_hysteresis_step_0p01v_settle_time_200ms_p_voltage.csv,0.01,200,down,9.53,4,7.05175,6.753,7.158,5.3465750000000005,5.0777,5.442200000000001,FALSE,TRUE,TRUE,TRUE
step_0.01V_settle_200ms,static_threshold_hysteresis_step_0p01v_settle_time_200ms_p_voltage.csv,0.01,200,down,9.54,4,7.0555,6.748,7.158,5.349950000000001,5.0732,5.442200000000001,FALSE,TRUE,TRUE,TRUE
step_0.01V_settle_200ms,static_threshold_hysteresis_step_0p01v_settle_time_200ms_p_voltage.csv,0.01,200,down,9.55,4,7.058,6.748,7.168,5.3522,5.0732,5.4512,FALSE,TRUE,TRUE,TRUE
step_0.01V_settle_200ms,static_threshold_hysteresis_step_0p01v_settle_time_200ms_p_voltage.csv,0.01,200,down,9.56,4,7.063000000000001,6.748,7.168,5.356700000000001,5.0732,5.4512,FALSE,TRUE,TRUE,TRUE
step_0.01V_settle_200ms,static_threshold_hysteresis_step_0p01v_settle_time_200ms_p_voltage.csv,0.01,200,down,9.57,4,7.068,6.743,7.183,5.3612,5.068700000000001,5.4647,FALSE,TRUE,TRUE,TRUE
step_0.01V_settle_200ms,static_threshold_hysteresis_step_0p01v_settle_time_200ms_p_voltage.csv,0.01,200,down,9.58,4,7.0705,6.748,7.178,5.36345,5.0732,5.4602,FALSE,TRUE,TRUE,TRUE
step_0.01V_settle_200ms,static_threshold_hysteresis_step_0p01v_settle_time_200ms_p_voltage.csv,0.01,200,down,9.59,4,7.0765,6.748,7.192,5.36885,5.0732,5.4728,FALSE,TRUE,TRUE,TRUE
step_0.01V_settle_200ms,static_threshold_hysteresis_step_0p01v_settle_time_200ms_p_voltage.csv,0.01,200,down,9.6,4,7.08,6.748,7.192,5.372,5.0732,5.4728,FALSE,TRUE,TRUE,TRUE
step_0.01V_settle_200ms,static_threshold_hysteresis_step_0p01v_settle_time_200ms_p_voltage.csv,0.01,200,down,9.61,4,7.0815,6.748,7.202,5.37335,5.0732,5.4818,FALSE,TRUE,TRUE,TRUE
step_0.01V_settle_200ms,static_threshold_hysteresis_step_0p01v_settle_time_200ms_p_voltage.csv,0.01,200,down,9.62,4,7.09225,6.748,7.212,5.383025,5.0732,5.4908,FALSE,TRUE,TRUE,TRUE
step_0.01V_settle_200ms,static_threshold_hysteresis_step_0p01v_settle_time_200ms_p_voltage.csv,0.01,200,down,9.63,4,7.0947499999999994,6.748,7.212,5.385275,5.0732,5.4908,FALSE,TRUE,TRUE,TRUE
step_0.01V_settle_200ms,static_threshold_hysteresis_step_0p01v_settle_time_200ms_p_voltage.csv,0.01,200,down,9.64,4,7.1057500000000005,6.748,7.231,5.395175000000001,5.0732,5.5079,FALSE,TRUE,TRUE,TRUE
step_0.01V_settle_200ms,static_threshold_hysteresis_step_0p01v_settle_time_200ms_p_voltage.csv,0.01,200,down,9.65,4,7.1072500000000005,6.748,7.227,5.3965250000000005,5.0732,5.504300000000001,FALSE,TRUE,TRUE,TRUE
step_0.01V_settle_200ms,static_threshold_hysteresis_step_0p01v_settle_time_200ms_p_voltage.csv,0.01,200,down,9.66,4,7.114,6.748,7.236,5.4026,5.0732,5.5123999999999995,FALSE,TRUE,TRUE,TRUE
step_0.01V_settle_200ms,static_threshold_hysteresis_step_0p01v_settle_time_200ms_p_voltage.csv,0.01,200,down,9.67,4,7.114,6.748,7.236,5.4026,5.0732,5.5123999999999995,FALSE,TRUE,TRUE,TRUE
step_0.01V_settle_200ms,static_threshold_hysteresis_step_0p01v_settle_time_200ms_p_voltage.csv,0.01,200,down,9.68,4,7.12525,6.748,7.251,5.412725,5.0732,5.5259,FALSE,TRUE,TRUE,TRUE
step_0.01V_settle_200ms,static_threshold_hysteresis_step_0p01v_settle_time_200ms_p_voltage.csv,0.01,200,down,9.69,4,7.12525,6.748,7.251,5.412725,5.0732,5.5259,FALSE,TRUE,TRUE,TRUE
step_0.01V_settle_200ms,static_threshold_hysteresis_step_0p01v_settle_time_200ms_p_voltage.csv,0.01,200,down,9.7,4,7.1377500000000005,6.748,7.271,5.423975,5.0732,5.5439,FALSE,TRUE,TRUE,TRUE
step_0.01V_settle_200ms,static_threshold_hysteresis_step_0p01v_settle_time_200ms_p_voltage.csv,0.01,200,down,9.71,4,7.14025,6.753,7.271,5.4262250000000005,5.0777,5.5439,FALSE,TRUE,TRUE,TRUE
step_0.01V_settle_200ms,static_threshold_hysteresis_step_0p01v_settle_time_200ms_p_voltage.csv,0.01,200,down,9.72,4,7.14825,6.748,7.285,5.433425,5.0732,5.556500000000001,FALSE,TRUE,TRUE,TRUE
step_0.01V_settle_200ms,static_threshold_hysteresis_step_0p01v_settle_time_200ms_p_voltage.csv,0.01,200,down,9.73,4,7.14825,6.758,7.285,5.433425,5.0822,5.556500000000001,FALSE,TRUE,TRUE,TRUE
step_0.01V_settle_200ms,static_threshold_hysteresis_step_0p01v_settle_time_200ms_p_voltage.csv,0.01,200,down,9.74,4,7.15825,6.758,7.295,5.442425,5.0822,5.5655,FALSE,TRUE,TRUE,TRUE
step_0.01V_settle_200ms,static_threshold_hysteresis_step_0p01v_settle_time_200ms_p_voltage.csv,0.01,200,down,9.75,4,7.1545000000000005,6.753,7.295,5.439050000000001,5.0777,5.5655,FALSE,TRUE,TRUE,TRUE
step_0.01V_settle_200ms,static_threshold_hysteresis_step_0p01v_settle_time_200ms_p_voltage.csv,0.01,200,down,9.76,4,7.167,6.758,7.305,5.4503,5.0822,5.5745,FALSE,TRUE,TRUE,TRUE
step_0.01V_settle_200ms,static_threshold_hysteresis_step_0p01v_settle_time_200ms_p_voltage.csv,0.01,200,down,9.77,4,7.1705,6.758,7.314,5.45345,5.0822,5.5826,FALSE,TRUE,TRUE,TRUE
step_0.01V_settle_200ms,static_threshold_hysteresis_step_0p01v_settle_time_200ms_p_voltage.csv,0.01,200,down,9.78,4,7.175,6.753,7.319,5.4575,5.0777,5.5871,FALSE,TRUE,TRUE,TRUE
step_0.01V_settle_200ms,static_threshold_hysteresis_step_0p01v_settle_time_200ms_p_voltage.csv,0.01,200,down,9.79,4,7.1825,6.758,7.324,5.46425,5.0822,5.5916,FALSE,TRUE,TRUE,TRUE
step_0.01V_settle_200ms,static_threshold_hysteresis_step_0p01v_settle_time_200ms_p_voltage.csv,0.01,200,down,9.8,4,7.18375,6.753,7.329,5.465375,5.0777,5.5961,FALSE,TRUE,TRUE,TRUE
step_0.01V_settle_200ms,static_threshold_hysteresis_step_0p01v_settle_time_200ms_p_voltage.csv,0.01,200,down,9.81,4,7.18875,6.758,7.334,5.469875,5.0822,5.6006,FALSE,TRUE,TRUE,TRUE
step_0.01V_settle_200ms,static_threshold_hysteresis_step_0p01v_settle_time_200ms_p_voltage.csv,0.01,200,down,9.82,4,7.19625,6.753,7.344,5.476625,5.0777,5.6096,FALSE,TRUE,TRUE,TRUE
step_0.01V_settle_200ms,static_threshold_hysteresis_step_0p01v_settle_time_200ms_p_voltage.csv,0.01,200,down,9.83,4,7.1937500000000005,6.753,7.344,5.474375,5.0777,5.6096,FALSE,TRUE,TRUE,TRUE
step_0.01V_settle_200ms,static_threshold_hysteresis_step_0p01v_settle_time_200ms_p_voltage.csv,0.01,200,down,9.84,4,7.19625,6.748,7.349,5.476625,5.0732,5.6141000000000005,FALSE,TRUE,TRUE,TRUE
step_0.01V_settle_200ms,static_threshold_hysteresis_step_0p01v_settle_time_200ms_p_voltage.csv,0.01,200,down,9.85,4,7.2,6.748,7.354,5.48,5.0732,5.6186,FALSE,TRUE,TRUE,TRUE
step_0.01V_settle_200ms,static_threshold_hysteresis_step_0p01v_settle_time_200ms_p_voltage.csv,0.01,200,down,9.86,4,7.2085,6.758,7.378,5.48765,5.0822,5.6402,FALSE,TRUE,TRUE,TRUE
step_0.01V_settle_200ms,static_threshold_hysteresis_step_0p01v_settle_time_200ms_p_voltage.csv,0.01,200,down,9.87,4,7.204750000000001,6.758,7.373,5.484275000000001,5.0822,5.6357,FALSE,TRUE,TRUE,TRUE
step_0.01V_settle_200ms,static_threshold_hysteresis_step_0p01v_settle_time_200ms_p_voltage.csv,0.01,200,down,9.88,4,7.20975,6.763,7.388,5.4887749999999995,5.0867000000000004,5.6492000000000004,FALSE,TRUE,TRUE,TRUE
step_0.01V_settle_200ms,static_threshold_hysteresis_step_0p01v_settle_time_200ms_p_voltage.csv,0.01,200,down,9.89,4,7.21225,6.758,7.393,5.4910250000000005,5.0822,5.6537,FALSE,TRUE,TRUE,TRUE
step_0.01V_settle_200ms,static_threshold_hysteresis_step_0p01v_settle_time_200ms_p_voltage.csv,0.01,200,down,9.9,4,7.21225,6.758,7.393,5.4910250000000005,5.0822,5.6537,FALSE,TRUE,TRUE,TRUE
step_0.01V_settle_200ms,static_threshold_hysteresis_step_0p01v_settle_time_200ms_p_voltage.csv,0.01,200,down,9.91,4,7.21225,6.758,7.393,5.4910250000000005,5.0822,5.6537,FALSE,TRUE,TRUE,TRUE
step_0.01V_settle_200ms,static_threshold_hysteresis_step_0p01v_settle_time_200ms_p_voltage.csv,0.01,200,down,9.92,4,7.21475,6.763,7.388,5.493275000000001,5.0867000000000004,5.6492000000000004,FALSE,TRUE,TRUE,TRUE
step_0.01V_settle_200ms,static_threshold_hysteresis_step_0p01v_settle_time_200ms_p_voltage.csv,0.01,200,down,9.93,4,7.20975,6.758,7.393,5.4887749999999995,5.0822,5.6537,FALSE,TRUE,TRUE,TRUE
step_0.01V_settle_200ms,static_threshold_hysteresis_step_0p01v_settle_time_200ms_p_voltage.csv,0.01,200,down,9.94,4,7.21225,6.758,7.393,5.4910250000000005,5.0822,5.6537,FALSE,TRUE,TRUE,TRUE
step_0.01V_settle_200ms,static_threshold_hysteresis_step_0p01v_settle_time_200ms_p_voltage.csv,0.01,200,down,9.95,4,7.2135,6.763,7.393,5.49215,5.0867000000000004,5.6537,FALSE,TRUE,TRUE,TRUE
step_0.01V_settle_200ms,static_threshold_hysteresis_step_0p01v_settle_time_200ms_p_voltage.csv,0.01,200,down,9.96,4,7.21325,6.758,7.397,5.491925,5.0822,5.6573,FALSE,TRUE,TRUE,TRUE
step_0.01V_settle_200ms,static_threshold_hysteresis_step_0p01v_settle_time_200ms_p_voltage.csv,0.01,200,down,9.97,4,7.21225,6.758,7.393,5.4910250000000005,5.0822,5.6537,FALSE,TRUE,TRUE,TRUE
step_0.01V_settle_200ms,static_threshold_hysteresis_step_0p01v_settle_time_200ms_p_voltage.csv,0.01,200,down,9.98,4,7.21225,6.758,7.393,5.4910250000000005,5.0822,5.6537,FALSE,TRUE,TRUE,TRUE
step_0.01V_settle_200ms,static_threshold_hysteresis_step_0p01v_settle_time_200ms_p_voltage.csv,0.01,200,down,9.99,4,7.21225,6.758,7.393,5.4910250000000005,5.0822,5.6537,FALSE,TRUE,TRUE,TRUE
step_0.01V_settle_200ms,static_threshold_hysteresis_step_0p01v_settle_time_200ms_p_voltage.csv,0.01,200,down,10,4,7.21225,6.758,7.393,5.4910250000000005,5.0822,5.6537,FALSE,TRUE,TRUE,TRUE
step_0.05V_settle_400ms,static_threshold_hysteresis_step_0p05v_settle_time_400ms_p_voltage.csv,0.05,400,up,0,1,0.791,0.791,0.791,0,0,0,TRUE,TRUE,TRUE,FALSE
step_0.05V_settle_400ms,static_threshold_hysteresis_step_0p05v_settle_time_400ms_p_voltage.csv,0.05,400,up,0.05,4,0.7835000000000001,0.781,0.786,0,0,0,TRUE,TRUE,TRUE,FALSE
step_0.05V_settle_400ms,static_threshold_hysteresis_step_0p05v_settle_time_400ms_p_voltage.csv,0.05,400,up,0.1,4,0.7847500000000001,0.781,0.791,0,0,0,TRUE,TRUE,TRUE,FALSE
step_0.05V_settle_400ms,static_threshold_hysteresis_step_0p05v_settle_time_400ms_p_voltage.csv,0.05,400,up,0.15,4,0.7885,0.786,0.791,0,0,0,TRUE,TRUE,TRUE,FALSE
step_0.05V_settle_400ms,static_threshold_hysteresis_step_0p05v_settle_time_400ms_p_voltage.csv,0.05,400,up,0.2,4,0.86275,0.84,0.903,0,0,0,TRUE,TRUE,TRUE,FALSE
step_0.05V_settle_400ms,static_threshold_hysteresis_step_0p05v_settle_time_400ms_p_voltage.csv,0.05,400,up,0.25,4,0.88875,0.884,0.898,0,0,0,TRUE,TRUE,TRUE,FALSE
step_0.05V_settle_400ms,static_threshold_hysteresis_step_0p05v_settle_time_400ms_p_voltage.csv,0.05,400,up,0.3,4,0.918,0.913,0.928,0,0,0,TRUE,TRUE,TRUE,FALSE
step_0.05V_settle_400ms,static_threshold_hysteresis_step_0p05v_settle_time_400ms_p_voltage.csv,0.05,400,up,0.35,4,0.974,0.967,0.981,0,0,0,TRUE,TRUE,TRUE,FALSE
step_0.05V_settle_400ms,static_threshold_hysteresis_step_0p05v_settle_time_400ms_p_voltage.csv,0.05,400,up,0.4,4,0.991,0.991,0.991,0,0,0,TRUE,TRUE,TRUE,FALSE
step_0.05V_settle_400ms,static_threshold_hysteresis_step_0p05v_settle_time_400ms_p_voltage.csv,0.05,400,up,0.45,4,1.03125,1.025,1.04,0,0,0,TRUE,TRUE,TRUE,FALSE
step_0.05V_settle_400ms,static_threshold_hysteresis_step_0p05v_settle_time_400ms_p_voltage.csv,0.05,400,up,0.5,4,1.063,1.055,1.069,0,0,0,TRUE,TRUE,TRUE,FALSE
step_0.05V_settle_400ms,static_threshold_hysteresis_step_0p05v_settle_time_400ms_p_voltage.csv,0.05,400,up,0.55,4,1.1025,1.099,1.113,0,0,0.0017000000000000348,TRUE,TRUE,TRUE,FALSE
step_0.05V_settle_400ms,static_threshold_hysteresis_step_0p05v_settle_time_400ms_p_voltage.csv,0.05,400,up,0.6,4,1.13425,1.133,1.138,0.020825000000000093,0.01970000000000005,0.0242,FALSE,TRUE,TRUE,TRUE
step_0.05V_settle_400ms,static_threshold_hysteresis_step_0p05v_settle_time_400ms_p_voltage.csv,0.05,400,up,0.65,4,1.1644999999999999,1.162,1.172,0.048049999999999926,0.04580000000000006,0.05479999999999996,FALSE,TRUE,TRUE,TRUE
step_0.05V_settle_400ms,static_threshold_hysteresis_step_0p05v_settle_time_400ms_p_voltage.csv,0.05,400,up,0.7,4,1.19475,1.191,1.196,0.07527499999999998,0.07190000000000007,0.07640000000000002,FALSE,TRUE,TRUE,TRUE
step_0.05V_settle_400ms,static_threshold_hysteresis_step_0p05v_settle_time_400ms_p_voltage.csv,0.05,400,up,0.75,4,1.2365,1.226,1.25,0.1128499999999999,0.10339999999999994,0.125,FALSE,TRUE,TRUE,TRUE
step_0.05V_settle_400ms,static_threshold_hysteresis_step_0p05v_settle_time_400ms_p_voltage.csv,0.05,400,up,0.8,4,1.26975,1.26,1.279,0.14277499999999987,0.13400000000000012,0.1511,FALSE,TRUE,TRUE,TRUE
step_0.05V_settle_400ms,static_threshold_hysteresis_step_0p05v_settle_time_400ms_p_voltage.csv,0.05,400,up,0.85,4,1.299,1.294,1.304,0.16910000000000003,0.16460000000000008,0.17359999999999998,FALSE,TRUE,TRUE,TRUE
step_0.05V_settle_400ms,static_threshold_hysteresis_step_0p05v_settle_time_400ms_p_voltage.csv,0.05,400,up,0.9,4,1.338,1.328,1.348,0.20420000000000016,0.19520000000000004,0.21320000000000006,FALSE,TRUE,TRUE,TRUE
step_0.05V_settle_400ms,static_threshold_hysteresis_step_0p05v_settle_time_400ms_p_voltage.csv,0.05,400,up,0.95,4,1.36325,1.357,1.372,0.22692500000000004,0.22130000000000005,0.23480000000000012,FALSE,TRUE,TRUE,TRUE
step_0.05V_settle_400ms,static_threshold_hysteresis_step_0p05v_settle_time_400ms_p_voltage.csv,0.05,400,up,1,4,1.4035,1.396,1.406,0.26315,0.25639999999999996,0.26539999999999986,FALSE,TRUE,TRUE,TRUE
step_0.05V_settle_400ms,static_threshold_hysteresis_step_0p05v_settle_time_400ms_p_voltage.csv,0.05,400,up,1.05,4,1.4297499999999999,1.426,1.436,0.286775,0.2833999999999999,0.2924,FALSE,TRUE,TRUE,TRUE
step_0.05V_settle_400ms,static_threshold_hysteresis_step_0p05v_settle_time_400ms_p_voltage.csv,0.05,400,up,1.1,4,1.46625,1.455,1.47,0.31962500000000005,0.3095000000000001,0.32299999999999995,FALSE,TRUE,TRUE,TRUE
step_0.05V_settle_400ms,static_threshold_hysteresis_step_0p05v_settle_time_400ms_p_voltage.csv,0.05,400,up,1.15,4,1.50025,1.489,1.514,0.350225,0.34010000000000007,0.36260000000000003,FALSE,TRUE,TRUE,TRUE
step_0.05V_settle_400ms,static_threshold_hysteresis_step_0p05v_settle_time_400ms_p_voltage.csv,0.05,400,up,1.2,4,1.53175,1.523,1.538,0.3785749999999999,0.37070000000000003,0.3842000000000001,FALSE,TRUE,TRUE,TRUE
step_0.05V_settle_400ms,static_threshold_hysteresis_step_0p05v_settle_time_400ms_p_voltage.csv,0.05,400,up,1.25,4,1.56525,1.558,1.577,0.408725,0.4022000000000001,0.4193,FALSE,TRUE,TRUE,TRUE
step_0.05V_settle_400ms,static_threshold_hysteresis_step_0p05v_settle_time_400ms_p_voltage.csv,0.05,400,up,1.3,4,1.59325,1.587,1.602,0.4339250000000001,0.4282999999999999,0.4418000000000002,FALSE,TRUE,TRUE,TRUE
step_0.05V_settle_400ms,static_threshold_hysteresis_step_0p05v_settle_time_400ms_p_voltage.csv,0.05,400,up,1.35,4,1.626,1.621,1.631,0.46340000000000003,0.4589000000000001,0.4679,FALSE,TRUE,TRUE,TRUE
step_0.05V_settle_400ms,static_threshold_hysteresis_step_0p05v_settle_time_400ms_p_voltage.csv,0.05,400,up,1.4,4,1.665,1.65,1.68,0.49850000000000017,0.4849999999999999,0.512,FALSE,TRUE,TRUE,TRUE
step_0.05V_settle_400ms,static_threshold_hysteresis_step_0p05v_settle_time_400ms_p_voltage.csv,0.05,400,up,1.45,4,1.6989999999999998,1.694,1.714,0.5290999999999999,0.5246,0.5426,FALSE,TRUE,TRUE,TRUE
step_0.05V_settle_400ms,static_threshold_hysteresis_step_0p05v_settle_time_400ms_p_voltage.csv,0.05,400,up,1.5,4,1.7320000000000002,1.729,1.733,0.5588000000000002,0.5561,0.5597000000000001,FALSE,TRUE,TRUE,TRUE
step_0.05V_settle_400ms,static_threshold_hysteresis_step_0p05v_settle_time_400ms_p_voltage.csv,0.05,400,up,1.55,4,1.77225,1.763,1.782,0.5950250000000001,0.5867,0.6038000000000001,FALSE,TRUE,TRUE,TRUE
step_0.05V_settle_400ms,static_threshold_hysteresis_step_0p05v_settle_time_400ms_p_voltage.csv,0.05,400,up,1.6,4,1.7995,1.792,1.802,0.61955,0.6128,0.6218000000000001,FALSE,TRUE,TRUE,TRUE
step_0.05V_settle_400ms,static_threshold_hysteresis_step_0p05v_settle_time_400ms_p_voltage.csv,0.05,400,up,1.65,4,1.836,1.826,1.841,0.6524000000000001,0.6434000000000002,0.6569,FALSE,TRUE,TRUE,TRUE
step_0.05V_settle_400ms,static_threshold_hysteresis_step_0p05v_settle_time_400ms_p_voltage.csv,0.05,400,up,1.7,4,1.87125,1.86,1.875,0.6841250000000001,0.6740000000000002,0.6875,FALSE,TRUE,TRUE,TRUE
step_0.05V_settle_400ms,static_threshold_hysteresis_step_0p05v_settle_time_400ms_p_voltage.csv,0.05,400,up,1.75,4,1.9004999999999999,1.89,1.904,0.7104499999999998,0.7009999999999998,0.7136,FALSE,TRUE,TRUE,TRUE
step_0.05V_settle_400ms,static_threshold_hysteresis_step_0p05v_settle_time_400ms_p_voltage.csv,0.05,400,up,1.8,4,1.9395,1.924,1.948,0.7455499999999999,0.7316,0.7532000000000001,FALSE,TRUE,TRUE,TRUE
step_0.05V_settle_400ms,static_threshold_hysteresis_step_0p05v_settle_time_400ms_p_voltage.csv,0.05,400,up,1.85,4,1.969,1.963,1.987,0.7721,0.7667000000000002,0.7883000000000002,FALSE,TRUE,TRUE,TRUE
step_0.05V_settle_400ms,static_threshold_hysteresis_step_0p05v_settle_time_400ms_p_voltage.csv,0.05,400,up,1.9,4,1.99575,1.992,2.002,0.7961749999999999,0.7928,0.8017999999999998,FALSE,TRUE,TRUE,TRUE
step_0.05V_settle_400ms,static_threshold_hysteresis_step_0p05v_settle_time_400ms_p_voltage.csv,0.05,400,up,1.95,4,2.03225,2.021,2.041,0.8290249999999999,0.8189,0.8369,FALSE,TRUE,TRUE,TRUE
step_0.05V_settle_400ms,static_threshold_hysteresis_step_0p05v_settle_time_400ms_p_voltage.csv,0.05,400,up,2,4,2.0700000000000003,2.065,2.075,0.8630000000000002,0.8585,0.8675000000000002,FALSE,TRUE,TRUE,TRUE
step_0.05V_settle_400ms,static_threshold_hysteresis_step_0p05v_settle_time_400ms_p_voltage.csv,0.05,400,up,2.05,4,2.1035,2.1,2.114,0.8931499999999999,0.8900000000000001,0.9025999999999998,FALSE,TRUE,TRUE,TRUE
step_0.05V_settle_400ms,static_threshold_hysteresis_step_0p05v_settle_time_400ms_p_voltage.csv,0.05,400,up,2.1,4,2.13775,2.134,2.144,0.923975,0.9205999999999999,0.9296000000000002,FALSE,TRUE,TRUE,TRUE
step_0.05V_settle_400ms,static_threshold_hysteresis_step_0p05v_settle_time_400ms_p_voltage.csv,0.05,400,up,2.15,4,2.1715,2.158,2.192,0.95435,0.9421999999999999,0.9728000000000001,FALSE,TRUE,TRUE,TRUE
step_0.05V_settle_400ms,static_threshold_hysteresis_step_0p05v_settle_time_400ms_p_voltage.csv,0.05,400,up,2.2,4,2.202,2.192,2.212,0.9818,0.9728000000000001,0.9908000000000001,FALSE,TRUE,TRUE,TRUE
step_0.05V_settle_400ms,static_threshold_hysteresis_step_0p05v_settle_time_400ms_p_voltage.csv,0.05,400,up,2.25,4,2.23625,2.222,2.241,1.0126250000000003,0.9998,1.0169000000000001,FALSE,TRUE,TRUE,TRUE
step_0.05V_settle_400ms,static_threshold_hysteresis_step_0p05v_settle_time_400ms_p_voltage.csv,0.05,400,up,2.3,4,2.2752499999999998,2.266,2.28,1.0477249999999998,1.0394,1.052,FALSE,TRUE,TRUE,TRUE
step_0.05V_settle_400ms,static_threshold_hysteresis_step_0p05v_settle_time_400ms_p_voltage.csv,0.05,400,up,2.35,4,2.30375,2.3,2.305,1.073375,1.0699999999999998,1.0745,FALSE,TRUE,TRUE,TRUE
step_0.05V_settle_400ms,static_threshold_hysteresis_step_0p05v_settle_time_400ms_p_voltage.csv,0.05,400,up,2.4,4,2.339,2.324,2.354,1.1051000000000002,1.0916000000000001,1.1186000000000003,FALSE,TRUE,TRUE,TRUE
step_0.05V_settle_400ms,static_threshold_hysteresis_step_0p05v_settle_time_400ms_p_voltage.csv,0.05,400,up,2.45,4,2.3827499999999997,2.368,2.397,1.144475,1.1311999999999998,1.1572999999999998,FALSE,TRUE,TRUE,TRUE
step_0.05V_settle_400ms,static_threshold_hysteresis_step_0p05v_settle_time_400ms_p_voltage.csv,0.05,400,up,2.5,4,2.4095,2.402,2.417,1.1685500000000002,1.1618000000000004,1.1753,FALSE,TRUE,TRUE,TRUE
step_0.05V_settle_400ms,static_threshold_hysteresis_step_0p05v_settle_time_400ms_p_voltage.csv,0.05,400,up,2.55,4,2.4405,2.432,2.456,1.19645,1.1888,1.2104,FALSE,TRUE,TRUE,TRUE
step_0.05V_settle_400ms,static_threshold_hysteresis_step_0p05v_settle_time_400ms_p_voltage.csv,0.05,400,up,2.6,4,2.46975,2.456,2.476,1.222775,1.2104,1.2284000000000002,FALSE,TRUE,TRUE,TRUE
step_0.05V_settle_400ms,static_threshold_hysteresis_step_0p05v_settle_time_400ms_p_voltage.csv,0.05,400,up,2.65,4,2.49625,2.49,2.5,1.2466249999999999,1.241,1.25,FALSE,TRUE,TRUE,TRUE
step_0.05V_settle_400ms,static_threshold_hysteresis_step_0p05v_settle_time_400ms_p_voltage.csv,0.05,400,up,2.7,4,2.53525,2.524,2.549,1.2817250000000002,1.2716000000000003,1.2940999999999998,FALSE,TRUE,TRUE,TRUE
step_0.05V_settle_400ms,static_threshold_hysteresis_step_0p05v_settle_time_400ms_p_voltage.csv,0.05,400,up,2.75,4,2.572,2.554,2.578,1.3148,1.2986,1.3201999999999998,FALSE,TRUE,TRUE,TRUE
step_0.05V_settle_400ms,static_threshold_hysteresis_step_0p05v_settle_time_400ms_p_voltage.csv,0.05,400,up,2.8,4,2.6014999999999997,2.598,2.612,1.3413499999999998,1.3382,1.3508,FALSE,TRUE,TRUE,TRUE
step_0.05V_settle_400ms,static_threshold_hysteresis_step_0p05v_settle_time_400ms_p_voltage.csv,0.05,400,up,2.85,4,2.6392499999999997,2.627,2.646,1.3753249999999997,1.3643,1.3814000000000002,FALSE,TRUE,TRUE,TRUE
step_0.05V_settle_400ms,static_threshold_hysteresis_step_0p05v_settle_time_400ms_p_voltage.csv,0.05,400,up,2.9,4,2.67475,2.666,2.681,1.4072749999999998,1.3994,1.4129,FALSE,TRUE,TRUE,TRUE
step_0.05V_settle_400ms,static_threshold_hysteresis_step_0p05v_settle_time_400ms_p_voltage.csv,0.05,400,up,2.95,4,2.71,2.705,2.715,1.439,1.4345000000000003,1.4434999999999998,FALSE,TRUE,TRUE,TRUE
step_0.05V_settle_400ms,static_threshold_hysteresis_step_0p05v_settle_time_400ms_p_voltage.csv,0.05,400,up,3,4,2.73525,2.729,2.744,1.4617250000000004,1.4561000000000002,1.4696000000000002,FALSE,TRUE,TRUE,TRUE
step_0.05V_settle_400ms,static_threshold_hysteresis_step_0p05v_settle_time_400ms_p_voltage.csv,0.05,400,up,3.05,4,2.778,2.778,2.778,1.5002,1.5002,1.5002,FALSE,TRUE,TRUE,TRUE
step_0.05V_settle_400ms,static_threshold_hysteresis_step_0p05v_settle_time_400ms_p_voltage.csv,0.05,400,up,3.1,4,2.8115,2.808,2.817,1.5303500000000003,1.5272000000000001,1.5353000000000003,FALSE,TRUE,TRUE,TRUE
step_0.05V_settle_400ms,static_threshold_hysteresis_step_0p05v_settle_time_400ms_p_voltage.csv,0.05,400,up,3.15,4,2.84075,2.832,2.847,1.5566749999999998,1.5488,1.5623,FALSE,TRUE,TRUE,TRUE
step_0.05V_settle_400ms,static_threshold_hysteresis_step_0p05v_settle_time_400ms_p_voltage.csv,0.05,400,up,3.2,4,2.871,2.866,2.876,1.5838999999999999,1.5794000000000001,1.5884,FALSE,TRUE,TRUE,TRUE
step_0.05V_settle_400ms,static_threshold_hysteresis_step_0p05v_settle_time_400ms_p_voltage.csv,0.05,400,up,3.25,4,2.905,2.9,2.915,1.6145,1.6099999999999999,1.6235,FALSE,TRUE,TRUE,TRUE
step_0.05V_settle_400ms,static_threshold_hysteresis_step_0p05v_settle_time_400ms_p_voltage.csv,0.05,400,up,3.3,4,2.93475,2.93,2.939,1.6412750000000003,1.637,1.6451000000000002,FALSE,TRUE,TRUE,TRUE
step_0.05V_settle_400ms,static_threshold_hysteresis_step_0p05v_settle_time_400ms_p_voltage.csv,0.05,400,up,3.35,4,2.974,2.969,2.979,1.6766,1.6721,1.6811000000000003,FALSE,TRUE,TRUE,TRUE
step_0.05V_settle_400ms,static_threshold_hysteresis_step_0p05v_settle_time_400ms_p_voltage.csv,0.05,400,up,3.4,4,3.0005,2.998,3.003,1.70045,1.6982000000000004,1.7027,FALSE,TRUE,TRUE,TRUE
step_0.05V_settle_400ms,static_threshold_hysteresis_step_0p05v_settle_time_400ms_p_voltage.csv,0.05,400,up,3.45,4,3.0382499999999997,3.032,3.042,1.7344249999999999,1.7288000000000001,1.7378,FALSE,TRUE,TRUE,TRUE
step_0.05V_settle_400ms,static_threshold_hysteresis_step_0p05v_settle_time_400ms_p_voltage.csv,0.05,400,up,3.5,4,3.07475,3.066,3.081,1.7672750000000002,1.7593999999999999,1.7729,FALSE,TRUE,TRUE,TRUE
step_0.05V_settle_400ms,static_threshold_hysteresis_step_0p05v_settle_time_400ms_p_voltage.csv,0.05,400,up,3.55,4,3.11,3.105,3.115,1.799,1.7945000000000002,1.8035,FALSE,TRUE,TRUE,TRUE
step_0.05V_settle_400ms,static_threshold_hysteresis_step_0p05v_settle_time_400ms_p_voltage.csv,0.05,400,up,3.6,4,3.141,3.135,3.149,1.8269000000000002,1.8215,1.8341000000000003,FALSE,TRUE,TRUE,TRUE
step_0.05V_settle_400ms,static_threshold_hysteresis_step_0p05v_settle_time_400ms_p_voltage.csv,0.05,400,up,3.65,4,3.1715,3.154,3.179,1.8543500000000002,1.8386,1.8611,FALSE,TRUE,TRUE,TRUE
step_0.05V_settle_400ms,static_threshold_hysteresis_step_0p05v_settle_time_400ms_p_voltage.csv,0.05,400,up,3.7,4,3.20675,3.198,3.213,1.886075,1.8782,1.8917000000000002,FALSE,TRUE,TRUE,TRUE
step_0.05V_settle_400ms,static_threshold_hysteresis_step_0p05v_settle_time_400ms_p_voltage.csv,0.05,400,up,3.75,4,3.24225,3.223,3.252,1.918025,1.9007,1.9268,FALSE,TRUE,TRUE,TRUE
step_0.05V_settle_400ms,static_threshold_hysteresis_step_0p05v_settle_time_400ms_p_voltage.csv,0.05,400,up,3.8,4,3.26325,3.257,3.267,1.9369250000000005,1.9313000000000002,1.9403000000000001,FALSE,TRUE,TRUE,TRUE
step_0.05V_settle_400ms,static_threshold_hysteresis_step_0p05v_settle_time_400ms_p_voltage.csv,0.05,400,up,3.85,4,3.30075,3.291,3.32,1.970675,1.9619,1.988,FALSE,TRUE,TRUE,TRUE
step_0.05V_settle_400ms,static_threshold_hysteresis_step_0p05v_settle_time_400ms_p_voltage.csv,0.05,400,up,3.9,4,3.34125,3.33,3.345,2.0071250000000003,1.9970000000000003,2.0105000000000004,FALSE,TRUE,TRUE,TRUE
step_0.05V_settle_400ms,static_threshold_hysteresis_step_0p05v_settle_time_400ms_p_voltage.csv,0.05,400,up,3.95,4,3.36175,3.35,3.379,2.025575,2.015,2.0411,FALSE,TRUE,TRUE,TRUE
step_0.05V_settle_400ms,static_threshold_hysteresis_step_0p05v_settle_time_400ms_p_voltage.csv,0.05,400,up,4,4,3.41325,3.389,3.423,2.0719250000000002,2.0501,2.0807,FALSE,TRUE,TRUE,TRUE
step_0.05V_settle_400ms,static_threshold_hysteresis_step_0p05v_settle_time_400ms_p_voltage.csv,0.05,400,up,4.05,4,3.441,3.428,3.447,2.0968999999999998,2.0852,2.1023,FALSE,TRUE,TRUE,TRUE
step_0.05V_settle_400ms,static_threshold_hysteresis_step_0p05v_settle_time_400ms_p_voltage.csv,0.05,400,up,4.1,4,3.48125,3.462,3.491,2.133125,2.1158,2.1419,FALSE,TRUE,TRUE,TRUE
step_0.05V_settle_400ms,static_threshold_hysteresis_step_0p05v_settle_time_400ms_p_voltage.csv,0.05,400,up,4.15,4,3.516,3.501,3.521,2.1644,2.1509,2.1689,FALSE,TRUE,TRUE,TRUE
step_0.05V_settle_400ms,static_threshold_hysteresis_step_0p05v_settle_time_400ms_p_voltage.csv,0.05,400,up,4.2,4,3.545,3.535,3.55,2.1905,2.1815,2.195,FALSE,TRUE,TRUE,TRUE
step_0.05V_settle_400ms,static_threshold_hysteresis_step_0p05v_settle_time_400ms_p_voltage.csv,0.05,400,up,4.25,4,3.579,3.574,3.584,2.2211000000000003,2.2166,2.2256,FALSE,TRUE,TRUE,TRUE
step_0.05V_settle_400ms,static_threshold_hysteresis_step_0p05v_settle_time_400ms_p_voltage.csv,0.05,400,up,4.3,4,3.6075,3.604,3.618,2.24675,2.2436000000000003,2.2561999999999998,FALSE,TRUE,TRUE,TRUE
step_0.05V_settle_400ms,static_threshold_hysteresis_step_0p05v_settle_time_400ms_p_voltage.csv,0.05,400,up,4.35,4,3.6405,3.638,3.643,2.27645,2.2742,2.2786999999999997,FALSE,TRUE,TRUE,TRUE
step_0.05V_settle_400ms,static_threshold_hysteresis_step_0p05v_settle_time_400ms_p_voltage.csv,0.05,400,up,4.4,4,3.667,3.662,3.677,2.3003,2.2958,2.3093,FALSE,TRUE,TRUE,TRUE
step_0.05V_settle_400ms,static_threshold_hysteresis_step_0p05v_settle_time_400ms_p_voltage.csv,0.05,400,up,4.45,4,3.70225,3.691,3.706,2.332025,2.3219,2.3354,FALSE,TRUE,TRUE,TRUE
step_0.05V_settle_400ms,static_threshold_hysteresis_step_0p05v_settle_time_400ms_p_voltage.csv,0.05,400,up,4.5,4,3.7375,3.735,3.745,2.36375,2.3615,2.3705000000000003,FALSE,TRUE,TRUE,TRUE
step_0.05V_settle_400ms,static_threshold_hysteresis_step_0p05v_settle_time_400ms_p_voltage.csv,0.05,400,up,4.55,4,3.779,3.774,3.784,2.4011,2.3966000000000003,2.4055999999999997,FALSE,TRUE,TRUE,TRUE
step_0.05V_settle_400ms,static_threshold_hysteresis_step_0p05v_settle_time_400ms_p_voltage.csv,0.05,400,up,4.6,4,3.8049999999999997,3.799,3.813,2.4244999999999997,2.4191,2.4317,FALSE,TRUE,TRUE,TRUE
step_0.05V_settle_400ms,static_threshold_hysteresis_step_0p05v_settle_time_400ms_p_voltage.csv,0.05,400,up,4.65,4,3.838,3.828,3.843,2.4542,2.4452,2.4587,FALSE,TRUE,TRUE,TRUE
step_0.05V_settle_400ms,static_threshold_hysteresis_step_0p05v_settle_time_400ms_p_voltage.csv,0.05,400,up,4.7,4,3.87575,3.872,3.887,2.488175,2.4848,2.4983,FALSE,TRUE,TRUE,TRUE
step_0.05V_settle_400ms,static_threshold_hysteresis_step_0p05v_settle_time_400ms_p_voltage.csv,0.05,400,up,4.75,4,3.90975,3.906,3.911,2.5187749999999998,2.5154,2.5199000000000003,FALSE,TRUE,TRUE,TRUE
step_0.05V_settle_400ms,static_threshold_hysteresis_step_0p05v_settle_time_400ms_p_voltage.csv,0.05,400,up,4.8,4,3.93825,3.931,3.95,2.544425,2.5379,2.555,FALSE,TRUE,TRUE,TRUE
step_0.05V_settle_400ms,static_threshold_hysteresis_step_0p05v_settle_time_400ms_p_voltage.csv,0.05,400,up,4.85,4,3.9735,3.965,3.979,2.57615,2.5685,2.5811,FALSE,TRUE,TRUE,TRUE
step_0.05V_settle_400ms,static_threshold_hysteresis_step_0p05v_settle_time_400ms_p_voltage.csv,0.05,400,up,4.9,4,4.007750000000001,3.999,4.014,2.6069750000000007,2.5991,2.6126000000000005,FALSE,TRUE,TRUE,TRUE
step_0.05V_settle_400ms,static_threshold_hysteresis_step_0p05v_settle_time_400ms_p_voltage.csv,0.05,400,up,4.95,4,4.0405,4.028,4.048,2.63645,2.6251999999999995,2.6432,FALSE,TRUE,TRUE,TRUE
step_0.05V_settle_400ms,static_threshold_hysteresis_step_0p05v_settle_time_400ms_p_voltage.csv,0.05,400,up,5,4,4.066,4.053,4.077,2.6593999999999998,2.6477,2.6693000000000002,FALSE,TRUE,TRUE,TRUE
step_0.05V_settle_400ms,static_threshold_hysteresis_step_0p05v_settle_time_400ms_p_voltage.csv,0.05,400,up,5.05,4,4.0995,4.092,4.102,2.68955,2.6828,2.6918,FALSE,TRUE,TRUE,TRUE
step_0.05V_settle_400ms,static_threshold_hysteresis_step_0p05v_settle_time_400ms_p_voltage.csv,0.05,400,up,5.1,4,4.136,4.131,4.141,2.7224000000000004,2.7179,2.7269,FALSE,TRUE,TRUE,TRUE
step_0.05V_settle_400ms,static_threshold_hysteresis_step_0p05v_settle_time_400ms_p_voltage.csv,0.05,400,up,5.15,4,4.17,4.165,4.18,2.753,2.7485,2.762,FALSE,TRUE,TRUE,TRUE
step_0.05V_settle_400ms,static_threshold_hysteresis_step_0p05v_settle_time_400ms_p_voltage.csv,0.05,400,up,5.2,4,4.20775,4.194,4.214,2.786975,2.7746,2.7926000000000006,FALSE,TRUE,TRUE,TRUE
step_0.05V_settle_400ms,static_threshold_hysteresis_step_0p05v_settle_time_400ms_p_voltage.csv,0.05,400,up,5.25,4,4.231,4.229,4.233,2.8079,2.8061000000000003,2.8097,FALSE,TRUE,TRUE,TRUE
step_0.05V_settle_400ms,static_threshold_hysteresis_step_0p05v_settle_time_400ms_p_voltage.csv,0.05,400,up,5.3,4,4.27225,4.263,4.277,2.8450249999999997,2.8367,2.8493000000000004,FALSE,TRUE,TRUE,TRUE
step_0.05V_settle_400ms,static_threshold_hysteresis_step_0p05v_settle_time_400ms_p_voltage.csv,0.05,400,up,5.35,4,4.30175,4.297,4.316,2.8715750000000004,2.8672999999999997,2.8844,FALSE,TRUE,TRUE,TRUE
step_0.05V_settle_400ms,static_threshold_hysteresis_step_0p05v_settle_time_400ms_p_voltage.csv,0.05,400,up,5.4,4,4.341,4.326,4.346,2.9069000000000003,2.8933999999999997,2.9114,FALSE,TRUE,TRUE,TRUE
step_0.05V_settle_400ms,static_threshold_hysteresis_step_0p05v_settle_time_400ms_p_voltage.csv,0.05,400,up,5.45,4,4.365,4.36,4.37,2.9285,2.9240000000000004,2.9330000000000003,FALSE,TRUE,TRUE,TRUE
step_0.05V_settle_400ms,static_threshold_hysteresis_step_0p05v_settle_time_400ms_p_voltage.csv,0.05,400,up,5.5,4,4.4005,4.395,4.404,2.9604500000000002,2.9555,2.9636,FALSE,TRUE,TRUE,TRUE
step_0.05V_settle_400ms,static_threshold_hysteresis_step_0p05v_settle_time_400ms_p_voltage.csv,0.05,400,up,5.55,4,4.4405,4.438,4.443,2.9964500000000003,2.9941999999999998,2.9987,FALSE,TRUE,TRUE,TRUE
step_0.05V_settle_400ms,static_threshold_hysteresis_step_0p05v_settle_time_400ms_p_voltage.csv,0.05,400,up,5.6,4,4.4765,4.463,4.487,3.0288500000000003,3.0167,3.0383000000000004,FALSE,TRUE,TRUE,TRUE
step_0.05V_settle_400ms,static_threshold_hysteresis_step_0p05v_settle_time_400ms_p_voltage.csv,0.05,400,up,5.65,4,4.499499999999999,4.492,4.502,3.04955,3.0427999999999997,3.0518,FALSE,TRUE,TRUE,TRUE
step_0.05V_settle_400ms,static_threshold_hysteresis_step_0p05v_settle_time_400ms_p_voltage.csv,0.05,400,up,5.7,4,4.54225,4.531,4.546,3.088025,3.0778999999999996,3.0914,FALSE,TRUE,TRUE,TRUE
step_0.05V_settle_400ms,static_threshold_hysteresis_step_0p05v_settle_time_400ms_p_voltage.csv,0.05,400,up,5.75,4,4.575,4.57,4.59,3.1175000000000006,3.1130000000000004,3.1310000000000002,FALSE,TRUE,TRUE,TRUE
step_0.05V_settle_400ms,static_threshold_hysteresis_step_0p05v_settle_time_400ms_p_voltage.csv,0.05,400,up,5.8,4,4.60675,4.6,4.609,3.1460749999999997,3.1399999999999997,3.1481000000000003,FALSE,TRUE,TRUE,TRUE
step_0.05V_settle_400ms,static_threshold_hysteresis_step_0p05v_settle_time_400ms_p_voltage.csv,0.05,400,up,5.85,4,4.6375,4.634,4.648,3.17375,3.1706000000000003,3.1832000000000003,FALSE,TRUE,TRUE,TRUE
step_0.05V_settle_400ms,static_threshold_hysteresis_step_0p05v_settle_time_400ms_p_voltage.csv,0.05,400,up,5.9,4,4.67675,4.673,4.678,3.2090750000000003,3.2057,3.2102000000000004,FALSE,TRUE,TRUE,TRUE
step_0.05V_settle_400ms,static_threshold_hysteresis_step_0p05v_settle_time_400ms_p_voltage.csv,0.05,400,up,5.95,4,4.707,4.692,4.722,3.2363,3.2228000000000003,3.2498000000000005,FALSE,TRUE,TRUE,TRUE
step_0.05V_settle_400ms,static_threshold_hysteresis_step_0p05v_settle_time_400ms_p_voltage.csv,0.05,400,up,6,4,4.74475,4.741,4.746,3.270275,3.2668999999999997,3.2714000000000008,FALSE,TRUE,TRUE,TRUE
step_0.05V_settle_400ms,static_threshold_hysteresis_step_0p05v_settle_time_400ms_p_voltage.csv,0.05,400,up,6.05,4,4.77275,4.766,4.775,3.2954750000000006,3.2894000000000005,3.2975000000000003,FALSE,TRUE,TRUE,TRUE
step_0.05V_settle_400ms,static_threshold_hysteresis_step_0p05v_settle_time_400ms_p_voltage.csv,0.05,400,up,6.1,4,4.80575,4.795,4.814,3.3251749999999998,3.3155,3.3326000000000002,FALSE,TRUE,TRUE,TRUE
step_0.05V_settle_400ms,static_threshold_hysteresis_step_0p05v_settle_time_400ms_p_voltage.csv,0.05,400,up,6.15,4,4.84025,4.834,4.849,3.3562250000000002,3.3506,3.3641000000000005,FALSE,TRUE,TRUE,TRUE
step_0.05V_settle_400ms,static_threshold_hysteresis_step_0p05v_settle_time_400ms_p_voltage.csv,0.05,400,up,6.2,4,4.87925,4.858,4.888,3.391325,3.3721999999999994,3.3992000000000004,FALSE,TRUE,TRUE,TRUE
step_0.05V_settle_400ms,static_threshold_hysteresis_step_0p05v_settle_time_400ms_p_voltage.csv,0.05,400,up,6.25,4,4.90825,4.902,4.917,3.4174249999999997,3.4118000000000004,3.4253,FALSE,TRUE,TRUE,TRUE
step_0.05V_settle_400ms,static_threshold_hysteresis_step_0p05v_settle_time_400ms_p_voltage.csv,0.05,400,up,6.3,4,4.93875,4.927,4.946,3.4448749999999997,3.4342999999999995,3.4513999999999996,FALSE,TRUE,TRUE,TRUE
step_0.05V_settle_400ms,static_threshold_hysteresis_step_0p05v_settle_time_400ms_p_voltage.csv,0.05,400,up,6.35,4,4.9670000000000005,4.961,4.985,3.470300000000001,3.4649,3.4865000000000004,FALSE,TRUE,TRUE,TRUE
step_0.05V_settle_400ms,static_threshold_hysteresis_step_0p05v_settle_time_400ms_p_voltage.csv,0.05,400,up,6.4,4,5.0075,4.995,5.015,3.5067500000000003,3.4955,3.5134999999999996,FALSE,TRUE,TRUE,TRUE
step_0.05V_settle_400ms,static_threshold_hysteresis_step_0p05v_settle_time_400ms_p_voltage.csv,0.05,400,up,6.45,4,5.03275,5.024,5.049,3.5294750000000006,3.5216000000000003,3.5441000000000003,FALSE,TRUE,TRUE,TRUE
step_0.05V_settle_400ms,static_threshold_hysteresis_step_0p05v_settle_time_400ms_p_voltage.csv,0.05,400,up,6.5,4,5.068,5.063,5.078,3.5611999999999995,3.5567,3.5702000000000007,FALSE,TRUE,TRUE,TRUE
step_0.05V_settle_400ms,static_threshold_hysteresis_step_0p05v_settle_time_400ms_p_voltage.csv,0.05,400,up,6.55,4,5.10275,5.093,5.112,3.5924750000000003,3.5837000000000003,3.6008000000000004,FALSE,TRUE,TRUE,TRUE
step_0.05V_settle_400ms,static_threshold_hysteresis_step_0p05v_settle_time_400ms_p_voltage.csv,0.05,400,up,6.6,4,5.1405,5.127,5.151,3.62645,3.6143,3.6359000000000004,FALSE,TRUE,TRUE,TRUE
step_0.05V_settle_400ms,static_threshold_hysteresis_step_0p05v_settle_time_400ms_p_voltage.csv,0.05,400,up,6.65,4,5.17225,5.166,5.181,3.655025,3.649400000000001,3.6629000000000005,FALSE,TRUE,TRUE,TRUE
step_0.05V_settle_400ms,static_threshold_hysteresis_step_0p05v_settle_time_400ms_p_voltage.csv,0.05,400,up,6.7,4,5.20125,5.195,5.21,3.6811249999999998,3.6755000000000004,3.689,FALSE,TRUE,TRUE,TRUE
step_0.05V_settle_400ms,static_threshold_hysteresis_step_0p05v_settle_time_400ms_p_voltage.csv,0.05,400,up,6.75,4,5.233,5.22,5.254,3.7096999999999998,3.6979999999999995,3.7286,FALSE,TRUE,TRUE,TRUE
step_0.05V_settle_400ms,static_threshold_hysteresis_step_0p05v_settle_time_400ms_p_voltage.csv,0.05,400,up,6.8,4,5.2675,5.259,5.273,3.7407500000000002,3.7331000000000003,3.7457000000000003,FALSE,TRUE,TRUE,TRUE
step_0.05V_settle_400ms,static_threshold_hysteresis_step_0p05v_settle_time_400ms_p_voltage.csv,0.05,400,up,6.85,4,5.30425,5.293,5.308,3.7738249999999995,3.7637,3.7771999999999997,FALSE,TRUE,TRUE,TRUE
step_0.05V_settle_400ms,static_threshold_hysteresis_step_0p05v_settle_time_400ms_p_voltage.csv,0.05,400,up,6.9,4,5.33325,5.332,5.337,3.799925,3.7988,3.8033,FALSE,TRUE,TRUE,TRUE
step_0.05V_settle_400ms,static_threshold_hysteresis_step_0p05v_settle_time_400ms_p_voltage.csv,0.05,400,up,6.95,4,5.37975,5.366,5.391,3.841775,3.8293999999999997,3.8519000000000005,FALSE,TRUE,TRUE,TRUE
step_0.05V_settle_400ms,static_threshold_hysteresis_step_0p05v_settle_time_400ms_p_voltage.csv,0.05,400,up,7,4,5.399,5.391,5.405,3.8590999999999998,3.8519000000000005,3.8645000000000005,FALSE,TRUE,TRUE,TRUE
step_0.05V_settle_400ms,static_threshold_hysteresis_step_0p05v_settle_time_400ms_p_voltage.csv,0.05,400,up,7.05,4,5.42875,5.42,5.435,3.8858750000000004,3.878,3.8914999999999997,FALSE,TRUE,TRUE,TRUE
step_0.05V_settle_400ms,static_threshold_hysteresis_step_0p05v_settle_time_400ms_p_voltage.csv,0.05,400,up,7.1,4,5.45775,5.454,5.469,3.911975,3.9086,3.9221000000000004,FALSE,TRUE,TRUE,TRUE
step_0.05V_settle_400ms,static_threshold_hysteresis_step_0p05v_settle_time_400ms_p_voltage.csv,0.05,400,up,7.15,4,5.49325,5.479,5.508,3.943925,3.9311,3.9572000000000003,FALSE,TRUE,TRUE,TRUE
step_0.05V_settle_400ms,static_threshold_hysteresis_step_0p05v_settle_time_400ms_p_voltage.csv,0.05,400,up,7.2,4,5.52975,5.518,5.537,3.976775,3.9661999999999997,3.9833,FALSE,TRUE,TRUE,TRUE
step_0.05V_settle_400ms,static_threshold_hysteresis_step_0p05v_settle_time_400ms_p_voltage.csv,0.05,400,up,7.25,4,5.56425,5.557,5.581,4.007825,4.0013000000000005,4.022900000000001,FALSE,TRUE,TRUE,TRUE
step_0.05V_settle_400ms,static_threshold_hysteresis_step_0p05v_settle_time_400ms_p_voltage.csv,0.05,400,up,7.3,4,5.596,5.591,5.601,4.0364,4.0319,4.0409,FALSE,TRUE,TRUE,TRUE
step_0.05V_settle_400ms,static_threshold_hysteresis_step_0p05v_settle_time_400ms_p_voltage.csv,0.05,400,up,7.35,4,5.62875,5.615,5.64,4.065875,4.0535000000000005,4.076,FALSE,TRUE,TRUE,TRUE
step_0.05V_settle_400ms,static_threshold_hysteresis_step_0p05v_settle_time_400ms_p_voltage.csv,0.05,400,up,7.4,4,5.66275,5.659,5.674,4.096475,4.0931,4.1066,FALSE,TRUE,TRUE,TRUE
step_0.05V_settle_400ms,static_threshold_hysteresis_step_0p05v_settle_time_400ms_p_voltage.csv,0.05,400,up,7.45,4,5.6935,5.684,5.708,4.12415,4.115600000000001,4.1372,FALSE,TRUE,TRUE,TRUE
step_0.05V_settle_400ms,static_threshold_hysteresis_step_0p05v_settle_time_400ms_p_voltage.csv,0.05,400,up,7.5,4,5.729,5.723,5.737,4.1561,4.1507,4.1633000000000004,FALSE,TRUE,TRUE,TRUE
step_0.05V_settle_400ms,static_threshold_hysteresis_step_0p05v_settle_time_400ms_p_voltage.csv,0.05,400,up,7.55,4,5.758,5.742,5.776,4.1822,4.1678,4.1984,FALSE,TRUE,TRUE,TRUE
step_0.05V_settle_400ms,static_threshold_hysteresis_step_0p05v_settle_time_400ms_p_voltage.csv,0.05,400,up,7.6,4,5.796,5.786,5.806,4.2164,4.2074,4.2254000000000005,FALSE,TRUE,TRUE,TRUE
step_0.05V_settle_400ms,static_threshold_hysteresis_step_0p05v_settle_time_400ms_p_voltage.csv,0.05,400,up,7.65,4,5.82625,5.82,5.835,4.243625,4.238,4.2515,FALSE,TRUE,TRUE,TRUE
step_0.05V_settle_400ms,static_threshold_hysteresis_step_0p05v_settle_time_400ms_p_voltage.csv,0.05,400,up,7.7,4,5.8665,5.854,5.884,4.279850000000001,4.2686,4.2956,FALSE,TRUE,TRUE,TRUE
step_0.05V_settle_400ms,static_threshold_hysteresis_step_0p05v_settle_time_400ms_p_voltage.csv,0.05,400,up,7.75,4,5.898,5.898,5.898,4.3082,4.3082,4.3082,FALSE,TRUE,TRUE,TRUE
step_0.05V_settle_400ms,static_threshold_hysteresis_step_0p05v_settle_time_400ms_p_voltage.csv,0.05,400,up,7.8,4,5.9305,5.928,5.938,4.3374500000000005,4.3352,4.3442,FALSE,TRUE,TRUE,TRUE
step_0.05V_settle_400ms,static_threshold_hysteresis_step_0p05v_settle_time_400ms_p_voltage.csv,0.05,400,up,7.85,4,5.9595,5.952,5.972,4.36355,4.3568,4.3748000000000005,FALSE,TRUE,TRUE,TRUE
step_0.05V_settle_400ms,static_threshold_hysteresis_step_0p05v_settle_time_400ms_p_voltage.csv,0.05,400,up,7.9,4,5.999750000000001,5.986,6.006,4.399775000000001,4.3873999999999995,4.4054,FALSE,TRUE,TRUE,TRUE
step_0.05V_settle_400ms,static_threshold_hysteresis_step_0p05v_settle_time_400ms_p_voltage.csv,0.05,400,up,7.95,4,6.02625,6.025,6.03,4.423625,4.4225,4.4270000000000005,FALSE,TRUE,TRUE,TRUE
step_0.05V_settle_400ms,static_threshold_hysteresis_step_0p05v_settle_time_400ms_p_voltage.csv,0.05,400,up,8,4,6.06925,6.055,6.079,4.462325000000001,4.4495,4.4711,FALSE,TRUE,TRUE,TRUE
step_0.05V_settle_400ms,static_threshold_hysteresis_step_0p05v_settle_time_400ms_p_voltage.csv,0.05,400,up,8.05,4,6.09525,6.094,6.099,4.485725,4.4846,4.4891000000000005,FALSE,TRUE,TRUE,TRUE
step_0.05V_settle_400ms,static_threshold_hysteresis_step_0p05v_settle_time_400ms_p_voltage.csv,0.05,400,up,8.1,4,6.123,6.113,6.133,4.5107,4.5017000000000005,4.5197,FALSE,TRUE,TRUE,TRUE
step_0.05V_settle_400ms,static_threshold_hysteresis_step_0p05v_settle_time_400ms_p_voltage.csv,0.05,400,up,8.15,4,6.1545000000000005,6.152,6.162,4.5390500000000005,4.5368,4.5458,FALSE,TRUE,TRUE,TRUE
step_0.05V_settle_400ms,static_threshold_hysteresis_step_0p05v_settle_time_400ms_p_voltage.csv,0.05,400,up,8.2,4,6.186249999999999,6.162,6.201,4.567625,4.5458,4.5809,FALSE,TRUE,TRUE,TRUE
step_0.05V_settle_400ms,static_threshold_hysteresis_step_0p05v_settle_time_400ms_p_voltage.csv,0.05,400,up,8.25,4,6.21475,6.167,6.24,4.593275,4.5503,4.6160000000000005,FALSE,TRUE,TRUE,TRUE
step_0.05V_settle_400ms,static_threshold_hysteresis_step_0p05v_settle_time_400ms_p_voltage.csv,0.05,400,up,8.3,4,6.246499999999999,6.162,6.294,4.621849999999999,4.5458,4.6646,FALSE,TRUE,TRUE,TRUE
step_0.05V_settle_400ms,static_threshold_hysteresis_step_0p05v_settle_time_400ms_p_voltage.csv,0.05,400,up,8.35,4,6.25975,6.162,6.299,4.633775000000001,4.5458,4.6691,FALSE,TRUE,TRUE,TRUE
step_0.05V_settle_400ms,static_threshold_hysteresis_step_0p05v_settle_time_400ms_p_voltage.csv,0.05,400,up,8.4,4,6.28025,6.157,6.328,4.652225,4.541300000000001,4.695200000000001,FALSE,TRUE,TRUE,TRUE
step_0.05V_settle_400ms,static_threshold_hysteresis_step_0p05v_settle_time_400ms_p_voltage.csv,0.05,400,up,8.45,4,6.3107500000000005,6.162,6.367,4.6796750000000005,4.5458,4.7303,FALSE,TRUE,TRUE,TRUE
step_0.05V_settle_400ms,static_threshold_hysteresis_step_0p05v_settle_time_400ms_p_voltage.csv,0.05,400,up,8.5,4,6.3345,6.162,6.392,4.70105,4.5458,4.752800000000001,FALSE,TRUE,TRUE,TRUE
step_0.05V_settle_400ms,static_threshold_hysteresis_step_0p05v_settle_time_400ms_p_voltage.csv,0.05,400,up,8.55,4,6.3575,6.162,6.426,4.72175,4.5458,4.7834,FALSE,TRUE,TRUE,TRUE
step_0.05V_settle_400ms,static_threshold_hysteresis_step_0p05v_settle_time_400ms_p_voltage.csv,0.05,400,up,8.6,4,6.378,6.162,6.46,4.740200000000001,4.5458,4.814,FALSE,TRUE,TRUE,TRUE
step_0.05V_settle_400ms,static_threshold_hysteresis_step_0p05v_settle_time_400ms_p_voltage.csv,0.05,400,up,8.65,4,6.3915,6.157,6.489,4.75235,4.541300000000001,4.8401,FALSE,TRUE,TRUE,TRUE
step_0.05V_settle_400ms,static_threshold_hysteresis_step_0p05v_settle_time_400ms_p_voltage.csv,0.05,400,up,8.7,4,6.4,6.157,6.533,4.760000000000001,4.541300000000001,4.879700000000001,FALSE,TRUE,TRUE,TRUE
step_0.05V_settle_400ms,static_threshold_hysteresis_step_0p05v_settle_time_400ms_p_voltage.csv,0.05,400,up,8.75,4,6.40625,6.157,6.558,4.765625,4.541300000000001,4.9022,FALSE,TRUE,TRUE,TRUE
step_0.05V_settle_400ms,static_threshold_hysteresis_step_0p05v_settle_time_400ms_p_voltage.csv,0.05,400,up,8.8,4,6.41475,6.157,6.592,4.773275,4.541300000000001,4.932799999999999,FALSE,TRUE,TRUE,TRUE
step_0.05V_settle_400ms,static_threshold_hysteresis_step_0p05v_settle_time_400ms_p_voltage.csv,0.05,400,up,8.85,4,6.422000000000001,6.157,6.631,4.779800000000001,4.541300000000001,4.9679,FALSE,TRUE,TRUE,TRUE
step_0.05V_settle_400ms,static_threshold_hysteresis_step_0p05v_settle_time_400ms_p_voltage.csv,0.05,400,up,8.9,4,6.4305,6.152,6.66,4.787450000000001,4.5368,4.994000000000001,FALSE,TRUE,TRUE,TRUE
step_0.05V_settle_400ms,static_threshold_hysteresis_step_0p05v_settle_time_400ms_p_voltage.csv,0.05,400,up,8.95,4,6.439,6.157,6.689,4.795100000000001,4.541300000000001,5.0201,FALSE,TRUE,TRUE,TRUE
step_0.05V_settle_400ms,static_threshold_hysteresis_step_0p05v_settle_time_400ms_p_voltage.csv,0.05,400,up,9,4,6.44525,6.152,6.729,4.800725,4.5368,5.0561,FALSE,TRUE,TRUE,TRUE
step_0.05V_settle_400ms,static_threshold_hysteresis_step_0p05v_settle_time_400ms_p_voltage.csv,0.05,400,up,9.05,4,6.452500000000001,6.157,6.753,4.807250000000001,4.541300000000001,5.0777,FALSE,TRUE,TRUE,TRUE
step_0.05V_settle_400ms,static_threshold_hysteresis_step_0p05v_settle_time_400ms_p_voltage.csv,0.05,400,up,9.1,4,6.4635,6.157,6.797,4.81715,4.541300000000001,5.1173,FALSE,TRUE,TRUE,TRUE
step_0.05V_settle_400ms,static_threshold_hysteresis_step_0p05v_settle_time_400ms_p_voltage.csv,0.05,400,up,9.15,4,6.46475,6.157,6.802,4.818275000000001,4.541300000000001,5.1217999999999995,FALSE,TRUE,TRUE,TRUE
step_0.05V_settle_400ms,static_threshold_hysteresis_step_0p05v_settle_time_400ms_p_voltage.csv,0.05,400,up,9.2,4,6.46475,6.152,6.807,4.818275000000001,4.5368,5.1263000000000005,FALSE,TRUE,TRUE,TRUE
step_0.05V_settle_400ms,static_threshold_hysteresis_step_0p05v_settle_time_400ms_p_voltage.csv,0.05,400,up,9.25,4,6.46475,6.147,6.812,4.818275000000001,4.5323,5.130800000000001,FALSE,TRUE,TRUE,TRUE
step_0.05V_settle_400ms,static_threshold_hysteresis_step_0p05v_settle_time_400ms_p_voltage.csv,0.05,400,up,9.3,4,6.46475,6.152,6.807,4.818275000000001,4.5368,5.1263000000000005,FALSE,TRUE,TRUE,TRUE
step_0.05V_settle_400ms,static_threshold_hysteresis_step_0p05v_settle_time_400ms_p_voltage.csv,0.05,400,up,9.35,4,6.4597500000000005,6.152,6.807,4.813775000000001,4.5368,5.1263000000000005,FALSE,TRUE,TRUE,TRUE
step_0.05V_settle_400ms,static_threshold_hysteresis_step_0p05v_settle_time_400ms_p_voltage.csv,0.05,400,up,9.4,4,6.466,6.157,6.807,4.8194,4.541300000000001,5.1263000000000005,FALSE,TRUE,TRUE,TRUE
step_0.05V_settle_400ms,static_threshold_hysteresis_step_0p05v_settle_time_400ms_p_voltage.csv,0.05,400,up,9.45,4,6.4635,6.152,6.802,4.81715,4.5368,5.1217999999999995,FALSE,TRUE,TRUE,TRUE
step_0.05V_settle_400ms,static_threshold_hysteresis_step_0p05v_settle_time_400ms_p_voltage.csv,0.05,400,up,9.5,4,6.46225,6.152,6.807,4.816025,4.5368,5.1263000000000005,FALSE,TRUE,TRUE,TRUE
step_0.05V_settle_400ms,static_threshold_hysteresis_step_0p05v_settle_time_400ms_p_voltage.csv,0.05,400,up,9.55,4,6.46225,6.152,6.807,4.816025,4.5368,5.1263000000000005,FALSE,TRUE,TRUE,TRUE
step_0.05V_settle_400ms,static_threshold_hysteresis_step_0p05v_settle_time_400ms_p_voltage.csv,0.05,400,up,9.6,4,6.461,6.152,6.802,4.814900000000001,4.5368,5.1217999999999995,FALSE,TRUE,TRUE,TRUE
step_0.05V_settle_400ms,static_threshold_hysteresis_step_0p05v_settle_time_400ms_p_voltage.csv,0.05,400,up,9.65,4,6.45725,6.147,6.802,4.8115250000000005,4.5323,5.1217999999999995,FALSE,TRUE,TRUE,TRUE
step_0.05V_settle_400ms,static_threshold_hysteresis_step_0p05v_settle_time_400ms_p_voltage.csv,0.05,400,up,9.7,4,6.45975,6.147,6.802,4.813775,4.5323,5.1217999999999995,FALSE,TRUE,TRUE,TRUE
step_0.05V_settle_400ms,static_threshold_hysteresis_step_0p05v_settle_time_400ms_p_voltage.csv,0.05,400,up,9.75,4,6.45975,6.147,6.802,4.813775,4.5323,5.1217999999999995,FALSE,TRUE,TRUE,TRUE
step_0.05V_settle_400ms,static_threshold_hysteresis_step_0p05v_settle_time_400ms_p_voltage.csv,0.05,400,up,9.8,4,6.45725,6.147,6.802,4.8115250000000005,4.5323,5.1217999999999995,FALSE,TRUE,TRUE,TRUE
step_0.05V_settle_400ms,static_threshold_hysteresis_step_0p05v_settle_time_400ms_p_voltage.csv,0.05,400,up,9.85,4,6.45725,6.147,6.802,4.8115250000000005,4.5323,5.1217999999999995,FALSE,TRUE,TRUE,TRUE
step_0.05V_settle_400ms,static_threshold_hysteresis_step_0p05v_settle_time_400ms_p_voltage.csv,0.05,400,up,9.9,4,6.45725,6.147,6.802,4.8115250000000005,4.5323,5.1217999999999995,FALSE,TRUE,TRUE,TRUE
step_0.05V_settle_400ms,static_threshold_hysteresis_step_0p05v_settle_time_400ms_p_voltage.csv,0.05,400,up,9.95,4,6.45375,6.138,6.797,4.808375000000001,4.5242000000000004,5.1173,FALSE,TRUE,TRUE,TRUE
step_0.05V_settle_400ms,static_threshold_hysteresis_step_0p05v_settle_time_400ms_p_voltage.csv,0.05,400,up,10,4,6.452999999999999,6.143,6.797,4.8077,4.5287,5.1173,FALSE,TRUE,TRUE,TRUE
step_0.05V_settle_400ms,static_threshold_hysteresis_step_0p05v_settle_time_400ms_p_voltage.csv,0.05,400,down,0,3,0.7826666666666667,0.781,0.786,0,0,0,TRUE,TRUE,TRUE,FALSE
step_0.05V_settle_400ms,static_threshold_hysteresis_step_0p05v_settle_time_400ms_p_voltage.csv,0.05,400,down,0.05,4,0.7847500000000001,0.776,0.791,0,0,0,TRUE,TRUE,TRUE,FALSE
step_0.05V_settle_400ms,static_threshold_hysteresis_step_0p05v_settle_time_400ms_p_voltage.csv,0.05,400,down,0.1,4,0.7785,0.776,0.781,0,0,0,TRUE,TRUE,TRUE,FALSE
step_0.05V_settle_400ms,static_threshold_hysteresis_step_0p05v_settle_time_400ms_p_voltage.csv,0.05,400,down,0.15,4,0.89025,0.879,0.894,0,0,0,TRUE,TRUE,TRUE,FALSE
step_0.05V_settle_400ms,static_threshold_hysteresis_step_0p05v_settle_time_400ms_p_voltage.csv,0.05,400,down,0.2,4,0.923,0.918,0.928,0,0,0,TRUE,TRUE,TRUE,FALSE
step_0.05V_settle_400ms,static_threshold_hysteresis_step_0p05v_settle_time_400ms_p_voltage.csv,0.05,400,down,0.25,4,0.95075,0.942,0.967,0,0,0,TRUE,TRUE,TRUE,FALSE
step_0.05V_settle_400ms,static_threshold_hysteresis_step_0p05v_settle_time_400ms_p_voltage.csv,0.05,400,down,0.3,4,0.9947499999999999,0.981,1.001,0,0,0,TRUE,TRUE,TRUE,FALSE
step_0.05V_settle_400ms,static_threshold_hysteresis_step_0p05v_settle_time_400ms_p_voltage.csv,0.05,400,down,0.35,4,1.0305,1.021,1.05,0,0,0,TRUE,TRUE,TRUE,FALSE
step_0.05V_settle_400ms,static_threshold_hysteresis_step_0p05v_settle_time_400ms_p_voltage.csv,0.05,400,down,0.4,4,1.0585,1.045,1.079,0,0,0,TRUE,TRUE,TRUE,FALSE
step_0.05V_settle_400ms,static_threshold_hysteresis_step_0p05v_settle_time_400ms_p_voltage.csv,0.05,400,down,0.45,4,1.09525,1.089,1.099,0,0,0,TRUE,TRUE,TRUE,FALSE
step_0.05V_settle_400ms,static_threshold_hysteresis_step_0p05v_settle_time_400ms_p_voltage.csv,0.05,400,down,0.5,4,1.1095000000000002,1.104,1.113,0,0,0.0017000000000000348,TRUE,TRUE,TRUE,FALSE
step_0.05V_settle_400ms,static_threshold_hysteresis_step_0p05v_settle_time_400ms_p_voltage.csv,0.05,400,down,0.55,4,1.133,1.123,1.143,0.01970000000000005,0.010699999999999932,0.028699999999999948,FALSE,TRUE,TRUE,TRUE
step_0.05V_settle_400ms,static_threshold_hysteresis_step_0p05v_settle_time_400ms_p_voltage.csv,0.05,400,down,0.6,4,1.16225,1.143,1.211,0.04602499999999998,0.028699999999999948,0.08990000000000009,FALSE,TRUE,TRUE,TRUE
step_0.05V_settle_400ms,static_threshold_hysteresis_step_0p05v_settle_time_400ms_p_voltage.csv,0.05,400,down,0.65,4,1.18675,1.167,1.226,0.06807500000000011,0.05030000000000001,0.10339999999999994,FALSE,TRUE,TRUE,TRUE
step_0.05V_settle_400ms,static_threshold_hysteresis_step_0p05v_settle_time_400ms_p_voltage.csv,0.05,400,down,0.7,4,1.2574999999999998,1.25,1.265,0.1317499999999998,0.125,0.13849999999999985,FALSE,TRUE,TRUE,TRUE
step_0.05V_settle_400ms,static_threshold_hysteresis_step_0p05v_settle_time_400ms_p_voltage.csv,0.05,400,down,0.75,4,1.2742499999999999,1.255,1.284,0.14682499999999998,0.12949999999999995,0.15559999999999996,FALSE,TRUE,TRUE,TRUE
step_0.05V_settle_400ms,static_threshold_hysteresis_step_0p05v_settle_time_400ms_p_voltage.csv,0.05,400,down,0.8,4,1.27925,1.25,1.294,0.15132499999999993,0.125,0.16460000000000008,FALSE,TRUE,TRUE,TRUE
step_0.05V_settle_400ms,static_threshold_hysteresis_step_0p05v_settle_time_400ms_p_voltage.csv,0.05,400,down,0.85,4,1.30125,1.274,1.353,0.17112499999999997,0.14660000000000006,0.2177,FALSE,TRUE,TRUE,TRUE
step_0.05V_settle_400ms,static_threshold_hysteresis_step_0p05v_settle_time_400ms_p_voltage.csv,0.05,400,down,0.9,4,1.38675,1.377,1.396,0.24807500000000005,0.23930000000000007,0.25639999999999996,FALSE,TRUE,TRUE,TRUE
step_0.05V_settle_400ms,static_threshold_hysteresis_step_0p05v_settle_time_400ms_p_voltage.csv,0.05,400,down,0.95,4,1.4024999999999999,1.372,1.426,0.26224999999999987,0.23480000000000012,0.2833999999999999,FALSE,TRUE,TRUE,TRUE
step_0.05V_settle_400ms,static_threshold_hysteresis_step_0p05v_settle_time_400ms_p_voltage.csv,0.05,400,down,1,4,1.4075,1.372,1.436,0.26675000000000004,0.23480000000000012,0.2924,FALSE,TRUE,TRUE,TRUE
step_0.05V_settle_400ms,static_threshold_hysteresis_step_0p05v_settle_time_400ms_p_voltage.csv,0.05,400,down,1.05,4,1.477,1.436,1.494,0.32930000000000015,0.2924,0.3446,FALSE,TRUE,TRUE,TRUE
step_0.05V_settle_400ms,static_threshold_hysteresis_step_0p05v_settle_time_400ms_p_voltage.csv,0.05,400,down,1.1,4,1.519,1.519,1.519,0.3671,0.3671,0.3671,FALSE,TRUE,TRUE,TRUE
step_0.05V_settle_400ms,static_threshold_hysteresis_step_0p05v_settle_time_400ms_p_voltage.csv,0.05,400,down,1.15,4,1.526,1.519,1.538,0.37339999999999995,0.3671,0.3842000000000001,FALSE,TRUE,TRUE,TRUE
step_0.05V_settle_400ms,static_threshold_hysteresis_step_0p05v_settle_time_400ms_p_voltage.csv,0.05,400,down,1.2,4,1.5735000000000001,1.533,1.592,0.41615000000000024,0.3796999999999999,0.4328000000000001,FALSE,TRUE,TRUE,TRUE
step_0.05V_settle_400ms,static_threshold_hysteresis_step_0p05v_settle_time_400ms_p_voltage.csv,0.05,400,down,1.25,4,1.60975,1.606,1.621,0.44877500000000015,0.4454,0.4589000000000001,FALSE,TRUE,TRUE,TRUE
step_0.05V_settle_400ms,static_threshold_hysteresis_step_0p05v_settle_time_400ms_p_voltage.csv,0.05,400,down,1.3,4,1.6395,1.616,1.65,0.4755499999999999,0.45440000000000014,0.4849999999999999,FALSE,TRUE,TRUE,TRUE
step_0.05V_settle_400ms,static_threshold_hysteresis_step_0p05v_settle_time_400ms_p_voltage.csv,0.05,400,down,1.35,4,1.6725,1.655,1.685,0.5052500000000002,0.48950000000000005,0.5165000000000002,FALSE,TRUE,TRUE,TRUE
step_0.05V_settle_400ms,static_threshold_hysteresis_step_0p05v_settle_time_400ms_p_voltage.csv,0.05,400,down,1.4,4,1.697,1.675,1.719,0.5273000000000001,0.5075000000000001,0.5471000000000001,FALSE,TRUE,TRUE,TRUE
step_0.05V_settle_400ms,static_threshold_hysteresis_step_0p05v_settle_time_400ms_p_voltage.csv,0.05,400,down,1.45,4,1.7542499999999999,1.748,1.763,0.5788249999999999,0.5731999999999999,0.5867,FALSE,TRUE,TRUE,TRUE
step_0.05V_settle_400ms,static_threshold_hysteresis_step_0p05v_settle_time_400ms_p_voltage.csv,0.05,400,down,1.5,4,1.77725,1.753,1.792,0.5995250000000001,0.5776999999999999,0.6128,FALSE,TRUE,TRUE,TRUE
step_0.05V_settle_400ms,static_threshold_hysteresis_step_0p05v_settle_time_400ms_p_voltage.csv,0.05,400,down,1.55,4,1.81525,1.807,1.826,0.6337250000000001,0.6263000000000001,0.6434000000000002,FALSE,TRUE,TRUE,TRUE
step_0.05V_settle_400ms,static_threshold_hysteresis_step_0p05v_settle_time_400ms_p_voltage.csv,0.05,400,down,1.6,4,1.84475,1.836,1.851,0.660275,0.6524000000000001,0.6658999999999999,FALSE,TRUE,TRUE,TRUE
step_0.05V_settle_400ms,static_threshold_hysteresis_step_0p05v_settle_time_400ms_p_voltage.csv,0.05,400,down,1.65,4,1.8875,1.885,1.89,0.69875,0.6965000000000001,0.7009999999999998,FALSE,TRUE,TRUE,TRUE
step_0.05V_settle_400ms,static_threshold_hysteresis_step_0p05v_settle_time_400ms_p_voltage.csv,0.05,400,down,1.7,4,1.91275,1.909,1.914,0.7214750000000001,0.7181,0.7225999999999999,FALSE,TRUE,TRUE,TRUE
step_0.05V_settle_400ms,static_threshold_hysteresis_step_0p05v_settle_time_400ms_p_voltage.csv,0.05,400,down,1.75,4,1.94675,1.943,1.953,0.752075,0.7487000000000001,0.7577,FALSE,TRUE,TRUE,TRUE
step_0.05V_settle_400ms,static_threshold_hysteresis_step_0p05v_settle_time_400ms_p_voltage.csv,0.05,400,down,1.8,4,1.98325,1.982,1.987,0.7849250000000001,0.7838,0.7883000000000002,FALSE,TRUE,TRUE,TRUE
step_0.05V_settle_400ms,static_threshold_hysteresis_step_0p05v_settle_time_400ms_p_voltage.csv,0.05,400,down,1.85,4,2.018,2.017,2.021,0.8161999999999998,0.8152999999999999,0.8189,FALSE,TRUE,TRUE,TRUE
step_0.05V_settle_400ms,static_threshold_hysteresis_step_0p05v_settle_time_400ms_p_voltage.csv,0.05,400,down,1.9,4,2.0485,2.036,2.056,0.8436500000000002,0.8324,0.8504,FALSE,TRUE,TRUE,TRUE
step_0.05V_settle_400ms,static_threshold_hysteresis_step_0p05v_settle_time_400ms_p_voltage.csv,0.05,400,down,1.95,4,2.085,2.085,2.085,0.8765000000000001,0.8765000000000001,0.8765000000000001,FALSE,TRUE,TRUE,TRUE
step_0.05V_settle_400ms,static_threshold_hysteresis_step_0p05v_settle_time_400ms_p_voltage.csv,0.05,400,down,2,4,2.1215,2.119,2.124,0.9093500000000001,0.9071000000000002,0.9116000000000002,FALSE,TRUE,TRUE,TRUE
step_0.05V_settle_400ms,static_threshold_hysteresis_step_0p05v_settle_time_400ms_p_voltage.csv,0.05,400,down,2.05,4,2.14325,2.129,2.148,0.9289250000000002,0.9161000000000001,0.9332000000000003,FALSE,TRUE,TRUE,TRUE
step_0.05V_settle_400ms,static_threshold_hysteresis_step_0p05v_settle_time_400ms_p_voltage.csv,0.05,400,down,2.1,4,2.189,2.188,2.192,0.9701000000000002,0.9692000000000003,0.9728000000000001,FALSE,TRUE,TRUE,TRUE
step_0.05V_settle_400ms,static_threshold_hysteresis_step_0p05v_settle_time_400ms_p_voltage.csv,0.05,400,down,2.15,4,2.217,2.217,2.217,0.9953000000000001,0.9953000000000001,0.9953000000000001,FALSE,TRUE,TRUE,TRUE
step_0.05V_settle_400ms,static_threshold_hysteresis_step_0p05v_settle_time_400ms_p_voltage.csv,0.05,400,down,2.2,4,2.25475,2.246,2.261,1.0292750000000002,1.0213999999999999,1.0349000000000004,FALSE,TRUE,TRUE,TRUE
step_0.05V_settle_400ms,static_threshold_hysteresis_step_0p05v_settle_time_400ms_p_voltage.csv,0.05,400,down,2.25,4,2.284,2.271,2.295,1.0556,1.0438999999999998,1.0655000000000001,FALSE,TRUE,TRUE,TRUE
step_0.05V_settle_400ms,static_threshold_hysteresis_step_0p05v_settle_time_400ms_p_voltage.csv,0.05,400,down,2.3,4,2.3215,2.314,2.324,1.08935,1.0826000000000002,1.0916000000000001,FALSE,TRUE,TRUE,TRUE
step_0.05V_settle_400ms,static_threshold_hysteresis_step_0p05v_settle_time_400ms_p_voltage.csv,0.05,400,down,2.35,4,2.35025,2.349,2.354,1.1152250000000001,1.1141,1.1186000000000003,FALSE,TRUE,TRUE,TRUE
step_0.05V_settle_400ms,static_threshold_hysteresis_step_0p05v_settle_time_400ms_p_voltage.csv,0.05,400,down,2.4,4,2.3892499999999997,2.378,2.393,1.1503249999999996,1.1402,1.1536999999999997,FALSE,TRUE,TRUE,TRUE
step_0.05V_settle_400ms,static_threshold_hysteresis_step_0p05v_settle_time_400ms_p_voltage.csv,0.05,400,down,2.45,4,2.4245,2.422,2.432,1.1820500000000003,1.1798000000000002,1.1888,FALSE,TRUE,TRUE,TRUE
step_0.05V_settle_400ms,static_threshold_hysteresis_step_0p05v_settle_time_400ms_p_voltage.csv,0.05,400,down,2.5,4,2.4522500000000003,2.446,2.456,1.2070250000000002,1.2014,1.2104,FALSE,TRUE,TRUE,TRUE
step_0.05V_settle_400ms,static_threshold_hysteresis_step_0p05v_settle_time_400ms_p_voltage.csv,0.05,400,down,2.55,4,2.48875,2.485,2.49,1.239875,1.2365,1.241,FALSE,TRUE,TRUE,TRUE
step_0.05V_settle_400ms,static_threshold_hysteresis_step_0p05v_settle_time_400ms_p_voltage.csv,0.05,400,down,2.6,4,2.51,2.505,2.515,1.259,1.2545000000000002,1.2635,FALSE,TRUE,TRUE,TRUE
step_0.05V_settle_400ms,static_threshold_hysteresis_step_0p05v_settle_time_400ms_p_voltage.csv,0.05,400,down,2.65,4,2.56,2.559,2.563,1.3040000000000003,1.3031000000000001,1.3067000000000002,FALSE,TRUE,TRUE,TRUE
step_0.05V_settle_400ms,static_threshold_hysteresis_step_0p05v_settle_time_400ms_p_voltage.csv,0.05,400,down,2.7,4,2.583,2.568,2.588,1.3247000000000004,1.3112,1.3292000000000002,FALSE,TRUE,TRUE,TRUE
step_0.05V_settle_400ms,static_threshold_hysteresis_step_0p05v_settle_time_400ms_p_voltage.csv,0.05,400,down,2.75,4,2.627,2.627,2.627,1.3643,1.3643,1.3643,FALSE,TRUE,TRUE,TRUE
step_0.05V_settle_400ms,static_threshold_hysteresis_step_0p05v_settle_time_400ms_p_voltage.csv,0.05,400,down,2.8,4,2.643,2.642,2.646,1.3786999999999998,1.3778000000000001,1.3814000000000002,FALSE,TRUE,TRUE,TRUE
step_0.05V_settle_400ms,static_threshold_hysteresis_step_0p05v_settle_time_400ms_p_voltage.csv,0.05,400,down,2.85,4,2.6975,2.695,2.7,1.42775,1.4255,1.4300000000000002,FALSE,TRUE,TRUE,TRUE
step_0.05V_settle_400ms,static_threshold_hysteresis_step_0p05v_settle_time_400ms_p_voltage.csv,0.05,400,down,2.9,4,2.72,2.71,2.725,1.4480000000000004,1.439,1.4525000000000001,FALSE,TRUE,TRUE,TRUE
step_0.05V_settle_400ms,static_threshold_hysteresis_step_0p05v_settle_time_400ms_p_voltage.csv,0.05,400,down,2.95,4,2.75525,2.754,2.759,1.4797250000000002,1.4786000000000001,1.4830999999999999,FALSE,TRUE,TRUE,TRUE
step_0.05V_settle_400ms,static_threshold_hysteresis_step_0p05v_settle_time_400ms_p_voltage.csv,0.05,400,down,3,4,2.782,2.764,2.793,1.5038,1.4876,1.5137,FALSE,TRUE,TRUE,TRUE
step_0.05V_settle_400ms,static_threshold_hysteresis_step_0p05v_settle_time_400ms_p_voltage.csv,0.05,400,down,3.05,4,2.82325,2.817,2.832,1.540925,1.5353000000000003,1.5488,FALSE,TRUE,TRUE,TRUE
step_0.05V_settle_400ms,static_threshold_hysteresis_step_0p05v_settle_time_400ms_p_voltage.csv,0.05,400,down,3.1,4,2.85625,2.852,2.861,1.5706250000000002,1.5667999999999997,1.5749000000000004,FALSE,TRUE,TRUE,TRUE
step_0.05V_settle_400ms,static_threshold_hysteresis_step_0p05v_settle_time_400ms_p_voltage.csv,0.05,400,down,3.15,4,2.8834999999999997,2.876,2.896,1.5951499999999998,1.5884,1.6063999999999998,FALSE,TRUE,TRUE,TRUE
step_0.05V_settle_400ms,static_threshold_hysteresis_step_0p05v_settle_time_400ms_p_voltage.csv,0.05,400,down,3.2,4,2.9165,2.886,2.93,1.6248500000000003,1.5974000000000004,1.637,FALSE,TRUE,TRUE,TRUE
step_0.05V_settle_400ms,static_threshold_hysteresis_step_0p05v_settle_time_400ms_p_voltage.csv,0.05,400,down,3.25,4,2.949,2.944,2.964,1.6541000000000001,1.6496,1.6676000000000002,FALSE,TRUE,TRUE,TRUE
step_0.05V_settle_400ms,static_threshold_hysteresis_step_0p05v_settle_time_400ms_p_voltage.csv,0.05,400,down,3.3,4,2.99425,2.983,2.998,1.6948250000000002,1.6847000000000003,1.6982000000000004,FALSE,TRUE,TRUE,TRUE
step_0.05V_settle_400ms,static_threshold_hysteresis_step_0p05v_settle_time_400ms_p_voltage.csv,0.05,400,down,3.35,4,3.009,2.998,3.022,1.7081,1.6982000000000004,1.7197999999999998,FALSE,TRUE,TRUE,TRUE
step_0.05V_settle_400ms,static_threshold_hysteresis_step_0p05v_settle_time_400ms_p_voltage.csv,0.05,400,down,3.4,4,3.05075,3.022,3.062,1.7456749999999999,1.7197999999999998,1.7557999999999998,FALSE,TRUE,TRUE,TRUE
step_0.05V_settle_400ms,static_threshold_hysteresis_step_0p05v_settle_time_400ms_p_voltage.csv,0.05,400,down,3.45,4,3.096,3.096,3.096,1.7864,1.7864,1.7864,FALSE,TRUE,TRUE,TRUE
step_0.05V_settle_400ms,static_threshold_hysteresis_step_0p05v_settle_time_400ms_p_voltage.csv,0.05,400,down,3.5,4,3.1262499999999998,3.11,3.135,1.813625,1.799,1.8215,FALSE,TRUE,TRUE,TRUE
step_0.05V_settle_400ms,static_threshold_hysteresis_step_0p05v_settle_time_400ms_p_voltage.csv,0.05,400,down,3.55,4,3.16275,3.159,3.169,1.8464749999999999,1.8430999999999997,1.8521,FALSE,TRUE,TRUE,TRUE
step_0.05V_settle_400ms,static_threshold_hysteresis_step_0p05v_settle_time_400ms_p_voltage.csv,0.05,400,down,3.6,4,3.19175,3.188,3.193,1.8725749999999999,1.8692000000000002,1.8737,FALSE,TRUE,TRUE,TRUE
step_0.05V_settle_400ms,static_threshold_hysteresis_step_0p05v_settle_time_400ms_p_voltage.csv,0.05,400,down,3.65,4,3.2255000000000003,3.223,3.228,1.9029500000000001,1.9007,1.9052000000000002,FALSE,TRUE,TRUE,TRUE
step_0.05V_settle_400ms,static_threshold_hysteresis_step_0p05v_settle_time_400ms_p_voltage.csv,0.05,400,down,3.7,4,3.2569999999999997,3.252,3.262,1.9312999999999998,1.9268,1.9358,FALSE,TRUE,TRUE,TRUE
step_0.05V_settle_400ms,static_threshold_hysteresis_step_0p05v_settle_time_400ms_p_voltage.csv,0.05,400,down,3.75,4,3.291,3.281,3.296,1.9619,1.9529,1.9663999999999997,FALSE,TRUE,TRUE,TRUE
step_0.05V_settle_400ms,static_threshold_hysteresis_step_0p05v_settle_time_400ms_p_voltage.csv,0.05,400,down,3.8,4,3.3275,3.325,3.33,1.9947500000000002,1.9925000000000002,1.9970000000000003,FALSE,TRUE,TRUE,TRUE
step_0.05V_settle_400ms,static_threshold_hysteresis_step_0p05v_settle_time_400ms_p_voltage.csv,0.05,400,down,3.85,4,3.3602499999999997,3.359,3.364,2.024225,2.0231,2.0276,FALSE,TRUE,TRUE,TRUE
step_0.05V_settle_400ms,static_threshold_hysteresis_step_0p05v_settle_time_400ms_p_voltage.csv,0.05,400,down,3.9,4,3.39475,3.389,3.398,2.0552750000000004,2.0501,2.0582000000000003,FALSE,TRUE,TRUE,TRUE
step_0.05V_settle_400ms,static_threshold_hysteresis_step_0p05v_settle_time_400ms_p_voltage.csv,0.05,400,down,3.95,4,3.417,3.384,3.428,2.0753,2.0456,2.0852,FALSE,TRUE,TRUE,TRUE
step_0.05V_settle_400ms,static_threshold_hysteresis_step_0p05v_settle_time_400ms_p_voltage.csv,0.05,400,down,4,4,3.4645,3.462,3.467,2.11805,2.1158,2.1203000000000003,FALSE,TRUE,TRUE,TRUE
step_0.05V_settle_400ms,static_threshold_hysteresis_step_0p05v_settle_time_400ms_p_voltage.csv,0.05,400,down,4.05,4,3.4935,3.486,3.496,2.1441500000000002,2.1374000000000004,2.1464,FALSE,TRUE,TRUE,TRUE
step_0.05V_settle_400ms,static_threshold_hysteresis_step_0p05v_settle_time_400ms_p_voltage.csv,0.05,400,down,4.1,4,3.5265,3.521,3.535,2.17385,2.1689,2.1815,FALSE,TRUE,TRUE,TRUE
step_0.05V_settle_400ms,static_threshold_hysteresis_step_0p05v_settle_time_400ms_p_voltage.csv,0.05,400,down,4.15,4,3.56075,3.555,3.564,2.204675,2.1995,2.2076000000000002,FALSE,TRUE,TRUE,TRUE
step_0.05V_settle_400ms,static_threshold_hysteresis_step_0p05v_settle_time_400ms_p_voltage.csv,0.05,400,down,4.2,4,3.5915,3.569,3.599,2.23235,2.2121,2.2391,FALSE,TRUE,TRUE,TRUE
step_0.05V_settle_400ms,static_threshold_hysteresis_step_0p05v_settle_time_400ms_p_voltage.csv,0.05,400,down,4.25,4,3.623,3.618,3.628,2.2607000000000004,2.2561999999999998,2.2652,FALSE,TRUE,TRUE,TRUE
step_0.05V_settle_400ms,static_threshold_hysteresis_step_0p05v_settle_time_400ms_p_voltage.csv,0.05,400,down,4.3,4,3.657,3.647,3.662,2.2913,2.2822999999999998,2.2958,FALSE,TRUE,TRUE,TRUE
step_0.05V_settle_400ms,static_threshold_hysteresis_step_0p05v_settle_time_400ms_p_voltage.csv,0.05,400,down,4.35,4,3.69,3.667,3.701,2.321,2.3003,2.3309,FALSE,TRUE,TRUE,TRUE
step_0.05V_settle_400ms,static_threshold_hysteresis_step_0p05v_settle_time_400ms_p_voltage.csv,0.05,400,down,4.4,4,3.7185,3.716,3.726,2.3466500000000003,2.3444000000000003,2.3534,FALSE,TRUE,TRUE,TRUE
step_0.05V_settle_400ms,static_threshold_hysteresis_step_0p05v_settle_time_400ms_p_voltage.csv,0.05,400,down,4.45,4,3.7525,3.745,3.76,2.37725,2.3705000000000003,2.384,FALSE,TRUE,TRUE,TRUE
step_0.05V_settle_400ms,static_threshold_hysteresis_step_0p05v_settle_time_400ms_p_voltage.csv,0.05,400,down,4.5,4,3.7977499999999997,3.794,3.799,2.4179749999999998,2.4146,2.4191,FALSE,TRUE,TRUE,TRUE
step_0.05V_settle_400ms,static_threshold_hysteresis_step_0p05v_settle_time_400ms_p_voltage.csv,0.05,400,down,4.55,4,3.816,3.804,3.828,2.4344,2.4236,2.4452,FALSE,TRUE,TRUE,TRUE
step_0.05V_settle_400ms,static_threshold_hysteresis_step_0p05v_settle_time_400ms_p_voltage.csv,0.05,400,down,4.6,4,3.857,3.857,3.857,2.4713000000000003,2.4713000000000003,2.4713000000000003,FALSE,TRUE,TRUE,TRUE
step_0.05V_settle_400ms,static_threshold_hysteresis_step_0p05v_settle_time_400ms_p_voltage.csv,0.05,400,down,4.65,4,3.8795,3.872,3.892,2.49155,2.4848,2.5028,FALSE,TRUE,TRUE,TRUE
step_0.05V_settle_400ms,static_threshold_hysteresis_step_0p05v_settle_time_400ms_p_voltage.csv,0.05,400,down,4.7,4,3.9285,3.916,3.936,2.53565,2.5244,2.5424,FALSE,TRUE,TRUE,TRUE
step_0.05V_settle_400ms,static_threshold_hysteresis_step_0p05v_settle_time_400ms_p_voltage.csv,0.05,400,down,4.75,4,3.965,3.96,3.97,2.5685,2.564,2.5730000000000004,FALSE,TRUE,TRUE,TRUE
step_0.05V_settle_400ms,static_threshold_hysteresis_step_0p05v_settle_time_400ms_p_voltage.csv,0.05,400,down,4.8,4,3.9855,3.975,3.994,2.5869500000000003,2.5775,2.5946000000000002,FALSE,TRUE,TRUE,TRUE
step_0.05V_settle_400ms,static_threshold_hysteresis_step_0p05v_settle_time_400ms_p_voltage.csv,0.05,400,down,4.85,4,4.022,4.019,4.023,2.6198,2.6171,2.6207,FALSE,TRUE,TRUE,TRUE
step_0.05V_settle_400ms,static_threshold_hysteresis_step_0p05v_settle_time_400ms_p_voltage.csv,0.05,400,down,4.9,4,4.05175,4.038,4.058,2.6465750000000003,2.6342000000000003,2.6522,FALSE,TRUE,TRUE,TRUE
step_0.05V_settle_400ms,static_threshold_hysteresis_step_0p05v_settle_time_400ms_p_voltage.csv,0.05,400,down,4.95,4,4.095750000000001,4.092,4.097,2.686175000000001,2.6828,2.6873000000000005,FALSE,TRUE,TRUE,TRUE
step_0.05V_settle_400ms,static_threshold_hysteresis_step_0p05v_settle_time_400ms_p_voltage.csv,0.05,400,down,5,4,4.12225,4.121,4.126,2.7100250000000004,2.7089000000000003,2.7134000000000005,FALSE,TRUE,TRUE,TRUE
step_0.05V_settle_400ms,static_threshold_hysteresis_step_0p05v_settle_time_400ms_p_voltage.csv,0.05,400,down,5.05,4,4.1625,4.16,4.165,2.74625,2.744,2.7485,FALSE,TRUE,TRUE,TRUE
step_0.05V_settle_400ms,static_threshold_hysteresis_step_0p05v_settle_time_400ms_p_voltage.csv,0.05,400,down,5.1,4,4.1892499999999995,4.185,4.194,2.7703249999999997,2.7664999999999997,2.7746,FALSE,TRUE,TRUE,TRUE
step_0.05V_settle_400ms,static_threshold_hysteresis_step_0p05v_settle_time_400ms_p_voltage.csv,0.05,400,down,5.15,4,4.224,4.219,4.229,2.8016,2.7971000000000004,2.8061000000000003,FALSE,TRUE,TRUE,TRUE
step_0.05V_settle_400ms,static_threshold_hysteresis_step_0p05v_settle_time_400ms_p_voltage.csv,0.05,400,down,5.2,4,4.2505,4.233,4.268,2.82545,2.8097,2.8411999999999997,FALSE,TRUE,TRUE,TRUE
step_0.05V_settle_400ms,static_threshold_hysteresis_step_0p05v_settle_time_400ms_p_voltage.csv,0.05,400,down,5.25,4,4.29575,4.292,4.297,2.866175,2.8628,2.8672999999999997,FALSE,TRUE,TRUE,TRUE
step_0.05V_settle_400ms,static_threshold_hysteresis_step_0p05v_settle_time_400ms_p_voltage.csv,0.05,400,down,5.3,4,4.329750000000001,4.326,4.331,2.8967750000000008,2.8933999999999997,2.8979000000000004,FALSE,TRUE,TRUE,TRUE
step_0.05V_settle_400ms,static_threshold_hysteresis_step_0p05v_settle_time_400ms_p_voltage.csv,0.05,400,down,5.35,4,4.359,4.346,4.365,2.9231000000000003,2.9114,2.9285,FALSE,TRUE,TRUE,TRUE
step_0.05V_settle_400ms,static_threshold_hysteresis_step_0p05v_settle_time_400ms_p_voltage.csv,0.05,400,down,5.4,4,4.396,4.395,4.399,2.9564,2.9555,2.9591000000000003,FALSE,TRUE,TRUE,TRUE
step_0.05V_settle_400ms,static_threshold_hysteresis_step_0p05v_settle_time_400ms_p_voltage.csv,0.05,400,down,5.45,4,4.4239999999999995,4.419,4.429,2.9816,2.9770999999999996,2.9861000000000004,FALSE,TRUE,TRUE,TRUE
step_0.05V_settle_400ms,static_threshold_hysteresis_step_0p05v_settle_time_400ms_p_voltage.csv,0.05,400,down,5.5,4,4.458,4.458,4.458,3.0122,3.0122,3.0122,FALSE,TRUE,TRUE,TRUE
step_0.05V_settle_400ms,static_threshold_hysteresis_step_0p05v_settle_time_400ms_p_voltage.csv,0.05,400,down,5.55,4,4.49075,4.482,4.497,3.0416750000000006,3.0338000000000003,3.0473,FALSE,TRUE,TRUE,TRUE
step_0.05V_settle_400ms,static_threshold_hysteresis_step_0p05v_settle_time_400ms_p_voltage.csv,0.05,400,down,5.6,4,4.526,4.521,4.531,3.0734000000000004,3.0689,3.0778999999999996,FALSE,TRUE,TRUE,TRUE
step_0.05V_settle_400ms,static_threshold_hysteresis_step_0p05v_settle_time_400ms_p_voltage.csv,0.05,400,down,5.65,4,4.561,4.561,4.561,3.1048999999999998,3.1048999999999998,3.1048999999999998,FALSE,TRUE,TRUE,TRUE
step_0.05V_settle_400ms,static_threshold_hysteresis_step_0p05v_settle_time_400ms_p_voltage.csv,0.05,400,down,5.7,4,4.595,4.595,4.595,3.1354999999999995,3.1354999999999995,3.1354999999999995,FALSE,TRUE,TRUE,TRUE
step_0.05V_settle_400ms,static_threshold_hysteresis_step_0p05v_settle_time_400ms_p_voltage.csv,0.05,400,down,5.75,4,4.62275,4.604,4.629,3.160475,3.1436,3.1661,FALSE,TRUE,TRUE,TRUE
step_0.05V_settle_400ms,static_threshold_hysteresis_step_0p05v_settle_time_400ms_p_voltage.csv,0.05,400,down,5.8,4,4.663,4.663,4.663,3.1967000000000008,3.1967000000000008,3.1967000000000008,FALSE,TRUE,TRUE,TRUE
step_0.05V_settle_400ms,static_threshold_hysteresis_step_0p05v_settle_time_400ms_p_voltage.csv,0.05,400,down,5.85,4,4.69025,4.688,4.697,3.2212249999999996,3.2192,3.2273000000000005,FALSE,TRUE,TRUE,TRUE
step_0.05V_settle_400ms,static_threshold_hysteresis_step_0p05v_settle_time_400ms_p_voltage.csv,0.05,400,down,5.9,4,4.73,4.727,4.731,3.2570000000000006,3.2543000000000006,3.2579000000000002,FALSE,TRUE,TRUE,TRUE
step_0.05V_settle_400ms,static_threshold_hysteresis_step_0p05v_settle_time_400ms_p_voltage.csv,0.05,400,down,5.95,4,4.7585,4.736,4.771,3.2826500000000003,3.2623999999999995,3.2939,FALSE,TRUE,TRUE,TRUE
step_0.05V_settle_400ms,static_threshold_hysteresis_step_0p05v_settle_time_400ms_p_voltage.csv,0.05,400,down,6,4,4.80125,4.8,4.805,3.3211249999999994,3.3200000000000003,3.3244999999999996,FALSE,TRUE,TRUE,TRUE
step_0.05V_settle_400ms,static_threshold_hysteresis_step_0p05v_settle_time_400ms_p_voltage.csv,0.05,400,down,6.05,4,4.8315,4.824,4.834,3.34835,3.3415999999999997,3.3506,FALSE,TRUE,TRUE,TRUE
step_0.05V_settle_400ms,static_threshold_hysteresis_step_0p05v_settle_time_400ms_p_voltage.csv,0.05,400,down,6.1,4,4.865500000000001,4.863,4.873,3.3789500000000006,3.3767000000000005,3.3857,FALSE,TRUE,TRUE,TRUE
step_0.05V_settle_400ms,static_threshold_hysteresis_step_0p05v_settle_time_400ms_p_voltage.csv,0.05,400,down,6.15,4,4.895,4.893,4.897,3.4055,3.4036999999999997,3.4073,FALSE,TRUE,TRUE,TRUE
step_0.05V_settle_400ms,static_threshold_hysteresis_step_0p05v_settle_time_400ms_p_voltage.csv,0.05,400,down,6.2,4,4.932,4.927,4.937,3.4388000000000005,3.4342999999999995,3.4433000000000007,FALSE,TRUE,TRUE,TRUE
step_0.05V_settle_400ms,static_threshold_hysteresis_step_0p05v_settle_time_400ms_p_voltage.csv,0.05,400,down,6.25,4,4.9597500000000005,4.956,4.961,3.463775000000001,3.460400000000001,3.4649,FALSE,TRUE,TRUE,TRUE
step_0.05V_settle_400ms,static_threshold_hysteresis_step_0p05v_settle_time_400ms_p_voltage.csv,0.05,400,down,6.3,4,4.9865,4.976,4.995,3.487850000000001,3.4783999999999997,3.4955,FALSE,TRUE,TRUE,TRUE
step_0.05V_settle_400ms,static_threshold_hysteresis_step_0p05v_settle_time_400ms_p_voltage.csv,0.05,400,down,6.35,4,5.0145,4.98,5.029,3.51305,3.482,3.5261000000000005,FALSE,TRUE,TRUE,TRUE
step_0.05V_settle_400ms,static_threshold_hysteresis_step_0p05v_settle_time_400ms_p_voltage.csv,0.05,400,down,6.4,4,5.06225,5.059,5.068,3.556025,3.5531000000000006,3.5611999999999995,FALSE,TRUE,TRUE,TRUE
step_0.05V_settle_400ms,static_threshold_hysteresis_step_0p05v_settle_time_400ms_p_voltage.csv,0.05,400,down,6.45,4,5.09925,5.093,5.103,3.5893249999999997,3.5837000000000003,3.5927,FALSE,TRUE,TRUE,TRUE
step_0.05V_settle_400ms,static_threshold_hysteresis_step_0p05v_settle_time_400ms_p_voltage.csv,0.05,400,down,6.5,4,5.13075,5.127,5.132,3.617675,3.6143,3.6188000000000002,FALSE,TRUE,TRUE,TRUE
step_0.05V_settle_400ms,static_threshold_hysteresis_step_0p05v_settle_time_400ms_p_voltage.csv,0.05,400,down,6.55,4,5.16475,5.156,5.171,3.648275,3.6403999999999996,3.6539,FALSE,TRUE,TRUE,TRUE
step_0.05V_settle_400ms,static_threshold_hysteresis_step_0p05v_settle_time_400ms_p_voltage.csv,0.05,400,down,6.6,4,5.19875,5.19,5.205,3.6788750000000006,3.6710000000000003,3.6845,FALSE,TRUE,TRUE,TRUE
step_0.05V_settle_400ms,static_threshold_hysteresis_step_0p05v_settle_time_400ms_p_voltage.csv,0.05,400,down,6.65,4,5.228,5.2,5.244,3.7051999999999996,3.6800000000000006,3.7196,FALSE,TRUE,TRUE,TRUE
step_0.05V_settle_400ms,static_threshold_hysteresis_step_0p05v_settle_time_400ms_p_voltage.csv,0.05,400,down,6.7,4,5.269,5.269,5.269,3.7421000000000006,3.7421000000000006,3.7421000000000006,FALSE,TRUE,TRUE,TRUE
step_0.05V_settle_400ms,static_threshold_hysteresis_step_0p05v_settle_time_400ms_p_voltage.csv,0.05,400,down,6.75,4,5.3004999999999995,5.298,5.303,3.7704499999999994,3.7682,3.7727000000000004,FALSE,TRUE,TRUE,TRUE
step_0.05V_settle_400ms,static_threshold_hysteresis_step_0p05v_settle_time_400ms_p_voltage.csv,0.05,400,down,6.8,4,5.337,5.332,5.342,3.8033,3.7988,3.8077999999999994,FALSE,TRUE,TRUE,TRUE
step_0.05V_settle_400ms,static_threshold_hysteresis_step_0p05v_settle_time_400ms_p_voltage.csv,0.05,400,down,6.85,4,5.359999999999999,5.347,5.366,3.824,3.8123000000000005,3.8293999999999997,FALSE,TRUE,TRUE,TRUE
step_0.05V_settle_400ms,static_threshold_hysteresis_step_0p05v_settle_time_400ms_p_voltage.csv,0.05,400,down,6.9,4,5.39475,5.391,5.396,3.8552750000000007,3.8519000000000005,3.8564,FALSE,TRUE,TRUE,TRUE
step_0.05V_settle_400ms,static_threshold_hysteresis_step_0p05v_settle_time_400ms_p_voltage.csv,0.05,400,down,6.95,4,5.42375,5.42,5.425,3.8813750000000002,3.878,3.8825000000000003,FALSE,TRUE,TRUE,TRUE
step_0.05V_settle_400ms,static_threshold_hysteresis_step_0p05v_settle_time_400ms_p_voltage.csv,0.05,400,down,7,4,5.4552499999999995,5.449,5.464,3.909725,3.9040999999999997,3.9176,FALSE,TRUE,TRUE,TRUE
step_0.05V_settle_400ms,static_threshold_hysteresis_step_0p05v_settle_time_400ms_p_voltage.csv,0.05,400,down,7.05,4,5.492,5.479,5.498,3.9428,3.9311,3.9482,FALSE,TRUE,TRUE,TRUE
step_0.05V_settle_400ms,static_threshold_hysteresis_step_0p05v_settle_time_400ms_p_voltage.csv,0.05,400,down,7.1,4,5.52575,5.522,5.532,3.9731750000000003,3.9698,3.9788000000000006,FALSE,TRUE,TRUE,TRUE
step_0.05V_settle_400ms,static_threshold_hysteresis_step_0p05v_settle_time_400ms_p_voltage.csv,0.05,400,down,7.15,4,5.56375,5.557,5.566,4.007375,4.0013000000000005,4.0094,FALSE,TRUE,TRUE,TRUE
step_0.05V_settle_400ms,static_threshold_hysteresis_step_0p05v_settle_time_400ms_p_voltage.csv,0.05,400,down,7.2,4,5.60075,5.596,5.61,4.040675,4.0364,4.049,FALSE,TRUE,TRUE,TRUE
step_0.05V_settle_400ms,static_threshold_hysteresis_step_0p05v_settle_time_400ms_p_voltage.csv,0.05,400,down,7.25,4,5.635,5.635,5.635,4.0715,4.0715,4.0715,FALSE,TRUE,TRUE,TRUE
step_0.05V_settle_400ms,static_threshold_hysteresis_step_0p05v_settle_time_400ms_p_voltage.csv,0.05,400,down,7.3,4,5.65775,5.654,5.664,4.091975000000001,4.0886000000000005,4.0976,FALSE,TRUE,TRUE,TRUE
step_0.05V_settle_400ms,static_threshold_hysteresis_step_0p05v_settle_time_400ms_p_voltage.csv,0.05,400,down,7.35,4,5.69325,5.674,5.703,4.123925,4.1066,4.132700000000001,FALSE,TRUE,TRUE,TRUE
step_0.05V_settle_400ms,static_threshold_hysteresis_step_0p05v_settle_time_400ms_p_voltage.csv,0.05,400,down,7.4,4,5.729,5.728,5.732,4.1561,4.1552,4.1588,FALSE,TRUE,TRUE,TRUE
step_0.05V_settle_400ms,static_threshold_hysteresis_step_0p05v_settle_time_400ms_p_voltage.csv,0.05,400,down,7.45,4,5.758249999999999,5.752,5.762,4.182424999999999,4.1768,4.1857999999999995,FALSE,TRUE,TRUE,TRUE
step_0.05V_settle_400ms,static_threshold_hysteresis_step_0p05v_settle_time_400ms_p_voltage.csv,0.05,400,down,7.5,4,5.791,5.786,5.801,4.211900000000001,4.2074,4.2209,FALSE,TRUE,TRUE,TRUE
step_0.05V_settle_400ms,static_threshold_hysteresis_step_0p05v_settle_time_400ms_p_voltage.csv,0.05,400,down,7.55,4,5.8187500000000005,5.815,5.82,4.236875,4.2335,4.238,FALSE,TRUE,TRUE,TRUE
step_0.05V_settle_400ms,static_threshold_hysteresis_step_0p05v_settle_time_400ms_p_voltage.csv,0.05,400,down,7.6,4,5.864,5.859,5.869,4.2776,4.2731,4.2821,FALSE,TRUE,TRUE,TRUE
step_0.05V_settle_400ms,static_threshold_hysteresis_step_0p05v_settle_time_400ms_p_voltage.csv,0.05,400,down,7.65,4,5.8945,5.879,5.903,4.30505,4.2911,4.3126999999999995,FALSE,TRUE,TRUE,TRUE
step_0.05V_settle_400ms,static_threshold_hysteresis_step_0p05v_settle_time_400ms_p_voltage.csv,0.05,400,down,7.7,4,5.93175,5.928,5.938,4.3385750000000005,4.3352,4.3442,FALSE,TRUE,TRUE,TRUE
step_0.05V_settle_400ms,static_threshold_hysteresis_step_0p05v_settle_time_400ms_p_voltage.csv,0.05,400,down,7.75,4,5.96825,5.962,5.977,4.371425,4.3658,4.379300000000001,FALSE,TRUE,TRUE,TRUE
step_0.05V_settle_400ms,static_threshold_hysteresis_step_0p05v_settle_time_400ms_p_voltage.csv,0.05,400,down,7.8,4,5.999750000000001,5.996,6.006,4.399775000000001,4.396400000000001,4.4054,FALSE,TRUE,TRUE,TRUE
step_0.05V_settle_400ms,static_threshold_hysteresis_step_0p05v_settle_time_400ms_p_voltage.csv,0.05,400,down,7.85,4,6.035,6.03,6.04,4.431500000000001,4.4270000000000005,4.436,FALSE,TRUE,TRUE,TRUE
step_0.05V_settle_400ms,static_threshold_hysteresis_step_0p05v_settle_time_400ms_p_voltage.csv,0.05,400,down,7.9,4,6.064,6.064,6.064,4.4576,4.4576,4.4576,FALSE,TRUE,TRUE,TRUE
step_0.05V_settle_400ms,static_threshold_hysteresis_step_0p05v_settle_time_400ms_p_voltage.csv,0.05,400,down,7.95,4,6.0915,6.079,6.099,4.48235,4.4711,4.4891000000000005,FALSE,TRUE,TRUE,TRUE
step_0.05V_settle_400ms,static_threshold_hysteresis_step_0p05v_settle_time_400ms_p_voltage.csv,0.05,400,down,8,4,6.128,6.128,6.128,4.5152,4.5152,4.5152,FALSE,TRUE,TRUE,TRUE
step_0.05V_settle_400ms,static_threshold_hysteresis_step_0p05v_settle_time_400ms_p_voltage.csv,0.05,400,down,8.05,4,6.15475,6.128,6.167,4.539275,4.5152,4.5503,FALSE,TRUE,TRUE,TRUE
step_0.05V_settle_400ms,static_threshold_hysteresis_step_0p05v_settle_time_400ms_p_voltage.csv,0.05,400,down,8.1,4,6.1815,6.128,6.201,4.56335,4.5152,4.5809,FALSE,TRUE,TRUE,TRUE
step_0.05V_settle_400ms,static_threshold_hysteresis_step_0p05v_settle_time_400ms_p_voltage.csv,0.05,400,down,8.15,4,6.20575,6.123,6.235,4.5851750000000004,4.5107,4.6115,FALSE,TRUE,TRUE,TRUE
step_0.05V_settle_400ms,static_threshold_hysteresis_step_0p05v_settle_time_400ms_p_voltage.csv,0.05,400,down,8.2,4,6.231999999999999,6.128,6.27,4.6088,4.5152,4.643,FALSE,TRUE,TRUE,TRUE
step_0.05V_settle_400ms,static_threshold_hysteresis_step_0p05v_settle_time_400ms_p_voltage.csv,0.05,400,down,8.25,4,6.25875,6.128,6.309,4.632875,4.5152,4.678100000000001,FALSE,TRUE,TRUE,TRUE
step_0.05V_settle_400ms,static_threshold_hysteresis_step_0p05v_settle_time_400ms_p_voltage.csv,0.05,400,down,8.3,4,6.2805,6.123,6.343,4.65245,4.5107,4.7087,FALSE,TRUE,TRUE,TRUE
step_0.05V_settle_400ms,static_threshold_hysteresis_step_0p05v_settle_time_400ms_p_voltage.csv,0.05,400,down,8.35,4,6.30225,6.123,6.362,4.672025,4.5107,4.7258000000000004,FALSE,TRUE,TRUE,TRUE
step_0.05V_settle_400ms,static_threshold_hysteresis_step_0p05v_settle_time_400ms_p_voltage.csv,0.05,400,down,8.4,4,6.31825,6.123,6.396,4.686425,4.5107,4.7564,FALSE,TRUE,TRUE,TRUE
step_0.05V_settle_400ms,static_threshold_hysteresis_step_0p05v_settle_time_400ms_p_voltage.csv,0.05,400,down,8.45,4,6.35025,6.128,6.426,4.715225,4.5152,4.7834,FALSE,TRUE,TRUE,TRUE
step_0.05V_settle_400ms,static_threshold_hysteresis_step_0p05v_settle_time_400ms_p_voltage.csv,0.05,400,down,8.5,4,6.358750000000001,6.123,6.46,4.722875000000001,4.5107,4.814,FALSE,TRUE,TRUE,TRUE
step_0.05V_settle_400ms,static_threshold_hysteresis_step_0p05v_settle_time_400ms_p_voltage.csv,0.05,400,down,8.55,4,6.36475,6.123,6.494,4.728275,4.5107,4.8446,FALSE,TRUE,TRUE,TRUE
step_0.05V_settle_400ms,static_threshold_hysteresis_step_0p05v_settle_time_400ms_p_voltage.csv,0.05,400,down,8.6,4,6.3745,6.123,6.533,4.73705,4.5107,4.879700000000001,FALSE,TRUE,TRUE,TRUE
step_0.05V_settle_400ms,static_threshold_hysteresis_step_0p05v_settle_time_400ms_p_voltage.csv,0.05,400,down,8.65,4,6.3845,6.133,6.563,4.74605,4.5197,4.9067,FALSE,TRUE,TRUE,TRUE
step_0.05V_settle_400ms,static_threshold_hysteresis_step_0p05v_settle_time_400ms_p_voltage.csv,0.05,400,down,8.7,4,6.39275,6.123,6.606,4.753475000000001,4.5107,4.9454,FALSE,TRUE,TRUE,TRUE
step_0.05V_settle_400ms,static_threshold_hysteresis_step_0p05v_settle_time_400ms_p_voltage.csv,0.05,400,down,8.75,4,6.399,6.133,6.621,4.7591,4.5197,4.958900000000001,FALSE,TRUE,TRUE,TRUE
step_0.05V_settle_400ms,static_threshold_hysteresis_step_0p05v_settle_time_400ms_p_voltage.csv,0.05,400,down,8.8,4,6.41,6.128,6.66,4.769,4.5152,4.994000000000001,FALSE,TRUE,TRUE,TRUE
step_0.05V_settle_400ms,static_threshold_hysteresis_step_0p05v_settle_time_400ms_p_voltage.csv,0.05,400,down,8.85,4,6.4235,6.133,6.699,4.78115,4.5197,5.0291,FALSE,TRUE,TRUE,TRUE
step_0.05V_settle_400ms,static_threshold_hysteresis_step_0p05v_settle_time_400ms_p_voltage.csv,0.05,400,down,8.9,4,6.4285,6.128,6.724,4.7856499999999995,4.5152,5.0516000000000005,FALSE,TRUE,TRUE,TRUE
step_0.05V_settle_400ms,static_threshold_hysteresis_step_0p05v_settle_time_400ms_p_voltage.csv,0.05,400,down,8.95,4,6.43325,6.133,6.748,4.789925,4.5197,5.0732,FALSE,TRUE,TRUE,TRUE
step_0.05V_settle_400ms,static_threshold_hysteresis_step_0p05v_settle_time_400ms_p_voltage.csv,0.05,400,down,9,4,6.443,6.128,6.782,4.7987,4.5152,5.103800000000001,FALSE,TRUE,TRUE,TRUE
step_0.05V_settle_400ms,static_threshold_hysteresis_step_0p05v_settle_time_400ms_p_voltage.csv,0.05,400,down,9.05,4,6.443,6.133,6.787,4.7987,4.5197,5.1083,FALSE,TRUE,TRUE,TRUE
step_0.05V_settle_400ms,static_threshold_hysteresis_step_0p05v_settle_time_400ms_p_voltage.csv,0.05,400,down,9.1,4,6.44425,6.128,6.787,4.799825,4.5152,5.1083,FALSE,TRUE,TRUE,TRUE
step_0.05V_settle_400ms,static_threshold_hysteresis_step_0p05v_settle_time_400ms_p_voltage.csv,0.05,400,down,9.15,4,6.44675,6.133,6.782,4.802075,4.5197,5.103800000000001,FALSE,TRUE,TRUE,TRUE
step_0.05V_settle_400ms,static_threshold_hysteresis_step_0p05v_settle_time_400ms_p_voltage.csv,0.05,400,down,9.2,4,6.44925,6.133,6.792,4.804325,4.5197,5.1128,FALSE,TRUE,TRUE,TRUE
step_0.05V_settle_400ms,static_threshold_hysteresis_step_0p05v_settle_time_400ms_p_voltage.csv,0.05,400,down,9.25,4,6.448,6.138,6.792,4.8032,4.5242000000000004,5.1128,FALSE,TRUE,TRUE,TRUE
step_0.05V_settle_400ms,static_threshold_hysteresis_step_0p05v_settle_time_400ms_p_voltage.csv,0.05,400,down,9.3,4,6.44425,6.128,6.797,4.799825,4.5152,5.1173,FALSE,TRUE,TRUE,TRUE
step_0.05V_settle_400ms,static_threshold_hysteresis_step_0p05v_settle_time_400ms_p_voltage.csv,0.05,400,down,9.35,4,6.44425,6.138,6.787,4.799825,4.5242000000000004,5.1083,FALSE,TRUE,TRUE,TRUE
step_0.05V_settle_400ms,static_threshold_hysteresis_step_0p05v_settle_time_400ms_p_voltage.csv,0.05,400,down,9.4,4,6.44925,6.138,6.787,4.804325,4.5242000000000004,5.1083,FALSE,TRUE,TRUE,TRUE
step_0.05V_settle_400ms,static_threshold_hysteresis_step_0p05v_settle_time_400ms_p_voltage.csv,0.05,400,down,9.45,4,6.44925,6.138,6.787,4.804325,4.5242000000000004,5.1083,FALSE,TRUE,TRUE,TRUE
step_0.05V_settle_400ms,static_threshold_hysteresis_step_0p05v_settle_time_400ms_p_voltage.csv,0.05,400,down,9.5,4,6.45175,6.143,6.792,4.806575,4.5287,5.1128,FALSE,TRUE,TRUE,TRUE
step_0.05V_settle_400ms,static_threshold_hysteresis_step_0p05v_settle_time_400ms_p_voltage.csv,0.05,400,down,9.55,4,6.44675,6.133,6.792,4.802075,4.5197,5.1128,FALSE,TRUE,TRUE,TRUE
step_0.05V_settle_400ms,static_threshold_hysteresis_step_0p05v_settle_time_400ms_p_voltage.csv,0.05,400,down,9.6,4,6.44675,6.138,6.787,4.802075,4.5242000000000004,5.1083,FALSE,TRUE,TRUE,TRUE
step_0.05V_settle_400ms,static_threshold_hysteresis_step_0p05v_settle_time_400ms_p_voltage.csv,0.05,400,down,9.65,4,6.448,6.138,6.792,4.8032,4.5242000000000004,5.1128,FALSE,TRUE,TRUE,TRUE
step_0.05V_settle_400ms,static_threshold_hysteresis_step_0p05v_settle_time_400ms_p_voltage.csv,0.05,400,down,9.7,4,6.44925,6.143,6.792,4.804325,4.5287,5.1128,FALSE,TRUE,TRUE,TRUE
step_0.05V_settle_400ms,static_threshold_hysteresis_step_0p05v_settle_time_400ms_p_voltage.csv,0.05,400,down,9.75,4,6.4505,6.143,6.797,4.8054500000000004,4.5287,5.1173,FALSE,TRUE,TRUE,TRUE
step_0.05V_settle_400ms,static_threshold_hysteresis_step_0p05v_settle_time_400ms_p_voltage.csv,0.05,400,down,9.8,4,6.452999999999999,6.143,6.797,4.8077,4.5287,5.1173,FALSE,TRUE,TRUE,TRUE
step_0.05V_settle_400ms,static_threshold_hysteresis_step_0p05v_settle_time_400ms_p_voltage.csv,0.05,400,down,9.85,4,6.45175,6.143,6.792,4.806575,4.5287,5.1128,FALSE,TRUE,TRUE,TRUE
step_0.05V_settle_400ms,static_threshold_hysteresis_step_0p05v_settle_time_400ms_p_voltage.csv,0.05,400,down,9.9,4,6.4505,6.138,6.792,4.8054500000000004,4.5242000000000004,5.1128,FALSE,TRUE,TRUE,TRUE
step_0.05V_settle_400ms,static_threshold_hysteresis_step_0p05v_settle_time_400ms_p_voltage.csv,0.05,400,down,9.95,4,6.45375,6.138,6.797,4.808375000000001,4.5242000000000004,5.1173,FALSE,TRUE,TRUE,TRUE
step_0.10V_settle_600ms,static_threshold_hysteresis_step_0p10v_settle_time_600ms_p_voltage.csv,0.1,600,up,0,1,0.786,0.786,0.786,0,0,0,TRUE,TRUE,TRUE,FALSE
step_0.10V_settle_600ms,static_threshold_hysteresis_step_0p10v_settle_time_600ms_p_voltage.csv,0.1,600,up,0.1,4,0.781,0.776,0.786,0,0,0,TRUE,TRUE,TRUE,FALSE
step_0.10V_settle_600ms,static_threshold_hysteresis_step_0p10v_settle_time_600ms_p_voltage.csv,0.1,600,up,0.2,4,0.83875,0.825,0.845,0,0,0,TRUE,TRUE,TRUE,FALSE
step_0.10V_settle_600ms,static_threshold_hysteresis_step_0p10v_settle_time_600ms_p_voltage.csv,0.1,600,up,0.3,4,0.9435,0.918,0.957,0,0,0,TRUE,TRUE,TRUE,FALSE
step_0.10V_settle_600ms,static_threshold_hysteresis_step_0p10v_settle_time_600ms_p_voltage.csv,0.1,600,up,0.4,4,1.0085,0.981,1.021,0,0,0,TRUE,TRUE,TRUE,FALSE
step_0.10V_settle_600ms,static_threshold_hysteresis_step_0p10v_settle_time_600ms_p_voltage.csv,0.1,600,up,0.5,4,1.073,1.06,1.079,0,0,0,TRUE,TRUE,TRUE,FALSE
step_0.10V_settle_600ms,static_threshold_hysteresis_step_0p10v_settle_time_600ms_p_voltage.csv,0.1,600,up,0.6,4,1.1295,1.104,1.138,0.016550000000000065,0,0.0242,FALSE,TRUE,TRUE,TRUE
step_0.10V_settle_600ms,static_threshold_hysteresis_step_0p10v_settle_time_600ms_p_voltage.csv,0.1,600,up,0.7,4,1.21225,1.191,1.226,0.09102500000000013,0.07190000000000007,0.10339999999999994,FALSE,TRUE,TRUE,TRUE
step_0.10V_settle_600ms,static_threshold_hysteresis_step_0p10v_settle_time_600ms_p_voltage.csv,0.1,600,up,0.8,4,1.26375,1.25,1.27,0.13737500000000002,0.125,0.14300000000000002,FALSE,TRUE,TRUE,TRUE
step_0.10V_settle_600ms,static_threshold_hysteresis_step_0p10v_settle_time_600ms_p_voltage.csv,0.1,600,up,0.9,4,1.33075,1.304,1.348,0.19767500000000005,0.17359999999999998,0.21320000000000006,FALSE,TRUE,TRUE,TRUE
step_0.10V_settle_600ms,static_threshold_hysteresis_step_0p10v_settle_time_600ms_p_voltage.csv,0.1,600,up,1,4,1.3955,1.382,1.416,0.2559499999999999,0.24380000000000002,0.2744,FALSE,TRUE,TRUE,TRUE
step_0.10V_settle_600ms,static_threshold_hysteresis_step_0p10v_settle_time_600ms_p_voltage.csv,0.1,600,up,1.1,4,1.46975,1.436,1.484,0.32277500000000003,0.2924,0.3356000000000001,FALSE,TRUE,TRUE,TRUE
step_0.10V_settle_600ms,static_threshold_hysteresis_step_0p10v_settle_time_600ms_p_voltage.csv,0.1,600,up,1.2,4,1.54175,1.523,1.548,0.387575,0.37070000000000003,0.3932,FALSE,TRUE,TRUE,TRUE
step_0.10V_settle_600ms,static_threshold_hysteresis_step_0p10v_settle_time_600ms_p_voltage.csv,0.1,600,up,1.3,4,1.582,1.572,1.592,0.4238000000000002,0.41480000000000006,0.4328000000000001,FALSE,TRUE,TRUE,TRUE
step_0.10V_settle_600ms,static_threshold_hysteresis_step_0p10v_settle_time_600ms_p_voltage.csv,0.1,600,up,1.4,4,1.6895,1.655,1.709,0.5205500000000001,0.48950000000000005,0.5381,FALSE,TRUE,TRUE,TRUE
step_0.10V_settle_600ms,static_threshold_hysteresis_step_0p10v_settle_time_600ms_p_voltage.csv,0.1,600,up,1.5,4,1.74575,1.719,1.763,0.571175,0.5471000000000001,0.5867,FALSE,TRUE,TRUE,TRUE
step_0.10V_settle_600ms,static_threshold_hysteresis_step_0p10v_settle_time_600ms_p_voltage.csv,0.1,600,up,1.6,4,1.81075,1.807,1.812,0.6296750000000002,0.6263000000000001,0.6308,FALSE,TRUE,TRUE,TRUE
step_0.10V_settle_600ms,static_threshold_hysteresis_step_0p10v_settle_time_600ms_p_voltage.csv,0.1,600,up,1.7,4,1.87625,1.86,1.885,0.688625,0.6740000000000002,0.6965000000000001,FALSE,TRUE,TRUE,TRUE
step_0.10V_settle_600ms,static_threshold_hysteresis_step_0p10v_settle_time_600ms_p_voltage.csv,0.1,600,up,1.8,4,1.943,1.938,1.948,0.7487000000000001,0.7442,0.7532000000000001,FALSE,TRUE,TRUE,TRUE
step_0.10V_settle_600ms,static_threshold_hysteresis_step_0p10v_settle_time_600ms_p_voltage.csv,0.1,600,up,1.9,4,2.00575,1.992,2.012,0.805175,0.7928,0.8108,FALSE,TRUE,TRUE,TRUE
step_0.10V_settle_600ms,static_threshold_hysteresis_step_0p10v_settle_time_600ms_p_voltage.csv,0.1,600,up,2,4,2.068,2.061,2.08,0.8612000000000002,0.8549,0.8720000000000001,FALSE,TRUE,TRUE,TRUE
step_0.10V_settle_600ms,static_threshold_hysteresis_step_0p10v_settle_time_600ms_p_voltage.csv,0.1,600,up,2.1,4,2.1445,2.124,2.153,0.9300499999999998,0.9116000000000002,0.9377,FALSE,TRUE,TRUE,TRUE
step_0.10V_settle_600ms,static_threshold_hysteresis_step_0p10v_settle_time_600ms_p_voltage.csv,0.1,600,up,2.2,4,2.2022500000000003,2.188,2.212,0.9820250000000004,0.9692000000000003,0.9908000000000001,FALSE,TRUE,TRUE,TRUE
step_0.10V_settle_600ms,static_threshold_hysteresis_step_0p10v_settle_time_600ms_p_voltage.csv,0.1,600,up,2.3,4,2.25475,2.246,2.261,1.0292750000000002,1.0213999999999999,1.0349000000000004,FALSE,TRUE,TRUE,TRUE
step_0.10V_settle_600ms,static_threshold_hysteresis_step_0p10v_settle_time_600ms_p_voltage.csv,0.1,600,up,2.4,4,2.3415,2.339,2.344,1.1073499999999998,1.1051000000000002,1.1096,FALSE,TRUE,TRUE,TRUE
step_0.10V_settle_600ms,static_threshold_hysteresis_step_0p10v_settle_time_600ms_p_voltage.csv,0.1,600,up,2.5,4,2.40825,2.397,2.412,1.1674249999999997,1.1572999999999998,1.1707999999999998,FALSE,TRUE,TRUE,TRUE
step_0.10V_settle_600ms,static_threshold_hysteresis_step_0p10v_settle_time_600ms_p_voltage.csv,0.1,600,up,2.6,4,2.478,2.446,2.495,1.2302000000000004,1.2014,1.2455000000000003,FALSE,TRUE,TRUE,TRUE
step_0.10V_settle_600ms,static_threshold_hysteresis_step_0p10v_settle_time_600ms_p_voltage.csv,0.1,600,up,2.7,4,2.522,2.505,2.534,1.2698,1.2545000000000002,1.2805999999999997,FALSE,TRUE,TRUE,TRUE
step_0.10V_settle_600ms,static_threshold_hysteresis_step_0p10v_settle_time_600ms_p_voltage.csv,0.1,600,up,2.8,4,2.61475,2.603,2.622,1.353275,1.3427000000000002,1.3598,FALSE,TRUE,TRUE,TRUE
step_0.10V_settle_600ms,static_threshold_hysteresis_step_0p10v_settle_time_600ms_p_voltage.csv,0.1,600,up,2.9,4,2.67475,2.666,2.681,1.4072749999999998,1.3994,1.4129,FALSE,TRUE,TRUE,TRUE
step_0.10V_settle_600ms,static_threshold_hysteresis_step_0p10v_settle_time_600ms_p_voltage.csv,0.1,600,up,3,4,2.7367500000000002,2.715,2.744,1.4630750000000003,1.4434999999999998,1.4696000000000002,FALSE,TRUE,TRUE,TRUE
step_0.10V_settle_600ms,static_threshold_hysteresis_step_0p10v_settle_time_600ms_p_voltage.csv,0.1,600,up,3.1,4,2.803,2.788,2.813,1.5227,1.5091999999999999,1.5317000000000003,FALSE,TRUE,TRUE,TRUE
step_0.10V_settle_600ms,static_threshold_hysteresis_step_0p10v_settle_time_600ms_p_voltage.csv,0.1,600,up,3.2,4,2.87375,2.852,2.881,1.5863749999999999,1.5667999999999997,1.5928999999999998,FALSE,TRUE,TRUE,TRUE
step_0.10V_settle_600ms,static_threshold_hysteresis_step_0p10v_settle_time_600ms_p_voltage.csv,0.1,600,up,3.3,4,2.95275,2.939,2.959,1.6574750000000003,1.6451000000000002,1.6631,FALSE,TRUE,TRUE,TRUE
step_0.10V_settle_600ms,static_threshold_hysteresis_step_0p10v_settle_time_600ms_p_voltage.csv,0.1,600,up,3.4,4,3.00675,2.983,3.018,1.7060749999999998,1.6847000000000003,1.7161999999999997,FALSE,TRUE,TRUE,TRUE
step_0.10V_settle_600ms,static_threshold_hysteresis_step_0p10v_settle_time_600ms_p_voltage.csv,0.1,600,up,3.5,4,3.0725,3.057,3.081,1.76525,1.7513,1.7729,FALSE,TRUE,TRUE,TRUE
step_0.10V_settle_600ms,static_threshold_hysteresis_step_0p10v_settle_time_600ms_p_voltage.csv,0.1,600,up,3.6,4,3.1479999999999997,3.13,3.154,1.8331999999999997,1.8170000000000002,1.8386,FALSE,TRUE,TRUE,TRUE
step_0.10V_settle_600ms,static_threshold_hysteresis_step_0p10v_settle_time_600ms_p_voltage.csv,0.1,600,up,3.7,4,3.208,3.193,3.223,1.8872000000000004,1.8737,1.9007,FALSE,TRUE,TRUE,TRUE
step_0.10V_settle_600ms,static_threshold_hysteresis_step_0p10v_settle_time_600ms_p_voltage.csv,0.1,600,up,3.8,4,3.27625,3.252,3.291,1.9486250000000003,1.9268,1.9619,FALSE,TRUE,TRUE,TRUE
step_0.10V_settle_600ms,static_threshold_hysteresis_step_0p10v_settle_time_600ms_p_voltage.csv,0.1,600,up,3.9,4,3.347,3.325,3.359,2.0123,1.9925000000000002,2.0231,FALSE,TRUE,TRUE,TRUE
step_0.10V_settle_600ms,static_threshold_hysteresis_step_0p10v_settle_time_600ms_p_voltage.csv,0.1,600,up,4,4,3.41175,3.403,3.418,2.0705750000000003,2.0627,2.0762,FALSE,TRUE,TRUE,TRUE
step_0.10V_settle_600ms,static_threshold_hysteresis_step_0p10v_settle_time_600ms_p_voltage.csv,0.1,600,up,4.1,4,3.469,3.452,3.481,2.1221,2.1068000000000002,2.1329,FALSE,TRUE,TRUE,TRUE
step_0.10V_settle_600ms,static_threshold_hysteresis_step_0p10v_settle_time_600ms_p_voltage.csv,0.1,600,up,4.2,4,3.55225,3.535,3.564,2.197025,2.1815,2.2076000000000002,FALSE,TRUE,TRUE,TRUE
step_0.10V_settle_600ms,static_threshold_hysteresis_step_0p10v_settle_time_600ms_p_voltage.csv,0.1,600,up,4.3,4,3.61675,3.613,3.628,2.255075,2.2517,2.2652,FALSE,TRUE,TRUE,TRUE
step_0.10V_settle_600ms,static_threshold_hysteresis_step_0p10v_settle_time_600ms_p_voltage.csv,0.1,600,up,4.4,4,3.67575,3.662,3.687,2.308175,2.2958,2.3183,FALSE,TRUE,TRUE,TRUE
step_0.10V_settle_600ms,static_threshold_hysteresis_step_0p10v_settle_time_600ms_p_voltage.csv,0.1,600,up,4.5,4,3.717,3.706,3.73,2.3453,2.3354,2.357,FALSE,TRUE,TRUE,TRUE
step_0.10V_settle_600ms,static_threshold_hysteresis_step_0p10v_settle_time_600ms_p_voltage.csv,0.1,600,up,4.6,4,3.8035,3.789,3.813,2.42315,2.4101000000000004,2.4317,FALSE,TRUE,TRUE,TRUE
step_0.10V_settle_600ms,static_threshold_hysteresis_step_0p10v_settle_time_600ms_p_voltage.csv,0.1,600,up,4.7,4,3.8819999999999997,3.877,3.892,2.4938,2.4893,2.5028,FALSE,TRUE,TRUE,TRUE
step_0.10V_settle_600ms,static_threshold_hysteresis_step_0p10v_settle_time_600ms_p_voltage.csv,0.1,600,up,4.8,4,3.95975,3.931,3.979,2.563775,2.5379,2.5811,FALSE,TRUE,TRUE,TRUE
step_0.10V_settle_600ms,static_threshold_hysteresis_step_0p10v_settle_time_600ms_p_voltage.csv,0.1,600,up,4.9,4,4.011,3.989,4.023,2.6099,2.5901,2.6207,FALSE,TRUE,TRUE,TRUE
step_0.10V_settle_600ms,static_threshold_hysteresis_step_0p10v_settle_time_600ms_p_voltage.csv,0.1,600,up,5,4,4.08425,4.077,4.106,2.675825,2.6693000000000002,2.6954,FALSE,TRUE,TRUE,TRUE
step_0.10V_settle_600ms,static_threshold_hysteresis_step_0p10v_settle_time_600ms_p_voltage.csv,0.1,600,up,5.1,4,4.1405,4.116,4.15,2.7264500000000003,2.7043999999999997,2.7350000000000003,FALSE,TRUE,TRUE,TRUE
step_0.10V_settle_600ms,static_threshold_hysteresis_step_0p10v_settle_time_600ms_p_voltage.csv,0.1,600,up,5.2,4,4.20525,4.194,4.214,2.7847250000000003,2.7746,2.7926000000000006,FALSE,TRUE,TRUE,TRUE
step_0.10V_settle_600ms,static_threshold_hysteresis_step_0p10v_settle_time_600ms_p_voltage.csv,0.1,600,up,5.3,4,4.282,4.277,4.292,2.8538,2.8493000000000004,2.8628,FALSE,TRUE,TRUE,TRUE
step_0.10V_settle_600ms,static_threshold_hysteresis_step_0p10v_settle_time_600ms_p_voltage.csv,0.1,600,up,5.4,4,4.3445,4.321,4.355,2.91005,2.8889,2.9195000000000007,FALSE,TRUE,TRUE,TRUE
step_0.10V_settle_600ms,static_threshold_hysteresis_step_0p10v_settle_time_600ms_p_voltage.csv,0.1,600,up,5.5,4,4.40775,4.399,4.414,2.966975,2.9591000000000003,2.9726,FALSE,TRUE,TRUE,TRUE
step_0.10V_settle_600ms,static_threshold_hysteresis_step_0p10v_settle_time_600ms_p_voltage.csv,0.1,600,up,5.6,4,4.48125,4.473,4.492,3.033125,3.0256999999999996,3.0427999999999997,FALSE,TRUE,TRUE,TRUE
step_0.10V_settle_600ms,static_threshold_hysteresis_step_0p10v_settle_time_600ms_p_voltage.csv,0.1,600,up,5.7,4,4.53975,4.531,4.556,3.085775,3.0778999999999996,3.1004000000000005,FALSE,TRUE,TRUE,TRUE
step_0.10V_settle_600ms,static_threshold_hysteresis_step_0p10v_settle_time_600ms_p_voltage.csv,0.1,600,up,5.8,4,4.60775,4.604,4.614,3.1469750000000003,3.1436,3.1525999999999996,FALSE,TRUE,TRUE,TRUE
step_0.10V_settle_600ms,static_threshold_hysteresis_step_0p10v_settle_time_600ms_p_voltage.csv,0.1,600,up,5.9,4,4.68375,4.658,4.697,3.215375,3.1922000000000006,3.2273000000000005,FALSE,TRUE,TRUE,TRUE
step_0.10V_settle_600ms,static_threshold_hysteresis_step_0p10v_settle_time_600ms_p_voltage.csv,0.1,600,up,6,4,4.745,4.722,4.756,3.2705,3.2498000000000005,3.2804,FALSE,TRUE,TRUE,TRUE
step_0.10V_settle_600ms,static_threshold_hysteresis_step_0p10v_settle_time_600ms_p_voltage.csv,0.1,600,up,6.1,4,4.81925,4.8,4.839,3.3373250000000008,3.3200000000000003,3.3551,FALSE,TRUE,TRUE,TRUE
step_0.10V_settle_600ms,static_threshold_hysteresis_step_0p10v_settle_time_600ms_p_voltage.csv,0.1,600,up,6.2,4,4.86925,4.858,4.873,3.382325,3.3721999999999994,3.3857,FALSE,TRUE,TRUE,TRUE
step_0.10V_settle_600ms,static_threshold_hysteresis_step_0p10v_settle_time_600ms_p_voltage.csv,0.1,600,up,6.3,4,4.93875,4.932,4.941,3.4448749999999997,3.4388000000000005,3.4469000000000003,FALSE,TRUE,TRUE,TRUE
step_0.10V_settle_600ms,static_threshold_hysteresis_step_0p10v_settle_time_600ms_p_voltage.csv,0.1,600,up,6.4,4,5.00375,4.995,5.02,3.503375,3.4955,3.518,FALSE,TRUE,TRUE,TRUE
step_0.10V_settle_600ms,static_threshold_hysteresis_step_0p10v_settle_time_600ms_p_voltage.csv,0.1,600,up,6.5,4,5.07075,5.039,5.088,3.563675000000001,3.5351,3.5792,FALSE,TRUE,TRUE,TRUE
step_0.10V_settle_600ms,static_threshold_hysteresis_step_0p10v_settle_time_600ms_p_voltage.csv,0.1,600,up,6.6,4,5.1427499999999995,5.127,5.151,3.628475,3.6143,3.6359000000000004,FALSE,TRUE,TRUE,TRUE
step_0.10V_settle_600ms,static_threshold_hysteresis_step_0p10v_settle_time_600ms_p_voltage.csv,0.1,600,up,6.7,4,5.21,5.195,5.22,3.689,3.6755000000000004,3.6979999999999995,FALSE,TRUE,TRUE,TRUE
step_0.10V_settle_600ms,static_threshold_hysteresis_step_0p10v_settle_time_600ms_p_voltage.csv,0.1,600,up,6.8,4,5.27825,5.259,5.288,3.750425,3.7331000000000003,3.7592000000000008,FALSE,TRUE,TRUE,TRUE
step_0.10V_settle_600ms,static_threshold_hysteresis_step_0p10v_settle_time_600ms_p_voltage.csv,0.1,600,up,6.9,4,5.3355,5.322,5.356,3.8019499999999997,3.7898000000000005,3.8204000000000002,FALSE,TRUE,TRUE,TRUE
step_0.10V_settle_600ms,static_threshold_hysteresis_step_0p10v_settle_time_600ms_p_voltage.csv,0.1,600,up,7,4,5.42225,5.396,5.439,3.880025,3.8564,3.8951000000000002,FALSE,TRUE,TRUE,TRUE
step_0.10V_settle_600ms,static_threshold_hysteresis_step_0p10v_settle_time_600ms_p_voltage.csv,0.1,600,up,7.1,4,5.4735,5.454,5.493,3.92615,3.9086,3.9437000000000006,FALSE,TRUE,TRUE,TRUE
step_0.10V_settle_600ms,static_threshold_hysteresis_step_0p10v_settle_time_600ms_p_voltage.csv,0.1,600,up,7.2,4,5.55775,5.532,5.581,4.001975000000001,3.9788000000000006,4.022900000000001,FALSE,TRUE,TRUE,TRUE
step_0.10V_settle_600ms,static_threshold_hysteresis_step_0p10v_settle_time_600ms_p_voltage.csv,0.1,600,up,7.3,4,5.62625,5.615,5.63,4.063625,4.0535000000000005,4.067,FALSE,TRUE,TRUE,TRUE
step_0.10V_settle_600ms,static_threshold_hysteresis_step_0p10v_settle_time_600ms_p_voltage.csv,0.1,600,up,7.4,4,5.686,5.664,5.698,4.1174,4.0976,4.1282000000000005,FALSE,TRUE,TRUE,TRUE
step_0.10V_settle_600ms,static_threshold_hysteresis_step_0p10v_settle_time_600ms_p_voltage.csv,0.1,600,up,7.5,4,5.729,5.723,5.742,4.1561,4.1507,4.1678,FALSE,TRUE,TRUE,TRUE
step_0.10V_settle_600ms,static_threshold_hysteresis_step_0p10v_settle_time_600ms_p_voltage.csv,0.1,600,up,7.6,4,5.81025,5.796,5.815,4.2292250000000005,4.2164,4.2335,FALSE,TRUE,TRUE,TRUE
step_0.10V_settle_600ms,static_threshold_hysteresis_step_0p10v_settle_time_600ms_p_voltage.csv,0.1,600,up,7.7,4,5.8815,5.859,5.889,4.29335,4.2731,4.3001000000000005,FALSE,TRUE,TRUE,TRUE
step_0.10V_settle_600ms,static_threshold_hysteresis_step_0p10v_settle_time_600ms_p_voltage.csv,0.1,600,up,7.8,4,5.941,5.938,5.942,4.3469,4.3442,4.3478,FALSE,TRUE,TRUE,TRUE
step_0.10V_settle_600ms,static_threshold_hysteresis_step_0p10v_settle_time_600ms_p_voltage.csv,0.1,600,up,7.9,4,6.0085,6.001,6.021,4.40765,4.4009,4.4189,FALSE,TRUE,TRUE,TRUE
step_0.10V_settle_600ms,static_threshold_hysteresis_step_0p10v_settle_time_600ms_p_voltage.csv,0.1,600,up,8,4,6.08525,6.069,6.099,4.476725,4.4621,4.4891000000000005,FALSE,TRUE,TRUE,TRUE
step_0.10V_settle_600ms,static_threshold_hysteresis_step_0p10v_settle_time_600ms_p_voltage.csv,0.1,600,up,8.1,4,6.1427499999999995,6.138,6.152,4.528474999999999,4.5242000000000004,4.5368,FALSE,TRUE,TRUE,TRUE
step_0.10V_settle_600ms,static_threshold_hysteresis_step_0p10v_settle_time_600ms_p_voltage.csv,0.1,600,up,8.2,4,6.204750000000001,6.196,6.211,4.584275000000001,4.5764,4.5899,FALSE,TRUE,TRUE,TRUE
step_0.10V_settle_600ms,static_threshold_hysteresis_step_0p10v_settle_time_600ms_p_voltage.csv,0.1,600,up,8.3,4,6.25975,6.245,6.279,4.633775000000001,4.6205,4.6511000000000005,FALSE,TRUE,TRUE,TRUE
step_0.10V_settle_600ms,static_threshold_hysteresis_step_0p10v_settle_time_600ms_p_voltage.csv,0.1,600,up,8.4,4,6.34175,6.338,6.343,4.707575,4.7042,4.7087,FALSE,TRUE,TRUE,TRUE
step_0.10V_settle_600ms,static_threshold_hysteresis_step_0p10v_settle_time_600ms_p_voltage.csv,0.1,600,up,8.5,4,6.401,6.396,6.406,4.7609,4.7564,4.7654,FALSE,TRUE,TRUE,TRUE
step_0.10V_settle_600ms,static_threshold_hysteresis_step_0p10v_settle_time_600ms_p_voltage.csv,0.1,600,up,8.6,4,6.47475,6.47,6.479,4.827275,4.8229999999999995,4.8311,FALSE,TRUE,TRUE,TRUE
step_0.10V_settle_600ms,static_threshold_hysteresis_step_0p10v_settle_time_600ms_p_voltage.csv,0.1,600,up,8.7,4,6.54175,6.538,6.543,4.887575000000001,4.884200000000001,4.8887,FALSE,TRUE,TRUE,TRUE
step_0.10V_settle_600ms,static_threshold_hysteresis_step_0p10v_settle_time_600ms_p_voltage.csv,0.1,600,up,8.8,4,6.615,6.602,6.621,4.9535,4.941800000000001,4.958900000000001,FALSE,TRUE,TRUE,TRUE
step_0.10V_settle_600ms,static_threshold_hysteresis_step_0p10v_settle_time_600ms_p_voltage.csv,0.1,600,up,8.9,4,6.67125,6.665,6.675,5.004125,4.9985,5.0075,FALSE,TRUE,TRUE,TRUE
step_0.10V_settle_600ms,static_threshold_hysteresis_step_0p10v_settle_time_600ms_p_voltage.csv,0.1,600,up,9,4,6.74425,6.738,6.748,5.069825,5.0642000000000005,5.0732,FALSE,TRUE,TRUE,TRUE
step_0.10V_settle_600ms,static_threshold_hysteresis_step_0p10v_settle_time_600ms_p_voltage.csv,0.1,600,up,9.1,4,6.796749999999999,6.787,6.816,5.117075,5.1083,5.1344,FALSE,TRUE,TRUE,TRUE
step_0.10V_settle_600ms,static_threshold_hysteresis_step_0p10v_settle_time_600ms_p_voltage.csv,0.1,600,up,9.2,4,6.869,6.851,6.875,5.1821,5.1659,5.1875,FALSE,TRUE,TRUE,TRUE
step_0.10V_settle_600ms,static_threshold_hysteresis_step_0p10v_settle_time_600ms_p_voltage.csv,0.1,600,up,9.3,4,6.942,6.934,6.948,5.247800000000001,5.240600000000001,5.2532000000000005,FALSE,TRUE,TRUE,TRUE
step_0.10V_settle_600ms,static_threshold_hysteresis_step_0p10v_settle_time_600ms_p_voltage.csv,0.1,600,up,9.4,4,6.999499999999999,6.982,7.007,5.29955,5.2838,5.3063,FALSE,TRUE,TRUE,TRUE
step_0.10V_settle_600ms,static_threshold_hysteresis_step_0p10v_settle_time_600ms_p_voltage.csv,0.1,600,up,9.5,4,7.0687500000000005,7.065,7.075,5.361875,5.3585,5.367500000000001,FALSE,TRUE,TRUE,TRUE
step_0.10V_settle_600ms,static_threshold_hysteresis_step_0p10v_settle_time_600ms_p_voltage.csv,0.1,600,up,9.6,4,7.12425,7.1,7.134,5.411825,5.39,5.4206,FALSE,TRUE,TRUE,TRUE
step_0.10V_settle_600ms,static_threshold_hysteresis_step_0p10v_settle_time_600ms_p_voltage.csv,0.1,600,up,9.7,4,7.19225,7.183,7.202,5.473025,5.4647,5.4818,FALSE,TRUE,TRUE,TRUE
step_0.10V_settle_600ms,static_threshold_hysteresis_step_0p10v_settle_time_600ms_p_voltage.csv,0.1,600,up,9.8,4,7.2415,7.178,7.266,5.51735,5.4602,5.5394000000000005,FALSE,TRUE,TRUE,TRUE
step_0.10V_settle_600ms,static_threshold_hysteresis_step_0p10v_settle_time_600ms_p_voltage.csv,0.1,600,up,9.9,4,7.285,7.178,7.334,5.556500000000001,5.4602,5.6006,FALSE,TRUE,TRUE,TRUE
step_0.10V_settle_600ms,static_threshold_hysteresis_step_0p10v_settle_time_600ms_p_voltage.csv,0.1,600,up,10,4,7.33775,7.183,7.402,5.603975,5.4647,5.6618,FALSE,TRUE,TRUE,TRUE
step_0.10V_settle_600ms,static_threshold_hysteresis_step_0p10v_settle_time_600ms_p_voltage.csv,0.1,600,up,10.1,4,7.34025,7.178,7.397,5.606225,5.4602,5.6573,FALSE,TRUE,TRUE,TRUE
step_0.10V_settle_600ms,static_threshold_hysteresis_step_0p10v_settle_time_600ms_p_voltage.csv,0.1,600,down,0,3,0.7843333333333333,0.781,0.786,0,0,0,TRUE,TRUE,TRUE,FALSE
step_0.10V_settle_600ms,static_threshold_hysteresis_step_0p10v_settle_time_600ms_p_voltage.csv,0.1,600,down,0.1,4,0.7835000000000001,0.781,0.786,0,0,0,TRUE,TRUE,TRUE,FALSE
step_0.10V_settle_600ms,static_threshold_hysteresis_step_0p10v_settle_time_600ms_p_voltage.csv,0.1,600,down,0.2,4,0.9205,0.908,0.938,0,0,0,TRUE,TRUE,TRUE,FALSE
step_0.10V_settle_600ms,static_threshold_hysteresis_step_0p10v_settle_time_600ms_p_voltage.csv,0.1,600,down,0.3,4,0.9764999999999999,0.957,0.996,0,0,0,TRUE,TRUE,TRUE,FALSE
step_0.10V_settle_600ms,static_threshold_hysteresis_step_0p10v_settle_time_600ms_p_voltage.csv,0.1,600,down,0.4,4,1.0242499999999999,0.981,1.074,0,0,0,TRUE,TRUE,TRUE,FALSE
step_0.10V_settle_600ms,static_threshold_hysteresis_step_0p10v_settle_time_600ms_p_voltage.csv,0.1,600,down,0.5,4,1.07625,1.064,1.108,0,0,0,TRUE,TRUE,TRUE,FALSE
step_0.10V_settle_600ms,static_threshold_hysteresis_step_0p10v_settle_time_600ms_p_voltage.csv,0.1,600,down,0.6,4,1.18525,1.113,1.211,0.06672499999999992,0.0017000000000000348,0.08990000000000009,FALSE,TRUE,TRUE,TRUE
step_0.10V_settle_600ms,static_threshold_hysteresis_step_0p10v_settle_time_600ms_p_voltage.csv,0.1,600,down,0.7,4,1.2485,1.24,1.274,0.12365000000000004,0.1160000000000001,0.14660000000000006,FALSE,TRUE,TRUE,TRUE
step_0.10V_settle_600ms,static_threshold_hysteresis_step_0p10v_settle_time_600ms_p_voltage.csv,0.1,600,down,0.8,4,1.2585000000000002,1.235,1.309,0.13265000000000016,0.11150000000000015,0.17809999999999993,FALSE,TRUE,TRUE,TRUE
step_0.10V_settle_600ms,static_threshold_hysteresis_step_0p10v_settle_time_600ms_p_voltage.csv,0.1,600,down,0.9,4,1.3780000000000001,1.309,1.401,0.2402000000000002,0.17809999999999993,0.26090000000000013,FALSE,TRUE,TRUE,TRUE
step_0.10V_settle_600ms,static_threshold_hysteresis_step_0p10v_settle_time_600ms_p_voltage.csv,0.1,600,down,1,4,1.4525000000000001,1.445,1.47,0.30725000000000025,0.3005,0.32299999999999995,FALSE,TRUE,TRUE,TRUE
step_0.10V_settle_600ms,static_threshold_hysteresis_step_0p10v_settle_time_600ms_p_voltage.csv,0.1,600,down,1.1,4,1.46225,1.445,1.514,0.316025,0.3005,0.36260000000000003,FALSE,TRUE,TRUE,TRUE
step_0.10V_settle_600ms,static_threshold_hysteresis_step_0p10v_settle_time_600ms_p_voltage.csv,0.1,600,down,1.2,4,1.58,1.519,1.602,0.42200000000000015,0.3671,0.4418000000000002,FALSE,TRUE,TRUE,TRUE
step_0.10V_settle_600ms,static_threshold_hysteresis_step_0p10v_settle_time_600ms_p_voltage.csv,0.1,600,down,1.3,4,1.64825,1.641,1.66,0.483425,0.4769000000000001,0.494,FALSE,TRUE,TRUE,TRUE
step_0.10V_settle_600ms,static_threshold_hysteresis_step_0p10v_settle_time_600ms_p_voltage.csv,0.1,600,down,1.4,4,1.666,1.65,1.714,0.49940000000000007,0.4849999999999999,0.5426,FALSE,TRUE,TRUE,TRUE
step_0.10V_settle_600ms,static_threshold_hysteresis_step_0p10v_settle_time_600ms_p_voltage.csv,0.1,600,down,1.5,4,1.7725,1.724,1.792,0.5952500000000001,0.5516000000000001,0.6128,FALSE,TRUE,TRUE,TRUE
step_0.10V_settle_600ms,static_threshold_hysteresis_step_0p10v_settle_time_600ms_p_voltage.csv,0.1,600,down,1.6,4,1.8507500000000001,1.841,1.86,0.6656750000000002,0.6569,0.6740000000000002,FALSE,TRUE,TRUE,TRUE
step_0.10V_settle_600ms,static_threshold_hysteresis_step_0p10v_settle_time_600ms_p_voltage.csv,0.1,600,down,1.7,4,1.8679999999999999,1.846,1.924,0.6812,0.6614000000000002,0.7316,FALSE,TRUE,TRUE,TRUE
step_0.10V_settle_600ms,static_threshold_hysteresis_step_0p10v_settle_time_600ms_p_voltage.csv,0.1,600,down,1.8,4,1.97,1.924,1.992,0.7729999999999999,0.7316,0.7928,FALSE,TRUE,TRUE,TRUE
step_0.10V_settle_600ms,static_threshold_hysteresis_step_0p10v_settle_time_600ms_p_voltage.csv,0.1,600,down,1.9,4,2.051,2.051,2.051,0.8459000000000001,0.8459000000000001,0.8459000000000001,FALSE,TRUE,TRUE,TRUE
step_0.10V_settle_600ms,static_threshold_hysteresis_step_0p10v_settle_time_600ms_p_voltage.csv,0.1,600,down,2,4,2.0692500000000003,2.051,2.124,0.8623250000000002,0.8459000000000001,0.9116000000000002,FALSE,TRUE,TRUE,TRUE
step_0.10V_settle_600ms,static_threshold_hysteresis_step_0p10v_settle_time_600ms_p_voltage.csv,0.1,600,down,2.1,4,2.1670000000000003,2.119,2.188,0.9503000000000004,0.9071000000000002,0.9692000000000003,FALSE,TRUE,TRUE,TRUE
step_0.10V_settle_600ms,static_threshold_hysteresis_step_0p10v_settle_time_600ms_p_voltage.csv,0.1,600,down,2.2,4,2.2547499999999996,2.251,2.256,1.0292749999999997,1.0259,1.0303999999999998,FALSE,TRUE,TRUE,TRUE
step_0.10V_settle_600ms,static_threshold_hysteresis_step_0p10v_settle_time_600ms_p_voltage.csv,0.1,600,down,2.3,4,2.2704999999999997,2.246,2.324,1.04345,1.0213999999999999,1.0916000000000001,FALSE,TRUE,TRUE,TRUE
step_0.10V_settle_600ms,static_threshold_hysteresis_step_0p10v_settle_time_600ms_p_voltage.csv,0.1,600,down,2.4,4,2.3657500000000002,2.329,2.383,1.1291750000000005,1.0961000000000003,1.1447000000000003,FALSE,TRUE,TRUE,TRUE
step_0.10V_settle_600ms,static_threshold_hysteresis_step_0p10v_settle_time_600ms_p_voltage.csv,0.1,600,down,2.5,4,2.41825,2.388,2.456,1.176425,1.1492,1.2104,FALSE,TRUE,TRUE,TRUE
step_0.10V_settle_600ms,static_threshold_hysteresis_step_0p10v_settle_time_600ms_p_voltage.csv,0.1,600,down,2.6,4,2.50275,2.456,2.52,1.252475,1.2104,1.2680000000000002,FALSE,TRUE,TRUE,TRUE
step_0.10V_settle_600ms,static_threshold_hysteresis_step_0p10v_settle_time_600ms_p_voltage.csv,0.1,600,down,2.7,4,2.5375,2.529,2.563,1.28375,1.2761,1.3067000000000002,FALSE,TRUE,TRUE,TRUE
step_0.10V_settle_600ms,static_threshold_hysteresis_step_0p10v_settle_time_600ms_p_voltage.csv,0.1,600,down,2.8,4,2.6535,2.646,2.656,1.3881500000000004,1.3814000000000002,1.3904,FALSE,TRUE,TRUE,TRUE
step_0.10V_settle_600ms,static_threshold_hysteresis_step_0p10v_settle_time_600ms_p_voltage.csv,0.1,600,down,2.9,4,2.661,2.651,2.666,1.3949000000000003,1.3859,1.3994,FALSE,TRUE,TRUE,TRUE
step_0.10V_settle_600ms,static_threshold_hysteresis_step_0p10v_settle_time_600ms_p_voltage.csv,0.1,600,down,3,4,2.77475,2.769,2.788,1.4972750000000001,1.4921000000000002,1.5091999999999999,FALSE,TRUE,TRUE,TRUE
step_0.10V_settle_600ms,static_threshold_hysteresis_step_0p10v_settle_time_600ms_p_voltage.csv,0.1,600,down,3.1,4,2.84075,2.803,2.856,1.5566749999999998,1.5227,1.5703999999999998,FALSE,TRUE,TRUE,TRUE
step_0.10V_settle_600ms,static_threshold_hysteresis_step_0p10v_settle_time_600ms_p_voltage.csv,0.1,600,down,3.2,4,2.8794999999999997,2.856,2.925,1.5915499999999998,1.5703999999999998,1.6324999999999998,FALSE,TRUE,TRUE,TRUE
step_0.10V_settle_600ms,static_threshold_hysteresis_step_0p10v_settle_time_600ms_p_voltage.csv,0.1,600,down,3.3,4,2.97225,2.954,2.988,1.6750249999999998,1.6586000000000003,1.6892,FALSE,TRUE,TRUE,TRUE
step_0.10V_settle_600ms,static_threshold_hysteresis_step_0p10v_settle_time_600ms_p_voltage.csv,0.1,600,down,3.4,4,3.02,3.003,3.052,1.718,1.7027,1.7468,FALSE,TRUE,TRUE,TRUE
step_0.10V_settle_600ms,static_threshold_hysteresis_step_0p10v_settle_time_600ms_p_voltage.csv,0.1,600,down,3.5,4,3.09225,3.057,3.12,1.7830249999999999,1.7513,1.8080000000000003,FALSE,TRUE,TRUE,TRUE
step_0.10V_settle_600ms,static_threshold_hysteresis_step_0p10v_settle_time_600ms_p_voltage.csv,0.1,600,down,3.6,4,3.176,3.13,3.193,1.8584,1.8170000000000002,1.8737,FALSE,TRUE,TRUE,TRUE
step_0.10V_settle_600ms,static_threshold_hysteresis_step_0p10v_settle_time_600ms_p_voltage.csv,0.1,600,down,3.7,4,3.2265,3.193,3.257,1.9038500000000003,1.8737,1.9313000000000002,FALSE,TRUE,TRUE,TRUE
step_0.10V_settle_600ms,static_threshold_hysteresis_step_0p10v_settle_time_600ms_p_voltage.csv,0.1,600,down,3.8,4,3.3115,3.291,3.325,1.98035,1.9619,1.9925000000000002,FALSE,TRUE,TRUE,TRUE
step_0.10V_settle_600ms,static_threshold_hysteresis_step_0p10v_settle_time_600ms_p_voltage.csv,0.1,600,down,3.9,4,3.33975,3.33,3.354,2.005775,1.9970000000000003,2.0186,FALSE,TRUE,TRUE,TRUE
step_0.10V_settle_600ms,static_threshold_hysteresis_step_0p10v_settle_time_600ms_p_voltage.csv,0.1,600,down,4,4,3.4532499999999997,3.452,3.457,2.107925,2.1068000000000002,2.1113,FALSE,TRUE,TRUE,TRUE
step_0.10V_settle_600ms,static_threshold_hysteresis_step_0p10v_settle_time_600ms_p_voltage.csv,0.1,600,down,4.1,4,3.468,3.462,3.481,2.1212,2.1158,2.1329,FALSE,TRUE,TRUE,TRUE
step_0.10V_settle_600ms,static_threshold_hysteresis_step_0p10v_settle_time_600ms_p_voltage.csv,0.1,600,down,4.2,4,3.5805,3.55,3.594,2.22245,2.195,2.2346,FALSE,TRUE,TRUE,TRUE
step_0.10V_settle_600ms,static_threshold_hysteresis_step_0p10v_settle_time_600ms_p_voltage.csv,0.1,600,down,4.3,4,3.629,3.618,3.657,2.2661000000000002,2.2561999999999998,2.2913,FALSE,TRUE,TRUE,TRUE
step_0.10V_settle_600ms,static_threshold_hysteresis_step_0p10v_settle_time_600ms_p_voltage.csv,0.1,600,down,4.4,4,3.683,3.677,3.696,2.3146999999999998,2.3093,2.3264,FALSE,TRUE,TRUE,TRUE
step_0.10V_settle_600ms,static_threshold_hysteresis_step_0p10v_settle_time_600ms_p_voltage.csv,0.1,600,down,4.5,4,3.789,3.779,3.794,2.4101000000000004,2.4011,2.4146,FALSE,TRUE,TRUE,TRUE
step_0.10V_settle_600ms,static_threshold_hysteresis_step_0p10v_settle_time_600ms_p_voltage.csv,0.1,600,down,4.6,4,3.827,3.809,3.843,2.4443,2.4281,2.4587,FALSE,TRUE,TRUE,TRUE
step_0.10V_settle_600ms,static_threshold_hysteresis_step_0p10v_settle_time_600ms_p_voltage.csv,0.1,600,down,4.7,4,3.90975,3.896,3.926,2.5187749999999998,2.5064,2.5334000000000003,FALSE,TRUE,TRUE,TRUE
step_0.10V_settle_600ms,static_threshold_hysteresis_step_0p10v_settle_time_600ms_p_voltage.csv,0.1,600,down,4.8,4,3.967,3.95,3.979,2.5703,2.555,2.5811,FALSE,TRUE,TRUE,TRUE
step_0.10V_settle_600ms,static_threshold_hysteresis_step_0p10v_settle_time_600ms_p_voltage.csv,0.1,600,down,4.9,4,4.04925,4.048,4.053,2.644325,2.6432,2.6477,FALSE,TRUE,TRUE,TRUE
step_0.10V_settle_600ms,static_threshold_hysteresis_step_0p10v_settle_time_600ms_p_voltage.csv,0.1,600,down,5,4,4.082,4.053,4.106,2.6738,2.6477,2.6954,FALSE,TRUE,TRUE,TRUE
step_0.10V_settle_600ms,static_threshold_hysteresis_step_0p10v_settle_time_600ms_p_voltage.csv,0.1,600,down,5.1,4,4.14925,4.136,4.189,2.7343250000000006,2.7224000000000004,2.7701000000000002,FALSE,TRUE,TRUE,TRUE
step_0.10V_settle_600ms,static_threshold_hysteresis_step_0p10v_settle_time_600ms_p_voltage.csv,0.1,600,down,5.2,4,4.24575,4.209,4.258,2.821175,2.7880999999999996,2.8322000000000003,FALSE,TRUE,TRUE,TRUE
step_0.10V_settle_600ms,static_threshold_hysteresis_step_0p10v_settle_time_600ms_p_voltage.csv,0.1,600,down,5.3,4,4.28925,4.277,4.316,2.860325,2.8493000000000004,2.8844,FALSE,TRUE,TRUE,TRUE
step_0.10V_settle_600ms,static_threshold_hysteresis_step_0p10v_settle_time_600ms_p_voltage.csv,0.1,600,down,5.4,4,4.3715,4.351,4.385,2.9343500000000002,2.9159,2.9465,FALSE,TRUE,TRUE,TRUE
step_0.10V_settle_600ms,static_threshold_hysteresis_step_0p10v_settle_time_600ms_p_voltage.csv,0.1,600,down,5.5,4,4.41925,4.39,4.468,2.977325,2.9509999999999996,3.0212000000000003,FALSE,TRUE,TRUE,TRUE
step_0.10V_settle_600ms,static_threshold_hysteresis_step_0p10v_settle_time_600ms_p_voltage.csv,0.1,600,down,5.6,4,4.5127500000000005,4.492,4.521,3.0614750000000006,3.0427999999999997,3.0689,FALSE,TRUE,TRUE,TRUE
step_0.10V_settle_600ms,static_threshold_hysteresis_step_0p10v_settle_time_600ms_p_voltage.csv,0.1,600,down,5.7,4,4.557,4.526,4.59,3.1013,3.0734000000000004,3.1310000000000002,FALSE,TRUE,TRUE,TRUE
step_0.10V_settle_600ms,static_threshold_hysteresis_step_0p10v_settle_time_600ms_p_voltage.csv,0.1,600,down,5.8,4,4.65325,4.634,4.663,3.187925,3.1706000000000003,3.1967000000000008,FALSE,TRUE,TRUE,TRUE
step_0.10V_settle_600ms,static_threshold_hysteresis_step_0p10v_settle_time_600ms_p_voltage.csv,0.1,600,down,5.9,4,4.689,4.673,4.727,3.2201000000000004,3.2057,3.2543000000000006,FALSE,TRUE,TRUE,TRUE
step_0.10V_settle_600ms,static_threshold_hysteresis_step_0p10v_settle_time_600ms_p_voltage.csv,0.1,600,down,6,4,4.794,4.766,4.81,3.3145999999999995,3.2894000000000005,3.3289999999999997,FALSE,TRUE,TRUE,TRUE
step_0.10V_settle_600ms,static_threshold_hysteresis_step_0p10v_settle_time_600ms_p_voltage.csv,0.1,600,down,6.1,4,4.8374999999999995,4.824,4.858,3.35375,3.3415999999999997,3.3721999999999994,FALSE,TRUE,TRUE,TRUE
step_0.10V_settle_600ms,static_threshold_hysteresis_step_0p10v_settle_time_600ms_p_voltage.csv,0.1,600,down,6.2,4,4.921,4.893,4.932,3.4289000000000005,3.4036999999999997,3.4388000000000005,FALSE,TRUE,TRUE,TRUE
step_0.10V_settle_600ms,static_threshold_hysteresis_step_0p10v_settle_time_600ms_p_voltage.csv,0.1,600,down,6.3,4,4.97925,4.971,4.995,3.481325000000001,3.4739000000000004,3.4955,FALSE,TRUE,TRUE,TRUE
step_0.10V_settle_600ms,static_threshold_hysteresis_step_0p10v_settle_time_600ms_p_voltage.csv,0.1,600,down,6.4,4,5.0465,5.029,5.054,3.54185,3.5261000000000005,3.5486000000000004,FALSE,TRUE,TRUE,TRUE
step_0.10V_settle_600ms,static_threshold_hysteresis_step_0p10v_settle_time_600ms_p_voltage.csv,0.1,600,down,6.5,4,5.0905000000000005,5.059,5.107,3.5814500000000002,3.5531000000000006,3.5963000000000003,FALSE,TRUE,TRUE,TRUE
step_0.10V_settle_600ms,static_threshold_hysteresis_step_0p10v_settle_time_600ms_p_voltage.csv,0.1,600,down,6.6,4,5.19625,5.19,5.2,3.6766250000000005,3.6710000000000003,3.6800000000000006,FALSE,TRUE,TRUE,TRUE
step_0.10V_settle_600ms,static_threshold_hysteresis_step_0p10v_settle_time_600ms_p_voltage.csv,0.1,600,down,6.7,4,5.233,5.22,5.244,3.7096999999999998,3.6979999999999995,3.7196,FALSE,TRUE,TRUE,TRUE
step_0.10V_settle_600ms,static_threshold_hysteresis_step_0p10v_settle_time_600ms_p_voltage.csv,0.1,600,down,6.8,4,5.32325,5.317,5.332,3.7909249999999997,3.7853000000000003,3.7988,FALSE,TRUE,TRUE,TRUE
step_0.10V_settle_600ms,static_threshold_hysteresis_step_0p10v_settle_time_600ms_p_voltage.csv,0.1,600,down,6.9,4,5.35775,5.332,5.391,3.821975,3.7988,3.8519000000000005,FALSE,TRUE,TRUE,TRUE
step_0.10V_settle_600ms,static_threshold_hysteresis_step_0p10v_settle_time_600ms_p_voltage.csv,0.1,600,down,7,4,5.454000000000001,5.439,5.464,3.9086000000000007,3.8951000000000002,3.9176,FALSE,TRUE,TRUE,TRUE
step_0.10V_settle_600ms,static_threshold_hysteresis_step_0p10v_settle_time_600ms_p_voltage.csv,0.1,600,down,7.1,4,5.5115,5.503,5.527,3.96035,3.9527,3.9743000000000004,FALSE,TRUE,TRUE,TRUE
step_0.10V_settle_600ms,static_threshold_hysteresis_step_0p10v_settle_time_600ms_p_voltage.csv,0.1,600,down,7.2,4,5.58475,5.566,5.591,4.026275,4.0094,4.0319,FALSE,TRUE,TRUE,TRUE
step_0.10V_settle_600ms,static_threshold_hysteresis_step_0p10v_settle_time_600ms_p_voltage.csv,0.1,600,down,7.3,4,5.631,5.61,5.654,4.067900000000001,4.049,4.0886000000000005,FALSE,TRUE,TRUE,TRUE
step_0.10V_settle_600ms,static_threshold_hysteresis_step_0p10v_settle_time_600ms_p_voltage.csv,0.1,600,down,7.4,4,5.7235,5.688,5.737,4.1511499999999995,4.1192,4.1633000000000004,FALSE,TRUE,TRUE,TRUE
step_0.10V_settle_600ms,static_threshold_hysteresis_step_0p10v_settle_time_600ms_p_voltage.csv,0.1,600,down,7.5,4,5.7875,5.757,5.801,4.20875,4.1813,4.2209,FALSE,TRUE,TRUE,TRUE
step_0.10V_settle_600ms,static_threshold_hysteresis_step_0p10v_settle_time_600ms_p_voltage.csv,0.1,600,down,7.6,4,5.845,5.845,5.845,4.2604999999999995,4.2604999999999995,4.2604999999999995,FALSE,TRUE,TRUE,TRUE
step_0.10V_settle_600ms,static_threshold_hysteresis_step_0p10v_settle_time_600ms_p_voltage.csv,0.1,600,down,7.7,4,5.92425,5.918,5.933,4.331825,4.3262,4.3397,FALSE,TRUE,TRUE,TRUE
step_0.10V_settle_600ms,static_threshold_hysteresis_step_0p10v_settle_time_600ms_p_voltage.csv,0.1,600,down,7.8,4,5.9535,5.938,5.986,4.35815,4.3442,4.3873999999999995,FALSE,TRUE,TRUE,TRUE
step_0.10V_settle_600ms,static_threshold_hysteresis_step_0p10v_settle_time_600ms_p_voltage.csv,0.1,600,down,7.9,4,6.0605,6.05,6.064,4.4544500000000005,4.445,4.4576,FALSE,TRUE,TRUE,TRUE
step_0.10V_settle_600ms,static_threshold_hysteresis_step_0p10v_settle_time_600ms_p_voltage.csv,0.1,600,down,8,4,6.1000000000000005,6.089,6.123,4.49,4.4801,4.5107,FALSE,TRUE,TRUE,TRUE
step_0.10V_settle_600ms,static_threshold_hysteresis_step_0p10v_settle_time_600ms_p_voltage.csv,0.1,600,down,8.1,4,6.1825,6.152,6.196,4.56425,4.5368,4.5764,FALSE,TRUE,TRUE,TRUE
step_0.10V_settle_600ms,static_threshold_hysteresis_step_0p10v_settle_time_600ms_p_voltage.csv,0.1,600,down,8.2,4,6.255,6.25,6.27,4.6295,4.625,4.643,FALSE,TRUE,TRUE,TRUE
step_0.10V_settle_600ms,static_threshold_hysteresis_step_0p10v_settle_time_600ms_p_voltage.csv,0.1,600,down,8.3,4,6.3195,6.294,6.328,4.68755,4.6646,4.695200000000001,FALSE,TRUE,TRUE,TRUE
step_0.10V_settle_600ms,static_threshold_hysteresis_step_0p10v_settle_time_600ms_p_voltage.csv,0.1,600,down,8.4,4,6.36725,6.343,6.382,4.730525,4.7087,4.7438,FALSE,TRUE,TRUE,TRUE
step_0.10V_settle_600ms,static_threshold_hysteresis_step_0p10v_settle_time_600ms_p_voltage.csv,0.1,600,down,8.5,4,6.45875,6.45,6.465,4.812875,4.805000000000001,4.8185,FALSE,TRUE,TRUE,TRUE
step_0.10V_settle_600ms,static_threshold_hysteresis_step_0p10v_settle_time_600ms_p_voltage.csv,0.1,600,down,8.6,4,6.50275,6.494,6.519,4.852475,4.8446,4.867100000000001,FALSE,TRUE,TRUE,TRUE
step_0.10V_settle_600ms,static_threshold_hysteresis_step_0p10v_settle_time_600ms_p_voltage.csv,0.1,600,down,8.7,4,6.5882499999999995,6.587,6.592,4.929424999999999,4.9283,4.932799999999999,FALSE,TRUE,TRUE,TRUE
step_0.10V_settle_600ms,static_threshold_hysteresis_step_0p10v_settle_time_600ms_p_voltage.csv,0.1,600,down,8.8,4,6.6552500000000006,6.631,6.665,4.989725000000001,4.9679,4.9985,FALSE,TRUE,TRUE,TRUE
step_0.10V_settle_600ms,static_threshold_hysteresis_step_0p10v_settle_time_600ms_p_voltage.csv,0.1,600,down,8.9,4,6.72875,6.724,6.738,5.055875,5.0516000000000005,5.0642000000000005,FALSE,TRUE,TRUE,TRUE
step_0.10V_settle_600ms,static_threshold_hysteresis_step_0p10v_settle_time_600ms_p_voltage.csv,0.1,600,down,9,4,6.76625,6.753,6.787,5.089625000000001,5.0777,5.1083,FALSE,TRUE,TRUE,TRUE
step_0.10V_settle_600ms,static_threshold_hysteresis_step_0p10v_settle_time_600ms_p_voltage.csv,0.1,600,down,9.1,4,6.85775,6.846,6.865,5.171975000000001,5.1614,5.1785000000000005,FALSE,TRUE,TRUE,TRUE
step_0.10V_settle_600ms,static_threshold_hysteresis_step_0p10v_settle_time_600ms_p_voltage.csv,0.1,600,down,9.2,4,6.92025,6.914,6.924,5.228225,5.2226,5.2316,FALSE,TRUE,TRUE,TRUE
step_0.10V_settle_600ms,static_threshold_hysteresis_step_0p10v_settle_time_600ms_p_voltage.csv,0.1,600,down,9.3,4,6.984999999999999,6.978,7.002,5.286499999999999,5.2802,5.3018,FALSE,TRUE,TRUE,TRUE
step_0.10V_settle_600ms,static_threshold_hysteresis_step_0p10v_settle_time_600ms_p_voltage.csv,0.1,600,down,9.4,4,7.05225,7.031,7.061,5.347025,5.3279,5.3549,FALSE,TRUE,TRUE,TRUE
step_0.10V_settle_600ms,static_threshold_hysteresis_step_0p10v_settle_time_600ms_p_voltage.csv,0.1,600,down,9.5,4,7.121499999999999,7.119,7.129,5.40935,5.4071,5.4161,FALSE,TRUE,TRUE,TRUE
step_0.10V_settle_600ms,static_threshold_hysteresis_step_0p10v_settle_time_600ms_p_voltage.csv,0.1,600,down,9.6,4,7.1617500000000005,7.158,7.173,5.445575000000001,5.442200000000001,5.4557,FALSE,TRUE,TRUE,TRUE
step_0.10V_settle_600ms,static_threshold_hysteresis_step_0p10v_settle_time_600ms_p_voltage.csv,0.1,600,down,9.7,4,7.2495,7.173,7.275,5.5245500000000005,5.4557,5.5475,FALSE,TRUE,TRUE,TRUE
step_0.10V_settle_600ms,static_threshold_hysteresis_step_0p10v_settle_time_600ms_p_voltage.csv,0.1,600,down,9.8,4,7.28625,7.173,7.324,5.557625,5.4557,5.5916,FALSE,TRUE,TRUE,TRUE
step_0.10V_settle_600ms,static_threshold_hysteresis_step_0p10v_settle_time_600ms_p_voltage.csv,0.1,600,down,9.9,4,7.334,7.173,7.397,5.6006,5.4557,5.6573,FALSE,TRUE,TRUE,TRUE
step_0.10V_settle_600ms,static_threshold_hysteresis_step_0p10v_settle_time_600ms_p_voltage.csv,0.1,600,down,10,4,7.339,7.178,7.402,5.6051,5.4602,5.6618,FALSE,TRUE,TRUE,TRUE
